{"2024_3_25": 0.8419467451570948, "2024_8_7": 0.0684509548908207, "2024_8_9": 0.23273324662879039, "2024_14_3": 0.02053528646724621, "2024_14_6": 0.17112738722705176, "2024_14_7": 0.0479156684235745, "2024_14_8": 0.23957834211787246, "2024_14_9": 13.183653911972067, "2024_14_11": 0.006845095489082071, "2024_15_15": 4.812102128824695, "2024_20_1": 2.039838455746457, "2024_20_3": 1.348483811349168, "2024_20_6": 0.1848175782052159, "2024_20_6_1": 0.013690190978164141, "2024_20_6_2": 2.0124580737901288, "2024_20_7": 11.77356424122116, "2024_20_8": 0.08214114586898484, "2024_20_9": 32.79485248819219, "2024_20_9_1": 0.02053528646724621, "2024_20_10": 0.36279006092134974, "2024_20_15": 0.581833116571976, "2024_21_5": 2.0261482647682927, "2024_26_1": 0.04107057293449242, "2024_26_3_1": 9.637894448627556, "2024_26_4": 0.07529605037990278, "2024_26_6": 8.884933944828527, "2024_26_7": 5.209117667191456, "2024_26_10": 3.2856458347593938}