{"2022_44_30": 0.1598796200507853, "2022_44_30_2": 0.01880936706479827, "2022_44_30_5": 0.12696322768738832, "2022_44_30_10": 0.9451706950061132, "2022_45_11": 0.03761873412959654, "2022_45_12": 0.6959465813975361, "2022_45_13": 1.0862409479921002, "2022_45_14": 0.02351170883099784, "2022_45_15": 28.47738173610458, "2023_2_0_5": 0.02351170883099784, "2023_2_10": 0.34327094893256843, "2023_2_11": 0.0141070252985987, "2023_2_12": 5.280729803442115, "2023_2_13": 0.01880936706479827, "2023_2_201": 0.004702341766199568, "2023_2_301": 0.04702341766199568, "2023_6_1": 0.032916392363396975, "2023_6_8": 5.304241512273113, "2023_6_9": 0.9592777203047116, "2023_6_11": 3.8371108812188464, "2023_6_11_2": 0.0282140505971974, "2023_7_5": 0.19749835418038184, "2023_12_1": 2.0784350606602087, "2023_12_1_1": 6.009592777203047, "2023_12_5": 43.42142386908681, "2023_12_5_3": 0.0564281011943948, "2023_12_8": 0.771184049656729}