{"2022_44_25_3": 0.1610384540308413, "2022_44_25_5": 0.0683193441342963, "2022_44_30": 0.16591840718329104, "2022_44_30_2": 0.02439976576224868, "2022_44_30_5": 0.15615850087839156, "2022_44_30_10": 1.127269178215889, "2022_45_11": 0.03903962521959789, "2022_45_12": 0.7661526449346087, "2022_45_13": 1.278547725941831, "2022_45_14": 0.02439976576224868, "2022_45_15": 28.498926410306456, "2023_2_0_5": 0.02439976576224868, "2023_2_10": 0.3757563927386297, "2023_2_11": 0.014639859457349209, "2023_2_12": 7.051532305289869, "2023_2_13": 0.019519812609798945, "2023_2_201": 0.004879953152449736, "2023_2_301": 0.04391957837204762, "2023_6_1": 0.03903962521959789, "2023_6_8": 6.934413429631074, "2023_6_9": 1.0394300214717938, "2023_6_11": 4.923872730821784, "2023_6_11_2": 0.03903962521959789, "2023_6_15": 0.004879953152449736, "2023_12_1": 4.460277181339059, "2023_12_1_1": 29.53835643177825, "2023_12_5": 13.175873511614286}