{"2022_44_2": 0.11386138613861388, "2022_44_25_1": 0.05445544554455446, "2022_44_25_2": 0.12376237623762376, "2022_44_25_3": 0.5792079207920793, "2022_44_25_5": 0.5594059405940595, "2022_44_30": 0.4257425742574258, "2022_44_30_1": 0.0297029702970297, "2022_44_30_2": 0.0594059405940594, "2022_44_30_5": 1.1831683168316833, "2022_44_30_10": 8.782178217821784, "2022_45_10": 0.009900990099009901, "2022_45_11": 0.20297029702970298, "2022_45_12": 5.767326732673268, "2022_45_13": 11.292079207920793, "2022_45_14": 0.18811881188118815, "2022_45_15": 4.683168316831683, "2023_2_0_5": 0.039603960396039604, "2023_2_10": 0.9356435643564356, "2023_2_11": 0.1188118811881188, "2023_2_12": 24.32178217821782, "2023_2_13": 0.019801980198019802, "2023_2_201": 0.0049504950495049506, "2023_2_301": 0.2871287128712871, "2023_6_1": 0.400990099009901, "2023_6_8": 26.3069306930693, "2023_6_9": 5.678217821782178, "2023_6_11": 7.821782178217822, "2023_6_11_2": 0.009900990099009901}