{"2023_32_9": 0.03133813851457224, "2023_38_9": 0.039172673143215306, "2023_44_1": 0.047007207771858364, "2023_44_30_5_1": 0.01566906925728612, "2023_44_30_6": 0.01566906925728612, "2023_44_30_8": 1.0811657787527424, "2023_44_30_9": 0.047007207771858364, "2023_44_30_13": 0.03133813851457224, "2023_44_30_14": 4.30115951112504, "2023_44_30_16": 0.023503603885929182, "2023_44_30_20": 0.023503603885929182, "2023_44_30_25": 5.437167032278284, "2023_44_30_30": 0.5092447508617989, "2024_2_2_1": 0.00783453462864306, "2024_2_3": 0.03133813851457224, "2024_2_6": 0.047007207771858364, "2024_2_7": 24.55343152616735, "2024_2_7_1": 0.00783453462864306, "2024_2_8": 1.7471012221874027, "2024_2_12": 0.05484174240050142, "2024_2_13": 0.18802883108743346, "2024_3_6": 4.167972422438107, "2024_3_10": 28.306173613287378, "2024_8_3": 0.1723597618301473, "2024_8_4": 5.06894390473206, "2024_8_7": 24.005014102162335, "2024_8_8": 0.039172673143215306}