{"2023_27_12": 2.812068061579524, "2023_32_4": 0.0810256899099185, "2023_32_6": 0.1048567751775416, "2023_32_7": 0.14298651160573853, "2023_32_9": 1.1295934416853342, "2023_38_1": 0.004766217053524618, "2023_38_4": 0.014298651160573854, "2023_38_6": 6.86335255707545, "2023_38_8": 0.16681759687336162, "2023_38_9": 3.7033506505886287, "2023_38_9_1": 0.21924598446213237, "2023_44_1": 16.634097516800917, "2023_44_9_1": 0.009532434107049235, "2023_44_25": 0.004766217053524618, "2023_44_30_1": 0.23831085267623087, "2023_44_30_2": 0.610075782851151, "2023_44_30_3": 0.009532434107049235, "2023_44_30_4": 0.4146608836566417, "2023_44_30_5_1": 7.521090510461846, "2023_44_30_6": 1.5013583718602548, "2023_44_30_7": 1.3917353796291883, "2023_44_30_8": 45.33625661312616, "2023_44_30_9": 11.029026261855963, "2023_44_30_10": 0.004766217053524618, "2023_44_30_12": 0.014298651160573854, "2023_44_30_13": 0.03812973642819694}