{"2024_32_20": 0.10986224964083498, "2024_32_20_1": 0.2704301529620554, "2024_33_5": 18.88785599594355, "2024_33_15": 0.5239584213639823, "2024_33_25": 0.21972449928166995, "2024_33_30": 0.016901884560128463, "2024_33_35": 7.428378264176458, "2024_33_40": 0.9380545930871294, "2024_38": 0.008450942280064232, "2024_38_2": 1.8761091861742587, "2024_38_4": 0.21127355700160572, "2024_38_6": 2.0789318008958, "2024_38_7": 5.738189808163612, "2024_39_5": 1.1239753232485425, "2024_39_15": 0.23662638384179843, "2024_44_1": 0.25352826840192694, "2024_44_3": 0.9296036508070654, "2024_44_3_1": 23.59503084593933, "2024_44_4": 0.7605848052057806, "2024_44_25_2": 14.713090509591822, "2024_44_25_3": 0.47325276768359686, "2024_44_25_4": 0.8281923434462944, "2024_45_25_5": 4.11560889039128, "2024_45_25_6": 1.0394659004479, "2024_45_25_10": 0.1943716724414773, "2024_45_25_15": 1.6479337446125248, "2024_45_32": 4.309980562832758, "2024_45_32_1": 6.53257838248965, "2024_45_32_2": 0.9380545930871294}