{"2022_44_25_5": 0.03457615397913905, "2022_44_30": 0.11525384659713017, "2022_44_30_2": 0.017288076989569526, "2022_44_30_5": 0.017288076989569526, "2022_44_30_10": 0.14983000057626922, "2022_45_11": 0.017288076989569526, "2022_45_12": 0.09220307727770415, "2022_45_13": 0.22474500086440385, "2022_45_15": 24.324324324324323, "2023_2_0_5": 0.005762692329856509, "2023_2_10": 0.10949115426727367, "2023_2_11": 0.005762692329856509, "2023_2_12": 1.0949115426727367, "2023_2_13": 0.011525384659713018, "2023_2_301": 0.011525384659713018, "2023_6_8": 0.14406730824641273, "2023_6_9": 0.005762692329856509, "2023_6_11": 0.2593211548435429, "2023_6_11_2": 0.005762692329856509, "2023_7_5": 0.4840661557079467, "2023_7_10": 6.730824641272402, "2023_12_1": 0.14406730824641273, "2023_12_1_1": 0.35152423212124706, "2023_12_5": 31.74667204517951, "2023_12_5_3": 0.14406730824641273, "2023_12_5_4": 0.6281334639543594, "2023_12_8": 0.14983000057626922, "2023_12_9": 31.47582550567625, "2023_12_9_1": 0.005762692329856509, "2023_12_10": 1.4925373134328357}