{"2023_44_1": 0.012848515996402413, "2023_44_30_5_1": 0.012848515996402413, "2023_44_30_8": 0.5846074778363097, "2023_44_30_9": 0.03854554798920724, "2023_44_30_13": 0.025697031992804827, "2023_44_30_14": 2.666067069253501, "2023_44_30_16": 0.006424257998201207, "2023_44_30_20": 0.012848515996402413, "2023_44_30_25": 1.9208531414621608, "2023_44_30_30": 0.39187973789027364, "2024_2_2_1": 0.006424257998201207, "2024_2_3": 0.012848515996402413, "2024_2_6": 0.04496980598740845, "2024_2_7": 10.1117820891687, "2024_2_8": 0.7580624437877425, "2024_2_12": 0.025697031992804827, "2024_2_13": 0.04496980598740845, "2024_3_6": 1.2912758576384429, "2024_3_10": 9.160991905434921, "2024_3_15": 8.968264165488886, "2024_3_20": 1.0343055377103945, "2024_3_25": 24.296543749196967, "2024_8_3": 0.07709109597841449, "2024_8_4": 1.8373377874855454, "2024_8_7": 5.672619812411665, "2024_8_8": 0.08351535397661569, "2024_8_9": 29.8149813696518, "2024_8_12": 0.1027881279712193, "2024_14_3": 0.9829114737247848}