{"2022_44_2": 0.08824827180467715, "2022_44_25_1": 0.044124135902338574, "2022_44_25_2": 0.10785899887238318, "2022_44_25_3": 0.5049762219934304, "2022_44_25_5": 0.45104672255723877, "2022_44_30": 0.3726038142864146, "2022_44_30_1": 0.02451340883463254, "2022_44_30_2": 0.039221454135412066, "2022_44_30_5": 0.8922880815806244, "2022_44_30_10": 6.564690885914596, "2022_45_10": 0.009805363533853017, "2022_45_11": 0.1863019071432073, "2022_45_12": 3.0102466048928758, "2022_45_13": 4.765406677452566, "2022_45_14": 0.058832181203118096, "2022_45_15": 16.69363141638476, "2023_2_0_5": 0.039221454135412066, "2023_2_10": 0.8481639456782859, "2023_2_11": 0.11276168063930969, "2023_2_12": 23.856449477864388, "2023_2_13": 0.019610727067706033, "2023_2_201": 0.004902681766926508, "2023_2_301": 0.22062067951169284, "2023_6_1": 0.3824091778202676, "2023_6_8": 25.14095210079913, "2023_6_9": 4.887973721625729, "2023_6_11": 10.594695298328185, "2023_6_11_2": 0.07844290827082413}