{"2024_3_15": 0.1251651484597733, "2024_3_25": 0.8831096585772894, "2024_8_7": 0.055628954871010355, "2024_8_9": 0.22251581948404142, "2024_14_3": 0.020860858076628883, "2024_14_6": 0.17384048397190735, "2024_14_7": 0.04867533551213406, "2024_14_8": 0.2503302969195466, "2024_14_9": 13.761212711216187, "2024_14_11": 0.006953619358876294, "2024_15_15": 4.818858215701273, "2024_20_1": 2.134761143175022, "2024_20_3": 1.4185383492107642, "2024_20_6": 0.19470134204853623, "2024_20_6_1": 0.013907238717752589, "2024_20_6_2": 2.12085390445727, "2024_20_7": 13.865517001599331, "2024_20_8": 0.10430429038314443, "2024_20_9": 36.290939433975375, "2024_20_9_1": 0.020860858076628883, "2024_20_10": 0.3963563034559488, "2024_20_15": 0.6327793616577428, "2024_21_5": 2.5658855434253525, "2024_26_1": 0.06258257422988665, "2024_26_3_1": 11.334399554968359, "2024_26_4": 0.08344343230651553, "2024_26_6": 5.792364925943954, "2024_26_10": 2.600653640219734}