{"2022_45_13": 0.0320666987333654, "2022_45_15": 0.1443001443001443, "2023_2_12": 0.11757789535567313, "2023_2_301": 0.010688899577788466, "2023_6_8": 0.010688899577788466, "2023_6_11": 0.026722248944471165, "2023_7_10": 0.8764897653786544, "2023_7_15": 0.7909785687563466, "2023_7_20": 27.256693923360594, "2023_7_26": 0.41686708353375024, "2023_12_1": 0.005344449788894233, "2023_12_1_1": 0.042755598311153865, "2023_12_5": 0.1282667949334616, "2023_12_5_4": 0.026722248944471165, "2023_12_9": 0.09085564641120197, "2023_12_9_1": 0.0320666987333654, "2023_12_10": 0.16567794345572123, "2023_12_11": 0.22446689113355783, "2023_20_4_1": 0.1763668430335097, "2023_20_7": 0.46496713163379827, "2023_20_8": 0.4222115333226444, "2023_20_9": 12.008978675645343, "2023_26_1": 0.6253006253006254, "2023_26_3": 0.026722248944471165, "2023_26_6": 0.26722248944471166, "2023_26_7": 20.39976484420929, "2023_26_8": 35.18251296029074, "2023_26_10": 0.026722248944471165}