{"2022_44_30": 0.034891835310537335, "2022_44_30_2": 0.01163061177017911, "2022_44_30_5": 0.01163061177017911, "2022_44_30_10": 0.09304489416143288, "2022_45_12": 0.05815305885089555, "2022_45_13": 0.12212142358688066, "2022_45_15": 2.000465224470807, "2023_2_10": 0.06978367062107467, "2023_2_12": 0.3547336589904629, "2023_2_301": 0.01163061177017911, "2023_6_8": 0.07559897650616423, "2023_6_9": 0.005815305885089555, "2023_6_11": 0.7908816003721795, "2023_7_5": 0.04652244708071644, "2023_7_10": 29.605722260990923, "2023_7_15": 0.33728774133519424, "2023_12_1": 0.04652244708071644, "2023_12_1_1": 0.16282856478250754, "2023_12_5": 15.486159571993486, "2023_12_5_3": 0.005815305885089555, "2023_12_5_4": 0.7152826238660154, "2023_12_8": 0.005815305885089555, "2023_12_9": 28.588043731100253, "2023_12_9_1": 16.835310537334262, "2023_12_10": 2.285415212840195, "2023_12_11": 0.8432193533379855, "2023_20_4_1": 1.3956734124214931}