{"2023_26_12": 0.47458245870219945, "2023_27_7": 0.0273797572328192, "2023_32_7": 0.018253171488546133, "2023_32_9": 0.0273797572328192, "2023_38_6": 0.009126585744273066, "2023_38_9": 0.04563292872136534, "2023_44_1": 0.04563292872136534, "2023_44_30_5_1": 0.0273797572328192, "2023_44_30_6": 0.009126585744273066, "2023_44_30_7": 0.009126585744273066, "2023_44_30_8": 2.73797572328192, "2023_44_30_9": 0.018253171488546133, "2023_44_30_13": 0.06388610020991146, "2023_44_30_14": 8.743269143013597, "2023_44_30_16": 0.04563292872136534, "2023_44_30_20": 0.07301268595418453, "2023_44_30_25": 17.577804143469926, "2023_44_30_30": 0.24641781509537278, "2024_2_2_1": 0.036506342977092265, "2024_2_3": 0.0273797572328192, "2024_2_6": 0.07301268595418453, "2024_2_7": 47.55863831340695, "2024_2_7_1": 0.009126585744273066, "2024_2_8": 3.77840649812905, "2024_2_12": 0.0821392716984576, "2024_8_3": 0.547595144656384, "2024_8_4": 17.687323172401204}