{"2022_36_6": 0.11314137014199241, "2022_36_20": 0.11314137014199241, "2022_40_4": 0.011314137014199241, "2022_40_4_1": 0.06788482208519543, "2022_40_4_2": 0.06222775357809582, "2022_44_2": 0.13011257566329126, "2022_44_25_1": 0.07919895909939469, "2022_44_25_2": 0.19234032924138705, "2022_44_25_3": 0.7976466595010464, "2022_44_25_5": 1.900775018385472, "2022_44_30": 0.5770209877241612, "2022_44_30_1": 0.07354189059229506, "2022_44_30_2": 0.10748430163489278, "2022_44_30_5": 2.5287096226735297, "2022_44_30_10": 26.8145047236522, "2022_45_10": 0.016971205521298858, "2022_45_11": 1.646206935565989, "2022_45_12": 0.5883351247383605, "2023_2_0_5": 0.06222775357809582, "2023_2_10": 1.2162697290264182, "2023_2_11": 0.19799739774848668, "2023_2_12": 34.48548961927928, "2023_2_13": 0.016971205521298858, "2023_2_201": 0.10182723312779317, "2023_6_1": 0.8825026871075408, "2023_6_8": 26.763591107088303, "2023_6_9": 0.45256548056796964}