{"2022_40_4_2": 0.02160293799956794, "2022_44_2": 0.04320587599913588, "2022_44_25_2": 0.03240440699935191, "2022_44_25_3": 0.23223158349535536, "2022_44_25_5": 0.10801468999783971, "2022_44_30": 0.22143011449557137, "2022_44_30_1": 0.005400734499891985, "2022_44_30_2": 0.02160293799956794, "2022_44_30_5": 0.22143011449557137, "2022_44_30_10": 1.8794556059624108, "2022_45_10": 0.005400734499891985, "2022_45_11": 0.05940807949881184, "2022_45_12": 1.3285806869734282, "2022_45_13": 2.0738820479585223, "2022_45_14": 0.04320587599913588, "2022_45_15": 27.246705551955063, "2023_2_0_5": 0.02160293799956794, "2023_2_10": 0.49146683949017067, "2023_2_11": 0.0378051414992439, "2023_2_12": 17.314754806653703, "2023_2_13": 0.016202203499675955, "2023_2_301": 0.07020954849859581, "2023_6_1": 0.09721322099805574, "2023_6_8": 21.13847483257723, "2023_6_9": 1.5716137394685674, "2023_6_11": 19.35083171311298, "2023_6_11_2": 0.11341542449773169, "2023_6_15": 0.005400734499891985, "2023_12_1": 6.227046878375459}