{"2023_2_12": 0.10546298249314492, "2023_2_301": 0.01054629824931449, "2023_6_8": 0.01054629824931449, "2023_6_11": 0.02636574562328623, "2023_7_10": 0.8858890529424173, "2023_7_15": 0.7698797721999578, "2023_7_20": 26.903606834001266, "2023_7_26": 0.3691204387260072, "2023_7_30": 0.2531111579835478, "2023_12_1": 0.005273149124657245, "2023_12_1_1": 0.03691204387260072, "2023_12_5": 0.1265555789917739, "2023_12_5_4": 0.02109259649862898, "2023_12_9": 0.09491668424383042, "2023_12_9_1": 0.03163889474794347, "2023_12_10": 0.1265555789917739, "2023_12_11": 0.17928707023834634, "2023_20_4_1": 0.1634676228643746, "2023_20_7": 0.3954861843492934, "2023_20_8": 0.4113056317232652, "2023_20_9": 11.078886310904872, "2023_26_1": 0.5958658510862687, "2023_26_3": 0.02636574562328623, "2023_26_6": 0.23729171060957607, "2023_26_7": 18.656401603037335, "2023_26_8": 37.724108837797935, "2023_26_9": 0.07909723686985867, "2023_26_10": 0.6749630879561274}