{"2023_12_11": 0.05081854150785872, "2023_20_4_1": 0.06896802061780827, "2023_20_7": 0.06170822897382846, "2023_20_8": 0.09800718719372756, "2023_20_9": 2.464699263131149, "2023_26_1": 0.13793604123561654, "2023_26_3": 0.010889687465969727, "2023_26_6": 0.04718864568586882, "2023_26_7": 1.6516025990054088, "2023_26_8": 2.9728846782097356, "2023_26_9": 3.8367998838433337, "2023_26_10": 0.21779374931939458, "2023_26_11": 0.19601437438745511, "2023_26_12": 0.8457657265236489, "2023_27_6": 2.78413009546626, "2023_27_7": 20.69766597698646, "2023_31_600": 0.06896802061780827, "2023_32_1": 0.29039166575919273, "2023_32_4": 2.0871900976441977, "2023_32_6": 8.199934661875204, "2023_32_7": 8.228973828451123, "2023_32_9": 13.568550582598283, "2023_38_1": 0.04718864568586882, "2023_38_4": 1.168826454680751, "2023_38_6": 30.106355947584305, "2023_38_8": 0.09074739554974774}