{"2023_2_12": 0.09704968944099379, "2023_6_11": 0.019409937888198763, "2023_7_10": 0.2862965838509317, "2023_7_15": 0.24747670807453423, "2023_7_20": 6.44895186335404, "2023_7_26": 0.10190217391304351, "2023_7_30": 21.409161490683235, "2023_12_1": 0.004852484472049691, "2023_12_1_1": 0.03396739130434784, "2023_12_5": 0.08734472049689443, "2023_12_5_4": 0.009704968944099382, "2023_12_9": 0.07763975155279505, "2023_12_9_1": 0.02911490683229815, "2023_12_10": 0.08249223602484475, "2023_12_11": 0.09704968944099379, "2023_20_4_1": 0.13586956521739135, "2023_20_7": 0.24747670807453423, "2023_20_8": 0.2620341614906833, "2023_20_9": 7.0943322981366475, "2023_26_1": 0.4173136645962734, "2023_26_3": 0.019409937888198763, "2023_26_6": 0.1649844720496895, "2023_26_7": 9.787461180124225, "2023_26_8": 26.678959627329196, "2023_26_9": 23.37927018633541, "2023_26_10": 1.3781055900621122, "2023_26_11": 1.4023680124223605}