{"2024_2_6": 0.045784550984367844, "2024_2_7": 0.41860160899993465, "2024_2_8": 0.013081300281247958, "2024_3_6": 0.13081300281247954, "2024_3_10": 0.5428739616717903, "2024_3_15": 3.1918372686245013, "2024_3_20": 0.22238210478121526, "2024_3_25": 12.603832820982404, "2024_8_3": 0.006540650140623979, "2024_8_4": 0.05232520112499183, "2024_8_7": 0.22892275492183925, "2024_8_8": 0.013081300281247958, "2024_8_9": 6.566812741186475, "2024_8_12": 0.045784550984367844, "2024_9_5": 0.006540650140623979, "2024_14_3": 0.34665445745307083, "2024_14_5": 0.03924390084374387, "2024_14_6": 2.9759958139839098, "2024_14_7": 1.3146706782654198, "2024_14_8": 3.7935770815619074, "2024_14_9": 29.269409379292306, "2024_14_11": 0.11773170253123162, "2024_15_5": 0.032703250703119885, "2024_20_1": 34.07678723265092, "2024_20_3": 3.94401203479626}