{"2023_44_1": 0.01295756397797214, "2023_44_30_5_1": 0.01943634596695821, "2023_44_30_8": 0.5960479429867185, "2023_44_30_9": 0.03887269193391642, "2023_44_30_13": 0.01943634596695821, "2023_44_30_14": 2.4878522837706507, "2023_44_30_16": 0.00647878198898607, "2023_44_30_20": 0.01943634596695821, "2023_44_30_25": 1.7363135730482668, "2023_44_30_30": 0.3757693553611921, "2024_2_2_1": 0.00647878198898607, "2024_2_3": 0.01295756397797214, "2024_2_6": 0.045351473922902494, "2024_2_7": 9.212827988338192, "2024_2_8": 0.7256235827664399, "2024_2_12": 0.02591512795594428, "2024_2_13": 0.045351473922902494, "2024_3_6": 1.2244897959183672, "2024_3_10": 8.39002267573696, "2024_3_15": 7.904114026563006, "2024_3_20": 0.8487204405571751, "2024_3_25": 27.139617751862648, "2024_8_3": 0.07126660187884677, "2024_8_4": 1.6715257531584058, "2024_8_7": 5.092322643343052, "2024_8_8": 0.07774538386783283, "2024_8_9": 30.63168124392614, "2024_8_12": 0.09070294784580499, "2024_14_3": 1.4512471655328798, "2024_14_5": 0.01943634596695821}