{"2023_38_6": 0.013377926421404682, "2023_38_9": 0.02006688963210702, "2023_44_1": 0.02006688963210702, "2023_44_30_5_1": 0.013377926421404682, "2023_44_30_8": 0.6822742474916387, "2023_44_30_9": 0.04682274247491639, "2023_44_30_13": 0.02006688963210702, "2023_44_30_14": 2.9498327759197323, "2023_44_30_16": 0.02006688963210702, "2023_44_30_20": 0.02006688963210702, "2023_44_30_25": 2.3411371237458196, "2023_44_30_30": 0.4548494983277592, "2024_2_2_1": 0.006688963210702341, "2024_2_3": 0.02006688963210702, "2024_2_6": 0.07357859531772575, "2024_2_7": 12.581939799331101, "2024_2_7_1": 0.006688963210702341, "2024_2_8": 0.9163879598662207, "2024_2_12": 0.0334448160535117, "2024_2_13": 0.0668896321070234, "2024_3_6": 1.6187290969899664, "2024_3_10": 12.822742474916387, "2024_3_15": 28.060200668896325, "2024_3_20": 0.6622073578595318, "2024_8_3": 0.08695652173913043, "2024_8_4": 2.2608695652173916, "2024_8_7": 7.498327759197325, "2024_8_8": 0.12040133779264214, "2024_8_9": 26.274247491638796, "2024_8_12": 0.2876254180602007}