{"2024_8_9": 0.16197454685692245, "2024_14_3": 0.023139220979560348, "2024_14_6": 0.09255688391824139, "2024_14_7": 0.015426147319706901, "2024_14_8": 0.11569610489780176, "2024_14_9": 4.157346702661009, "2024_14_11": 0.0077130736598534505, "2024_15_15": 4.327034323177785, "2024_20_1": 0.8484381025838795, "2024_20_3": 0.2853837254145776, "2024_20_6": 0.015426147319706901, "2024_20_6_2": 0.20053991515618969, "2024_20_7": 3.5248746625530263, "2024_20_8": 0.023139220979560348, "2024_20_9": 13.08137292711145, "2024_20_9_1": 0.023139220979560348, "2024_20_10": 0.14654839953721555, "2024_20_15": 0.49363671423062083, "2024_21_5": 0.8870034708831468, "2024_26_1": 0.023139220979560348, "2024_26_3_1": 4.018511376783648, "2024_26_4": 0.023139220979560348, "2024_26_6": 1.9976860779020433, "2024_26_7": 51.60817585807943, "2024_26_8": 3.177786347859621, "2024_26_10": 7.180871577323561, "2024_26_11": 0.3548013883532587, "2024_26_20": 3.1237948322406472, "2024_32": 0.061704589278827604}