{"2024_3_6": 0.11365675659508286, "2024_3_10": 0.4546270263803314, "2024_3_15": 2.596159598013998, "2024_3_20": 0.15553029849853442, "2024_3_25": 8.542202548304124, "2024_8_4": 0.04187354190345158, "2024_8_7": 0.2392773823054376, "2024_8_8": 0.01196386911527188, "2024_8_9": 4.953041813722558, "2024_8_12": 0.04187354190345158, "2024_9_5": 0.00598193455763594, "2024_14_3": 0.2392773823054376, "2024_14_5": 0.0299096727881797, "2024_14_6": 1.9979661422504043, "2024_14_7": 0.7955972961655801, "2024_14_8": 2.4226834958425556, "2024_14_9": 26.422204941077954, "2024_14_11": 0.07776514924926721, "2024_15_10": 0.00598193455763594, "2024_15_15": 3.690853622061375, "2024_20_1": 7.997846503559251, "2024_20_3": 3.9720045462702642, "2024_20_6": 0.7238140814739488, "2024_20_6_1": 0.0299096727881797, "2024_20_6_2": 4.312974816055513, "2024_20_7": 22.079320452234256, "2024_20_8": 0.13758449482562665, "2024_20_9": 7.896153616079442, "2024_20_9_1": 0.01196386911527188}