{"2024_32_9_1": 0.014238929232521718, "2024_32_10": 16.20390146660971, "2024_32_20": 0.09255304001139117, "2024_32_20_1": 0.2278228677203475, "2024_33_5": 16.025914851203193, "2024_33_15": 0.448526270824434, "2024_33_25": 0.18510608002278234, "2024_33_30": 0.014238929232521718, "2024_33_35": 6.250889933077035, "2024_33_40": 0.8044995016374769, "2024_38": 0.007119464616260859, "2024_38_2": 1.5805211448099106, "2024_38_4": 0.17798661540652144, "2024_38_6": 1.7585077602164323, "2024_38_7": 4.869713797522427, "2024_39_5": 0.961127723195216, "2024_39_15": 0.22070340310408662, "2024_44_1": 0.21358393848782573, "2024_44_3": 0.7831411077886943, "2024_44_3_1": 19.948739854762927, "2024_44_4": 0.6265128862309556, "2024_44_25_2": 13.413071337035456, "2024_44_25_3": 0.44140680620817324, "2024_44_25_4": 0.6692296739285206, "2024_45_25_5": 3.559732308130429, "2024_45_25_6": 0.8187384308699988, "2024_45_25_10": 0.29901751388295605, "2024_45_25_15": 0.07831411077886945, "2024_45_32": 4.7771607575110355, "2024_45_32_1": 4.5279794959419055}