{"2023_2_12": 0.24603608529250956, "2023_6_8": 0.054674685620557675, "2023_6_11": 0.0911244760342628, "2023_7_5": 0.0227811190085657, "2023_7_10": 3.535629670129396, "2023_7_15": 1.9409513395297977, "2023_7_20": 23.614907964279205, "2023_7_25": 0.004556223801713139, "2023_7_26": 0.013668671405139419, "2023_12_1": 0.009112447603426279, "2023_12_1_1": 0.07289958082741023, "2023_12_5": 2.36468015308912, "2023_12_5_4": 0.3007107709130673, "2023_12_8": 0.004556223801713139, "2023_12_9": 4.168944778567523, "2023_12_9_1": 1.0524876981957354, "2023_12_10": 0.5877528704209951, "2023_12_11": 2.2371058866411517, "2023_20_4_1": 9.61818844541644, "2023_20_6": 0.20047384727537818, "2023_20_7": 10.424640058319664, "2023_20_8": 9.973573901950065, "2023_20_9": 24.11609258246765, "2023_26": 0.004556223801713139, "2023_26_1": 5.339894295607801}