{"2023_2_12": 0.09813542688910697, "2023_6_11": 0.019627085377821388, "2023_7_10": 0.31894013738959764, "2023_7_15": 0.2649656526005888, "2023_7_20": 7.100098135426888, "2023_7_26": 0.10794896957801767, "2023_7_30": 20.770363101079486, "2023_12_1": 0.004906771344455347, "2023_12_1_1": 0.029440628066732085, "2023_12_5": 0.08832188420019625, "2023_12_5_4": 0.009813542688910694, "2023_12_9": 0.08341511285574091, "2023_12_9_1": 0.029440628066732085, "2023_12_10": 0.09322865554465161, "2023_12_11": 0.09813542688910697, "2023_20_4_1": 0.1324828263002944, "2023_20_7": 0.2551521099116781, "2023_20_8": 0.2796859666339548, "2023_20_9": 7.53189401373896, "2023_26_1": 0.4219823356231599, "2023_26_3": 0.019627085377821388, "2023_26_6": 0.1766437684003925, "2023_26_7": 10.37782139352306, "2023_26_8": 28.287536800785084, "2023_26_9": 20.672227674190378, "2023_26_10": 1.3640824337585864, "2023_26_11": 1.3640824337585864}