{"2022_44_30": 0.16021110168692862, "2022_44_30_2": 0.018848364904344543, "2022_44_30_5": 0.12722646310432567, "2022_44_30_10": 0.9565545188954855, "2022_45_11": 0.037696729808689086, "2022_45_12": 0.7021015926868341, "2022_45_13": 1.0979172556780699, "2022_45_14": 0.02356045613043068, "2022_45_15": 28.597681651116762, "2023_2_0_5": 0.02356045613043068, "2023_2_10": 0.33927056827820185, "2023_2_11": 0.014136273678258407, "2023_2_12": 5.348223541607764, "2023_2_13": 0.018848364904344543, "2023_2_201": 0.004712091226086136, "2023_2_301": 0.04712091226086136, "2023_6_1": 0.03298463858260295, "2023_6_8": 5.371783997738195, "2023_6_9": 0.9612666101215717, "2023_6_11": 3.8592027141645455, "2023_6_11_2": 0.028272547356516815, "2023_7_5": 0.08010555084346431, "2023_12_1": 2.125153142964847, "2023_12_1_1": 6.4225803411554026, "2023_12_5": 42.78578833286211, "2023_12_5_3": 0.05183300348694749, "2023_12_8": 0.763358778625954}