{"2024_8_7": 0.06595435958316843, "2024_8_9": 0.21105395066613902, "2024_14_3": 0.019786307874950535, "2024_14_6": 0.16488589895792108, "2024_14_7": 0.0461680517082179, "2024_14_8": 0.23743569449940638, "2024_14_9": 11.865189289012001, "2024_14_11": 0.0065954359583168445, "2024_15_15": 4.794881941696345, "2024_20_1": 1.8862946840786172, "2024_20_3": 1.2135602163302994, "2024_20_6": 0.16488589895792108, "2024_20_6_1": 0.013190871916633689, "2024_20_6_2": 1.6686452974541615, "2024_20_7": 8.824693312227936, "2024_20_8": 0.06595435958316843, "2024_20_9": 25.590291518269353, "2024_20_9_1": 0.026381743833267378, "2024_20_10": 0.3099854900408916, "2024_20_15": 0.46168051708217905, "2024_21_5": 1.0420788814140614, "2024_26_1": 0.03297717979158422, "2024_26_3_1": 4.2012927054478295, "2024_26_4": 0.019786307874950535, "2024_26_6": 2.677746999076638, "2024_26_7": 29.21778129534362, "2024_26_10": 5.144440047487139, "2024_26_20": 0.026381743833267378}