{"2024_8_9": 0.13640497120339495, "2024_8_12": 0.01515610791148833, "2024_14_3": 0.03031221582297666, "2024_14_6": 0.10609275538041832, "2024_14_7": 0.03031221582297666, "2024_14_8": 0.1288269172476508, "2024_14_9": 3.682934222491664, "2024_14_11": 0.007578053955744165, "2024_15_15": 4.175507729615034, "2024_20_1": 0.8032737193088816, "2024_20_3": 0.28796605031827827, "2024_20_6": 0.01515610791148833, "2024_20_6_2": 0.20460745680509246, "2024_20_7": 3.2888754167929677, "2024_20_8": 0.022734161867232493, "2024_20_9": 11.79145195513792, "2024_20_9_1": 0.022734161867232493, "2024_20_10": 0.13640497120339495, "2024_20_15": 0.46226129130039406, "2024_21_5": 0.8032737193088816, "2024_26_1": 0.01515610791148833, "2024_26_3_1": 3.7738708699605947, "2024_26_4": 0.022734161867232493, "2024_26_6": 1.841467111245832, "2024_26_7": 48.294937859957564, "2024_26_8": 8.449530160654744, "2024_26_10": 7.3204001212488645, "2024_26_11": 0.39405880569869667, "2024_26_20": 3.6223097908457116, "2024_32": 0.11367080933616248}