{"2024_3_6": 0.11448541817305376, "2024_3_10": 0.45794167269221503, "2024_3_15": 2.6150879730055436, "2024_3_20": 0.16268980477223427, "2024_3_25": 8.81537719932514, "2024_8_4": 0.04217883827428296, "2024_8_7": 0.22897083634610751, "2024_8_8": 0.012051096649795132, "2024_8_9": 5.055435044589057, "2024_8_12": 0.04217883827428296, "2024_9_5": 0.006025548324897566, "2024_14_3": 0.2530730296456978, "2024_14_5": 0.030127741624487833, "2024_14_6": 2.03060978549048, "2024_14_7": 0.8013979272113763, "2024_14_8": 2.5006025548324895, "2024_14_9": 26.657025789346832, "2024_14_11": 0.07833212822366836, "2024_15_10": 0.006025548324897566, "2024_15_15": 3.3622559652928423, "2024_20_1": 8.363461074957822, "2024_20_3": 4.362496987225837, "2024_20_6": 0.8375512171607616, "2024_20_6_1": 0.030127741624487833, "2024_20_6_2": 5.302482525909858, "2024_20_7": 25.301277416244883, "2024_20_8": 0.18679199807182453, "2024_20_9": 2.3318872017353582, "2024_20_9_1": 0.012051096649795132}