{"2023_2_12": 0.23799901207957247, "2023_6_8": 0.0538865687727334, "2023_6_11": 0.08532040055682787, "2023_7_5": 0.022452736988638915, "2023_7_10": 3.376891643091293, "2023_7_15": 1.8411244330683907, "2023_7_20": 23.55292110108222, "2023_7_25": 0.004490547397727783, "2023_7_26": 0.19309353810229465, "2023_12_1": 0.008981094795455566, "2023_12_1_1": 0.07184875836364453, "2023_12_5": 2.254254793659347, "2023_12_5_4": 0.29188558085230587, "2023_12_8": 0.004490547397727783, "2023_12_9": 3.987606089182271, "2023_12_9_1": 0.9924109748978399, "2023_12_10": 0.5702995195114283, "2023_12_11": 2.191387130091158, "2023_20_4_1": 8.424266918137322, "2023_20_6": 0.17962189590911132, "2023_20_7": 7.615968386546319, "2023_20_8": 5.586240962773361, "2023_20_9": 32.713637792446896, "2023_26_1": 5.545826036193811, "2023_26_3": 0.19309353810229465}