{"2024_26_3_1": 1.142049802790369, "2024_26_4": 0.017660563960675807, "2024_26_6": 0.576911756048743, "2024_26_7": 7.635250485665508, "2024_26_8": 5.76911756048743, "2024_26_10": 1.524695355271678, "2024_26_11": 0.24724789544946132, "2024_26_20": 1.3657502796255958, "2024_27_5": 0.26490845941013713, "2024_27_10": 0.8064990875375285, "2024_27_25": 3.826455524813092, "2024_32": 0.02943427326779301, "2024_32_3": 6.251839642079236, "2024_32_4_1": 0.3178901512921645, "2024_32_4_2": 0.023547418614234414, "2024_32_5_3": 0.017660563960675807, "2024_32_5_4": 0.02943427326779301, "2024_32_6": 3.4379231176782237, "2024_32_7": 15.764996762229938, "2024_32_9": 0.10007652911049622, "2024_32_9_1": 0.0058868546535586035, "2024_32_10": 38.841467004179655, "2024_32_20": 0.13539765703184786, "2024_32_20_1": 0.42385353505621937, "2024_33_5": 0.041207982574910214, "2024_33_15": 0.7535173956555012, "2024_33_25": 0.741743686348384, "2024_38": 0.0058868546535586035, "2024_38_2": 8.971566492023312, "2024_38_4": 0.9301230352622591}