{"2023_26_12": 0.7186522936207942, "2023_27_6": 0.06066545335759952, "2023_27_7": 8.861822763544728, "2023_27_12": 3.4159316813663727, "2023_32_4": 0.09333146670399925, "2023_32_6": 0.11199776004479911, "2023_32_7": 0.16799664006719864, "2023_32_9": 1.2039759204815905, "2023_38_1": 0.004666573335199963, "2023_38_4": 0.013999720005599889, "2023_38_6": 7.3918521629567415, "2023_38_8": 0.17732978673759858, "2023_38_9": 4.1112511083111665, "2023_38_9_1": 0.5319893602127957, "2023_44_1": 20.17359652806944, "2023_44_25": 0.004666573335199963, "2023_44_30_1": 0.40132530682719686, "2023_44_30_2": 1.0499790004199916, "2023_44_30_3": 0.01866629334079985, "2023_44_30_4": 0.8913155070231928, "2023_44_30_5_1": 33.272667879975735, "2023_44_30_6": 5.7492183489663535, "2023_44_30_7": 11.07844509776471, "2023_44_30_8": 0.4806570535255962, "2023_44_30_10": 0.013999720005599889}