{"2024_20_15": 0.27758929122200976, "2024_21_5": 0.382456356794769, "2024_26_3_1": 1.313922645117513, "2024_26_4": 0.018505952748133984, "2024_26_6": 0.6662142989328235, "2024_26_7": 8.901363271852446, "2024_26_8": 6.643637036580101, "2024_26_10": 1.9307877367219795, "2024_26_11": 0.27758929122200976, "2024_26_20": 1.5730059835913888, "2024_27_5": 0.3207698476343224, "2024_27_10": 1.2275615322928877, "2024_27_25": 5.163160816729382, "2024_32": 0.030843254580223307, "2024_32_3": 7.865029917956945, "2024_32_4_1": 0.41946826229103706, "2024_32_4_2": 0.030843254580223307, "2024_32_5_3": 0.024674603664178646, "2024_32_5_4": 0.03701190549626797, "2024_32_6": 4.93492073283573, "2024_32_7": 32.81722287335761, "2024_32_9": 0.48115477145148366, "2024_32_10": 23.292825858984646, "2024_32_20": 0.18505952748133983, "2024_32_20_1": 1.0116587502313248, "2024_38": 0.012337301832089323, "2024_38_2": 0.1603849238171612}