{"2024_8_7": 0.06601095781899796, "2024_8_9": 0.20463396923889365, "2024_14_3": 0.019803287345699385, "2024_14_6": 0.16502739454749488, "2024_14_7": 0.046207670473298566, "2024_14_8": 0.24424054393029243, "2024_14_9": 11.87537131163773, "2024_14_11": 0.006601095781899797, "2024_15_15": 4.805597729223051, "2024_20_1": 1.8879133936233417, "2024_20_3": 1.2212027196514623, "2024_20_6": 0.16502739454749488, "2024_20_6_1": 0.013202191563799594, "2024_20_6_2": 1.6700772328206481, "2024_20_7": 8.825665060400025, "2024_20_8": 0.06601095781899796, "2024_20_9": 25.651858208462603, "2024_20_9_1": 0.026404383127599188, "2024_20_10": 0.3102515017492904, "2024_20_15": 0.4620767047329857, "2024_21_5": 1.0495742293220673, "2024_26_1": 0.03300547890949898, "2024_26_3_1": 4.198296917288269, "2024_26_4": 0.019803287345699385, "2024_26_6": 2.719651462142716, "2024_26_7": 29.077826919268603, "2024_26_10": 5.1488547098818405, "2024_26_20": 0.019803287345699385}