{"2023_26_12": 0.4563658377572879, "2023_27_7": 0.02794076557697681, "2023_32_6": 0.009313588525658938, "2023_32_7": 0.018627177051317875, "2023_32_9": 0.02794076557697681, "2023_38_6": 0.018627177051317875, "2023_38_9": 0.04656794262829468, "2023_44_1": 0.04656794262829468, "2023_44_30_5_1": 0.02794076557697681, "2023_44_30_6": 0.009313588525658938, "2023_44_30_8": 3.9303343578280714, "2023_44_30_9": 0.009313588525658938, "2023_44_30_13": 0.06519511967961256, "2023_44_30_14": 11.81894383906119, "2023_44_30_16": 0.04656794262829468, "2023_44_30_20": 0.1024494737822483, "2023_44_30_25": 13.57921207041073, "2024_2_2_1": 0.02794076557697681, "2024_2_3": 0.02794076557697681, "2024_2_6": 0.0745087082052715, "2024_2_7": 48.09537114650275, "2024_2_7_1": 0.009313588525658938, "2024_2_8": 3.818571295520164, "2024_8_3": 0.5588153115395362, "2024_8_4": 17.146316475738104}