{"2024_14_3": 0.019262874020803903, "2024_14_6": 0.14768203415949657, "2024_14_7": 0.05136766405547706, "2024_14_8": 0.21831257223577755, "2024_14_9": 9.3810196481315, "2024_15_15": 4.526775394888917, "2024_20_1": 1.66302812379607, "2024_20_3": 1.0594580711442143, "2024_20_6": 0.13484011814562732, "2024_20_6_1": 0.012841916013869265, "2024_20_6_2": 1.5217670476435083, "2024_20_7": 7.506099910106586, "2024_20_8": 0.06420958006934634, "2024_20_9": 18.100680621548733, "2024_20_9_1": 0.03210479003467317, "2024_20_10": 0.2761011942981892, "2024_20_15": 0.4302041864646204, "2024_21_5": 0.7640940028252213, "2024_26_1": 0.03210479003467317, "2024_26_3_1": 3.454475407730833, "2024_26_4": 0.019262874020803903, "2024_26_6": 1.8107101579555667, "2024_26_7": 40.77308334403492, "2024_26_8": 0.8090407088737638, "2024_26_10": 5.817387954282778, "2024_26_11": 0.07705149608321561, "2024_26_20": 1.2970335174007959}