{"2023_38_9_1": 0.03716090672612412, "2023_44_30_14": 0.11148272017837235, "2023_44_30_30": 0.07432181345224824, "2024_8_9": 0.03716090672612412, "2024_14_9": 0.03716090672612412, "2024_15_15": 0.03716090672612412, "2024_20_6_2": 0.03716090672612412, "2024_26_8": 0.2601263470828688, "2024_32_3": 0.03716090672612412, "2024_32_6": 0.07432181345224824, "2024_32_7": 0.40876997398736536, "2024_32_10": 0.7432181345224823, "2024_33_5": 0.6688963210702341, "2024_33_35": 0.2601263470828688, "2024_33_40": 0.07432181345224824, "2024_38_2": 0.03716090672612412, "2024_38_6": 0.14864362690449648, "2024_38_7": 0.33444816053511706, "2024_39_5": 0.07432181345224824, "2024_39_15": 0.14864362690449648, "2024_44_1": 0.03716090672612412, "2024_44_3_1": 0.5574136008918618, "2024_44_4": 1.7837235228539576, "2024_44_25_2": 18.39464882943144, "2024_44_25_3": 0.33444816053511706, "2024_44_25_4": 3.344481605351171, "2024_45_25_5": 14.009661835748794, "2024_45_25_6": 3.530286138981791, "2024_45_25_10": 0.5202526941657376, "2024_45_25_15": 8.361204013377925, "2024_45_32": 8.324043106651802, "2024_45_32_1": 16.05351170568562, "2024_45_32_2": 20.438498699368264, "2024_45_32_5": 0.6688963210702341}