{"2022_44_25_3": 0.19161918208864911, "2022_44_25_5": 0.0705965407695023, "2022_44_30": 0.19666179214361357, "2022_44_30_2": 0.025213050274822256, "2022_44_30_5": 0.18657657203368466, "2022_44_30_10": 1.3413342746205437, "2022_45_10": 0.00504261005496445, "2022_45_11": 0.0403408804397156, "2022_45_12": 0.9580959104432456, "2022_45_13": 1.4421864757198328, "2022_45_14": 0.025213050274822256, "2022_45_15": 28.208360647471135, "2023_2_0_5": 0.0201704402198578, "2023_2_10": 0.4235792446170138, "2023_2_11": 0.0201704402198578, "2023_2_12": 10.91220815894307, "2023_2_13": 0.0201704402198578, "2023_2_201": 0.00504261005496445, "2023_2_301": 0.05546871060460896, "2023_6_1": 0.08572437093439564, "2023_6_8": 11.971156270485604, "2023_6_9": 1.14467248247693, "2023_6_11": 10.060007059654078, "2023_6_11_2": 0.05546871060460896, "2023_6_15": 0.00504261005496445, "2023_12_1": 8.829610206242752, "2023_12_1_1": 23.69522464827795, "2023_12_5": 0.00504261005496445}