{"2024_27_10": 0.6189104724554201, "2024_27_25": 2.9107175684784603, "2024_32": 0.030639132299773265, "2024_32_3": 5.110607267602182, "2024_32_4_1": 0.22060175255836753, "2024_32_4_2": 0.02451130583981861, "2024_32_5_3": 0.01838347937986396, "2024_32_5_4": 0.02451130583981861, "2024_32_6": 2.4572584104418156, "2024_32_7": 7.500459586984495, "2024_32_9": 0.042894785219682575, "2024_32_9_1": 0.012255652919909306, "2024_32_10": 16.428702739138423, "2024_32_20": 0.08578957043936515, "2024_32_20_1": 0.2144739260984129, "2024_33_5": 18.377351553404004, "2024_33_15": 0.40443654635700715, "2024_33_25": 0.2144739260984129, "2024_33_30": 0.012255652919909306, "2024_33_35": 8.180648324039463, "2024_33_40": 0.4228200257368711, "2024_38": 0.006127826459954653, "2024_38_2": 1.5442122679085726, "2024_38_4": 0.15319566149886635, "2024_38_6": 1.7709418469268952, "2024_38_7": 5.790796004657149, "2024_39_5": 1.1213922421717015, "2024_44_1": 0.23285740547827685, "2024_44_3": 1.0294748452723819, "2024_44_3_1": 25.026043262454806, "2024_44_4": 0.012255652919909306}