{"2024_32_9_1": 0.014240956992309881, "2024_32_10": 16.2133295357448, "2024_32_20": 0.09256622045001424, "2024_32_20_1": 0.2278553118769581, "2024_33_5": 16.02819709484477, "2024_33_15": 0.4485901452577612, "2024_33_25": 0.18513244090002848, "2024_33_30": 0.014240956992309881, "2024_33_35": 6.251780119624038, "2024_33_40": 0.8046140700655082, "2024_38": 0.0071204784961549404, "2024_38_2": 1.5807462261463967, "2024_38_4": 0.1780119624038735, "2024_38_6": 1.7587581885502703, "2024_38_7": 4.87040729136998, "2024_39_5": 0.9612645969809168, "2024_39_15": 0.22073483338080316, "2024_44_1": 0.21361435488464822, "2024_44_3": 0.7832526345770436, "2024_44_3_1": 19.972942181714608, "2024_44_4": 0.6266021076616348, "2024_44_25_2": 13.400740529763597, "2024_44_25_3": 0.4414696667616063, "2024_44_25_4": 0.6693249786385643, "2024_45_25_5": 3.5531187695813156, "2024_45_25_6": 0.8188550270578182, "2024_45_25_10": 0.29906009683850754, "2024_45_25_15": 0.07832526345770435, "2024_45_32": 4.841925377385358, "2024_45_32_1": 4.443178581600684}