{"2023_20_4_1": 0.06823977301296556, "2023_20_7": 0.06464820601228316, "2023_20_8": 0.09697230901842474, "2023_20_9": 2.3991667564558417, "2023_26_1": 0.13647954602593113, "2023_26_3": 0.010774701002047195, "2023_26_6": 0.046690371008871176, "2023_26_7": 1.5910641813023028, "2023_26_8": 2.8301547965377294, "2023_26_9": 3.6598067736953634, "2023_26_10": 0.20112775203821434, "2023_26_11": 0.1867614840354847, "2023_26_12": 0.8368351111589989, "2023_27_6": 2.5500125704845025, "2023_27_7": 21.053765758000218, "2023_27_11": 0.010774701002047195, "2023_31_600": 0.025140969004776793, "2023_32_1": 0.26936752505117983, "2023_32_4": 1.9574040153719072, "2023_32_6": 6.533060374241281, "2023_32_7": 7.2082749703695725, "2023_32_9": 11.266745681140682, "2023_38_1": 0.03591567000682398, "2023_38_4": 0.9804977911862948, "2023_38_6": 34.475451639550336, "2023_38_8": 1.5048665732859248}