{"2024_20_10": 0.05667863215567732, "2024_20_15": 0.28969078657346187, "2024_21_5": 0.39675042508974123, "2024_26_3_1": 1.3854776749165567, "2024_26_4": 0.018892877385225777, "2024_26_6": 0.7053340890484289, "2024_26_7": 9.641665092260219, "2024_26_8": 7.1541029032054935, "2024_26_10": 2.0593236349896094, "2024_26_11": 0.2833931607783866, "2024_26_20": 1.6751684614900189, "2024_27_5": 0.3463694187291392, "2024_27_10": 1.391775300711632, "2024_27_25": 6.379494930411236, "2024_32": 0.03148812897537629, "2024_32_3": 9.37716480886706, "2024_32_4_1": 0.49121481201587014, "2024_32_4_2": 0.037785754770451555, "2024_32_5_3": 0.025190503180301027, "2024_32_5_4": 0.06927388374582784, "2024_32_6": 6.725864349140376, "2024_32_7": 28.912400025190504, "2024_32_10": 21.386737200075576, "2024_32_20": 0.2393097802128598, "2024_32_20_1": 0.9005604886957619, "2024_38": 0.018892877385225777}