{"2022_44_25_5": 0.021496130696474634, "2022_44_30": 0.016122098022355976, "2022_44_30_2": 0.010748065348237317, "2022_44_30_5": 0.010748065348237317, "2022_44_30_10": 0.09135855546001717, "2022_45_12": 0.04836629406706792, "2022_45_13": 0.09673258813413584, "2022_45_15": 1.3435081685296646, "2023_2_10": 0.03761822871883061, "2023_2_12": 0.24183147033533964, "2023_2_301": 0.010748065348237317, "2023_6_8": 0.053740326741186575, "2023_6_11": 0.204213241616509, "2023_7_5": 0.03224419604471195, "2023_7_10": 11.919604471195184, "2023_7_15": 12.94067067927773, "2023_7_20": 5.116079105760962, "2023_12_1": 0.03224419604471195, "2023_12_1_1": 0.06986242476354255, "2023_12_5": 5.825451418744626, "2023_12_5_4": 0.47828890799656054, "2023_12_8": 0.005374032674118658, "2023_12_9": 10.232158211521924, "2023_12_9_1": 4.2508598452278585, "2023_12_10": 1.4294926913155628, "2023_12_11": 3.2297936371453138, "2023_20_4_1": 42.25064488392089}