{"2024_8_7": 0.06677350427350429, "2024_8_9": 0.20032051282051286, "2024_14_3": 0.02003205128205128, "2024_14_6": 0.16693376068376073, "2024_14_7": 0.06009615384615385, "2024_14_8": 0.2537393162393162, "2024_14_9": 12.286324786324787, "2024_14_11": 0.006677350427350428, "2024_15_15": 4.794337606837607, "2024_20_1": 1.9431089743589747, "2024_20_3": 1.24866452991453, "2024_20_6": 0.16693376068376073, "2024_20_6_1": 0.013354700854700856, "2024_20_6_2": 1.7962072649572651, "2024_20_7": 9.455128205128206, "2024_20_8": 0.06677350427350429, "2024_20_9": 26.776175213675213, "2024_20_9_1": 0.02003205128205128, "2024_20_10": 0.3071581196581197, "2024_20_15": 0.500801282051282, "2024_21_5": 1.5491452991452994, "2024_26_1": 0.04006410256410256, "2024_26_3_1": 4.727564102564103, "2024_26_4": 0.02003205128205128, "2024_26_6": 4.126602564102565, "2024_26_7": 24.886485042735046, "2024_26_10": 4.500534188034188}