{"2023_38_6": 6.480515786479568, "2023_38_8": 0.15644259031004076, "2023_38_9": 3.3895894567175504, "2023_38_9_1": 0.18962738219398884, "2023_44_1": 14.819379918460227, "2023_44_9_1": 0.00474068455484972, "2023_44_9_2": 0.00948136910969944, "2023_44_25": 0.00474068455484972, "2023_44_30_1": 0.19436806674883852, "2023_44_30_2": 0.4788091400398218, "2023_44_30_3": 0.00948136910969944, "2023_44_30_4": 0.3318479188394804, "2023_44_30_5_1": 5.59874845927752, "2023_44_30_6": 1.123542239499384, "2023_44_30_7": 0.9386555418602447, "2023_44_30_8": 35.194842135204325, "2023_44_30_9": 11.453493884516924, "2023_44_30_10": 0.00474068455484972, "2023_44_30_12": 0.023703422774248604, "2023_44_30_13": 0.3413292879491798, "2023_44_30_15": 0.00474068455484972, "2024_2_2": 0.17540532852943966, "2024_2_2_1": 16.654024841187066, "2024_2_3": 2.4177491229733574}