{"2024_21_5": 0.34193161367726455, "2024_26_3_1": 1.2177564487102581, "2024_26_4": 0.017996400719856028, "2024_26_6": 0.623875224955009, "2024_26_7": 8.182363527294541, "2024_26_8": 6.052789442111578, "2024_26_10": 1.6496700659868029, "2024_26_11": 0.2579484103179364, "2024_26_20": 1.4637072585482904, "2024_27_5": 0.2699460107978404, "2024_27_10": 0.8818236352729454, "2024_27_25": 4.247150569886023, "2024_32": 0.02999400119976005, "2024_32_3": 6.77864427114577, "2024_32_4_1": 0.3539292141571686, "2024_32_4_2": 0.02999400119976005, "2024_32_5_3": 0.02399520095980804, "2024_32_5_4": 0.02999400119976005, "2024_32_6": 4.0011997600479905, "2024_32_7": 21.685662867426515, "2024_32_9": 0.5098980203959208, "2024_32_10": 36.70665866826635, "2024_32_20": 0.15596880623875226, "2024_32_20_1": 1.0257948410317936, "2024_33_15": 0.08998200359928014, "2024_33_25": 0.035992801439712056, "2024_38": 0.00599880023995201, "2024_38_2": 3.329334133173366}