{"2024_20_6_2": 0.12342471092633495, "2024_20_7": 2.0787319734961676, "2024_20_9": 6.677926464856439, "2024_20_10": 0.06496037417175524, "2024_20_15": 0.32480187085877615, "2024_21_5": 0.47421073145381315, "2024_26_1": 0.006496037417175523, "2024_26_3_1": 1.6954657658828114, "2024_26_4": 0.01948811225152657, "2024_26_6": 0.8639729764843446, "2024_26_7": 15.564505651552551, "2024_26_8": 9.783032350266337, "2024_26_10": 3.397427569182798, "2024_26_11": 0.5326750682083929, "2024_26_20": 2.760815902299597, "2024_27_5": 0.7600363778095361, "2024_27_10": 4.949980511887748, "2024_27_25": 12.556840327400288, "2024_32": 0.051968299337404184, "2024_32_3": 33.337664024944786, "2024_32_4_1": 2.8712485383915807, "2024_32_4_2": 0.3053137586072496, "2024_32_5_3": 0.5131869559568663, "2024_32_5_4": 0.2793296089385475, "2024_32_6": 0.006496037417175523}