{"2022_44_25_5": 0.021767522855899002, "2022_44_30": 0.027209403569873756, "2022_44_30_2": 0.010883761427949501, "2022_44_30_5": 0.010883761427949501, "2022_44_30_10": 0.09251197213757077, "2022_45_12": 0.05441880713974751, "2022_45_13": 0.10339573356552025, "2022_45_15": 1.442098389203309, "2023_2_10": 0.07074444928167176, "2023_2_12": 0.2557683935568133, "2023_2_301": 0.010883761427949501, "2023_6_8": 0.05986068785372225, "2023_6_11": 0.22311710927296474, "2023_7_5": 0.03809316499782326, "2023_7_10": 14.284936874183721, "2023_7_15": 15.710709621245107, "2023_7_20": 0.01632564214192425, "2023_12_1": 0.043535045711798004, "2023_12_1_1": 0.10339573356552025, "2023_12_5": 8.47845015237266, "2023_12_5_4": 0.49521114497170227, "2023_12_8": 0.0054418807139747505, "2023_12_9": 13.572050500653027, "2023_12_9_1": 9.528733130169789, "2023_12_10": 1.5454941227688292, "2023_12_11": 3.0420113191118854, "2023_20_4_1": 30.752067914671315}