{"2024_20_9": 5.802257114818451, "2024_20_10": 0.05520117762512269, "2024_20_15": 0.30053974484789014, "2024_21_5": 0.3925417075564279, "2024_26_1": 0.006133464180569186, "2024_26_3_1": 1.4106967615309132, "2024_26_4": 0.01840039254170756, "2024_26_6": 0.7237487733071641, "2024_26_7": 10.224484789008834, "2024_26_8": 7.507360157016684, "2024_26_10": 2.208047105004907, "2024_26_11": 0.30053974484789014, "2024_26_20": 1.766437684003926, "2024_27_5": 0.3802747791952896, "2024_27_10": 1.50883218842002, "2024_27_25": 17.026496565260064, "2024_32": 0.030667320902845935, "2024_32_3": 12.677870461236509, "2024_32_4_1": 0.6624141315014722, "2024_32_4_2": 0.06133464180569187, "2024_32_5_3": 0.030667320902845935, "2024_32_5_4": 0.07973503434739942, "2024_32_6": 23.00049067713445, "2024_32_7": 5.299313052011778, "2024_32_10": 7.580961727183515, "2024_32_20": 0.9261530912659471, "2024_32_20_1": 0.01840039254170756}