{"2024_27_5": 0.23834063385725326, "2024_27_10": 0.7214635403246584, "2024_27_25": 3.3110023189899502, "2024_32": 0.03220819376449368, "2024_32_3": 5.791033238855963, "2024_32_4_1": 0.25766555011594944, "2024_32_4_2": 0.025766555011594944, "2024_32_5_3": 0.019324916258696208, "2024_32_5_4": 0.025766555011594944, "2024_32_6": 2.8343210512754435, "2024_32_7": 9.340376191703168, "2024_32_9": 0.04509147127029115, "2024_32_9_1": 0.03220819376449368, "2024_32_10": 22.429786137593396, "2024_32_20": 0.10306622004637978, "2024_32_20_1": 0.2963153826333419, "2024_33_5": 21.86936356609121, "2024_33_15": 1.243236279309456, "2024_33_25": 0.3027570213862406, "2024_33_30": 0.012883277505797472, "2024_33_35": 8.631795928884307, "2024_38": 0.006441638752898736, "2024_38_2": 2.183715537232672, "2024_38_4": 0.219015717598557, "2024_38_6": 2.860087606287039, "2024_38_7": 14.37773769646998, "2024_44_1": 0.8889461479000258, "2024_44_3": 1.9002834321051272}