{"2023_26_12": 0.7122312012053142, "2023_27_6": 0.059352600100442854, "2023_27_7": 8.218052321599782, "2023_27_12": 3.0909007898461396, "2023_32_4": 0.08218052321599781, "2023_32_6": 0.10044286170844176, "2023_32_7": 0.15522987718577366, "2023_32_9": 1.1642240788933023, "2023_38_1": 0.004565584623110989, "2023_38_4": 0.013696753869332967, "2023_38_6": 6.989910057982924, "2023_38_8": 0.1689266310551066, "2023_38_9": 3.807697575674565, "2023_38_9_1": 0.2465415696479934, "2023_44_1": 18.125370953750625, "2023_44_25": 0.004565584623110989, "2023_44_30_1": 0.2921974158791033, "2023_44_30_2": 0.7670182166826461, "2023_44_30_3": 0.013696753869332967, "2023_44_30_4": 0.5341734009039857, "2023_44_30_5_1": 15.376889010637813, "2023_44_30_6": 2.931105328037255, "2023_44_30_7": 4.917134639090535, "2023_44_30_8": 32.21019951604803, "2023_44_30_10": 0.013696753869332967}