{"2023_20_7": 0.015135462388375962, "2023_20_9": 0.030270924776751924, "2023_26_7": 0.010090308258917309, "2023_26_8": 0.07063215781242117, "2023_26_9": 0.07063215781242117, "2023_26_10": 0.005045154129458654, "2023_26_11": 0.005045154129458654, "2023_26_12": 0.7517279652893395, "2023_27_6": 0.08576762020079713, "2023_27_7": 18.67716058725594, "2023_27_12": 8.6272135613743, "2023_32_4": 0.14630946975430098, "2023_32_6": 0.12612885323646636, "2023_32_7": 0.20180616517834615, "2023_32_9": 1.7456233287926943, "2023_38_1": 0.005045154129458654, "2023_38_4": 0.010090308258917309, "2023_38_6": 10.680591292063971, "2023_38_8": 0.2875737853791433, "2023_38_9": 7.946117753897382, "2023_38_9_1": 0.4036123303566923, "2023_44_1": 47.767519297714536, "2023_44_25": 0.005045154129458654, "2023_44_30_1": 2.2097775087028904, "2023_44_30_2": 0.11603854497754904}