{"2022_44_25_2": 0.015858751387640747, "2022_44_25_3": 0.05814875508801607, "2022_44_25_5": 0.02643125231273458, "2022_44_30": 0.047576254162922244, "2022_44_30_5": 0.010572500925093832, "2022_44_30_10": 0.11101125971348523, "2022_45_11": 0.005286250462546916, "2022_45_12": 0.05814875508801607, "2022_45_13": 0.13744251202621982, "2022_45_15": 5.196384204683619, "2023_2_10": 0.10043875878839138, "2023_2_11": 0.005286250462546916, "2023_2_12": 0.5074800444045039, "2023_2_301": 0.010572500925093832, "2023_6_8": 0.13744251202621982, "2023_6_11": 0.7559338161442091, "2023_7_5": 0.1691600148015013, "2023_7_10": 26.092932283131574, "2023_12_1": 0.08986625786329756, "2023_12_1_1": 0.28545752497753346, "2023_12_5": 22.963472009303803, "2023_12_5_3": 0.10043875878839138, "2023_12_5_4": 0.6819263096685522, "2023_12_8": 0.07400750647565682, "2023_12_9": 35.28043558703812, "2023_12_9_1": 5.048369191732305, "2023_12_10": 1.9611989216049057, "2023_12_11": 0.06872125601310991}