{"2023_38_9": 2.9955621301775146, "2023_38_9_1": 0.07858727810650888, "2023_44_1": 12.46301775147929, "2023_44_9_2": 0.009245562130177515, "2023_44_25": 0.004622781065088758, "2023_44_30_1": 0.13868343195266272, "2023_44_30_2": 0.4021819526627219, "2023_44_30_3": 0.009245562130177515, "2023_44_30_4": 0.25887573964497046, "2023_44_30_5_1": 4.35003698224852, "2023_44_30_6": 0.8274778106508877, "2023_44_30_7": 0.7488905325443787, "2023_44_30_8": 19.79937130177515, "2023_44_30_9": 4.608912721893491, "2023_44_30_10": 0.004622781065088758, "2023_44_30_12": 0.01386834319526627, "2023_44_30_13": 0.3790680473372781, "2023_44_30_14": 12.745007396449706, "2023_44_30_16": 0.07396449704142012, "2023_44_30_20": 0.3698224852071006, "2024_2_2": 0.07858727810650888, "2024_2_2_1": 5.269970414201183, "2024_2_3": 1.3637204142011834, "2024_2_6": 2.431582840236686, "2024_2_7": 28.48095414201184, "2024_2_8": 2.094119822485207}