{"2023_44_30_13": 0.013984058173682, "2023_44_30_14": 0.49643406516571104, "2023_44_30_25": 0.07691231995525101, "2023_44_30_30": 0.174800727171025, "2024_2_6": 0.034960145434205, "2024_2_7": 0.48245000699202906, "2024_2_8": 0.006992029086841, "2024_2_12": 0.006992029086841, "2024_3_6": 0.18878478534470702, "2024_3_10": 0.7061949377709411, "2024_3_15": 4.069360928541463, "2024_3_20": 0.34960145434205, "2024_3_25": 34.771360648860295, "2024_8_3": 0.006992029086841, "2024_8_4": 0.06992029086841, "2024_8_7": 0.30065725073416305, "2024_8_8": 0.013984058173682, "2024_8_9": 8.94979723115648, "2024_8_12": 0.055936232694728, "2024_9_5": 0.006992029086841, "2024_14_3": 0.503426094252552, "2024_14_5": 0.048944203607887, "2024_14_6": 6.8871486505383865, "2024_14_7": 3.579918892462592, "2024_14_8": 10.12445811774577, "2024_14_9": 23.53516990630681, "2024_14_11": 0.398545657949937, "2024_15_5": 0.034960145434205, "2024_20_1": 4.104321073975668}