{"2023_27_7": 0.01589572405023049, "2023_32_7": 0.01589572405023049, "2023_32_9": 0.03179144810046098, "2023_38_9": 0.039739310125576216, "2023_44_1": 0.047687172150691466, "2023_44_30_5_1": 0.01589572405023049, "2023_44_30_6": 0.01589572405023049, "2023_44_30_8": 1.1762835797170563, "2023_44_30_9": 0.047687172150691466, "2023_44_30_13": 0.03179144810046098, "2023_44_30_14": 4.657447146717533, "2023_44_30_16": 0.023843586075345733, "2023_44_30_20": 0.023843586075345733, "2023_44_30_25": 7.288189477030679, "2023_44_30_30": 0.5960896518836434, "2024_2_2_1": 0.007947862025115245, "2024_2_3": 0.023843586075345733, "2024_2_6": 0.047687172150691466, "2024_2_7": 26.029248132252427, "2024_2_7_1": 0.007947862025115245, "2024_2_8": 1.93927833412812, "2024_2_12": 0.047687172150691466, "2024_2_13": 0.19074868860276586, "2024_3_6": 5.166110316324909, "2024_3_10": 24.193292004450807, "2024_8_3": 0.18280082657765065, "2024_8_4": 5.515816245429979, "2024_8_7": 22.619615323477984}