{"2023_38_6": 0.013509862199405566, "2023_38_9": 0.02026479329910835, "2023_44_1": 0.027019724398811132, "2023_44_30_5_1": 0.013509862199405566, "2023_44_30_8": 0.6890029721696839, "2023_44_30_9": 0.04728451769791948, "2023_44_30_13": 0.02026479329910835, "2023_44_30_14": 3.0802485814644687, "2023_44_30_16": 0.02026479329910835, "2023_44_30_20": 0.02026479329910835, "2023_44_30_25": 2.418265333693596, "2023_44_30_30": 0.4593353147797892, "2024_2_2_1": 0.02026479329910835, "2024_2_3": 0.027019724398811132, "2024_2_6": 0.0810591731964334, "2024_2_7": 13.489597406106457, "2024_2_7_1": 0.006754931099702783, "2024_2_8": 0.9456903539583896, "2024_2_12": 0.03377465549851391, "2024_2_13": 0.07430424209673062, "2024_3_6": 1.6617130505268844, "2024_3_10": 13.523372061604972, "2024_3_15": 27.465549851391515, "2024_3_20": 0.18238313969197514, "2024_8_3": 0.10132396649554173, "2024_8_4": 2.3912456092947854, "2024_8_7": 7.923534179951364, "2024_8_8": 0.12834369089435288, "2024_8_9": 24.85139151580654, "2024_8_12": 0.2634423128884085}