{"2024_3_6": 0.12105804733369649, "2024_3_10": 0.47212638460141637, "2024_3_15": 2.6330125295078988, "2024_3_20": 0.16342836390049026, "2024_3_25": 8.982507112160281, "2024_8_4": 0.04237031656679378, "2024_8_7": 0.2239573875673385, "2024_8_8": 0.01210580473336965, "2024_8_9": 5.114702499848677, "2024_8_12": 0.04237031656679378, "2024_9_5": 0.006052902366684825, "2024_14_3": 0.2542218994007626, "2024_14_5": 0.030264511833424122, "2024_14_6": 2.0579868046728405, "2024_14_7": 0.8231947218691362, "2024_14_8": 2.5482718963743114, "2024_14_9": 27.26832516191513, "2024_14_11": 0.07868773076690272, "2024_15_10": 0.006052902366684825, "2024_15_15": 2.663277041341323, "2024_20_1": 8.740391017492886, "2024_20_3": 4.606258701047151, "2024_20_6": 0.9139882573694086, "2024_20_6_1": 0.030264511833424122, "2024_20_6_2": 6.083166878518249, "2024_20_7": 25.313237697475937, "2024_20_8": 0.26027480176744744, "2024_20_9": 0.5084437988015252}