{"2022_44_30": 0.0346860908775581, "2022_44_30_2": 0.011562030292519367, "2022_44_30_5": 0.011562030292519367, "2022_44_30_10": 0.09249624234015494, "2022_45_12": 0.06359116660885651, "2022_45_13": 0.12140131807145338, "2022_45_15": 1.9308590588507344, "2023_2_10": 0.0693721817551162, "2023_2_12": 0.346860908775581, "2023_2_301": 0.011562030292519367, "2023_6_8": 0.0693721817551162, "2023_6_9": 0.005781015146259684, "2023_6_11": 0.7919990750375767, "2023_7_5": 0.04624812117007747, "2023_7_10": 29.639264654873397, "2023_7_15": 0.34107989362932134, "2023_12_1": 0.04624812117007747, "2023_12_1_1": 0.15608740894901146, "2023_12_5": 15.256098970979304, "2023_12_5_3": 0.005781015146259684, "2023_12_5_4": 0.7052838478436814, "2023_12_8": 0.005781015146259684, "2023_12_9": 28.037923459359465, "2023_12_9_1": 17.59741010521448, "2023_12_10": 2.2950630130650946, "2023_12_11": 0.8902763325239913, "2023_20_4_1": 1.4163487108336223}