{"2023_2_12": 0.08494973807164095, "2023_6_11": 0.018877719571475767, "2023_7_10": 0.2501297843220539, "2023_7_15": 0.19349662560762662, "2023_7_20": 5.446222096370758, "2023_7_26": 0.0896691679645099, "2023_7_30": 22.190759356269762, "2023_12_1": 0.004719429892868942, "2023_12_1_1": 0.033036009250082585, "2023_12_5": 0.07551087828590307, "2023_12_5_4": 0.009438859785737884, "2023_12_9": 0.06607201850016517, "2023_12_9_1": 0.023597149464344706, "2023_12_10": 0.07551087828590307, "2023_12_11": 0.09438859785737883, "2023_20_4_1": 0.1368634668931993, "2023_20_7": 0.20765491528623342, "2023_20_8": 0.2501297843220539, "2023_20_9": 6.1494171504082304, "2023_26_1": 0.3681155316437774, "2023_26_3": 0.018877719571475767, "2023_26_6": 0.1463023266789372, "2023_26_7": 8.259002312520646, "2023_26_8": 21.935910142054844, "2023_26_9": 25.702015196564254, "2023_26_10": 1.4158289678606824, "2023_26_11": 1.5196564255037992, "2023_32_1": 5.233847751191656}