{"2024_26_4": 0.017571604287471447, "2024_26_6": 0.5622913371990863, "2024_26_7": 7.333216189304751, "2024_26_8": 5.652199379136649, "2024_26_10": 1.4760147601476017, "2024_26_11": 0.22257365430797166, "2024_26_20": 1.329584724418673, "2024_27_5": 0.2635740643120717, "2024_27_10": 0.7614361857904294, "2024_27_25": 3.572892871785861, "2024_32": 0.02928600714578574, "2024_32_3": 6.021203069173549, "2024_32_4_1": 0.30457447431617174, "2024_32_4_2": 0.023428805716628594, "2024_32_5_3": 0.017571604287471447, "2024_32_5_4": 0.02928600714578574, "2024_32_6": 3.1687459731740177, "2024_32_7": 15.076436478650502, "2024_32_9": 0.07028641714988579, "2024_32_9_1": 0.011714402858314297, "2024_32_10": 39.325250395361095, "2024_32_20": 0.10542962572482868, "2024_32_20_1": 0.3572892871785861, "2024_33_5": 1.2300123001230012, "2024_33_15": 0.8961518186610438, "2024_33_25": 1.0074386458150295, "2024_38": 0.0058572014291571484, "2024_38_2": 7.637790663620922, "2024_38_4": 1.066010660106601, "2024_38_6": 2.4248813916710596}