{"2023_38_6": 6.399173087765458, "2023_38_8": 0.15504604397669614, "2023_38_9": 3.293553843262545, "2023_38_9_1": 0.18793459875963167, "2023_44_1": 14.29242623566999, "2023_44_9_1": 0.004698364968990792, "2023_44_9_2": 0.009396729937981584, "2023_44_25": 0.004698364968990792, "2023_44_30_1": 0.16914113888366852, "2023_44_30_2": 0.45574140199210683, "2023_44_30_3": 0.009396729937981584, "2023_44_30_4": 0.2959969930464199, "2023_44_30_5_1": 5.379627889494457, "2023_44_30_6": 1.0759255778988914, "2023_44_30_7": 0.8926893441082504, "2023_44_30_8": 34.2886675436948, "2023_44_30_9": 11.200902086074048, "2023_44_30_10": 0.004698364968990792, "2023_44_30_12": 0.02349182484495396, "2023_44_30_13": 0.36177410261229104, "2023_44_30_14": 0.25841007329449356, "2023_44_30_15": 0.004698364968990792, "2024_2_2": 0.1268558541627514, "2024_2_2_1": 14.88442022176283, "2024_2_3": 5.948130050742343, "2024_2_6": 0.272505168201466}