{"2024_32_9_1": 0.014231836618515624, "2024_32_10": 16.181598235252263, "2024_32_20": 0.09250693802035154, "2024_32_20_1": 0.22770938589624998, "2024_33_5": 15.99658435921156, "2024_33_15": 0.44830285348324206, "2024_33_25": 0.18501387604070307, "2024_33_30": 0.014231836618515624, "2024_33_35": 6.247776275528358, "2024_33_40": 0.8040987689461326, "2024_38": 0.007115918309257812, "2024_38_2": 1.5797338646552341, "2024_38_4": 0.17789795773144526, "2024_38_6": 1.7576318223866794, "2024_38_7": 4.867288123532344, "2024_39_5": 0.9677648900590623, "2024_39_15": 0.21347754927773435, "2024_44_1": 0.21347754927773435, "2024_44_3": 0.7827510140183591, "2024_44_3_1": 19.93168718423113, "2024_44_4": 0.6262008112146875, "2024_44_25_2": 13.342346829858394, "2024_44_25_3": 0.4340710168647265, "2024_44_25_4": 0.6688963210702342, "2024_45_25_5": 3.565075072938164, "2024_45_25_6": 0.8325624421831638, "2024_45_25_10": 0.298868568988828, "2024_45_25_15": 0.149434284494414, "2024_45_32": 4.504376289760194, "2024_45_32_1": 4.867288123532344}