{"2023_12_9": 0.01593794825479467, "2023_12_9_1": 0.010625298836529778, "2023_20_4_1": 0.021250597673059556, "2023_20_7": 0.010625298836529778, "2023_20_9": 0.03187589650958934, "2023_26_3": 0.005312649418264889, "2023_26_7": 0.010625298836529778, "2023_26_8": 0.06906444243744357, "2023_26_9": 0.06906444243744357, "2023_26_10": 0.005312649418264889, "2023_26_11": 0.005312649418264889, "2023_26_12": 0.7543962173936143, "2023_27_6": 0.1115656377835627, "2023_27_7": 19.709929341762738, "2023_27_12": 8.261169845401902, "2023_32_4": 0.14344153429315204, "2023_32_6": 0.1115656377835627, "2023_32_7": 0.2231312755671254, "2023_32_9": 2.1303724167242204, "2023_38_1": 0.005312649418264889, "2023_38_4": 0.010625298836529778, "2023_38_6": 12.500664081177284, "2023_38_8": 0.3240716145141583, "2023_38_9": 9.307761780800087, "2023_38_9_1": 0.04250119534611911, "2023_44_1": 46.097859002284444, "2023_44_25": 0.010625298836529778}