{"2024_8_7": 0.05421733405623113, "2024_8_9": 0.16265200216869335, "2024_14_3": 0.023236000309813334, "2024_14_6": 0.09294400123925334, "2024_14_7": 0.015490666873208889, "2024_14_8": 0.11618000154906669, "2024_14_9": 4.352877391371698, "2024_14_11": 0.0077453334366044445, "2024_15_15": 4.376113391681511, "2024_20_1": 0.8674773448996981, "2024_20_3": 0.2865773371543645, "2024_20_6": 0.0077453334366044445, "2024_20_6_2": 0.2013786693517156, "2024_20_7": 3.562853380838045, "2024_20_8": 0.023236000309813334, "2024_20_9": 13.56982418093099, "2024_20_9_1": 0.023236000309813334, "2024_20_10": 0.14716133529548445, "2024_20_15": 0.49570133994268445, "2024_21_5": 0.9062040120827201, "2024_26_1": 0.023236000309813334, "2024_26_3_1": 4.105026721400356, "2024_26_4": 0.023236000309813334, "2024_26_6": 2.037022693826969, "2024_26_7": 51.77755402370072, "2024_26_8": 2.416544032220587, "2024_26_10": 7.148942761985904, "2024_26_11": 0.31755867090078227, "2024_26_20": 2.85802803810704}