{"2022_44_25_2": 0.015204500532157522, "2022_44_25_3": 0.19765850691804776, "2022_44_25_5": 0.0709543358167351, "2022_44_30": 0.19259034007399525, "2022_44_30_2": 0.025340834220262533, "2022_44_30_5": 0.18752217322994272, "2022_44_30_10": 1.3836095484263342, "2022_45_10": 0.005068166844052507, "2022_45_11": 0.04054533475242006, "2022_45_12": 0.9832243677461864, "2022_45_13": 1.5001773858395417, "2022_45_14": 0.030409001064315044, "2022_45_15": 28.148598651867623, "2023_2_0_5": 0.02027266737621003, "2023_2_10": 0.43079418174446305, "2023_2_11": 0.02027266737621003, "2023_2_12": 11.570624904971874, "2023_2_13": 0.02027266737621003, "2023_2_201": 0.005068166844052507, "2023_2_301": 0.055749835284577574, "2023_6_1": 0.08615883634889261, "2023_6_8": 13.172165627692465, "2023_6_9": 1.1758147078201815, "2023_6_11": 10.73437737570321, "2023_6_11_2": 0.05068166844052507, "2023_6_15": 0.005068166844052507, "2023_12_1": 10.683695707262682, "2023_12_1_1": 19.18807967158279}