{"2023_44_30_13": 0.014072614691809735, "2023_44_30_14": 0.49254151421334075, "2023_44_30_25": 0.07739938080495354, "2023_44_30_30": 0.1759076836476217, "2024_2_6": 0.03518153672952434, "2024_2_7": 0.45735997748381646, "2024_2_8": 0.007036307345904868, "2024_2_12": 0.007036307345904868, "2024_3_6": 0.18998029833943142, "2024_3_10": 0.7106670419363916, "2024_3_15": 4.137348719392062, "2024_3_20": 0.36588798198705313, "2024_3_25": 34.84379397692091, "2024_8_3": 0.007036307345904868, "2024_8_4": 0.07036307345904869, "2024_8_7": 0.28145229383619474, "2024_8_8": 0.014072614691809735, "2024_8_9": 9.22459893048128, "2024_8_12": 0.05629045876723894, "2024_9_5": 0.007036307345904868, "2024_14_3": 0.5136504362510553, "2024_14_5": 0.049254151421334075, "2024_14_6": 6.987053194483534, "2024_14_7": 3.630734590486912, "2024_14_8": 10.835913312693496, "2024_14_9": 22.91021671826625, "2024_14_11": 0.42217844075429206, "2024_15_5": 0.03518153672952434, "2024_20_1": 3.4407542921474796}