{"2023_26_12": 0.7210412960014981, "2023_27_6": 0.06554920872740894, "2023_27_7": 9.0176982863564, "2023_27_12": 3.474108062552673, "2023_32_4": 0.09364172675344132, "2023_32_6": 0.11705215844180164, "2023_32_7": 0.17791928083153852, "2023_32_9": 1.207978275119393, "2023_38_1": 0.004682086337672067, "2023_38_4": 0.014046259013016196, "2023_38_6": 7.481973967599961, "2023_38_8": 0.17791928083153852, "2023_38_9": 4.190467272216499, "2023_38_9_1": 0.5150294971439272, "2023_44_1": 20.60117988575709, "2023_44_25": 0.004682086337672067, "2023_44_30_1": 0.42606985672815795, "2023_44_30_2": 1.123700721041296, "2023_44_30_3": 0.018728345350688267, "2023_44_30_4": 0.9457814402097574, "2023_44_30_5_1": 34.085588538252644, "2023_44_30_6": 6.016480943908605, "2023_44_30_7": 9.504635265474292, "2023_44_30_10": 0.014046259013016196}