{"2023_44_30_5_1": 0.019105846388995033, "2023_44_30_8": 0.5668067762068526, "2023_44_30_9": 0.03821169277799007, "2023_44_30_13": 0.019105846388995033, "2023_44_30_14": 2.38186218316138, "2023_44_30_20": 0.019105846388995033, "2023_44_30_25": 1.6239969430645775, "2023_44_30_30": 0.3693796968539039, "2024_2_2_1": 0.006368615462998345, "2024_2_3": 0.01273723092599669, "2024_2_6": 0.04458030824098841, "2024_2_7": 8.763214877085721, "2024_2_8": 0.6814418545408228, "2024_2_12": 0.019105846388995033, "2024_2_13": 0.04458030824098841, "2024_3_6": 1.1654566297286968, "2024_3_10": 7.686918863839002, "2024_3_15": 6.820787160871227, "2024_3_20": 0.7514966246338045, "2024_3_25": 29.505795440071324, "2024_8_3": 0.06368615462998345, "2024_8_4": 1.5666794038975929, "2024_8_7": 4.655457903451789, "2024_8_8": 0.07005477009298178, "2024_8_9": 29.919755445166217, "2024_8_12": 0.06368615462998345, "2024_14_3": 1.5157304801936058, "2024_14_5": 0.19105846388995032, "2024_14_6": 1.4138326327856325}