{"2024_8_7": 0.0655780706931602, "2024_8_9": 0.20329201914879663, "2024_14_3": 0.019673421207948058, "2024_14_6": 0.16394517673290054, "2024_14_7": 0.052462456554528164, "2024_14_8": 0.22952324742606067, "2024_14_9": 11.692570004590465, "2024_14_11": 0.0065578070693160205, "2024_15_15": 4.8134303888779595, "2024_20_1": 1.8493015935471178, "2024_20_3": 1.1869630795461998, "2024_20_6": 0.16394517673290054, "2024_20_6_1": 0.013115614138632041, "2024_20_6_2": 1.632893960259689, "2024_20_7": 8.407108662863138, "2024_20_8": 0.0655780706931602, "2024_20_9": 25.09672765427241, "2024_20_9_1": 0.026231228277264082, "2024_20_10": 0.308216932257853, "2024_20_15": 0.4656043019214374, "2024_21_5": 0.944324217981507, "2024_26_1": 0.0327890353465801, "2024_26_3_1": 4.052724768837301, "2024_26_4": 0.019673421207948058, "2024_26_6": 2.4395042297855594, "2024_26_7": 30.690537084398972, "2024_26_10": 5.285592497868712, "2024_26_20": 0.07213587776247622}