{"2024_20_10": 0.056390977443609026, "2024_20_15": 0.2819548872180451, "2024_21_5": 0.39473684210526316, "2024_26_3_1": 1.3659147869674186, "2024_26_4": 0.01879699248120301, "2024_26_6": 0.6954887218045113, "2024_26_7": 9.479949874686717, "2024_26_8": 7.067669172932331, "2024_26_10": 2.0175438596491233, "2024_26_11": 0.2819548872180451, "2024_26_20": 1.6478696741854642, "2024_27_5": 0.33834586466165417, "2024_27_10": 1.3909774436090225, "2024_27_25": 6.033834586466166, "2024_32": 0.03132832080200502, "2024_32_3": 9.028822055137844, "2024_32_4_1": 0.46365914786967427, "2024_32_4_2": 0.03759398496240602, "2024_32_5_3": 0.02506265664160401, "2024_32_5_4": 0.06892230576441104, "2024_32_6": 6.253132832080201, "2024_32_7": 29.962406015037597, "2024_32_10": 21.898496240601503, "2024_32_20": 0.21929824561403513, "2024_32_20_1": 0.9210526315789475, "2024_38": 0.01879699248120301}