{"2024_20_6_2": 0.14752100570842155, "2024_20_7": 2.0332242960682447, "2024_20_9": 6.516580078250274, "2024_20_10": 0.05772561092938235, "2024_20_15": 0.3206978384965686, "2024_21_5": 0.4618048874350588, "2024_26_1": 0.0064139567699313706, "2024_26_3_1": 1.674042716952088, "2024_26_4": 0.01924187030979412, "2024_26_6": 0.8338143800910783, "2024_26_7": 13.616830222564303, "2024_26_8": 9.492656019498432, "2024_26_10": 2.988903854788019, "2024_26_11": 0.4810467577448529, "2024_26_20": 2.341094221024951, "2024_27_5": 0.6093258931434803, "2024_27_10": 2.501443140273235, "2024_27_25": 18.023218523507158, "2024_32": 0.051311654159450965, "2024_32_3": 32.736835353729724, "2024_32_4_1": 3.1107690334167155, "2024_32_4_2": 0.3078699249567059, "2024_32_5_3": 0.08979539477903921, "2024_32_5_4": 0.7632608556218332, "2024_32_6": 0.8145725097812843}