{"2023_44_30_9": 0.020715370805137412, "2023_44_30_13": 0.013810247203424941, "2023_44_30_14": 0.4695484049164481, "2023_44_30_25": 0.08286148322054965, "2023_44_30_30": 0.1726280900428118, "2024_2_6": 0.03452561800856235, "2024_2_7": 0.46264328131473564, "2024_2_8": 0.006905123601712471, "2024_2_12": 0.006905123601712471, "2024_3_6": 0.18643833724623673, "2024_3_10": 0.6836072365695347, "2024_3_15": 3.880679464162409, "2024_3_20": 0.3452561800856236, "2024_3_25": 29.381300925286563, "2024_8_3": 0.006905123601712471, "2024_8_4": 0.0690512360171247, "2024_8_7": 0.2831100676702113, "2024_8_8": 0.020715370805137412, "2024_8_9": 8.458776412097778, "2024_8_12": 0.055240988813699765, "2024_9_5": 0.006905123601712471, "2024_14_3": 0.4281176633061733, "2024_14_5": 0.048335865211987294, "2024_14_6": 5.834829443447038, "2024_14_7": 3.107305620770612, "2024_14_8": 8.18947659163099, "2024_14_9": 23.82958154950974, "2024_14_11": 0.12429222483082449, "2024_15_5": 0.03452561800856235, "2024_20_1": 13.755006214611246}