{"2023_20_7": 0.015409903431271826, "2023_20_9": 0.030819806862543653, "2023_26_7": 0.01027326895418122, "2023_26_8": 0.07191288267926853, "2023_26_9": 0.07191288267926853, "2023_26_10": 0.00513663447709061, "2023_26_11": 0.00513663447709061, "2023_26_12": 0.7653585370865008, "2023_27_6": 0.1027326895418122, "2023_27_7": 19.09800698582288, "2023_27_12": 8.639819190466405, "2023_32_4": 0.13868913088144647, "2023_32_6": 0.11300595849599342, "2023_32_7": 0.2054653790836244, "2023_32_9": 1.8645983151838914, "2023_38_1": 0.00513663447709061, "2023_38_4": 0.01027326895418122, "2023_38_6": 11.300595849599341, "2023_38_8": 0.30306143414834597, "2023_38_9": 9.081569755496197, "2023_38_9_1": 0.2876515307170741, "2023_44_1": 47.85288678857612, "2023_44_25": 0.00513663447709061, "2023_44_25_1": 0.00513663447709061, "2023_44_30": 0.01027326895418122}