{"2023_26_9": 0.06440631181855824, "2023_26_12": 0.7130698808483232, "2023_27_6": 0.0598058609743755, "2023_27_7": 8.432626397386946, "2023_27_12": 3.206514238395363, "2023_32_4": 0.08280811519528913, "2023_32_6": 0.11041082026038553, "2023_32_7": 0.16561623039057827, "2023_32_9": 1.159313612734048, "2023_38_1": 0.00460045084418273, "2023_38_4": 0.01380135253254819, "2023_38_6": 7.149100611859964, "2023_38_8": 0.17021668123476102, "2023_38_9": 3.9149836683995036, "2023_38_9_1": 0.28062750149514654, "2023_44_1": 18.797442149330635, "2023_44_25": 0.00460045084418273, "2023_44_30_1": 0.3174311082486084, "2023_44_30_2": 0.9246906196807289, "2023_44_30_3": 0.01380135253254819, "2023_44_30_4": 0.7452730367576023, "2023_44_30_5_1": 30.261765653034, "2023_44_30_6": 5.1157013387311965, "2023_44_30_7": 11.358513134287161, "2023_44_30_8": 6.919078069650827, "2023_44_30_10": 0.01380135253254819}