{"2022_45_13": 0.034962997494318505, "2022_45_15": 0.1515063224753802, "2023_2_10": 0.017481498747159253, "2023_2_12": 0.22143231746401723, "2023_2_301": 0.01165433249810617, "2023_6_8": 0.029135831245265427, "2023_6_11": 0.04661732999242468, "2023_7_10": 1.0372355923314491, "2023_7_15": 0.8857292698560689, "2023_7_20": 27.638249519258785, "2023_7_26": 0.4370374686789814, "2023_12_1": 0.017481498747159253, "2023_12_1_1": 0.058271662490530854, "2023_12_5": 0.3204941436979197, "2023_12_5_4": 0.12237049123011477, "2023_12_9": 0.15733348872443328, "2023_12_9_1": 0.04661732999242468, "2023_12_10": 0.18064215372064563, "2023_12_11": 0.4545189674261406, "2023_20_4_1": 0.29718547870170736, "2023_20_7": 0.6759512848901578, "2023_20_8": 0.6934327836373171, "2023_20_9": 27.003088398111995, "2023_26_1": 0.9323465998484937, "2023_26_3": 0.05244449624147776, "2023_26_6": 0.8857292698560689, "2023_26_7": 37.35796282267933, "2023_26_8": 0.23308664996212342}