{"2024_26_6": 0.5571677307022634, "2024_26_7": 7.156123041207197, "2024_26_8": 5.536854323853743, "2024_26_10": 1.4335461404526986, "2024_26_11": 0.22054556006964599, "2024_26_20": 1.3116656993615787, "2024_27_5": 0.24956471271038883, "2024_27_10": 0.7312826465467208, "2024_27_25": 3.435867672663958, "2024_32": 0.02901915264074289, "2024_32_3": 5.803830528148578, "2024_32_4_1": 0.29599535693557744, "2024_32_4_2": 0.02321532211259431, "2024_32_5_3": 0.017411491584445733, "2024_32_5_4": 0.02901915264074289, "2024_32_6": 2.9715612304120715, "2024_32_7": 13.592571096923969, "2024_32_9": 0.05803830528148578, "2024_32_9_1": 0.011607661056297154, "2024_32_10": 35.623911781775966, "2024_32_20": 0.1044689495066744, "2024_32_20_1": 0.34242600116076605, "2024_33_5": 5.67614625652931, "2024_33_15": 0.9112013929193266, "2024_33_25": 1.0562971561230412, "2024_38": 0.005803830528148577, "2024_38_2": 5.438189204875218, "2024_38_4": 0.6384213580963436, "2024_38_6": 6.738247243180498}