{"2023_7_10": 0.19475920679886688, "2023_7_15": 0.13721671388101986, "2023_7_20": 4.107648725212465, "2023_7_26": 0.0708215297450425, "2023_7_30": 23.070113314447593, "2023_12_1_1": 0.030984419263456096, "2023_12_5": 0.07524787535410765, "2023_12_5_4": 0.008852691218130312, "2023_12_9": 0.0708215297450425, "2023_12_9_1": 0.01327903682719547, "2023_12_10": 0.07967422096317282, "2023_12_11": 0.08852691218130312, "2023_20_4_1": 0.1327903682719547, "2023_20_7": 0.15934844192634565, "2023_20_8": 0.22131728045325783, "2023_20_9": 4.997344192634561, "2023_26_1": 0.3054178470254958, "2023_26_3": 0.01327903682719547, "2023_26_6": 0.11508498583569407, "2023_26_7": 5.541784702549576, "2023_26_8": 14.115616147308781, "2023_26_9": 19.197060906515585, "2023_26_10": 0.9472379603399436, "2023_26_11": 0.8100212464589236, "2023_27_5": 0.008852691218130312, "2023_32_1": 2.5805594900849864, "2023_32_4": 22.237960339943346, "2023_32_6": 0.6683781869688387}