{"2023_7_15": 0.09653674429829855, "2023_7_20": 2.703028840352359, "2023_7_26": 0.04424600780338683, "2023_7_30": 23.184908088974698, "2023_12_1_1": 0.028156550420337073, "2023_12_5": 0.07642492256948634, "2023_12_9": 0.0522907364949117, "2023_12_9_1": 0.020111821728812197, "2023_12_10": 0.08044728691524879, "2023_12_11": 0.0724025582237239, "2023_20_4_1": 0.10860383733558587, "2023_20_7": 0.1045814729898234, "2023_20_8": 0.17296166686778489, "2023_20_9": 3.7247093841760184, "2023_26_1": 0.21318531032540933, "2023_26_3": 0.012067093037287318, "2023_26_6": 0.0724025582237239, "2023_26_7": 3.350629500020112, "2023_26_8": 7.312658380596115, "2023_26_9": 10.32138691122642, "2023_26_10": 0.860785969993162, "2023_26_11": 0.732070310928764, "2023_26_12": 0.20514058163388438, "2023_27_6": 1.2429105828405937, "2023_32_1": 0.9291661638711235, "2023_32_4": 8.479144040867222, "2023_32_6": 35.79502031293995, "2023_32_7": 0.004022364345762438}