{"2023_38_6": 7.072343441502557, "2023_38_8": 0.16706323090163522, "2023_38_9": 3.736141345618388, "2023_38_9_1": 0.20250088594137602, "2023_44_1": 16.422821849845594, "2023_44_9_1": 0.010125044297068798, "2023_44_9_2": 0.010125044297068798, "2023_44_25": 0.005062522148534399, "2023_44_30_1": 0.2227509745355136, "2023_44_30_2": 0.5670024806358529, "2023_44_30_3": 0.010125044297068798, "2023_44_30_4": 0.39993924973421763, "2023_44_30_5_1": 6.434465650787223, "2023_44_30_6": 1.2960056700248062, "2023_44_30_7": 1.1137548726775681, "2023_44_30_8": 48.919151521287915, "2023_44_30_9": 13.04611957677315, "2023_44_30_10": 0.005062522148534399, "2023_44_30_12": 0.0303751328912064, "2023_44_30_13": 0.329063939654736}