{"2024_20_7": 1.9084205960716276, "2024_20_9": 6.059855009604064, "2024_20_10": 0.06196170766466323, "2024_20_15": 0.3098085383233161, "2024_21_5": 0.4275357828861763, "2024_26_1": 0.0061961707664663235, "2024_26_3_1": 1.5242580085507156, "2024_26_4": 0.01858851229939897, "2024_26_6": 0.7807175165747569, "2024_26_7": 11.599231674824956, "2024_26_8": 8.209926265567878, "2024_26_10": 2.484664477352996, "2024_26_11": 0.3655740752215131, "2024_26_20": 1.9951669868021562, "2024_27_5": 0.48330131978437324, "2024_27_10": 1.7473201561435032, "2024_27_25": 21.252865728979494, "2024_32": 0.03717702459879794, "2024_32_3": 16.512795092632754, "2024_32_4_1": 1.0595452010657411, "2024_32_4_2": 0.09294256149699484, "2024_32_5_3": 0.06196170766466323, "2024_32_5_4": 0.14251192762872542, "2024_32_6": 21.407769998141145, "2024_32_10": 0.6939711258442282, "2024_32_20": 0.7559328335088914}