{"2022_44_25_2": 0.016088378827693466, "2022_44_25_3": 0.05899072236820937, "2022_44_25_5": 0.026813964712822436, "2022_44_30": 0.05362792942564487, "2022_44_30_5": 0.010725585885128976, "2022_44_30_10": 0.10189306590872528, "2022_45_11": 0.005362792942564488, "2022_45_12": 0.05899072236820937, "2022_45_13": 0.13943261650667668, "2022_45_15": 5.77036520619939, "2023_2_10": 0.10189306590872528, "2023_2_11": 0.005362792942564488, "2023_2_12": 0.5899072236820937, "2023_2_301": 0.010725585885128976, "2023_6_8": 0.13943261650667668, "2023_6_11": 0.6971630825333833, "2023_7_5": 0.18769775298975708, "2023_7_10": 25.516168820721834, "2023_12_1": 0.0911674800235963, "2023_12_1_1": 0.29495361184104685, "2023_12_5": 25.38746179010029, "2023_12_5_3": 0.10725585885128974, "2023_12_5_4": 0.691800289590819, "2023_12_8": 0.08044189413846732, "2023_12_9": 37.705797179170915, "2023_12_9_1": 0.17160937416206362, "2023_12_10": 1.9466938381509096, "2023_12_11": 0.03217675765538693}