{"2023_2_12": 0.09666972787471605, "2023_6_11": 0.01933394557494321, "2023_7_10": 0.2803422108366765, "2023_7_15": 0.23200734689931848, "2023_7_20": 6.293199284644013, "2023_7_26": 0.10150321426845184, "2023_7_30": 21.538015370486733, "2023_12_1": 0.004833486393735802, "2023_12_1_1": 0.03383440475615061, "2023_12_5": 0.09183624148098023, "2023_12_5_4": 0.009666972787471605, "2023_12_9": 0.07733578229977284, "2023_12_9_1": 0.02900091836241481, "2023_12_10": 0.08216926869350863, "2023_12_11": 0.09666972787471605, "2023_20_4_1": 0.13533761902460245, "2023_20_7": 0.23684083329305428, "2023_20_8": 0.2610082652617333, "2023_20_9": 6.911885543042197, "2023_26_1": 0.40601285707380735, "2023_26_3": 0.01933394557494321, "2023_26_6": 0.15950505099328147, "2023_26_7": 9.55580260041568, "2023_26_8": 25.95098844796752, "2023_26_9": 24.288269128522405, "2023_26_10": 1.3872105950021751, "2023_26_11": 1.4307119725457973, "2023_32_1": 0.2706752380492049}