{"2023_44_30_13": 0.013708958804578794, "2023_44_30_14": 0.46610459935567905, "2023_44_30_25": 0.07539927342518336, "2023_44_30_30": 0.1645075056549455, "2024_2_6": 0.034272397011446985, "2024_2_7": 0.45239564055110026, "2024_2_8": 0.013708958804578794, "2024_2_12": 0.006854479402289397, "2024_3_6": 0.1645075056549455, "2024_3_10": 0.6511755432174927, "2024_3_15": 3.7631091918568798, "2024_3_20": 0.3153060525053123, "2024_3_25": 26.136129960929473, "2024_8_3": 0.006854479402289397, "2024_8_4": 0.07539927342518336, "2024_8_7": 0.2673246966892865, "2024_8_8": 0.013708958804578794, "2024_8_9": 7.992322983069437, "2024_8_12": 0.05483583521831518, "2024_9_5": 0.006854479402289397, "2024_14_3": 0.4181232435396533, "2024_14_5": 0.04798135581602578, "2024_14_6": 4.99006100486668, "2024_14_7": 2.686955925697444, "2024_14_8": 6.806498046473372, "2024_14_9": 22.379875248474885, "2024_14_11": 0.10967167043663036, "2024_15_5": 0.034272397011446985, "2024_20_1": 21.8520803344986}