{"2023_44_30_13": 0.013862895958965827, "2023_44_30_14": 0.4852013585638039, "2023_44_30_25": 0.07624592777431205, "2023_44_30_30": 0.17328619948707286, "2024_2_6": 0.034657239897414566, "2024_2_7": 0.4644070146253552, "2024_2_8": 0.0069314479794829135, "2024_2_12": 0.0069314479794829135, "2024_3_6": 0.20101199140500453, "2024_3_10": 0.6931447979482914, "2024_3_15": 3.9717196922437097, "2024_3_20": 0.35350384695362863, "2024_3_25": 34.62258265751716, "2024_8_3": 0.0069314479794829135, "2024_8_4": 0.06238303181534621, "2024_8_7": 0.29805226311776534, "2024_8_8": 0.013862895958965827, "2024_8_9": 8.650447078394677, "2024_8_12": 0.05545158383586331, "2024_9_5": 0.0069314479794829135, "2024_14_3": 0.45054411866638944, "2024_14_5": 0.048520135856380396, "2024_14_6": 6.640327164344632, "2024_14_7": 3.5835586053926662, "2024_14_8": 8.976225133430372, "2024_14_9": 20.55867470714632, "2024_14_11": 0.18714909544603867, "2024_15_5": 0.034657239897414566, "2024_20_1": 9.322797532404518}