{"2022_45_12": 0.03260667039314329, "2022_45_13": 0.04192286193404137, "2022_45_15": 0.7220048444196014, "2023_2_10": 0.013974287311347124, "2023_2_12": 0.18632383081796164, "2023_6_8": 0.04192286193404137, "2023_6_9": 0.004658095770449041, "2023_6_11": 0.08384572386808274, "2023_7_5": 0.023290478852245205, "2023_7_10": 3.959381404881685, "2023_7_15": 2.2125954909632943, "2023_7_20": 23.001676914477365, "2023_7_25": 0.018632383081796162, "2023_12_1": 0.009316191540898081, "2023_12_1_1": 0.06521334078628659, "2023_12_5": 2.5340040991242785, "2023_12_5_4": 0.33538289547233097, "2023_12_8": 0.004658095770449041, "2023_12_9": 4.523010993106018, "2023_12_9_1": 1.2204210918576488, "2023_12_10": 0.6567915036333148, "2023_12_11": 2.701695546860444, "2023_20_4_1": 14.598472144587294, "2023_20_6": 0.2981181293087386, "2023_20_7": 25.232904788522458, "2023_20_8": 17.472517234954353, "2023_26": 0.004658095770449041}