{"2022_44_30_10": 0.02192261317549052, "2022_45_13": 0.03288391976323578, "2022_45_15": 0.14249698564068836, "2023_2_10": 0.01096130658774526, "2023_2_12": 0.1315356790529431, "2023_2_301": 0.01096130658774526, "2023_6_8": 0.01644195988161789, "2023_6_11": 0.03288391976323578, "2023_7_10": 0.9207497533706019, "2023_7_15": 0.8111366874931492, "2023_7_20": 27.348459936424423, "2023_7_26": 0.4165296503343198, "2023_12_1": 0.00548065329387263, "2023_12_1_1": 0.04932587964485367, "2023_12_5": 0.13701633234681573, "2023_12_5_4": 0.04384522635098104, "2023_12_9": 0.10413241258357996, "2023_12_9_1": 0.038364573057108414, "2023_12_10": 0.1644195988161789, "2023_12_11": 0.252110051518141, "2023_20_4_1": 0.19730351857941467, "2023_20_7": 0.5480653293872629, "2023_20_8": 0.4768168365669188, "2023_20_9": 13.219335744820782, "2023_26_1": 0.7124849282034419, "2023_26_3": 0.038364573057108414, "2023_26_6": 0.4165296503343198, "2023_26_7": 22.372026745588077, "2023_26_8": 31.32741422777595}