{"2023_38_9": 3.084712390417702, "2023_38_9_1": 0.089072242276499, "2023_44_1": 12.835778913318643, "2023_44_9_2": 0.009376025502789369, "2023_44_25": 0.004688012751394684, "2023_44_30_1": 0.1500164080446299, "2023_44_30_2": 0.4172331348741269, "2023_44_30_3": 0.009376025502789369, "2023_44_30_4": 0.267216726829497, "2023_44_30_5_1": 4.528620317847265, "2023_44_30_6": 0.8766583845108058, "2023_44_30_7": 0.787586142234307, "2023_44_30_8": 20.960105011485634, "2023_44_30_9": 4.992733580235338, "2023_44_30_10": 0.004688012751394684, "2023_44_30_12": 0.014064038254184053, "2023_44_30_13": 0.3844170456143641, "2023_44_30_14": 13.59054896629319, "2023_44_30_16": 0.06563217851952559, "2023_44_30_20": 0.356288969105996, "2024_2_2": 0.0843842295251043, "2024_2_2_1": 5.883456003000329, "2024_2_3": 1.5329801697060619, "2024_2_6": 3.248792836716516, "2024_2_7": 24.087009516665887, "2024_2_8": 1.7345647180160333}