{"2024_3_20": 0.145900204260286, "2024_3_25": 7.394222351911292, "2024_8_4": 0.04085205719288007, "2024_8_7": 0.21593230230522328, "2024_8_8": 0.011672016340822879, "2024_8_9": 4.452874234023928, "2024_8_12": 0.04085205719288007, "2024_9_5": 0.0058360081704114395, "2024_14_3": 0.21593230230522328, "2024_14_5": 0.029180040852057196, "2024_14_6": 1.756638459293843, "2024_14_7": 0.7003209804493726, "2024_14_8": 1.9900787861103009, "2024_14_9": 21.459002042602858, "2024_14_11": 0.08170411438576014, "2024_15_10": 0.0058360081704114395, "2024_15_15": 3.9684855558797785, "2024_20_1": 6.25036475051065, "2024_20_3": 2.7312518237525536, "2024_20_6": 0.3384884738838635, "2024_20_6_1": 0.017508024511234316, "2024_20_6_2": 2.6670557338780276, "2024_20_7": 17.97490516486723, "2024_20_8": 0.12255617157864021, "2024_20_9": 25.042311059235484, "2024_20_9_1": 0.017508024511234316, "2024_20_10": 2.246863145608404, "2024_26_1": 0.07586810621534872}