{"2023_12_10": 0.03297790480378146, "2023_12_11": 0.05129896302810451, "2023_20_4_1": 0.07328423289729215, "2023_20_7": 0.05862738631783371, "2023_20_8": 0.0989337144113444, "2023_20_9": 2.5283060349565787, "2023_26_1": 0.1465684657945843, "2023_26_3": 0.010992634934593822, "2023_26_6": 0.04763475138323989, "2023_26_7": 1.7111868381517716, "2023_26_8": 3.0925946282657284, "2023_26_9": 3.975669634678098, "2023_26_10": 0.22351691033674104, "2023_26_11": 0.20153164046755337, "2023_26_12": 0.8427686783188596, "2023_27_6": 2.9973251254992483, "2023_27_7": 20.38400938038181, "2023_31_600": 0.04030632809351068, "2023_32_1": 0.307793778168627, "2023_32_4": 2.290132278040379, "2023_32_6": 10.508958997471693, "2023_32_7": 14.022937964896851, "2023_32_9": 27.741746363269943, "2023_38_1": 0.06595580960756292, "2023_38_4": 1.6342383936096148, "2023_38_6": 6.910703162214649}