{"2023_38_6": 0.013239772275916849, "2023_38_9": 0.019859658413875277, "2023_44_1": 0.019859658413875277, "2023_44_30_5_1": 0.013239772275916849, "2023_44_30_8": 0.6619886137958426, "2023_44_30_9": 0.04633920296570898, "2023_44_30_13": 0.019859658413875277, "2023_44_30_14": 2.8664106977359984, "2023_44_30_16": 0.013239772275916849, "2023_44_30_20": 0.019859658413875277, "2023_44_30_25": 2.277240831457698, "2023_44_30_30": 0.4567721435191313, "2024_2_2_1": 0.006619886137958424, "2024_2_3": 0.019859658413875277, "2024_2_6": 0.05957897524162583, "2024_2_7": 11.8628359592215, "2024_2_7_1": 0.006619886137958424, "2024_2_8": 0.8473454256586783, "2024_2_12": 0.033099430689792125, "2024_2_13": 0.06619886137958425, "2024_3_6": 1.5291936978683962, "2024_3_10": 12.226929696809211, "2024_3_15": 28.13451608632331, "2024_3_20": 1.522573811730438, "2024_8_3": 0.08605851979345952, "2024_8_4": 2.1713226532503636, "2024_8_7": 7.030319078511848, "2024_8_8": 0.10591817820733479, "2024_8_9": 27.57182576459684, "2024_8_12": 0.29127499007017066}