{"2023_12_9": 0.053582363747703615, "2023_12_9_1": 0.01148193508879363, "2023_12_10": 0.05740967544396816, "2023_12_11": 0.053582363747703615, "2023_20_4_1": 0.08802816901408451, "2023_20_7": 0.06123698714023269, "2023_20_8": 0.11099203919167178, "2023_20_9": 2.778628291488059, "2023_26_1": 0.16074709124311085, "2023_26_3": 0.01148193508879363, "2023_26_6": 0.053582363747703615, "2023_26_7": 1.9595835884874462, "2023_26_8": 3.655082669932639, "2023_26_9": 4.638701775872627, "2023_26_10": 0.2870483772198408, "2023_26_11": 0.24494794856093077, "2023_26_12": 0.8075627679118187, "2023_27_6": 5.6682486221677895, "2023_27_7": 17.08894672382119, "2023_32_1": 0.3559399877526026, "2023_32_4": 2.969993876301286, "2023_32_6": 13.801285976729947, "2023_32_7": 21.490355174525412, "2023_32_9": 22.66533986527863, "2023_38_1": 0.3903857930189835, "2023_38_4": 0.5358236374770362}