{"2024_14_7": 0.03349186147766092, "2024_14_8": 0.1272690736151115, "2024_14_9": 2.4181123986871182, "2024_15_15": 3.7108982517248297, "2024_20_1": 0.6631388572576863, "2024_20_3": 0.2009511688659655, "2024_20_6": 0.006698372295532183, "2024_20_6_2": 0.12057070131957931, "2024_20_7": 2.4583026324603114, "2024_20_8": 0.013396744591064366, "2024_20_9": 7.79020697970393, "2024_20_9_1": 0.006698372295532183, "2024_20_10": 0.10047558443298275, "2024_20_15": 0.36841047625427015, "2024_21_5": 0.5626632728247035, "2024_26_1": 0.006698372295532183, "2024_26_3_1": 2.0229084332507195, "2024_26_4": 0.020095116886596553, "2024_26_6": 1.0650411949896172, "2024_26_7": 25.319847277111656, "2024_26_8": 20.7716524884453, "2024_26_10": 5.7539018018621455, "2024_26_11": 1.1454216625360034, "2024_26_20": 4.708955723759126, "2024_27_5": 1.9090361042266726, "2024_27_10": 0.9645656105566345, "2024_32": 0.07368209525085402, "2024_32_3": 17.656909371022838}