{"2023_44_30_5_1": 0.01903794897829674, "2023_44_30_8": 0.5521005203706055, "2023_44_30_9": 0.03807589795659348, "2023_44_30_13": 0.01903794897829674, "2023_44_30_14": 2.3670516563015616, "2023_44_30_20": 0.01903794897829674, "2023_44_30_25": 1.611879680162457, "2023_44_30_30": 0.36172103058763805, "2024_2_2_1": 0.006345982992765579, "2024_2_3": 0.012691965985531158, "2024_2_6": 0.05076786394212463, "2024_2_7": 8.693996700088844, "2024_2_8": 0.6726741972331516, "2024_2_12": 0.01903794897829674, "2024_2_13": 0.04442188094935906, "2024_3_6": 1.1359309557050388, "2024_3_10": 7.558065744383806, "2024_3_15": 6.625206244447266, "2024_3_20": 0.7424800101535728, "2024_3_25": 29.921309810889706, "2024_8_3": 0.0634598299276558, "2024_8_4": 1.5547658332275673, "2024_8_7": 4.53737783982739, "2024_8_8": 0.0634598299276558, "2024_8_9": 29.972077674831837, "2024_8_12": 0.0634598299276558, "2024_14_3": 1.5230359182637392, "2024_14_5": 0.196725472775733, "2024_14_6": 1.5547658332275673}