{"2022_40_4_2": 0.021973192704900023, "2022_44_2": 0.04943968358602505, "2022_44_25_2": 0.03295978905735004, "2022_44_25_3": 0.23621182157767526, "2022_44_25_5": 0.10986596352450011, "2022_44_30": 0.23621182157767526, "2022_44_30_1": 0.005493298176225006, "2022_44_30_2": 0.021973192704900023, "2022_44_30_5": 0.2856515051637003, "2022_44_30_10": 2.1094264996704024, "2022_45_10": 0.005493298176225006, "2022_45_11": 0.060426279938475075, "2022_45_12": 1.5381234893430016, "2022_45_13": 2.312678532190728, "2022_45_14": 0.043946385409800046, "2022_45_15": 26.637002856515057, "2023_2_0_5": 0.021973192704900023, "2023_2_10": 0.5108767303889256, "2023_2_11": 0.04943968358602505, "2023_2_12": 17.89716545814107, "2023_2_13": 0.01647989452867502, "2023_2_301": 0.08239947264337509, "2023_6_1": 0.0988793671720501, "2023_6_8": 23.302570863546475, "2023_6_9": 1.7743353109206768, "2023_6_11": 22.2533509118875, "2023_6_11_2": 0.2746649088112503, "2023_6_15": 0.005493298176225006, "2023_12_1": 0.005493298176225006}