{"2024_27_25": 2.865171971409371, "2024_32": 0.030545543405217174, "2024_32_3": 5.05223287922292, "2024_32_4_1": 0.2199279125175636, "2024_32_4_2": 0.02443643472417374, "2024_32_5_3": 0.018327326043130303, "2024_32_5_4": 0.02443643472417374, "2024_32_6": 2.394770602969026, "2024_32_7": 7.343148634614209, "2024_32_9": 0.036654652086260606, "2024_32_9_1": 0.01221821736208687, "2024_32_10": 15.773718614454149, "2024_32_20": 0.07941841285356464, "2024_32_20_1": 0.20770969515547677, "2024_33_5": 18.308998717087174, "2024_33_15": 0.4032011729488667, "2024_33_25": 0.20160058647443335, "2024_33_30": 0.01221821736208687, "2024_33_35": 7.764677133606204, "2024_33_40": 0.6842201722768647, "2024_38": 0.006109108681043435, "2024_38_2": 1.4906225181745978, "2024_38_4": 0.15272771702608587, "2024_38_6": 1.6800048872869444, "2024_38_7": 5.559288899749524, "2024_39_5": 1.1912761928034696, "2024_44_1": 0.21381880383652016, "2024_44_3": 0.9041480847944283, "2024_44_3_1": 24.485307593622082, "2024_44_4": 0.17105504306921618, "2024_44_25_2": 2.688007819659111}