{"2023_12_9": 0.05438794141641739, "2023_12_9_1": 0.01553941183326211, "2023_12_10": 0.06604250029136395, "2023_12_11": 0.06215764733304844, "2023_20_4_1": 0.08935161804125713, "2023_20_7": 0.06215764733304844, "2023_20_8": 0.11654558874946581, "2023_20_9": 2.8747911891534903, "2023_26_1": 0.16316382424925213, "2023_26_3": 0.011654558874946583, "2023_26_6": 0.05438794141641739, "2023_26_7": 2.039547803115652, "2023_26_8": 3.9508954586068916, "2023_26_9": 4.96095722776893, "2023_26_10": 0.3069033837069267, "2023_26_11": 0.27582456004040246, "2023_26_12": 0.788625150538052, "2023_27_6": 10.792121518200535, "2023_27_7": 11.670098286779844, "2023_32_1": 0.3690610310399751, "2023_32_4": 3.2671613379433593, "2023_32_6": 15.011071830931197, "2023_32_7": 24.058894370848062, "2023_32_9": 18.58513655258148, "2023_38_1": 0.34963676624839746, "2023_38_4": 0.0038848529583155275}