{"2024_3_25": 0.8537742241496138, "2024_8_7": 0.06775985905949317, "2024_8_9": 0.20327957717847953, "2024_14_3": 0.020327957717847952, "2024_14_6": 0.1693996476487329, "2024_14_7": 0.04743190134164522, "2024_14_8": 0.2303835208022768, "2024_14_9": 12.76595744680851, "2024_14_11": 0.006775985905949316, "2024_15_15": 4.777070063694268, "2024_20_1": 1.992139856349099, "2024_20_3": 1.2738853503184715, "2024_20_6": 0.18295161946063154, "2024_20_6_1": 0.013551971811898633, "2024_20_6_2": 1.9243799972896058, "2024_20_7": 10.482450196503592, "2024_20_8": 0.07453584496544248, "2024_20_9": 28.804716086190542, "2024_20_9_1": 0.020327957717847952, "2024_20_10": 0.32524732348556723, "2024_20_15": 0.5488548583818947, "2024_21_5": 2.053123729502643, "2024_26_1": 0.040655915435695904, "2024_26_3_1": 5.956091611329449, "2024_26_4": 0.05420788724759453, "2024_26_6": 6.362650765686408, "2024_26_7": 17.3668518769481, "2024_26_10": 3.3812169670687084}