{"2023_38_9_1": 0.03714710252600297, "2023_44_30_14": 0.11144130757800891, "2023_44_30_30": 0.07429420505200594, "2024_8_9": 0.03714710252600297, "2024_14_9": 0.03714710252600297, "2024_15_15": 0.03714710252600297, "2024_20_6_2": 0.03714710252600297, "2024_26_8": 0.26002971768202077, "2024_32_3": 0.03714710252600297, "2024_32_6": 0.07429420505200594, "2024_32_7": 0.4086181277860326, "2024_32_10": 0.7429420505200595, "2024_33_5": 0.6686478454680534, "2024_33_35": 0.26002971768202077, "2024_33_40": 0.07429420505200594, "2024_38_2": 0.03714710252600297, "2024_38_6": 0.1485884101040119, "2024_38_7": 0.3343239227340267, "2024_39_5": 0.07429420505200594, "2024_39_15": 0.1485884101040119, "2024_44_1": 0.03714710252600297, "2024_44_3_1": 0.5572065378900446, "2024_44_4": 1.7830609212481425, "2024_44_25_2": 18.424962852897472, "2024_44_25_3": 0.3343239227340267, "2024_44_25_4": 3.3432392273402676, "2024_45_25_5": 13.967310549777116, "2024_45_25_6": 3.528974739970282, "2024_45_25_10": 0.5200594353640415, "2024_45_25_15": 8.35809806835067, "2024_45_32": 8.35809806835067, "2024_45_32_1": 15.936106983655273, "2024_45_32_2": 20.50520059435364, "2024_45_32_5": 0.7057949479940565}