{"2022_40_4_1": 0.07936088037669964, "2022_40_4_2": 0.06877942965980634, "2022_44_2": 0.12168668324427276, "2022_44_25_1": 0.06348870430135971, "2022_44_25_2": 0.14284958467805933, "2022_44_25_3": 0.7036664726734034, "2022_44_25_5": 1.2327390085180676, "2022_44_30": 0.5343632612031108, "2022_44_30_1": 0.058197978942913065, "2022_44_30_2": 0.11110523252737949, "2022_44_30_5": 1.9734405587005974, "2022_44_30_10": 19.983069678852967, "2022_45_10": 0.015872176075339927, "2022_45_11": 0.3438971482990318, "2022_45_12": 7.380561875033067, "2022_45_13": 2.23797682662293, "2023_2_0_5": 0.058197978942913065, "2023_2_10": 1.1057615999153483, "2023_2_11": 0.1640124861118459, "2023_2_12": 28.702185069573034, "2023_2_13": 0.021162901433786567, "2023_2_201": 0.026453626792233207, "2023_2_301": 0.1745939368287392, "2023_6_1": 0.5978519655044706, "2023_6_8": 29.315909211152842, "2023_6_9": 4.782815724035765}