{"2023_44_1": 12.251284446520316, "2023_44_30_1": 0.12610929472209245, "2023_44_30_2": 0.37365716954694056, "2023_44_30_3": 0.009341429238673513, "2023_44_30_4": 0.24754787482484816, "2023_44_30_5_1": 4.156936011209714, "2023_44_30_6": 0.789350770667912, "2023_44_30_7": 0.7333021952358709, "2023_44_30_8": 18.68752919196637, "2023_44_30_9": 4.114899579635683, "2023_44_30_10": 0.004670714619336757, "2023_44_30_12": 0.01401214385801027, "2023_44_30_13": 0.39234002802428763, "2023_44_30_14": 12.139187295656233, "2023_44_30_16": 0.02802428771602054, "2023_44_30_20": 0.12610929472209245, "2023_44_30_25": 1.961700140121438, "2024_2_2": 0.07940214852872488, "2024_2_2_1": 4.656702475478747, "2024_2_3": 1.1676786548341895, "2024_2_6": 1.8542737038766928, "2024_2_7": 32.526856609061184, "2024_2_7_1": 0.004670714619336757, "2024_2_8": 2.5128444652031754, "2024_8_3": 0.6398879028491358, "2024_8_4": 0.4016814572629612}