{"2023_6_11": 0.013974938277355943, "2023_7_10": 0.24223226347416968, "2023_7_15": 0.17701588484650863, "2023_7_20": 5.077560907439326, "2023_7_26": 0.08384962966413567, "2023_7_30": 22.439092560674528, "2023_12_1": 0.0046583127591186485, "2023_12_1_1": 0.03260818931383054, "2023_12_5": 0.06987469138677972, "2023_12_5_4": 0.009316625518237297, "2023_12_9": 0.06987469138677972, "2023_12_9_1": 0.023291563795593242, "2023_12_10": 0.07453300414589838, "2023_12_11": 0.08850794242325431, "2023_20_4_1": 0.1350910700144408, "2023_20_7": 0.18633251036474593, "2023_20_8": 0.24689057623328833, "2023_20_9": 5.897423953044208, "2023_26_1": 0.35403176969301725, "2023_26_3": 0.018633251036474594, "2023_26_6": 0.1350910700144408, "2023_26_7": 7.7700656822099035, "2023_26_8": 20.14720268318815, "2023_26_9": 26.137792891414733, "2023_26_10": 1.425443704290306, "2023_26_11": 1.5186099594726792, "2023_32_1": 5.995248520985699, "2023_32_4": 1.6257511529324082}