{"2024_26_4": 0.01765536723163842, "2024_26_6": 0.5649717514124294, "2024_26_7": 7.415254237288137, "2024_26_8": 5.685028248587571, "2024_26_10": 1.4830508474576276, "2024_26_11": 0.2295197740112995, "2024_26_20": 1.3359227871939738, "2024_27_5": 0.2648305084745763, "2024_27_10": 0.7709510357815444, "2024_27_25": 3.6075800376647837, "2024_32": 0.0294256120527307, "2024_32_3": 6.108757062146894, "2024_32_4_1": 0.31191148775894545, "2024_32_4_2": 0.02354048964218456, "2024_32_5_3": 0.01765536723163842, "2024_32_5_4": 0.0294256120527307, "2024_32_6": 3.236817325800377, "2024_32_7": 15.248352165725048, "2024_32_9": 0.07650659133709982, "2024_32_9_1": 0.01177024482109228, "2024_32_10": 39.406779661016955, "2024_32_20": 0.10593220338983053, "2024_32_20_1": 0.3648775894538607, "2024_33_5": 0.9357344632768362, "2024_33_15": 0.882768361581921, "2024_33_25": 0.9533898305084746, "2024_38": 0.00588512241054614, "2024_38_2": 7.697740112994351, "2024_38_4": 1.1181732580037667, "2024_38_6": 2.059792843691149}