{"2023_26_12": 0.7156291573007936, "2023_27_6": 0.06422312950135328, "2023_27_7": 8.40405523189137, "2023_27_12": 3.1515207119592645, "2023_32_4": 0.08257259507316848, "2023_32_6": 0.1055094270379375, "2023_32_7": 0.16514519014633697, "2023_32_9": 1.156016331024359, "2023_38_1": 0.004587366392953806, "2023_38_4": 0.018349465571815222, "2023_38_6": 7.092068443506581, "2023_38_8": 0.1697325565392908, "2023_38_9": 3.8717372356530113, "2023_38_9_1": 0.2660672507913207, "2023_44_1": 18.52837286114042, "2023_44_25": 0.004587366392953806, "2023_44_30_1": 0.30276618193495114, "2023_44_30_2": 0.8715996146612232, "2023_44_30_3": 0.013762099178861415, "2023_44_30_4": 0.6330565622276251, "2023_44_30_5_1": 25.712188632506077, "2023_44_30_6": 4.550667461810175, "2023_44_30_7": 9.179320152300562, "2023_44_30_8": 14.922702876278727, "2023_44_30_10": 0.013762099178861415}