{"2023_6_8": 0.05999314364072677, "2023_6_11": 0.06856359273225915, "2023_7_5": 0.017140898183064787, "2023_7_10": 2.80682207747686, "2023_7_15": 1.4226945491943779, "2023_7_20": 24.001542680836472, "2023_7_25": 0.004285224545766197, "2023_7_26": 0.31282139184093244, "2023_12_1": 0.012855673637298594, "2023_12_1_1": 0.07284881727802536, "2023_12_5": 1.9369214946863216, "2023_12_5_4": 0.23997257456290708, "2023_12_8": 0.004285224545766197, "2023_12_9": 3.4153239629756595, "2023_12_9_1": 0.7970517655125128, "2023_12_10": 0.5227973945834761, "2023_12_11": 1.495543366472403, "2023_20_4_1": 6.414981145011998, "2023_20_6": 0.11141583818992115, "2023_20_7": 5.155125128556737, "2023_20_8": 3.273911552965375, "2023_20_9": 38.0570791909496, "2023_26_1": 3.860987315735344, "2023_26_3": 0.12427151182721972, "2023_26_6": 1.9240658210490231, "2023_26_7": 3.886698663009941}