{"2023_44_1": 0.013058239749281797, "2023_44_30_5_1": 0.013058239749281797, "2023_44_30_8": 0.6267955079655263, "2023_44_30_9": 0.039174719247845394, "2023_44_30_13": 0.026116479498563595, "2023_44_30_14": 2.7748759467223816, "2023_44_30_16": 0.013058239749281797, "2023_44_30_20": 0.013058239749281797, "2023_44_30_25": 2.0632018803865235, "2023_44_30_30": 0.4309219117262993, "2024_2_2_1": 0.006529119874640899, "2024_2_3": 0.013058239749281797, "2024_2_6": 0.05223295899712719, "2024_2_7": 11.12562026638809, "2024_2_8": 0.8030817445808305, "2024_2_12": 0.026116479498563595, "2024_2_13": 0.05223295899712719, "2024_3_6": 1.4298772525463566, "2024_3_10": 10.76651867328284, "2024_3_15": 20.42961608775137, "2024_3_20": 2.265604596500392, "2024_3_25": 9.186471663619743, "2024_8_3": 0.08487855837033167, "2024_8_4": 2.024027161138678, "2024_8_7": 6.385479237398798, "2024_8_8": 0.09140767824497258, "2024_8_9": 28.87829720553669, "2024_8_12": 0.29381039435884043, "2024_14_3": 0.07182031862104987}