{"2024_8_9": 0.16858237547892715, "2024_8_12": 0.015325670498084289, "2024_14_3": 0.02298850574712643, "2024_14_6": 0.09195402298850572, "2024_14_7": 0.015325670498084289, "2024_14_8": 0.12260536398467431, "2024_14_9": 3.961685823754788, "2024_14_11": 0.007662835249042144, "2024_15_15": 4.245210727969347, "2024_20_1": 0.8275862068965514, "2024_20_3": 0.28352490421455934, "2024_20_6": 0.007662835249042144, "2024_20_6_2": 0.19923371647509572, "2024_20_7": 3.448275862068965, "2024_20_8": 0.02298850574712643, "2024_20_9": 12.55172413793103, "2024_20_9_1": 0.02298850574712643, "2024_20_10": 0.14559386973180072, "2024_20_15": 0.482758620689655, "2024_21_5": 0.8735632183908043, "2024_26_1": 0.02298850574712643, "2024_26_3_1": 3.961685823754788, "2024_26_4": 0.02298850574712643, "2024_26_6": 1.93103448275862, "2024_26_7": 51.88505747126435, "2024_26_8": 3.662835249042145, "2024_26_10": 7.180076628352489, "2024_26_11": 0.375478927203065, "2024_26_20": 3.3486590038314166, "2024_32": 0.09195402298850572}