{"2022_40_4": 0.016059097478721696, "2022_40_4_1": 0.08029548739360848, "2022_40_4_2": 0.06423638991488678, "2022_44_2": 0.12847277982977356, "2022_44_25_1": 0.06423638991488678, "2022_44_25_2": 0.14988490980140248, "2022_44_25_3": 0.717306354049569, "2022_44_25_5": 1.370376318184251, "2022_44_30": 0.5353032492907231, "2022_44_30_1": 0.05888335742197954, "2022_44_30_2": 0.11241368235105184, "2022_44_30_5": 2.060917509769284, "2022_44_30_10": 22.279321235479898, "2022_45_10": 0.016059097478721696, "2022_45_11": 0.369359242010599, "2022_45_12": 7.205181735453134, "2023_2_0_5": 0.05888335742197954, "2023_2_10": 1.134842888496333, "2023_2_11": 0.17129703977303137, "2023_2_12": 29.372089288581982, "2023_2_13": 0.02141212997162892, "2023_2_201": 0.02141212997162892, "2023_2_301": 0.139178844815588, "2023_6_1": 0.6102457041914244, "2023_6_8": 29.307852898667093, "2023_6_9": 3.9344788822868155}