{"2023_26_12": 0.7227769852591536, "2023_27_6": 0.07132667617689015, "2023_27_7": 9.862101759391345, "2023_27_12": 3.956252971944841, "2023_32_4": 0.09510223490252022, "2023_32_6": 0.11412268188302425, "2023_32_7": 0.1806942463147884, "2023_32_9": 1.279125059438897, "2023_38_1": 0.004755111745126011, "2023_38_4": 0.014265335235378032, "2023_38_6": 7.974322396576319, "2023_38_8": 0.19971469329529246, "2023_38_9": 4.531621493105088, "2023_38_9_1": 0.49453162149310514, "2023_44_1": 22.824536376604847, "2023_44_25": 0.004755111745126011, "2023_44_30_1": 0.5563480741797432, "2023_44_30_2": 1.4645744174988111, "2023_44_30_3": 0.033285782215882076, "2023_44_30_4": 1.1935330480266286, "2023_44_30_5_1": 36.12933903946743, "2023_44_30_6": 7.9267712791250595, "2023_44_30_7": 0.35187826913932474, "2023_44_30_10": 0.014265335235378032}