{"2024_27_5": 0.2629503023928477, "2024_27_10": 0.749408361819616, "2024_27_25": 3.5103865369445173, "2024_32": 0.032868787799105965, "2024_32_3": 6.05443071259532, "2024_32_4_1": 0.28267157507231133, "2024_32_4_2": 0.02629503023928477, "2024_32_5_3": 0.01972127267946358, "2024_32_5_4": 0.02629503023928477, "2024_32_6": 2.977912174599001, "2024_32_7": 10.314225611359452, "2024_32_9": 0.04601630291874835, "2024_32_9_1": 0.04601630291874835, "2024_32_10": 24.158559032342886, "2024_32_20": 0.1117538785169603, "2024_32_20_1": 0.3155403628714173, "2024_33_5": 20.227452011569817, "2024_33_15": 1.1964238758874572, "2024_33_25": 0.38127793846962926, "2024_33_30": 0.02629503023928477, "2024_33_35": 8.019984222981856, "2024_38": 0.006573757559821192, "2024_38_2": 2.4914541151722323, "2024_38_4": 0.2629503023928477, "2024_38_6": 4.654220352353405, "2024_38_7": 13.357875361556665, "2024_44_1": 0.44044175650802}