{"2023_12_9_1": 0.01482634641758405, "2023_12_10": 0.033359279439564106, "2023_12_11": 0.051892212461544164, "2023_20_4_1": 0.07042514548352422, "2023_20_7": 0.0630119722747322, "2023_20_8": 0.10007783831869231, "2023_20_9": 2.605730382890396, "2023_26_1": 0.1519700507802365, "2023_26_3": 0.011119759813188036, "2023_26_6": 0.048185625857148154, "2023_26_7": 1.7939879165276698, "2023_26_8": 3.2655027984728866, "2023_26_9": 4.140257237110346, "2023_26_10": 0.24092812928574076, "2023_26_11": 0.20756884984617666, "2023_26_12": 0.8488083324066866, "2023_27_6": 3.376700396604767, "2023_27_7": 19.84135809333185, "2023_31_600": 0.01853293302198006, "2023_32_1": 0.32617962118684907, "2023_32_4": 2.4241076392749914, "2023_32_6": 11.334741836243003, "2023_32_7": 15.87160384002372, "2023_32_9": 27.703028281255794, "2023_38_1": 0.11490418473627637, "2023_38_4": 4.837095518736795, "2023_38_6": 0.5040957781978576}