{"2024_3_6": 0.12097018085042038, "2024_3_10": 0.4657351962741184, "2024_3_15": 2.631101433496643, "2024_3_20": 0.16330974414806748, "2024_3_25": 8.91550232867598, "2024_8_4": 0.042339563297647126, "2024_8_7": 0.2237948345732777, "2024_8_8": 0.012097018085042037, "2024_8_9": 5.098893122845218, "2024_8_12": 0.042339563297647126, "2024_9_5": 0.0060485090425210185, "2024_14_3": 0.2540373797858828, "2024_14_5": 0.030242545212605096, "2024_14_6": 2.0504445654146255, "2024_14_7": 0.8105002116978164, "2024_14_8": 2.534325288816307, "2024_14_9": 27.02473840198391, "2024_14_11": 0.07863061755277324, "2024_15_10": 0.0060485090425210185, "2024_15_15": 2.9577209217927782, "2024_20_1": 8.61912538559245, "2024_20_3": 4.542430290933285, "2024_20_6": 0.8830823202080686, "2024_20_6_1": 0.030242545212605096, "2024_20_6_2": 5.715841045182362, "2024_20_7": 25.863424665819878, "2024_20_8": 0.2600858888284038, "2024_20_9": 0.6169479223371439}