{"2023_26_12": 0.30693153721544886, "2023_38_9": 0.017051752067524937, "2023_44_1": 0.017051752067524937, "2023_44_30_5_1": 0.017051752067524937, "2023_44_30_8": 0.09378463637138716, "2023_44_30_9": 0.008525876033762468, "2023_44_30_13": 0.017051752067524937, "2023_44_30_14": 0.5882854463296104, "2023_44_30_20": 0.008525876033762468, "2023_44_30_25": 0.07673288430386221, "2023_44_30_30": 0.18756927274277432, "2024_2_6": 0.034103504135049874, "2024_2_7": 0.6053371983971353, "2024_2_8": 0.034103504135049874, "2024_2_12": 0.008525876033762468, "2024_2_13": 0.008525876033762468, "2024_3_6": 0.41776792565436094, "2024_3_10": 1.3300366612669452, "2024_3_15": 7.877909455196522, "2024_3_20": 0.9037428595788217, "2024_3_25": 39.77321169750192, "2024_8_3": 0.008525876033762468, "2024_8_4": 0.16199164464148688, "2024_8_7": 0.41776792565436094, "2024_8_8": 0.017051752067524937, "2024_8_9": 28.195072043652488, "2024_8_12": 0.0852587603376247, "2024_14_3": 1.9524256117316057, "2024_14_5": 0.11083638843891212, "2024_14_6": 16.719242902208205}