{"2024_2_6": 0.029902070718397258, "2024_2_7": 0.13455931823278766, "2024_2_8": 0.014951035359198629, "2024_3_6": 0.014951035359198629, "2024_3_10": 0.059804141436794515, "2024_3_15": 0.10465724751439037, "2024_3_25": 0.97929281602751, "2024_8_7": 0.04485310607759588, "2024_8_9": 0.1719369066307842, "2024_14_3": 0.007475517679599314, "2024_14_5": 0.007475517679599314, "2024_14_6": 0.1719369066307842, "2024_14_7": 0.04485310607759588, "2024_14_8": 0.2840696718247739, "2024_14_9": 17.30582342827241, "2024_14_11": 0.007475517679599314, "2024_15_15": 4.941317186215146, "2024_20_1": 2.5117739403453685, "2024_20_3": 1.674515960230246, "2024_20_6": 0.26164311878597596, "2024_20_6_1": 0.014951035359198629, "2024_20_6_2": 2.579053599461763, "2024_20_7": 19.481199073035814, "2024_20_8": 0.13455931823278766, "2024_20_9": 36.25626074605667, "2024_20_9_1": 0.02242655303879794, "2024_20_10": 0.859684533153921, "2024_20_15": 4.395604395604397, "2024_26_1": 0.059804141436794515, "2024_26_3_1": 7.423189055842118}