{"2023_38_6": 5.879455489879993, "2023_38_8": 0.14329213684399067, "2023_38_9": 2.9912233566183053, "2023_38_9_1": 0.14329213684399067, "2023_44_1": 12.587318645889306, "2023_44_9_2": 0.008955758552749417, "2023_44_25": 0.004477879276374708, "2023_44_30_1": 0.14777001612036536, "2023_44_30_2": 0.40300913487372375, "2023_44_30_3": 0.008955758552749417, "2023_44_30_4": 0.25523911875335836, "2023_44_30_5_1": 4.477879276374709, "2023_44_30_6": 0.8597528210639441, "2023_44_30_7": 0.7657173562600751, "2023_44_30_8": 21.35052838975461, "2023_44_30_9": 5.368977252373276, "2023_44_30_10": 0.004477879276374708, "2023_44_30_12": 0.013433637829124127, "2023_44_30_13": 0.3716639799391008, "2023_44_30_14": 12.484327422532687, "2023_44_30_20": 0.3268851871753537, "2024_2_2": 0.08060182697474476, "2024_2_2_1": 6.75264194877306, "2024_2_3": 2.0060899158158696, "2024_2_6": 6.07648217804048, "2024_2_7": 16.487551495611676}