{"2023_38_9_1": 0.07592654107151331, "2023_44_1": 12.755658900014236, "2023_44_25": 0.004745408816969582, "2023_44_30_1": 0.13287144687514826, "2023_44_30_2": 0.4081051582593841, "2023_44_30_3": 0.009490817633939164, "2023_44_30_4": 0.26099748493332703, "2023_44_30_5_1": 4.413230199781711, "2023_44_30_6": 0.8399373606036159, "2023_44_30_7": 0.759265410715133, "2023_44_30_8": 20.10155174868315, "2023_44_30_9": 4.64100982299625, "2023_44_30_10": 0.004745408816969582, "2023_44_30_12": 0.014236226450908746, "2023_44_30_13": 0.3891235229915057, "2023_44_30_14": 13.211218146443315, "2023_44_30_16": 0.08067194988848289, "2023_44_30_20": 0.3843781141745361, "2023_44_30_25": 0.004745408816969582, "2024_2_2": 0.08067194988848289, "2024_2_2_1": 5.2104588810326, "2024_2_3": 1.3714231481042092, "2024_2_6": 2.3916860437526695, "2024_2_7": 30.19503630237745, "2024_2_8": 2.258814596877521}