{"2023_38_6": 0.014357501794687725, "2023_38_9": 0.02871500358937545, "2023_44_1": 0.02871500358937545, "2023_44_30_5_1": 0.021536252692031587, "2023_44_30_6": 0.014357501794687725, "2023_44_30_8": 0.8040201005025126, "2023_44_30_9": 0.043072505384063174, "2023_44_30_13": 0.021536252692031587, "2023_44_30_14": 3.5319454414931806, "2023_44_30_16": 0.021536252692031587, "2023_44_30_20": 0.021536252692031587, "2023_44_30_25": 3.0581478822684853, "2023_44_30_30": 0.46661880832735114, "2024_2_2_1": 0.014357501794687725, "2024_2_3": 0.03589375448671931, "2024_2_6": 0.07896625987078248, "2024_2_7": 16.525484565685574, "2024_2_7_1": 0.007178750897343863, "2024_2_8": 1.1916726489590812, "2024_2_12": 0.043072505384063174, "2024_2_13": 0.1148600143575018, "2024_3_6": 2.3618090452261304, "2024_3_10": 21.407035175879397, "2024_3_15": 16.489590811198852, "2024_8_3": 0.1148600143575018, "2024_8_4": 3.165829145728644, "2024_8_7": 12.93610911701364, "2024_8_8": 0.1722900215362527, "2024_8_9": 17.121320890165112, "2024_8_12": 0.14357501794687724}