{"2023_2_12": 0.1019212149008816, "2023_2_301": 0.01019212149008816, "2023_6_11": 0.02038424298017632, "2023_7_10": 0.7746012332467002, "2023_7_15": 0.5401824389746724, "2023_7_20": 20.715486928604186, "2023_7_26": 0.24970697650715992, "2023_7_30": 6.721704122713142, "2023_12_1": 0.00509606074504408, "2023_12_1_1": 0.03567242521530856, "2023_12_5": 0.1019212149008816, "2023_12_5_4": 0.02038424298017632, "2023_12_9": 0.09172909341079344, "2023_12_9_1": 0.030576364470264482, "2023_12_10": 0.09172909341079344, "2023_12_11": 0.12230545788105793, "2023_20_4_1": 0.1528818223513224, "2023_20_7": 0.3516281914080415, "2023_20_8": 0.3414360699179534, "2023_20_9": 8.724455995515466, "2023_26_1": 0.5045100137593639, "2023_26_3": 0.02038424298017632, "2023_26_6": 0.2038424298017632, "2023_26_7": 14.386179483259436, "2023_26_8": 38.98486469958721, "2023_26_9": 4.617031035009936, "2023_26_10": 1.3912245833970338, "2023_26_11": 0.6879682005809508}