{"2023_44_1": 12.502355379687202, "2023_44_30_1": 0.1319012624835123, "2023_44_30_2": 0.3957037874505369, "2023_44_30_3": 0.009421518748822308, "2023_44_30_4": 0.24967024684379122, "2023_44_30_5_1": 4.300923308837384, "2023_44_30_6": 0.8243828905219521, "2023_44_30_7": 0.7490107405313736, "2023_44_30_8": 19.610891275673634, "2023_44_30_9": 4.381006218202374, "2023_44_30_10": 0.004710759374411154, "2023_44_30_12": 0.014132278123233461, "2023_44_30_13": 0.38628226870171467, "2023_44_30_14": 13.345581307706796, "2023_44_30_16": 0.04710759374411154, "2023_44_30_20": 0.1648765781043904, "2023_44_30_25": 0.27793480309025814, "2024_2_2": 0.08008290936498962, "2024_2_2_1": 4.922743546259657, "2024_2_3": 1.2719050310910116, "2024_2_6": 2.072734124740908, "2024_2_7": 31.373657433578288, "2024_2_8": 2.402487280949688, "2024_8_3": 0.48049745618993767}