{"2023_38_6": 6.078279491502254, "2023_38_8": 0.1458058048936073, "2023_38_9": 3.0801476283774543, "2023_38_9_1": 0.1640315305053082, "2023_44_1": 13.186312480065613, "2023_44_9_2": 0.009112862805850457, "2023_44_25": 0.0045564314029252284, "2023_44_30_1": 0.15491866769945778, "2023_44_30_2": 0.419191689069121, "2023_44_30_3": 0.009112862805850457, "2023_44_30_4": 0.26427302136966324, "2023_44_30_5_1": 4.729575796236387, "2023_44_30_6": 0.9249555747938213, "2023_44_30_7": 0.815601221123616, "2023_44_30_8": 23.183122978083563, "2023_44_30_9": 6.292431767439741, "2023_44_30_10": 0.0045564314029252284, "2023_44_30_12": 0.013669294208775681, "2023_44_30_13": 0.3690709436369435, "2023_44_30_14": 12.580307103476555, "2023_44_30_20": 0.28705517838428934, "2024_2_2": 0.08657219665557933, "2024_2_2_1": 8.70734041099011, "2024_2_3": 3.1302683738096317, "2024_2_6": 10.201849911149585, "2024_2_7": 5.157880348111358}