{"2024_21_5": 0.3426510369702435, "2024_26_3_1": 1.2203186053501653, "2024_26_4": 0.018034265103697024, "2024_26_6": 0.6251878569281636, "2024_26_7": 8.235647730688306, "2024_26_8": 6.107604448452059, "2024_26_10": 1.6771866546438232, "2024_26_11": 0.2584911331529907, "2024_26_20": 1.478809738503156, "2024_27_5": 0.2705139765554554, "2024_27_10": 0.9017132551848512, "2024_27_25": 4.268109407874963, "2024_32": 0.030057108506161712, "2024_32_3": 6.859032161106102, "2024_32_4_1": 0.3606853020739405, "2024_32_4_2": 0.030057108506161712, "2024_32_5_3": 0.02404568680492937, "2024_32_5_4": 0.030057108506161712, "2024_32_6": 4.021641118124437, "2024_32_7": 22.458671475804024, "2024_32_9": 0.510970844604749, "2024_32_10": 36.42921550946799, "2024_32_20": 0.1562969642320409, "2024_32_20_1": 1.076044484520589, "2024_33_15": 0.04207995190862639, "2024_38": 0.0060114217012323425, "2024_38_2": 2.560865644724977}