{"2023_2_12": 0.0968054211035818, "2023_6_11": 0.01936108422071636, "2023_7_10": 0.2807357212003872, "2023_7_15": 0.2323330106485963, "2023_7_20": 6.340755082284607, "2023_7_26": 0.10164569215876088, "2023_7_30": 21.505324298160694, "2023_12_1": 0.00484027105517909, "2023_12_1_1": 0.03388189738625363, "2023_12_5": 0.09196515004840271, "2023_12_5_4": 0.00968054211035818, "2023_12_9": 0.07744433688286544, "2023_12_9_1": 0.029041626331074537, "2023_12_10": 0.08228460793804453, "2023_12_11": 0.0968054211035818, "2023_20_4_1": 0.1355275895450145, "2023_20_7": 0.23717328170377538, "2023_20_8": 0.26137463697967084, "2023_20_9": 6.965150048402709, "2023_26_1": 0.41142303969022265, "2023_26_3": 0.01936108422071636, "2023_26_6": 0.15972894482090996, "2023_26_7": 9.661181026137463, "2023_26_8": 26.200387221684412, "2023_26_9": 23.935140367860598, "2023_26_10": 1.3891577928363987, "2023_26_11": 1.4181994191674734, "2023_32_1": 0.20329138431752175}