{"2022_44_25_2": 0.025890637945318967, "2022_44_25_3": 0.21230323115161553, "2022_44_25_5": 0.07767191383595688, "2022_44_30": 0.21230323115161553, "2022_44_30_2": 0.02071251035625517, "2022_44_30_5": 0.18641259320629655, "2022_44_30_10": 1.5534382767191381, "2022_45_10": 0.005178127589063793, "2022_45_11": 0.05178127589063793, "2022_45_12": 1.0666942833471411, "2022_45_13": 1.6880695940347967, "2022_45_14": 0.03106876553438276, "2022_45_15": 27.910107705053843, "2023_2_0_5": 0.02071251035625517, "2023_2_10": 0.4660314830157414, "2023_2_11": 0.025890637945318967, "2023_2_12": 15.98487986743993, "2023_2_13": 0.01553438276719138, "2023_2_201": 0.005178127589063793, "2023_2_301": 0.06213753106876552, "2023_6_1": 0.08802816901408449, "2023_6_8": 17.574565037282515, "2023_6_9": 1.2789975144987569, "2023_6_11": 16.82891466445733, "2023_6_11_2": 0.07249378624689311, "2023_6_15": 0.005178127589063793, "2023_12_1": 14.224316487158239, "2023_12_1_1": 0.3055095277547638}