{"2024_21_5": 0.3359462486002239, "2024_26_3_1": 1.1433960040077797, "2024_26_4": 0.017681381505274943, "2024_26_6": 0.583485589674073, "2024_26_7": 7.709082336299875, "2024_26_8": 5.787705546059997, "2024_26_10": 1.532386397123828, "2024_26_11": 0.24753934107384917, "2024_26_20": 1.3732539635763537, "2024_27_5": 0.2652207225791241, "2024_27_10": 0.8074497554075555, "2024_27_25": 3.895797724995579, "2024_32": 0.029468969175458232, "2024_32_3": 6.318146991218246, "2024_32_4_1": 0.31826486709494894, "2024_32_4_2": 0.023575175340366586, "2024_32_5_3": 0.017681381505274943, "2024_32_5_4": 0.029468969175458232, "2024_32_6": 3.5185949195497135, "2024_32_7": 17.946602227854065, "2024_32_9": 0.1473448458772912, "2024_32_10": 38.551305475334466, "2024_32_20": 0.13555725820710787, "2024_32_20_1": 0.4302469499616902, "2024_33_15": 0.7485118170566392, "2024_33_25": 0.5363352389933399, "2024_38": 0.0058937938350916465, "2024_38_2": 7.001827076088875, "2024_38_4": 0.5422290328284315}