{"2024_26_6": 0.5598973521521053, "2024_26_7": 7.261168785722617, "2024_26_8": 5.563979937011547, "2024_26_10": 1.4522337571445232, "2024_26_11": 0.22162603522687505, "2024_26_20": 1.3239239472763324, "2024_27_5": 0.25661961973638164, "2024_27_10": 0.7465298028694739, "2024_27_25": 3.5051907150355763, "2024_32": 0.029161320424588823, "2024_32_3": 5.919748046191531, "2024_32_4_1": 0.3032777324157237, "2024_32_4_2": 0.02332905633967106, "2024_32_5_3": 0.017496792254753292, "2024_32_5_4": 0.029161320424588823, "2024_32_6": 3.061938644581826, "2024_32_7": 14.329872856642947, "2024_32_9": 0.06415490493409541, "2024_32_9_1": 0.01166452816983553, "2024_32_10": 38.358800886504135, "2024_32_20": 0.10498075352851975, "2024_32_20_1": 0.34993584509506587, "2024_33_5": 2.5720284614487348, "2024_33_15": 0.9098331972471712, "2024_33_25": 1.0323107430304446, "2024_38": 0.005832264084917765, "2024_38_2": 6.228858042692172, "2024_38_4": 0.7931879155488162, "2024_38_6": 4.963256736265017}