{"2022_40_4_1": 0.01104484205875856, "2022_44_25_2": 0.016567263088137843, "2022_44_25_3": 0.05522421029379279, "2022_44_25_5": 0.027612105146896396, "2022_44_30": 0.08835873647006848, "2022_44_30_2": 0.016567263088137843, "2022_44_30_10": 0.12149326264634414, "2022_45_11": 0.01104484205875856, "2022_45_12": 0.06074663132317207, "2022_45_13": 0.1656726308813784, "2022_45_15": 10.928871217141594, "2023_2_10": 0.1049259995582063, "2023_2_11": 0.00552242102937928, "2023_2_12": 1.0713496796995803, "2023_2_201": 0.00552242102937928, "2023_2_301": 0.01104484205875856, "2023_6_8": 0.13253810470510274, "2023_6_11": 0.25955378838082616, "2023_7_5": 0.28164347249834326, "2023_7_10": 20.32250938811575, "2023_12_1": 0.11044842058758558, "2023_12_1_1": 0.3203004197039982, "2023_12_5": 27.761210514689637, "2023_12_5_3": 0.11044842058758558, "2023_12_5_4": 0.6682129445548928, "2023_12_8": 0.09940357852882703, "2023_12_9": 35.43185332449746, "2023_12_9_1": 0.02208968411751712, "2023_12_10": 1.778219571460128}