{"2023_32_9": 0.03380091262464087, "2023_38_9": 0.05070136893696129, "2023_44_1": 0.04225114078080108, "2023_44_30_5_1": 0.025350684468480645, "2023_44_30_6": 0.025350684468480645, "2023_44_30_7": 0.008450228156160217, "2023_44_30_8": 1.6562447186074025, "2023_44_30_9": 0.04225114078080108, "2023_44_30_13": 0.05070136893696129, "2023_44_30_14": 6.4306236268379235, "2023_44_30_16": 0.025350684468480645, "2023_44_30_20": 0.05915159709312151, "2023_44_30_25": 17.787730268717254, "2023_44_30_30": 1.014027378739226, "2024_2_2_1": 0.03380091262464087, "2024_2_3": 0.016900456312320435, "2024_2_6": 0.06760182524928174, "2024_2_7": 41.33851613993578, "2024_2_7_1": 0.008450228156160217, "2024_2_8": 3.1434848740916004, "2024_2_12": 0.07605205340544195, "2024_2_13": 0.4901132330572925, "2024_3_6": 5.484198073347981, "2024_8_3": 0.2619570728409667, "2024_8_4": 8.644583403751902, "2024_8_7": 13.18235592360994}