{"2023_12_5": 0.06404611320150509, "2023_12_9": 0.05604034905131695, "2023_12_9_1": 0.02001441037547034, "2023_12_10": 0.08005764150188135, "2023_12_11": 0.06804899527659916, "2023_20_4_1": 0.10407493395244574, "2023_20_7": 0.08406052357697544, "2023_20_8": 0.14010087262829238, "2023_20_9": 3.0622047874469622, "2023_26_1": 0.17212392922904493, "2023_26_3": 0.012008646225282204, "2023_26_6": 0.05604034905131695, "2023_26_7": 2.25362260827796, "2023_26_8": 4.515250980706109, "2023_26_9": 6.2605075654471225, "2023_26_10": 0.5003602593867584, "2023_26_11": 0.3882795612841246, "2023_26_12": 0.7565447121927787, "2023_27_6": 21.80369866303739, "2023_32_1": 0.4283083820350652, "2023_32_4": 4.142982947722361, "2023_32_6": 18.701465054839485, "2023_32_7": 35.741734048514935, "2023_32_9": 0.5363861980626051, "2023_38": 0.004002882075094068, "2023_38_1": 0.048034584901128816}