{"2022_44_30": 0.04016294681278328, "2022_44_30_2": 0.011475127660795226, "2022_44_30_5": 0.011475127660795226, "2022_44_30_10": 0.0918010212863618, "2022_45_12": 0.06311320213437376, "2022_45_13": 0.10901371277755463, "2022_45_15": 1.881920936370417, "2023_2_10": 0.06885076596477135, "2023_2_12": 0.33851626599345913, "2023_2_301": 0.011475127660795226, "2023_6_8": 0.06885076596477135, "2023_6_9": 0.005737563830397613, "2023_6_11": 0.786046244764473, "2023_7_5": 0.0459005106431809, "2023_7_10": 28.205863790234666, "2023_7_15": 1.807332606575248, "2023_12_1": 0.0459005106431809, "2023_12_1_1": 0.14343909575994032, "2023_12_5": 14.653738022835505, "2023_12_5_3": 0.005737563830397613, "2023_12_5_4": 0.6598198404957255, "2023_12_8": 0.005737563830397613, "2023_12_9": 25.9624763325492, "2023_12_9_1": 17.052039703941706, "2023_12_10": 2.2778128406678517, "2023_12_11": 1.2221010958746916, "2023_20_4_1": 4.42366171323656}