{"2024_27_25": 2.882021093941624, "2024_32": 0.030659798871719404, "2024_32_3": 5.083394652931077, "2024_32_4_1": 0.22075055187637974, "2024_32_4_2": 0.02452783909737552, "2024_32_5_3": 0.018395879323031643, "2024_32_5_4": 0.02452783909737552, "2024_32_6": 2.422124110865833, "2024_32_7": 7.382879568310033, "2024_32_9": 0.03679175864606329, "2024_32_9_1": 0.00613195977434388, "2024_32_10": 15.979887171940154, "2024_32_20": 0.07971547706647047, "2024_32_20_1": 0.20848663232769193, "2024_33_5": 18.512386558744176, "2024_33_15": 0.3924454255580083, "2024_33_25": 0.20235467255334808, "2024_33_30": 0.01226391954868776, "2024_33_35": 8.1187147412313, "2024_33_40": 0.4598969830757911, "2024_38": 0.00613195977434388, "2024_38_2": 1.483934265391219, "2024_38_4": 0.15329899435859703, "2024_38_6": 1.7169487368162868, "2024_38_7": 5.6843267108167765, "2024_39_5": 1.1957321559970568, "2024_44_1": 0.2268825116507236, "2024_44_3": 0.9381898454746138, "2024_44_3_1": 25.6009320578857, "2024_44_4": 0.10424331616384597, "2024_44_25_2": 0.7910228108903605}