{"2023_38_6": 6.193304784270387, "2023_38_8": 0.15195468987429206, "2023_38_9": 3.168025049500392, "2023_38_9_1": 0.1795828153059815, "2023_44_1": 13.533176773955885, "2023_44_9_2": 0.009209375143896489, "2023_44_25": 0.0046046875719482445, "2023_44_30_1": 0.16116406501818853, "2023_44_30_2": 0.4328406317631349, "2023_44_30_3": 0.009209375143896489, "2023_44_30_4": 0.2716765667449464, "2023_44_30_5_1": 4.922411014412672, "2023_44_30_6": 0.9715890776810794, "2023_44_30_7": 0.8334484505226318, "2023_44_30_8": 25.293548832711704, "2023_44_30_9": 7.57471105585486, "2023_44_30_10": 0.0046046875719482445, "2023_44_30_12": 0.018418750287792978, "2023_44_30_13": 0.3545609430400148, "2023_44_30_14": 11.184786112262284, "2023_44_30_20": 0.04144218814753419, "2024_2_2": 0.1059078141548096, "2024_2_2_1": 11.396601740571903, "2024_2_3": 6.220932909702077, "2024_2_6": 6.962287608785744}