{"2022_44_30": 0.015806111696522653, "2022_44_30_5": 0.01053740779768177, "2022_44_30_10": 0.0684931506849315, "2022_45_12": 0.0368809272918862, "2022_45_13": 0.06322444678609061, "2022_45_15": 1.2170706006322445, "2023_2_10": 0.026343519494204423, "2023_2_12": 0.20547945205479454, "2023_2_301": 0.01053740779768177, "2023_6_8": 0.06322444678609061, "2023_6_11": 0.1475237091675448, "2023_7_5": 0.031612223393045306, "2023_7_10": 7.376185458377238, "2023_7_15": 4.578503688092729, "2023_7_20": 18.061116965226557, "2023_12_1": 0.026343519494204423, "2023_12_1_1": 0.06322444678609061, "2023_12_5": 4.46259220231823, "2023_12_5_4": 0.44783983140147515, "2023_12_8": 0.005268703898840885, "2023_12_9": 7.9820864067439405, "2023_12_9_1": 2.8029504741833513, "2023_12_10": 1.285563751317176, "2023_12_11": 3.5511064278187563, "2023_20_4_1": 47.4604847207587}