{"2023_38_6": 6.653873830654833, "2023_38_8": 0.15831134564643798, "2023_38_9": 3.5164307987526984, "2023_38_9_1": 0.1918925401775006, "2023_44_1": 15.380187095226672, "2023_44_9_1": 0.009594627008875029, "2023_44_9_2": 0.014391940513312546, "2023_44_25": 0.004797313504437514, "2023_44_30_1": 0.20628448069081312, "2023_44_30_2": 0.5181098584792517, "2023_44_30_3": 0.009594627008875029, "2023_44_30_4": 0.36939313984168864, "2023_44_30_5_1": 5.924682177980331, "2023_44_30_6": 1.213720316622691, "2023_44_30_7": 1.026625089949628, "2023_44_30_8": 41.35763972175582, "2023_44_30_9": 12.367474214439913, "2023_44_30_10": 0.004797313504437514, "2023_44_30_12": 0.028783881026625092, "2023_44_30_13": 0.30223075077956346, "2024_2_2": 0.26385224274406327, "2024_2_2_1": 10.477332693691533}