{"2022_36_6": 0.15889609031988292, "2022_36_20": 0.23834413547982433, "2022_40_4": 0.025088856366297298, "2022_40_4_1": 0.11708132970938742, "2022_40_4_2": 0.12962575789253605, "2022_40_4_10": 0.025088856366297298, "2022_44_2": 0.17562199456408112, "2022_44_2_8": 0.00418147606104955, "2022_44_25_1": 0.6355843612795317, "2022_44_25_2": 1.505331381977838, "2022_44_25_3": 5.6115408739284955, "2022_44_25_5": 3.0901108091156178, "2022_44_30": 4.00167259042442, "2022_44_30_1": 0.4599623667154505, "2022_44_30_2": 0.08781099728204056, "2022_44_30_5": 4.796153042023834, "2022_44_30_8": 0.0167259042441982, "2022_44_30_10": 23.495713987037423, "2022_45_10": 0.02090738030524775, "2022_45_11": 0.9241062094919505, "2023_2_0_5": 0.5812251724858875, "2023_2_10": 5.3397449299602755, "2023_2_11": 0.790298975538365, "2023_2_12": 45.03449717750366, "2023_2_13": 0.0083629521220991, "2023_2_201": 0.04599623667154506, "2023_6_1": 1.634957139870374, "2023_6_8": 1.0453690152623878}