{"2023_26_9": 0.06947017413856985, "2023_26_12": 0.7132271211559837, "2023_27_6": 0.0602074842534272, "2023_27_7": 8.600407558354947, "2023_27_12": 3.2743608743979253, "2023_32_4": 0.08336420896628381, "2023_32_6": 0.11115227862171174, "2023_32_7": 0.16672841793256762, "2023_32_9": 1.1948869951834016, "2023_38_1": 0.004631344942571323, "2023_38_4": 0.013894034827713968, "2023_38_6": 7.252686180066692, "2023_38_8": 0.17599110781771027, "2023_38_9": 4.001482030381623, "2023_38_9_1": 0.3149314560948499, "2023_44_1": 19.294183030752134, "2023_44_25": 0.004631344942571323, "2023_44_30_1": 0.34735087069284926, "2023_44_30_2": 0.9911078177102631, "2023_44_30_3": 0.013894034827713968, "2023_44_30_4": 0.7965913301222675, "2023_44_30_5_1": 33.16969247869581, "2023_44_30_6": 5.386254168210448, "2023_44_30_7": 11.9025565024083, "2023_44_30_8": 2.0424231196739537, "2023_44_30_10": 0.013894034827713968}