{"2023_44_1": 12.571428571428573, "2023_44_30_1": 0.1322314049586777, "2023_44_30_2": 0.39669421487603307, "2023_44_30_3": 0.009445100354191263, "2023_44_30_4": 0.2502951593860685, "2023_44_30_5_1": 4.354191263282172, "2023_44_30_6": 0.8264462809917353, "2023_44_30_7": 0.755608028335301, "2023_44_30_8": 19.787485242030698, "2023_44_30_9": 4.472255017709563, "2023_44_30_10": 0.004722550177095631, "2023_44_30_12": 0.014167650531286895, "2023_44_30_13": 0.38724911452184185, "2023_44_30_14": 13.322314049586776, "2023_44_30_16": 0.05667060212514758, "2023_44_30_20": 0.358913813459268, "2023_44_30_25": 0.03305785123966942, "2024_2_2": 0.08028335301062575, "2024_2_2_1": 5.010625737898465, "2024_2_3": 1.3128689492325856, "2024_2_6": 2.1723730814639906, "2024_2_7": 30.965761511216055, "2024_2_8": 2.3376623376623376, "2024_8_3": 0.38724911452184185}