{"2024_2_6": 0.03019095780813647, "2024_2_7": 0.11321609178051174, "2024_2_8": 0.015095478904068234, "2024_3_10": 0.052834176164238814, "2024_3_15": 0.12076383123254587, "2024_3_25": 0.966110649860367, "2024_8_7": 0.052834176164238814, "2024_8_9": 0.18869348630085292, "2024_14_3": 0.007547739452034117, "2024_14_5": 0.007547739452034117, "2024_14_6": 0.16605026794475056, "2024_14_7": 0.0452864367122047, "2024_14_8": 0.3094573175333987, "2024_14_9": 18.2730772133746, "2024_14_11": 0.007547739452034117, "2024_15_15": 5.140010566835233, "2024_20_1": 2.60397011095177, "2024_20_3": 1.7586232923239489, "2024_20_6": 0.2792663597252623, "2024_20_6_1": 0.015095478904068234, "2024_20_6_2": 2.7020907238282135, "2024_20_7": 21.1940523813118, "2024_20_8": 0.15850252849271643, "2024_20_9": 37.74624499962261, "2024_20_9_1": 0.02264321835610235, "2024_20_10": 1.879387123556495, "2024_20_15": 2.3247037512265076, "2024_26_1": 0.08302513397237528, "2024_26_3_1": 3.7361310287568874}