{"2023_38_6": 6.309118866781603, "2023_38_8": 0.15376729882111737, "2023_38_9": 3.2291132752434644, "2023_38_9_1": 0.18638460463165743, "2023_44_1": 13.83439727878477, "2023_44_9_1": 0.004659615115791435, "2023_44_9_2": 0.00931923023158287, "2023_44_25": 0.004659615115791435, "2023_44_30_1": 0.1630865290527002, "2023_44_30_2": 0.43800382088439493, "2023_44_30_3": 0.00931923023158287, "2023_44_30_4": 0.2795769069474861, "2023_44_30_5_1": 5.074320861096872, "2023_44_30_6": 1.0111364801267415, "2023_44_30_7": 0.8620287964214155, "2023_44_30_8": 26.680956153021757, "2023_44_30_9": 8.401286053771956, "2023_44_30_10": 0.004659615115791435, "2023_44_30_12": 0.02329807557895718, "2023_44_30_13": 0.35879036391594055, "2023_44_30_14": 9.556870602488234, "2023_44_30_15": 0.004659615115791435, "2024_2_2": 0.11649037789478588, "2024_2_2_1": 12.198872373141976, "2024_2_3": 5.647453520339218, "2024_2_6": 5.4377708401286045}