{"2023_7_20": 0.033017829627999117, "2023_7_30": 0.07704160246533129, "2023_12_9": 0.016508914813999558, "2023_12_9_1": 0.01100594320933304, "2023_20_4_1": 0.02201188641866608, "2023_20_7": 0.01100594320933304, "2023_20_9": 0.027514858023332603, "2023_26_3": 0.00550297160466652, "2023_26_7": 0.01100594320933304, "2023_26_8": 0.06053268765133171, "2023_26_9": 0.07153863086066475, "2023_26_10": 0.00550297160466652, "2023_26_11": 0.00550297160466652, "2023_26_12": 0.7759189962579792, "2023_27_6": 0.14858023332599601, "2023_27_7": 25.566806075280645, "2023_27_12": 2.404798591239269, "2023_31_600": 0.00550297160466652, "2023_32_4": 0.17059211974466212, "2023_32_6": 0.137574290116663, "2023_32_7": 0.24763372220999338, "2023_32_9": 2.4323134492626015, "2023_38_1": 0.00550297160466652, "2023_38_4": 0.016508914813999558, "2023_38_6": 18.198327096632177, "2023_38_8": 0.401716927140656, "2023_38_9": 11.660796830288355, "2023_44_1": 37.469733656174334}