{"2023_38_9_1": 0.035498757543485984, "2023_44_30_14": 0.035498757543485984, "2023_44_30_30": 0.07099751508697197, "2024_8_9": 0.035498757543485984, "2024_14_9": 0.035498757543485984, "2024_15_15": 0.035498757543485984, "2024_20_6_2": 0.035498757543485984, "2024_26_8": 0.21299254526091588, "2024_32_6": 0.07099751508697197, "2024_32_7": 0.3904863329783458, "2024_32_10": 0.6744763933262338, "2024_33_5": 0.6034788782392617, "2024_33_35": 0.2484913028044019, "2024_33_40": 0.07099751508697197, "2024_38_2": 0.035498757543485984, "2024_38_6": 0.14199503017394394, "2024_38_7": 0.31948881789137384, "2024_39_5": 0.035498757543485984, "2024_39_15": 0.14199503017394394, "2024_44_3_1": 0.6389776357827477, "2024_44_4": 1.845935392261271, "2024_44_25_2": 17.713880014199503, "2024_44_25_3": 0.3549875754348598, "2024_44_25_4": 3.336883209087683, "2024_45_25_5": 13.631522896698616, "2024_45_25_6": 3.5143769968051117, "2024_45_25_10": 0.4614838480653177, "2024_45_25_15": 8.768193113241036, "2024_45_32": 7.596734114306, "2024_45_32_1": 12.069577564785233, "2024_45_32_2": 23.74866879659212, "2024_45_32_5": 0.3549875754348598, "2024_45_32_6": 0.7099751508697196, "2025_2": 2.0234291799787005}