{"2024_26_20": 1.392885168715669, "2024_27_5": 0.2681140465602931, "2024_27_10": 0.7585665707559511, "2024_27_25": 3.531258174208738, "2024_32": 0.03269683494637721, "2024_32_3": 6.10776876798326, "2024_32_4_1": 0.28119278053884394, "2024_32_4_2": 0.026157467957101763, "2024_32_5_3": 0.019618100967826322, "2024_32_5_4": 0.03269683494637721, "2024_32_6": 3.008108815066703, "2024_32_7": 11.34580172639289, "2024_32_9": 0.04577556892492809, "2024_32_9_1": 0.11770860580695792, "2024_32_10": 24.633795448600587, "2024_32_20": 0.1111692388176825, "2024_32_20_1": 0.3204289824744966, "2024_33_5": 19.193042113523422, "2024_33_15": 1.1640073240910285, "2024_33_25": 0.4119801203243527, "2024_33_30": 0.026157467957101763, "2024_33_35": 7.552968872613134, "2024_38": 0.006539366989275441, "2024_38_2": 3.354695265498301, "2024_38_4": 0.2877321475281194, "2024_38_6": 8.501177086058071, "2024_38_7": 7.35678786293487, "2024_44_1": 0.1111692388176825}