{"2023_2_12": 0.24614302668014595, "2023_6_8": 0.052744934288602704, "2023_6_11": 0.07032657905147026, "2023_7_5": 0.02197705595358446, "2023_7_10": 3.0943694782646913, "2023_7_15": 1.6131159069930991, "2023_7_20": 23.7571974858248, "2023_7_25": 0.004395411190716891, "2023_7_26": 0.2900971385873148, "2023_12_1": 0.008790822381433782, "2023_12_1_1": 0.06593116786075337, "2023_12_5": 2.096611137971957, "2023_12_5_4": 0.25932926025229663, "2023_12_8": 0.004395411190716891, "2023_12_9": 3.7448903344907922, "2023_12_9_1": 0.892268471715529, "2023_12_10": 0.5406355764581777, "2023_12_11": 2.065843259636939, "2023_20_4_1": 7.388686211595095, "2023_20_6": 0.13625774691222364, "2023_20_7": 6.281042591534438, "2023_20_8": 4.307502966902554, "2023_20_9": 37.01815304821766, "2023_26_1": 5.898641817942068, "2023_26_3": 0.14065315810294052}