{"2023_38_6": 6.365041450049177, "2023_38_8": 0.1545595054095827, "2023_38_9": 3.2738513418575232, "2023_38_9_1": 0.1873448550419184, "2023_44_1": 14.11643482740855, "2023_44_9_1": 0.00468362137604796, "2023_44_9_2": 0.00936724275209592, "2023_44_25": 0.00468362137604796, "2023_44_30_1": 0.16861036953772657, "2023_44_30_2": 0.4543112734766521, "2023_44_30_3": 0.00936724275209592, "2023_44_30_4": 0.2950681466910215, "2023_44_30_5_1": 5.255023183925811, "2023_44_30_6": 1.0538148096107909, "2023_44_30_7": 0.8805208186970165, "2023_44_30_8": 29.235164629291365, "2023_44_30_9": 10.318017891433657, "2023_44_30_10": 0.00468362137604796, "2023_44_30_12": 0.0234181068802398, "2023_44_30_13": 0.3606388459556929, "2023_44_30_14": 5.896679312444382, "2023_44_30_15": 0.00468362137604796, "2024_2_2": 0.1264577771532949, "2024_2_2_1": 13.802632195213338, "2024_2_3": 6.29010350803241, "2024_2_6": 1.7048381808814577}