{"2022_45_12": 0.02880875786239017, "2022_45_13": 0.04321313679358526, "2022_45_15": 0.8114466797906564, "2023_2_10": 0.014404378931195085, "2023_2_12": 0.12963941038075577, "2023_2_301": 0.009602919287463391, "2023_6_8": 0.033610217506121864, "2023_6_11": 0.07682335429970713, "2023_7_5": 0.02880875786239017, "2023_7_10": 4.484563307245403, "2023_7_15": 2.54957507082153, "2023_7_20": 22.485235511595526, "2023_7_25": 0.019205838574926783, "2023_12_1": 0.009602919287463391, "2023_12_1_1": 0.038411677149853565, "2023_12_5": 2.7128246987084075, "2023_12_5_4": 0.35530801363614545, "2023_12_8": 0.004801459643731696, "2023_12_9": 5.07034138378067, "2023_12_9_1": 1.368415998463533, "2023_12_10": 0.7490277044221444, "2023_12_11": 3.0489268737696267, "2023_20_4_1": 21.352091035674846, "2023_20_6": 0.8258510587218515, "2023_20_7": 33.7206510779277, "2023_20_8": 0.024007298218658473, "2023_26": 0.004801459643731696}