{"2022_40_4": 0.016132501613250156, "2022_40_4_1": 0.08066250806625079, "2022_40_4_2": 0.06453000645300062, "2022_44_2": 0.12906001290600125, "2022_44_25_1": 0.06453000645300062, "2022_44_25_2": 0.16132501613250158, "2022_44_25_3": 0.715207571520757, "2022_44_25_5": 1.3820176382017633, "2022_44_30": 0.5377500537750052, "2022_44_30_1": 0.05915250591525058, "2022_44_30_2": 0.11292751129275108, "2022_44_30_5": 2.08647020864702, "2022_44_30_10": 22.365024736502466, "2022_45_10": 0.016132501613250156, "2022_45_11": 0.38718003871800377, "2022_45_12": 7.135943213594318, "2023_2_0_5": 0.05915250591525058, "2023_2_10": 1.145407614540761, "2023_2_11": 0.17745751774575172, "2023_2_12": 29.52785545278554, "2023_2_13": 0.02151000215100021, "2023_2_201": 0.02688750268875026, "2023_2_301": 0.1344375134437513, "2023_6_1": 0.623790062379006, "2023_6_8": 29.33964293396428, "2023_6_9": 3.6298128629812854}