{"2024_26_8": 5.822109117993917, "2024_26_10": 1.5144932034014025, "2024_26_11": 0.23586369561169385, "2024_26_20": 1.3406989013717336, "2024_27_5": 0.2606914530445038, "2024_27_10": 0.7758674197753088, "2024_27_25": 3.5441623735336103, "2024_32": 0.03103469679101235, "2024_32_3": 6.051765874247407, "2024_32_4_1": 0.304140028551921, "2024_32_4_2": 0.024827757432809877, "2024_32_5_3": 0.018620818074607408, "2024_32_5_4": 0.03103469679101235, "2024_32_6": 3.0538141642356154, "2024_32_7": 12.500775867419774, "2024_32_9": 0.05586245422382223, "2024_32_9_1": 0.14275960523865683, "2024_32_10": 30.531934702997955, "2024_32_20": 0.10551796908944198, "2024_32_20_1": 0.3351747253429334, "2024_33_5": 14.896654459685928, "2024_33_15": 1.0365588728198125, "2024_33_25": 1.2103531748494818, "2024_33_30": 0.10551796908944198, "2024_38": 0.006206939358202469, "2024_38_2": 4.6303767612190425, "2024_38_4": 0.49034820929799505, "2024_38_6": 10.942834088510956}