{"2024_20_10": 0.05597014925373134, "2024_20_15": 0.27985074626865664, "2024_21_5": 0.38557213930348255, "2024_26_3_1": 1.3432835820895521, "2024_26_4": 0.018656716417910446, "2024_26_6": 0.6840796019900497, "2024_26_7": 9.16044776119403, "2024_26_8": 6.847014925373133, "2024_26_10": 1.983830845771144, "2024_26_11": 0.27985074626865664, "2024_26_20": 1.610696517412935, "2024_27_5": 0.33582089552238803, "2024_27_10": 1.2686567164179103, "2024_27_25": 5.485074626865671, "2024_32": 0.031094527363184073, "2024_32_3": 8.333333333333332, "2024_32_4_1": 0.4228855721393034, "2024_32_4_2": 0.031094527363184073, "2024_32_5_3": 0.02487562189054726, "2024_32_5_4": 0.04975124378109452, "2024_32_6": 5.348258706467662, "2024_32_7": 31.909203980099498, "2024_32_9": 0.18034825870646765, "2024_32_10": 22.730099502487562, "2024_32_20": 0.2052238805970149, "2024_32_20_1": 0.97636815920398, "2024_38": 0.018656716417910446}