{"2024_27_5": 0.23863269912931312, "2024_27_10": 0.7287971622057401, "2024_27_25": 3.3279587229925833, "2024_32": 0.032247662044501774, "2024_32_3": 5.811028700419219, "2024_32_4_1": 0.2644308287649145, "2024_32_4_2": 0.025798129635601418, "2024_32_5_3": 0.01934859722670106, "2024_32_5_4": 0.025798129635601418, "2024_32_6": 2.837794259916156, "2024_32_7": 9.377620122541115, "2024_32_9": 0.04514672686230248, "2024_32_9_1": 0.032247662044501774, "2024_32_10": 22.515317639471135, "2024_32_20": 0.10319251854240567, "2024_32_20_1": 0.2966784908094163, "2024_33_5": 21.786520477265398, "2024_33_15": 1.2383102225088678, "2024_33_25": 0.3031280232183166, "2024_33_30": 0.01934859722670106, "2024_33_35": 8.590777168655274, "2024_38": 0.0064495324089003546, "2024_38_2": 2.1928410190261207, "2024_38_4": 0.21928410190261205, "2024_38_6": 2.895840051596259, "2024_38_7": 15.324089003547241, "2024_44_1": 0.9351821992905512, "2024_44_3": 0.8061915511125441}