{"2022_44_25_2": 0.016049646907768028, "2022_44_25_3": 0.05884870532848278, "2022_44_25_5": 0.026749411512946717, "2022_44_30": 0.053498823025893434, "2022_44_30_5": 0.010699764605178685, "2022_44_30_10": 0.10164776374919753, "2022_45_11": 0.005349882302589343, "2022_45_12": 0.05884870532848278, "2022_45_13": 0.14444682216991225, "2022_45_15": 5.692274769955062, "2023_2_10": 0.10164776374919753, "2023_2_11": 0.005349882302589343, "2023_2_12": 0.545687994864113, "2023_2_301": 0.010699764605178685, "2023_6_8": 0.1390969398673229, "2023_6_11": 0.7329338754547401, "2023_7_5": 0.187245880590627, "2023_7_10": 25.593836935587415, "2023_12_1": 0.09094799914401883, "2023_12_1_1": 0.2942435266424139, "2023_12_5": 25.096297881446606, "2023_12_5_3": 0.10699764605178687, "2023_12_5_4": 0.6901348170340253, "2023_12_8": 0.08024823453884014, "2023_12_9": 37.75411940937299, "2023_12_9_1": 0.4172908196019688, "2023_12_10": 1.9527070404451101, "2023_12_11": 0.032099293815536056}