{"2024_32_9_1": 0.01422576285653318, "2024_32_10": 16.167579486449963, "2024_32_20": 0.09246745856746567, "2024_32_20_1": 0.2276122057045309, "2024_33_5": 15.975531687886763, "2024_33_15": 0.4481115299807952, "2024_33_25": 0.18493491713493135, "2024_33_30": 0.01422576285653318, "2024_33_35": 6.245109894018067, "2024_33_40": 0.8037556013941247, "2024_38": 0.00711288142826659, "2024_38_2": 1.579059677075183, "2024_38_4": 0.17782203570666477, "2024_38_6": 1.756881712781848, "2024_38_7": 4.865210896934348, "2024_39_5": 0.9602389928159897, "2024_39_15": 0.2062735614197311, "2024_44_1": 0.21338644284799768, "2024_44_3": 0.782416957109325, "2024_44_3_1": 19.908955117718186, "2024_44_4": 0.6259335656874598, "2024_44_25_2": 13.18728216800626, "2024_44_25_3": 0.43388576712426197, "2024_44_25_4": 0.6686108542570595, "2024_45_25_5": 3.570666476989828, "2024_45_25_6": 0.8393200085354577, "2024_45_25_10": 0.2916281385589302, "2024_45_25_15": 0.3129667828437299, "2024_45_32": 4.274841738388221, "2024_45_32_1": 5.163951916921545}