{"2022_40_4_1": 0.011239743733842868, "2022_44_25_2": 0.0168596156007643, "2022_44_25_3": 0.05057884680229291, "2022_44_25_5": 0.056198718669214345, "2022_44_30": 0.08991794987074295, "2022_44_30_2": 0.0168596156007643, "2022_44_30_5": 0.011239743733842868, "2022_44_30_10": 0.1910756434753288, "2022_45_11": 0.022479487467685737, "2022_45_12": 0.10677756547150725, "2022_45_13": 0.25851410587838597, "2022_45_15": 30.4653253905811, "2023_2_0_5": 0.0168596156007643, "2023_2_10": 0.19669551534225024, "2023_2_11": 0.011239743733842868, "2023_2_12": 1.5510846352703158, "2023_2_13": 0.0168596156007643, "2023_2_201": 0.005619871866921434, "2023_2_301": 0.011239743733842868, "2023_6_8": 0.4327301337529505, "2023_6_9": 0.03933910306845004, "2023_6_11": 0.6743846240305721, "2023_6_11_2": 0.005619871866921434, "2023_7_5": 0.9047993705743509, "2023_12_1": 0.606946161627515, "2023_12_1_1": 3.945150050578847, "2023_12_5": 42.18837810497921, "2023_12_5_3": 0.6800044958974936, "2023_12_8": 0.2528942340114646, "2023_12_9": 17.163088681578063}