{"2023_32_4": 0.08297540023428349, "2023_32_6": 0.10249902381882076, "2023_32_7": 0.14642717688402968, "2023_32_9": 1.1470128855915658, "2023_38_1": 0.004880905896134323, "2023_38_4": 0.014642717688402966, "2023_38_6": 6.989457243264349, "2023_38_8": 0.17083170636470127, "2023_38_9": 3.7631784459195625, "2023_38_9_1": 0.21964076532604448, "2023_44_1": 16.804959000390475, "2023_44_9_1": 0.009761811792268645, "2023_44_25": 0.004880905896134323, "2023_44_30_1": 0.23428348301444746, "2023_44_30_2": 0.6101132370167903, "2023_44_30_3": 0.009761811792268645, "2023_44_30_4": 0.409996095275283, "2023_44_30_5_1": 7.301835220616947, "2023_44_30_6": 1.4642717688402966, "2023_44_30_7": 1.3276064037485358, "2023_44_30_8": 47.03240921515033, "2023_44_30_9": 11.99238578680203, "2023_44_30_10": 0.004880905896134323, "2023_44_30_12": 0.014642717688402966, "2023_44_30_13": 0.13666536509176103}