{"2024_14_7": 0.04068348250610251, "2024_14_8": 0.1288310279359913, "2024_14_9": 2.508814754542988, "2024_15_15": 3.851369677244372, "2024_20_1": 0.6644968809330078, "2024_20_3": 0.20341741253051257, "2024_20_6": 0.006780580417683751, "2024_20_6_2": 0.13561160835367506, "2024_20_7": 2.5291564957960393, "2024_20_8": 0.013561160835367502, "2024_20_9": 8.082451857879034, "2024_20_9_1": 0.006780580417683751, "2024_20_10": 0.11526986710062377, "2024_20_15": 0.37293192297260636, "2024_21_5": 0.5966910767561702, "2024_26_1": 0.006780580417683751, "2024_26_3_1": 2.061296446975861, "2024_26_4": 0.020341741253051254, "2024_26_6": 1.1052346080824516, "2024_26_7": 26.193382153512335, "2024_26_8": 23.732031461893133, "2024_26_10": 5.7906156767019255, "2024_26_11": 1.1459180905885542, "2024_26_20": 4.665039327366422, "2024_27_5": 1.8850013561160832, "2024_27_10": 0.37971250339029017, "2024_32": 0.08136696501220501, "2024_32_3": 13.676430702468128}