{"2024_26_6": 0.5597994052131321, "2024_26_7": 7.259898536357808, "2024_26_8": 5.5571753455011965, "2024_26_10": 1.4519797072715617, "2024_26_11": 0.22158726456353145, "2024_26_20": 1.3236923435768853, "2024_27_5": 0.2565747273893523, "2024_27_10": 0.7463992069508428, "2024_27_25": 3.498746282582076, "2024_32": 0.029156219021517295, "2024_32_3": 5.901218729955101, "2024_32_4_1": 0.2973934340194765, "2024_32_4_2": 0.02332497521721384, "2024_32_5_3": 0.017493731412910378, "2024_32_5_4": 0.029156219021517295, "2024_32_6": 3.055571753455013, "2024_32_7": 14.234066126304745, "2024_32_9": 0.06414368184733807, "2024_32_9_1": 0.01166248760860692, "2024_32_10": 38.35209050090385, "2024_32_20": 0.10496238847746227, "2024_32_20_1": 0.3498746282582076, "2024_33_5": 2.5949034929150394, "2024_33_15": 0.9096740334713398, "2024_33_25": 1.037961397166016, "2024_38": 0.00583124380430346, "2024_38_2": 6.111143506910026, "2024_38_4": 0.7697241821680567, "2024_38_6": 5.2247944486559}