{"2024_20_10": 0.05609224057338734, "2024_20_15": 0.2804612028669367, "2024_21_5": 0.39264568401371136, "2024_26_3_1": 1.3524462449361168, "2024_26_4": 0.018697413524462445, "2024_26_6": 0.6855718292302897, "2024_26_7": 9.211592396385166, "2024_26_8": 6.874415705827359, "2024_26_10": 2.0006232471174816, "2024_26_11": 0.2804612028669367, "2024_26_20": 1.6204425054534122, "2024_27_5": 0.336553443440324, "2024_27_10": 1.3088189467123712, "2024_27_25": 5.621688999688375, "2024_32": 0.031162355874104077, "2024_32_3": 8.513555624805234, "2024_32_4_1": 0.43004051106263635, "2024_32_4_2": 0.03739482704892489, "2024_32_5_3": 0.024929884699283266, "2024_32_5_4": 0.04985976939856653, "2024_32_6": 5.478342162667496, "2024_32_7": 31.667186039264568, "2024_32_10": 22.536615768152068, "2024_32_20": 0.20567154876908691, "2024_32_20_1": 0.9660330320972262, "2024_38": 0.018697413524462445}