{"2023_20_4_1": 0.020901917750953652, "2023_20_7": 0.01567643831321524, "2023_20_9": 0.03135287662643048, "2023_26_7": 0.010450958875476826, "2023_26_8": 0.07315671212833777, "2023_26_9": 0.06793123269059936, "2023_26_10": 0.005225479437738413, "2023_26_11": 0.005225479437738413, "2023_26_12": 0.7576945184720698, "2023_27_6": 0.10450958875476828, "2023_27_7": 19.323822960756647, "2023_27_12": 8.49662956576266, "2023_32_4": 0.14108794481893716, "2023_32_6": 0.11496054763024507, "2023_32_7": 0.21947013638501334, "2023_32_9": 2.0065841040915506, "2023_38_1": 0.005225479437738413, "2023_38_4": 0.010450958875476826, "2023_38_6": 11.95067147410775, "2023_38_8": 0.32920520457752, "2023_38_9": 9.191618330981868, "2023_38_9_1": 0.16198986256989079, "2023_44_1": 46.945707268641904, "2023_44_25": 0.005225479437738413, "2023_44_25_1": 0.005225479437738413}