{"2023_38_6": 6.519982892173169, "2023_38_8": 0.15682174594877157, "2023_38_9": 3.4358218885139955, "2023_38_9_1": 0.19008696478638976, "2023_44_1": 14.969348476928197, "2023_44_9_1": 0.004752174119659744, "2023_44_9_2": 0.009504348239319489, "2023_44_25": 0.004752174119659744, "2023_44_30_1": 0.19483913890604954, "2023_44_30_2": 0.4942261084446135, "2023_44_30_3": 0.009504348239319489, "2023_44_30_4": 0.34215653661550166, "2023_44_30_5_1": 5.6931045953523745, "2023_44_30_6": 1.1357696145986789, "2023_44_30_7": 0.9504348239319489, "2023_44_30_8": 35.532005892695906, "2023_44_30_9": 11.52402224017488, "2023_44_30_10": 0.004752174119659744, "2023_44_30_12": 0.02851304471795846, "2023_44_30_13": 0.3374043624958418, "2024_2_2": 0.18533479066673006, "2024_2_2_1": 17.578292068621398, "2024_2_3": 0.6985695955899826}