{"2024_26_10": 1.5997366688610932, "2024_26_11": 0.25016458196181707, "2024_26_20": 1.4219881500987495, "2024_27_5": 0.2764976958525346, "2024_27_10": 0.8229098090849245, "2024_27_25": 3.752468729427255, "2024_32": 0.03291639236339697, "2024_32_3": 6.4055299539170525, "2024_32_4_1": 0.32258064516129037, "2024_32_4_2": 0.02633311389071758, "2024_32_5_3": 0.019749835418038184, "2024_32_5_4": 0.03291639236339697, "2024_32_6": 3.232389730085583, "2024_32_7": 13.219223173140227, "2024_32_9": 0.06583278472679394, "2024_32_9_1": 0.15141540487162608, "2024_32_10": 31.797235023041477, "2024_32_20": 0.11191573403554972, "2024_32_20_1": 0.35549703752468736, "2024_33_5": 16.491112574061887, "2024_33_15": 1.0994075049374592, "2024_33_25": 1.2771560236998027, "2024_33_30": 0.11191573403554972, "2024_33_35": 0.019749835418038184, "2024_38": 0.006583278472679395, "2024_38_2": 4.904542462146149, "2024_38_4": 0.5003291639236341, "2024_38_6": 11.691902567478605}