{"2024_8_7": 0.04633562437253842, "2024_8_9": 0.15445208124179474, "2024_14_3": 0.02316781218626921, "2024_14_6": 0.09267124874507685, "2024_14_7": 0.015445208124179474, "2024_14_8": 0.11583906093134606, "2024_14_9": 4.208819213838907, "2024_14_11": 0.007722604062089737, "2024_15_15": 4.3323808788323435, "2024_20_1": 0.8572090508919608, "2024_20_3": 0.28573635029732025, "2024_20_6": 0.015445208124179474, "2024_20_6_2": 0.21623291373851264, "2024_20_7": 3.5215074523129197, "2024_20_8": 0.02316781218626921, "2024_20_9": 13.22109815429763, "2024_20_9_1": 0.02316781218626921, "2024_20_10": 0.14672947717970503, "2024_20_15": 0.4942466599737432, "2024_21_5": 0.8880994671403198, "2024_26_1": 0.02316781218626921, "2024_26_3_1": 4.038921924472932, "2024_26_4": 0.02316781218626921, "2024_26_6": 2.007877056143332, "2024_26_7": 51.67194377944243, "2024_26_8": 2.9577573557803696, "2024_26_10": 7.166576569619276, "2024_26_11": 0.3475171827940382, "2024_26_20": 3.0427060004633564, "2024_32": 0.03089041624835895}