{"2024_20_6_2": 0.12303308942562974, "2024_20_7": 2.065660817198731, "2024_20_9": 6.637311403224763, "2024_20_10": 0.06475425759243669, "2024_20_15": 0.3237712879621836, "2024_21_5": 0.472706080424788, "2024_26_1": 0.006475425759243671, "2024_26_3_1": 1.690086123162598, "2024_26_4": 0.01942627727773101, "2024_26_6": 0.8547562002201645, "2024_26_7": 14.705691899242376, "2024_26_8": 9.713138638865505, "2024_26_10": 3.218286602344104, "2024_26_11": 0.5050832092210064, "2024_26_20": 2.603121155215956, "2024_27_5": 0.6734442789613417, "2024_27_10": 3.6780418312504053, "2024_27_25": 15.19134883118565, "2024_32": 0.05180340607394937, "2024_32_3": 33.32901638282718, "2024_32_4_1": 2.9204170174188957, "2024_32_4_2": 0.3302467137214272, "2024_32_5_3": 0.5180340607394935, "2024_32_5_4": 0.2978695849252088, "2024_32_6": 0.006475425759243671}