{"2022_44_2": 0.06835269993164732, "2022_44_25_1": 0.029294014256420278, "2022_44_25_2": 0.10252904989747096, "2022_44_25_3": 0.4540572209745143, "2022_44_25_5": 0.4296455424274973, "2022_44_30": 0.36129284249585003, "2022_44_30_1": 0.024411678547016896, "2022_44_30_2": 0.03905868567522704, "2022_44_30_5": 0.8153500634703643, "2022_44_30_10": 5.897861536959282, "2022_45_10": 0.00976467141880676, "2022_45_11": 0.1855287569573284, "2022_45_12": 2.416756176154673, "2022_45_13": 3.393223318035348, "2022_45_14": 0.04882335709403379, "2022_45_15": 19.39263743775022, "2023_2_0_5": 0.03417634996582366, "2023_2_10": 0.8104677277609609, "2023_2_11": 0.09764671418806758, "2023_2_12": 23.74279855482863, "2023_2_13": 0.01952934283761352, "2023_2_201": 0.00488233570940338, "2023_2_301": 0.2050580997949419, "2023_6_1": 0.38082218533346357, "2023_6_8": 23.86485694756372, "2023_6_9": 3.93028024606972, "2023_6_11": 13.143247729713897, "2023_6_11_2": 0.09764671418806758}