{"2023_7_20": 0.033664366268305, "2023_7_30": 0.07855018795937833, "2023_12_9": 0.0168321831341525, "2023_12_9_1": 0.011221455422768332, "2023_20_4_1": 0.0168321831341525, "2023_20_7": 0.011221455422768332, "2023_20_9": 0.0168321831341525, "2023_26_3": 0.005610727711384166, "2023_26_7": 0.011221455422768332, "2023_26_8": 0.05610727711384166, "2023_26_9": 0.07293946024799415, "2023_26_10": 0.005610727711384166, "2023_26_11": 0.005610727711384166, "2023_26_12": 0.8191662458620883, "2023_27_6": 0.1514896482073725, "2023_27_7": 27.672109072546707, "2023_27_12": 0.3871402120855075, "2023_31_600": 0.005610727711384166, "2023_32_4": 0.17393255905290916, "2023_32_6": 0.13465746507322, "2023_32_7": 0.26931493014644, "2023_32_9": 2.7099814845985524, "2023_38_1": 0.005610727711384166, "2023_38_4": 0.022442910845536665, "2023_38_6": 21.12438983336139, "2023_38_8": 0.4320260337765809, "2023_38_9": 14.133423104976714, "2023_44_1": 31.616450653649782}