{"2023_32_6": 0.01631188320691624, "2023_38_9": 0.01631188320691624, "2023_44_1": 0.01631188320691624, "2023_44_30_8": 0.09787129924149746, "2023_44_30_9": 0.01631188320691624, "2023_44_30_13": 0.01631188320691624, "2023_44_30_14": 0.6850990946904821, "2023_44_30_20": 0.00815594160345812, "2023_44_30_25": 0.08971535763803933, "2023_44_30_30": 0.18758665687953674, "2024_2_6": 0.03262376641383248, "2024_2_7": 0.6769431530870239, "2024_2_8": 0.01631188320691624, "2024_2_12": 0.00815594160345812, "2024_2_13": 0.00815594160345812, "2024_3_6": 0.3343936057417829, "2024_3_10": 1.2723268901394669, "2024_3_15": 6.712339939646032, "2024_3_20": 0.7014109778973984, "2024_3_25": 40.3719109371177, "2024_8_4": 0.13865100725878804, "2024_8_7": 0.3914851969659898, "2024_8_8": 0.01631188320691624, "2024_8_9": 24.198678737460245, "2024_8_12": 0.08155941603458121, "2024_9_5": 0.00815594160345812, "2024_14_3": 1.8677106271919093, "2024_14_5": 0.07340347443112309, "2024_14_6": 20.9933936873012, "2024_14_7": 0.9460892260011419}