{"2023_38_6": 6.670508572251838, "2023_38_8": 0.15847860538827258, "2023_38_9": 3.5249483743936993, "2023_38_9_1": 0.19209527925851222, "2023_44_1": 15.439658070402917, "2023_44_9_1": 0.009604763962925611, "2023_44_9_2": 0.014407145944388414, "2023_44_25": 0.004802381981462806, "2023_44_30_1": 0.2113048071843634, "2023_44_30_2": 0.5330643999423713, "2023_44_30_3": 0.009604763962925611, "2023_44_30_4": 0.3745857945540988, "2023_44_30_5_1": 5.969360802958266, "2023_44_30_6": 1.2150026413100896, "2023_44_30_7": 1.032512126014503, "2023_44_30_8": 42.78442107285213, "2023_44_30_9": 12.366133602266723, "2023_44_30_10": 0.004802381981462806, "2023_44_30_12": 0.02881429188877683, "2023_44_30_13": 0.30735244681361956, "2024_2_2": 0.2785381549248427, "2024_2_2_1": 8.869999519761802}