{"2023_2_12": 0.0983671060397403, "2023_6_11": 0.019673421207948055, "2023_7_10": 0.324611449931143, "2023_7_15": 0.2705095416092858, "2023_7_20": 7.244737359826872, "2023_7_26": 0.10820381664371431, "2023_7_30": 20.647255557741488, "2023_12_1": 0.004918355301987014, "2023_12_1_1": 0.029510131811922094, "2023_12_5": 0.08853039543576627, "2023_12_5_4": 0.014755065905961047, "2023_12_9": 0.08361204013377925, "2023_12_9_1": 0.029510131811922094, "2023_12_10": 0.09344875073775329, "2023_12_11": 0.0983671060397403, "2023_20_4_1": 0.1327955931536494, "2023_20_7": 0.2655911863072988, "2023_20_8": 0.2852646075152469, "2023_20_9": 7.618532362777886, "2023_26_1": 0.4229785559708833, "2023_26_3": 0.019673421207948055, "2023_26_6": 0.17706079087153254, "2023_26_7": 10.569545543970095, "2023_26_8": 28.68876647649026, "2023_26_9": 19.943930749557346, "2023_26_10": 1.36730277395239, "2023_26_11": 1.352547708046429}