{"2024_3_6": 0.11809310709180185, "2024_3_10": 0.4785878550562496, "2024_3_15": 2.8093728634470754, "2024_3_20": 0.17403194729318164, "2024_3_25": 9.93225184908944, "2024_8_3": 0.006215426689042202, "2024_8_4": 0.04972341351233762, "2024_8_7": 0.22375536080551928, "2024_8_8": 0.012430853378084404, "2024_8_9": 5.53172975324756, "2024_8_12": 0.04350798682329541, "2024_9_5": 0.006215426689042202, "2024_14_3": 0.2859096276959413, "2024_14_5": 0.03107713344521101, "2024_14_6": 2.243769034744235, "2024_14_7": 0.9571757101124992, "2024_14_8": 2.946112250606004, "2024_14_9": 29.529492199639503, "2024_14_11": 0.08080054695754864, "2024_15_10": 0.03107713344521101, "2024_15_15": 0.006215426689042202, "2024_20_1": 11.119398346696501, "2024_20_3": 7.943315308595935, "2024_20_6": 2.8342345702032445, "2024_20_6_1": 0.03729256013425321, "2024_20_6_2": 17.483995276275714, "2024_20_7": 4.85424824414196, "2024_20_8": 0.22997078749456148}