{"2023_44_30_25": 0.07224009982268338, "2023_44_30_30": 0.1773166086556774, "2024_2_6": 0.045970972614434884, "2024_2_7": 0.413738753529914, "2024_2_8": 0.01313456360412425, "2024_3_6": 0.14448019964536676, "2024_3_10": 0.5516516713732186, "2024_3_15": 3.2245353648125046, "2024_3_20": 0.2232875812701123, "2024_3_25": 12.996650686280947, "2024_8_3": 0.006567281802062125, "2024_8_4": 0.052538254416497, "2024_8_7": 0.22985486307217445, "2024_8_8": 0.01313456360412425, "2024_8_9": 6.744598410717803, "2024_8_12": 0.045970972614434884, "2024_9_5": 0.006567281802062125, "2024_14_3": 0.3546332173113548, "2024_14_5": 0.03940369081237276, "2024_14_6": 3.066920601563013, "2024_14_7": 1.3791291784330464, "2024_14_8": 3.9600709266434624, "2024_14_9": 29.198134891968213, "2024_14_11": 0.11164379063505615, "2024_15_5": 0.03283640901031063, "2024_20_1": 36.56005779207985, "2024_20_3": 0.3349313719051685}