{"2023_38_6": 0.013366303548753596, "2023_38_9": 0.02004945532313039, "2023_44_1": 0.02004945532313039, "2023_44_30_5_1": 0.013366303548753596, "2023_44_30_8": 0.6816814809864333, "2023_44_30_9": 0.046782062420637587, "2023_44_30_13": 0.02004945532313039, "2023_44_30_14": 2.9472699325001677, "2023_44_30_16": 0.02004945532313039, "2023_44_30_20": 0.02004945532313039, "2023_44_30_25": 2.3391031210318793, "2023_44_30_30": 0.4544543206576223, "2024_2_2_1": 0.006683151774376798, "2024_2_3": 0.02004945532313039, "2024_2_6": 0.06683151774376798, "2024_2_7": 12.477444362761482, "2024_2_7_1": 0.006683151774376798, "2024_2_8": 0.8821760342177373, "2024_2_12": 0.03341575887188399, "2024_2_13": 0.06683151774376798, "2024_3_6": 1.6106395776248081, "2024_3_10": 12.804918799705945, "2024_3_15": 28.02245538996191, "2024_3_20": 0.728463543407071, "2024_8_3": 0.08688097306689836, "2024_8_4": 2.2589052997393577, "2024_8_7": 7.4316647731069985, "2024_8_8": 0.12029673193878236, "2024_8_9": 26.49201363362963, "2024_8_12": 0.28737552629820223}