{"2023_12_11": 0.051052036611603395, "2023_20_4_1": 0.07293148087371913, "2023_20_7": 0.05834518469897531, "2023_20_8": 0.09845749917952082, "2023_20_9": 2.4979032199248805, "2023_26_1": 0.14586296174743826, "2023_26_3": 0.010939722131057872, "2023_26_6": 0.04740546256791744, "2023_26_7": 1.6883637822265978, "2023_26_8": 3.023009882215658, "2023_26_9": 3.90548080078766, "2023_26_10": 0.22244101666484337, "2023_26_11": 0.20056157240272762, "2023_26_12": 0.8496517521788279, "2023_27_6": 2.891733216642964, "2023_27_7": 20.515625569777193, "2023_31_600": 0.06199175874266125, "2023_32_1": 0.30266564562593445, "2023_32_4": 2.144185537687343, "2023_32_6": 8.977865295554826, "2023_32_7": 9.007037887904314, "2023_32_9": 15.198920614083066, "2023_38_1": 0.05469861065528935, "2023_38_4": 1.2908872114648287, "2023_38_6": 26.67468912956278, "2023_38_8": 0.007293148087371914}