{"2023_44_30_5_1": 0.01906698868692004, "2023_44_30_8": 0.5592983348163211, "2023_44_30_9": 0.03813397737384008, "2023_44_30_13": 0.01906698868692004, "2023_44_30_14": 2.377017922969365, "2023_44_30_20": 0.01906698868692004, "2023_44_30_25": 1.6206940383882034, "2023_44_30_30": 0.3622727850514807, "2024_2_2_1": 0.006355662895640013, "2024_2_3": 0.012711325791280027, "2024_2_6": 0.050845303165120107, "2024_2_7": 8.719969492818098, "2024_2_8": 0.6737002669378415, "2024_2_12": 0.01906698868692004, "2024_2_13": 0.044489640269480095, "2024_3_6": 1.1440193212152026, "2024_3_10": 7.601372823185456, "2024_3_15": 6.692513029108933, "2024_3_20": 0.7499682216855216, "2024_3_25": 29.7508580144909, "2024_8_3": 0.06355662895640012, "2024_8_4": 1.557137409431803, "2024_8_7": 4.57607728486081, "2024_8_8": 0.06355662895640012, "2024_8_9": 29.960594890047027, "2024_8_12": 0.06355662895640012, "2024_14_3": 1.5317147578492432, "2024_14_5": 0.1906698868692004, "2024_14_6": 1.512647769162323}