{"2024_3_6": 0.11323678407533226, "2024_3_10": 0.446987305560522, "2024_3_15": 2.5686870492878, "2024_3_20": 0.15495559926098101, "2024_3_25": 8.391441683056202, "2024_8_4": 0.04767864592645569, "2024_8_7": 0.22051373740985758, "2024_8_8": 0.011919661481613922, "2024_8_9": 4.893021038202515, "2024_8_12": 0.041718815185648725, "2024_9_5": 0.005959830740806961, "2024_14_3": 0.2383932296322784, "2024_14_5": 0.0297991537040348, "2024_14_6": 1.9727039752071043, "2024_14_7": 0.7807378270457119, "2024_14_8": 2.3898921270635913, "2024_14_9": 26.384170689552416, "2024_14_11": 0.07747779963049051, "2024_15_10": 0.005959830740806961, "2024_15_15": 3.8321711663388762, "2024_20_1": 7.8133381011979255, "2024_20_3": 3.802372012634841, "2024_20_6": 0.6853805351928005, "2024_20_6_1": 0.0297991537040348, "2024_20_6_2": 4.040765242267119, "2024_20_7": 21.205077775791167, "2024_20_8": 0.14303593777936705, "2024_20_9": 9.660885630848083, "2024_20_9_1": 0.011919661481613922}