{"2024_27_5": 0.2196009536955703, "2024_27_10": 0.6839001129376333, "2024_27_25": 3.0995106035889073, "2024_32": 0.03137156481365291, "2024_32_3": 5.40218346091103, "2024_32_4_1": 0.2321495796210315, "2024_32_4_2": 0.02509725185092232, "2024_32_5_3": 0.01882293888819174, "2024_32_5_4": 0.02509725185092232, "2024_32_6": 2.6352114443468437, "2024_32_7": 8.344836240431672, "2024_32_9": 0.043920190739114066, "2024_32_9_1": 0.01254862592546116, "2024_32_10": 19.481741749278452, "2024_32_20": 0.08784038147822813, "2024_32_20_1": 0.2635211444346844, "2024_33_5": 19.205671978918307, "2024_33_15": 0.508219349981177, "2024_33_25": 0.23842389258376204, "2024_33_30": 0.01254862592546116, "2024_33_35": 8.834232651524658, "2024_38": 0.00627431296273058, "2024_38_2": 1.8195507591918685, "2024_38_4": 0.18822938888191743, "2024_38_6": 2.114443468440206, "2024_38_7": 9.39892081817041, "2024_39_5": 0.8846781277450119, "2024_44_1": 0.313715648136529, "2024_44_3": 1.3928974777261889, "2024_44_3_1": 14.474840005019452}