{"2023_44_30_5_1": 0.025274864147605203, "2023_44_30_8": 0.5497282952104132, "2023_44_30_9": 0.0379122962214078, "2023_44_30_13": 0.0189561481107039, "2023_44_30_14": 2.350562365727284, "2023_44_30_20": 0.0189561481107039, "2023_44_30_25": 1.592316441299128, "2023_44_30_30": 0.36016681410337414, "2024_2_2_1": 0.012637432073802602, "2024_2_3": 0.012637432073802602, "2024_2_6": 0.05054972829521041, "2024_2_7": 8.555541513964362, "2024_2_8": 0.6634651838746367, "2024_2_12": 0.0189561481107039, "2024_2_13": 0.0442310122583091, "2024_3_6": 1.105775306457728, "2024_3_10": 7.32971060280551, "2024_3_15": 6.4008593453810185, "2024_3_20": 0.7266523442436496, "2024_3_25": 30.538354606343987, "2024_8_3": 0.06318716036901302, "2024_8_4": 1.4975357007456085, "2024_8_7": 4.473650954126121, "2024_8_8": 0.05686844433211171, "2024_8_9": 29.786427397952732, "2024_8_12": 0.06318716036901302, "2024_14_3": 1.529129280930115, "2024_14_5": 0.20219891318084163, "2024_14_6": 1.914570959181094}