{"2023_6_11": 0.014017381553125876, "2023_7_10": 0.24764040743855717, "2023_7_15": 0.17755349967292777, "2023_7_20": 5.149051490514905, "2023_7_26": 0.08410428931875526, "2023_7_30": 22.409120642930567, "2023_12_1": 0.004672460517708626, "2023_12_1_1": 0.032707223623960384, "2023_12_5": 0.07008690776562938, "2023_12_5_4": 0.009344921035417252, "2023_12_9": 0.07008690776562938, "2023_12_9_1": 0.02336230258854313, "2023_12_10": 0.07475936828333801, "2023_12_11": 0.08877674983646389, "2023_20_4_1": 0.13550135501355012, "2023_20_7": 0.19624334174376226, "2023_20_8": 0.24764040743855717, "2023_20_9": 5.952714699560789, "2023_26_1": 0.35510699934585555, "2023_26_3": 0.018689842070834503, "2023_26_6": 0.13550135501355012, "2023_26_7": 7.8730959723390335, "2023_26_8": 20.526119054293993, "2023_26_9": 25.834034202410994, "2023_26_10": 1.4204279973834222, "2023_26_11": 1.5185496682553035, "2023_32_1": 5.98542192318475, "2023_32_4": 1.3456686291000841}