{"2024_3_20": 0.15223480696626476, "2024_3_25": 8.342467421751309, "2024_8_4": 0.042625745950554135, "2024_8_7": 0.21921812203142121, "2024_8_8": 0.01217878455730118, "2024_8_9": 4.895871392035074, "2024_8_12": 0.042625745950554135, "2024_9_5": 0.00608939227865059, "2024_14_3": 0.23139690658872245, "2024_14_5": 0.030446961393252946, "2024_14_6": 1.9546949214468397, "2024_14_7": 0.7916209962245768, "2024_14_8": 2.3322372427231763, "2024_14_9": 27.02472293265132, "2024_14_11": 0.08525149190110827, "2024_15_10": 0.00608939227865059, "2024_15_15": 4.140786749482402, "2024_20_1": 7.64218730970649, "2024_20_3": 3.562294483010595, "2024_20_6": 0.6211180124223602, "2024_20_6_1": 0.030446961393252946, "2024_20_6_2": 3.6901717208622578, "2024_20_7": 20.350748995250274, "2024_20_8": 0.14005602240896356, "2024_20_9": 13.585434173669467, "2024_20_9_1": 0.01217878455730118, "2024_26_1": 0.054804530507855304}