{"2024_2_7": 0.34366408397900533, "2024_2_8": 0.012496875781054738, "2024_3_6": 0.11872031992002001, "2024_3_10": 0.49362659335166215, "2024_3_15": 2.84928767808048, "2024_3_20": 0.17495626093476632, "2024_3_25": 10.234941264683831, "2024_8_3": 0.006248437890527369, "2024_8_4": 0.04998750312421895, "2024_8_7": 0.22494376405898528, "2024_8_8": 0.012496875781054738, "2024_8_9": 5.704823794051488, "2024_8_12": 0.04373906523369158, "2024_9_5": 0.006248437890527369, "2024_14_3": 0.2936765808547863, "2024_14_5": 0.031242189452636845, "2024_14_6": 2.3369157710572357, "2024_14_7": 1.0059985003749063, "2024_14_8": 3.1242189452636846, "2024_14_9": 29.33016745813547, "2024_14_11": 0.08122969257685579, "2024_15_10": 0.031242189452636845, "2024_20_1": 11.903274181454638, "2024_20_3": 8.872781804548865, "2024_20_6": 3.355411147213197, "2024_20_6_1": 0.03749062734316421, "2024_20_6_2": 16.670832291927017, "2024_20_7": 2.6493376655836043}