{"2023_2_10": 0.01832928561609311, "2023_2_12": 0.2520276772212803, "2023_6_8": 0.05498785684827932, "2023_6_11": 0.09622874948448883, "2023_7_5": 0.022911607020116388, "2023_7_10": 3.60628694496632, "2023_7_15": 1.9978921321541492, "2023_7_20": 23.52563808825551, "2023_7_25": 0.004582321404023278, "2023_7_26": 0.01374696421206983, "2023_12_1": 0.01374696421206983, "2023_12_1_1": 0.06873482106034917, "2023_12_5": 2.456124272556477, "2023_12_5_4": 0.3161801768776062, "2023_12_8": 0.004582321404023278, "2023_12_9": 4.270723548549695, "2023_12_9_1": 1.0860101727535167, "2023_12_10": 0.6048664253310728, "2023_12_11": 2.309489987627732, "2023_20_4_1": 11.652843330431196, "2023_20_6": 0.2153691059890941, "2023_20_7": 16.29473491270678, "2023_20_8": 22.71914952114741, "2023_20_9": 5.049718187233652, "2023_26": 0.004582321404023278, "2023_26_1": 3.3405123035329694}