{"2023_32_9": 0.029810702042033087, "2023_38_6": 0.014905351021016543, "2023_38_9": 0.03726337755254136, "2023_44_1": 0.044716053063049634, "2023_44_30_5_1": 0.03726337755254136, "2023_44_30_6": 0.014905351021016543, "2023_44_30_8": 0.9241317633030257, "2023_44_30_9": 0.044716053063049634, "2023_44_30_13": 0.022358026531524817, "2023_44_30_14": 3.8008645103592182, "2023_44_30_16": 0.022358026531524817, "2023_44_30_20": 0.022358026531524817, "2023_44_30_25": 3.8083171858697265, "2023_44_30_30": 0.4769712326725294, "2024_2_2_1": 0.007452675510508272, "2024_2_3": 0.044716053063049634, "2024_2_6": 0.07452675510508272, "2024_2_7": 20.591742435534353, "2024_2_7_1": 0.007452675510508272, "2024_2_8": 1.3638396184230137, "2024_2_12": 0.044716053063049634, "2024_2_13": 0.1937695632732151, "2024_3_6": 3.2270084960500816, "2024_3_10": 32.948278431957064, "2024_8_3": 0.14160083469965717, "2024_8_4": 3.756148457296169, "2024_8_7": 20.278730064093008, "2024_8_8": 0.26084364286778955, "2024_8_9": 7.758235206439111}