{"2023_26_12": 0.2990529988370161, "2023_32_6": 0.01661405549094534, "2023_38_9": 0.01661405549094534, "2023_44_1": 0.01661405549094534, "2023_44_30_5_1": 0.00830702774547267, "2023_44_30_8": 0.09137730520019935, "2023_44_30_9": 0.00830702774547267, "2023_44_30_13": 0.01661405549094534, "2023_44_30_14": 0.7310184416015948, "2023_44_30_20": 0.00830702774547267, "2023_44_30_25": 0.08307027745472668, "2023_44_30_30": 0.19936866589134405, "2024_2_6": 0.04153513872736334, "2024_2_7": 0.6313341086559229, "2024_2_8": 0.03322811098189068, "2024_2_12": 0.00830702774547267, "2024_2_13": 0.00830702774547267, "2024_3_6": 0.37381624854627005, "2024_3_10": 1.2792822728027908, "2024_3_15": 7.260342249543113, "2024_3_20": 0.7725535803289583, "2024_3_25": 39.84050506728692, "2024_8_4": 0.14952649941850804, "2024_8_7": 0.38212327629174275, "2024_8_8": 0.01661405549094534, "2024_8_9": 25.245057318491437, "2024_8_12": 0.08307027745472668, "2024_14_3": 1.902309353713241, "2024_14_5": 0.09137730520019935, "2024_14_6": 20.38544608738993}