{"2024_14_7": 0.027764281252169086, "2024_14_8": 0.13188033594780316, "2024_14_9": 2.5959602970778093, "2024_15_15": 3.935586867494968, "2024_20_1": 0.6524606094259736, "2024_20_3": 0.21517317970431044, "2024_20_6": 0.0069410703130422715, "2024_20_6_2": 0.15270354688693, "2024_20_7": 2.6445477892691054, "2024_20_8": 0.020823210939126813, "2024_20_9": 8.544457555355036, "2024_20_9_1": 0.0069410703130422715, "2024_20_10": 0.10411605469563409, "2024_20_15": 0.3886999375303672, "2024_21_5": 0.6177552578607624, "2024_26_1": 0.0069410703130422715, "2024_26_3_1": 2.2350246407996113, "2024_26_4": 0.020823210939126813, "2024_26_6": 1.1869230235302284, "2024_26_7": 27.27840633025613, "2024_26_8": 23.446935517456794, "2024_26_10": 5.9276740473381, "2024_26_11": 1.1036301797737214, "2024_26_20": 4.539459984729645, "2024_27_5": 1.8740889845214133, "2024_27_10": 0.0069410703130422715, "2024_32": 0.10411605469563409, "2024_32_3": 12.22322482126744}