{"2024_3_20": 0.1494500239120038, "2024_3_25": 7.8610712577714015, "2024_8_4": 0.041846006695361065, "2024_8_7": 0.22118603538976564, "2024_8_8": 0.011956001912960307, "2024_8_9": 4.644906743185079, "2024_8_12": 0.041846006695361065, "2024_9_5": 0.005978000956480154, "2024_14_3": 0.22118603538976564, "2024_14_5": 0.02989000478240076, "2024_14_6": 1.8531802965088475, "2024_14_7": 0.7472501195600191, "2024_14_8": 2.170014347202296, "2024_14_9": 26.703730272596843, "2024_14_11": 0.08369201339072213, "2024_15_10": 0.005978000956480154, "2024_15_15": 4.429698708751793, "2024_20_1": 6.8986131037780964, "2024_20_3": 3.14442850310856, "2024_20_6": 0.4423720707795313, "2024_20_6_1": 0.02989000478240076, "2024_20_6_2": 3.198230511716882, "2024_20_7": 19.88283118125299, "2024_20_8": 0.1374940219990435, "2024_20_9": 16.941654710664753, "2024_20_9_1": 0.01793400286944046, "2024_26_1": 0.08369201339072213}