{"2023_38_6": 0.014313318542904171, "2023_38_9": 0.028626637085808343, "2023_44_1": 0.028626637085808343, "2023_44_30_5_1": 0.021469977814356254, "2023_44_30_6": 0.014313318542904171, "2023_44_30_8": 0.8015458384026335, "2023_44_30_9": 0.04293995562871251, "2023_44_30_13": 0.021469977814356254, "2023_44_30_14": 3.4852930651971654, "2023_44_30_16": 0.021469977814356254, "2023_44_30_20": 0.021469977814356254, "2023_44_30_25": 3.0129535532813274, "2023_44_30_30": 0.46518285264438547, "2024_2_2_1": 0.021469977814356254, "2024_2_3": 0.03578329635726042, "2024_2_6": 0.07872325198597292, "2024_2_7": 16.395906390896727, "2024_2_7_1": 0.007156659271452086, "2024_2_8": 1.1593788019752376, "2024_2_12": 0.04293995562871251, "2024_2_13": 0.11450654834323337, "2024_3_6": 2.2972876261361197, "2024_3_10": 20.39647892363844, "2024_3_15": 17.71273169684391, "2024_8_3": 0.11450654834323337, "2024_8_4": 3.1489300794389177, "2024_8_7": 12.717383525370352, "2024_8_8": 0.17175982251485003, "2024_8_9": 17.455091963071634, "2024_8_12": 0.15028984470049378}