{"2024_3_15": 0.13362402419298122, "2024_3_25": 0.9213024825937128, "2024_8_7": 0.06329559040720163, "2024_8_9": 0.20395245797876083, "2024_14_3": 0.021098530135733876, "2024_14_6": 0.18285392784302695, "2024_14_7": 0.04922990365004572, "2024_14_8": 0.26724804838596244, "2024_14_9": 14.248540684998945, "2024_14_11": 0.007032843378577959, "2024_15_15": 4.803432027568746, "2024_20_1": 2.2364441943877913, "2024_20_3": 1.4909627962585275, "2024_20_6": 0.20395245797876083, "2024_20_6_1": 0.014065686757155919, "2024_20_6_2": 2.1942471341163237, "2024_20_7": 15.0924818904283, "2024_20_8": 0.10549265067866939, "2024_20_9": 37.59758070187777, "2024_20_9_1": 0.021098530135733876, "2024_20_10": 0.42197060271467757, "2024_20_15": 0.7173500246149519, "2024_21_5": 4.78936634081159, "2024_26_1": 0.07736127716435753, "2024_26_3_1": 11.147056755046064, "2024_26_4": 0.0843941205429355, "2024_26_6": 2.6865461706167806, "2024_26_10": 0.21801814473591674}