{"2023_7_26": 0.030866579211358897, "2023_7_30": 6.1771741646732, "2023_12_1_1": 0.030866579211358897, "2023_12_5": 0.061733158422717795, "2023_12_9": 0.061733158422717795, "2023_12_9_1": 0.01929161200709931, "2023_12_10": 0.07716644802839724, "2023_12_11": 0.06559148082413765, "2023_20_4_1": 0.10031638243691642, "2023_20_7": 0.08102477042981712, "2023_20_8": 0.1427579288525349, "2023_20_9": 3.0635079867273705, "2023_26_1": 0.18134115286673352, "2023_26_3": 0.011574967204259585, "2023_26_6": 0.057874836021297935, "2023_26_7": 2.3381433752604366, "2023_26_8": 4.664711783316614, "2023_26_9": 6.48198163438537, "2023_26_10": 0.6790647426498958, "2023_26_11": 0.447565398564704, "2023_26_12": 0.6713480978470561, "2023_27_6": 19.642719345628517, "2023_32_1": 0.47457365537464313, "2023_32_4": 4.645420171309514, "2023_32_6": 18.141831931476194, "2023_32_7": 31.64596033644571, "2023_38_1": 0.003858322401419862}