{"2023_12_10": 0.033077290602374215, "2023_12_11": 0.05145356315924878, "2023_20_4_1": 0.07350509022749827, "2023_20_7": 0.05880407218199861, "2023_20_8": 0.09923187180712265, "2023_20_9": 2.546951376382815, "2023_26_1": 0.14701018045499653, "2023_26_3": 0.01102576353412474, "2023_26_6": 0.04777830864787387, "2023_26_7": 1.7236943658348343, "2023_26_8": 3.127641589180051, "2023_26_9": 4.013377926421406, "2023_26_10": 0.23154103421661956, "2023_26_11": 0.20581425263699513, "2023_26_12": 0.84530853761623, "2023_27_6": 3.0725127715094276, "2023_27_7": 20.26535337572127, "2023_31_600": 0.04042779962512404, "2023_32_1": 0.3087213789554927, "2023_32_4": 2.3190855966775703, "2023_32_6": 10.742768936748872, "2023_32_7": 14.825976698886398, "2023_32_9": 28.7000624793267, "2023_38_1": 0.07718034473887317, "2023_38_4": 2.2639567790069464, "2023_38_6": 4.167738615899151}