{"2024_20_7": 1.9451590638137661, "2024_20_9": 6.23705841751898, "2024_20_10": 0.06274706657463762, "2024_20_15": 0.31373533287318817, "2024_21_5": 0.4266800527075358, "2024_26_1": 0.006274706657463762, "2024_26_3_1": 1.5812260776808682, "2024_26_4": 0.01882411997239129, "2024_26_6": 0.7906130388404341, "2024_26_7": 12.348622701888685, "2024_26_8": 8.872435213653757, "2024_26_10": 2.641651502792244, "2024_26_11": 0.40158122607768076, "2024_26_20": 2.089477316935433, "2024_27_5": 0.5208006525694923, "2024_27_10": 1.8824119972391287, "2024_27_25": 20.59358724979607, "2024_32": 0.03764823994478258, "2024_32_3": 26.178076174938813, "2024_32_4_1": 2.7545962226265917, "2024_32_4_2": 0.27608709292840555, "2024_32_5_3": 0.050197653259710096, "2024_32_5_4": 0.2886365062433331, "2024_32_6": 8.897534040283613, "2024_32_10": 0.18824119972391284, "2024_32_20": 0.5960971324590574}