{"2023_12_11": 0.05079272938359396, "2023_20_4_1": 0.06893298987773465, "2023_20_7": 0.06167688568007838, "2023_20_8": 0.09795740666835978, "2023_20_9": 2.4598193230054783, "2023_26_1": 0.1378659797554693, "2023_26_3": 0.01088415629648442, "2023_26_6": 0.04716467728476582, "2023_26_7": 1.6435076007691471, "2023_26_8": 2.956862460544934, "2023_26_9": 3.8167108079672025, "2023_26_10": 0.21768312592968836, "2023_26_11": 0.19591481333671956, "2023_26_12": 0.8453361390269566, "2023_27_6": 2.7754598556035273, "2023_27_7": 20.701665275913367, "2023_31_600": 0.06893298987773465, "2023_32_1": 0.2902441679062512, "2023_32_4": 2.06798969633204, "2023_32_6": 7.764031491492219, "2023_32_7": 8.105068388782064, "2023_32_9": 13.100896128868413, "2023_38_1": 0.04716467728476582, "2023_38_4": 1.146464463229692, "2023_38_6": 31.19761999782318, "2023_38_8": 0.12335377136015677}