{"2023_12_9": 0.04945598417408506, "2023_12_9_1": 0.01141291942478886, "2023_12_10": 0.05326029064901469, "2023_12_11": 0.05326029064901469, "2023_20_4_1": 0.08369474244845164, "2023_20_7": 0.060868903598873925, "2023_20_8": 0.11032488777295898, "2023_20_9": 2.7352963554743965, "2023_26_1": 0.15978087194704405, "2023_26_3": 0.01141291942478886, "2023_26_6": 0.05326029064901469, "2023_26_7": 1.936391995739177, "2023_26_8": 3.583656699383702, "2023_26_9": 4.519516092216389, "2023_26_10": 0.27391006619493263, "2023_26_11": 0.2434756143954957, "2023_26_12": 0.810317279160009, "2023_27_6": 4.858099368485124, "2023_27_7": 17.979152400517386, "2023_32_1": 0.34619188921859545, "2023_32_4": 2.841816936772426, "2023_32_6": 12.900403256486342, "2023_32_7": 19.22316061781937, "2023_32_9": 22.726926881229552, "2023_38_1": 0.17880240432169214, "2023_38_4": 4.19615004184737}