{"2024_27_10": 0.6464721093461396, "2024_27_25": 2.930673562369166, "2024_32": 0.030784386159339983, "2024_32_3": 5.165619997537249, "2024_32_4_1": 0.2216475803472479, "2024_32_4_2": 0.024627508927471984, "2024_32_5_3": 0.01847063169560399, "2024_32_5_4": 0.024627508927471984, "2024_32_6": 2.493535278906539, "2024_32_7": 7.6837827853712595, "2024_32_9": 0.04309814062307598, "2024_32_9_1": 0.012313754463735992, "2024_32_10": 17.15305996798424, "2024_32_20": 0.08619628124615196, "2024_32_20_1": 0.23396133481098386, "2024_33_5": 18.753848048269916, "2024_33_15": 0.41251077453515567, "2024_33_25": 0.21549070311537988, "2024_33_30": 0.012313754463735992, "2024_33_35": 8.410294298731683, "2024_33_40": 0.27090259820219187, "2024_38": 0.006156877231867996, "2024_38_2": 1.6069449575175472, "2024_38_4": 0.1662356852604359, "2024_38_6": 1.7916512744735869, "2024_38_7": 6.39083856667898, "2024_39_5": 1.1020810245043713, "2024_44_1": 0.24011821204285186, "2024_44_3": 1.0466691294175596, "2024_44_3_1": 22.79891638960719, "2024_44_4": 0.006156877231867996}