{"2023_26_9": 0.06928726500069288, "2023_26_12": 0.7113492540071135, "2023_27_6": 0.06004896300060049, "2023_27_7": 8.536191048085362, "2023_27_12": 3.2426440020324265, "2023_32_4": 0.08314471800083145, "2023_32_6": 0.1108596240011086, "2023_32_7": 0.1662894360016629, "2023_32_9": 1.1871218070118712, "2023_38_1": 0.0046191510000461915, "2023_38_4": 0.013857453000138575, "2023_38_6": 7.192018107071919, "2023_38_8": 0.17090858700170908, "2023_38_9": 3.9586124070395865, "2023_38_9_1": 0.29562566400295626, "2023_44_1": 19.063236177190635, "2023_44_25": 0.0046191510000461915, "2023_44_30_1": 0.32795972100327964, "2023_44_30_2": 0.9561642570095616, "2023_44_30_3": 0.013857453000138575, "2023_44_30_4": 0.7898748210078987, "2023_44_30_5_1": 33.28098295533281, "2023_44_30_6": 5.34897685805349, "2023_44_30_7": 12.171462885121715, "2023_44_30_8": 2.2264307820222644, "2023_44_30_10": 0.013857453000138575}