{"2023_2_12": 0.09895601405175397, "2023_6_11": 0.019791202810350794, "2023_7_10": 0.33150264707337584, "2023_7_15": 0.28697244075008654, "2023_7_20": 7.748255900252335, "2023_7_26": 0.11874721686210479, "2023_7_30": 20.10291425461382, "2023_12_1": 0.0049478007025876986, "2023_12_1_1": 0.029686804215526198, "2023_12_5": 0.08906041264657857, "2023_12_5_4": 0.014843402107763099, "2023_12_9": 0.08411261194399086, "2023_12_9_1": 0.029686804215526198, "2023_12_10": 0.09400821334916627, "2023_12_11": 0.10885161545692937, "2023_20_4_1": 0.13853841967245556, "2023_20_7": 0.26718123793973575, "2023_20_8": 0.28697244075008654, "2023_20_9": 7.822472910791152, "2023_26_1": 0.4453020632328929, "2023_26_3": 0.019791202810350794, "2023_26_6": 0.17812082529315715, "2023_26_7": 10.96432635693434, "2023_26_8": 29.830290435901237, "2023_26_9": 18.202958784820147, "2023_26_10": 1.360645193211617, "2023_26_11": 1.3210627875909156}