{"2023_44_30_14": 0.46908033826638473, "2023_44_30_25": 0.0792811839323467, "2023_44_30_30": 0.15195560253699786, "2024_2_6": 0.03964059196617335, "2024_2_7": 0.40301268498942905, "2024_2_8": 0.013213530655391117, "2024_3_6": 0.1453488372093023, "2024_3_10": 0.5681818181818182, "2024_3_15": 3.290169133192389, "2024_3_20": 0.2378435517970401, "2024_3_25": 13.940274841437631, "2024_8_3": 0.006606765327695559, "2024_8_4": 0.05285412262156447, "2024_8_7": 0.2378435517970401, "2024_8_8": 0.013213530655391117, "2024_8_9": 6.9899577167019, "2024_8_12": 0.04624735729386891, "2024_9_5": 0.006606765327695559, "2024_14_3": 0.3633720930232558, "2024_14_5": 0.04624735729386891, "2024_14_6": 3.329809725158562, "2024_14_7": 1.5261627906976742, "2024_14_8": 4.472780126849893, "2024_14_9": 29.43313953488372, "2024_14_11": 0.11231501057082449, "2024_15_5": 0.033033826638477794, "2024_20_1": 33.991807610993654}