{"2024_32_9_1": 0.014242985329725111, "2024_32_10": 16.215638797892037, "2024_32_20": 0.09257940464321322, "2024_32_20_1": 0.22788776527560178, "2024_33_5": 16.030479988605613, "2024_33_15": 0.448654037886341, "2024_33_25": 0.19228030195128903, "2024_33_30": 0.014242985329725111, "2024_33_35": 6.266913545079049, "2024_33_40": 0.8047286711294687, "2024_38": 0.007121492664862556, "2024_38_2": 1.5809713715994873, "2024_38_4": 0.1780373166215639, "2024_38_6": 1.7590086882210512, "2024_38_7": 4.871100982765988, "2024_39_5": 0.961401509756445, "2024_39_15": 0.22076627261073922, "2024_44_1": 0.21364477994587666, "2024_44_3": 0.7833641931348811, "2024_44_3_1": 19.96866543227461, "2024_44_4": 0.626691354507905, "2024_44_25_2": 13.409770687936193, "2024_44_25_3": 0.43441105255661594, "2024_44_25_4": 0.6694203104970803, "2024_45_25_5": 3.539381854436691, "2024_45_25_6": 0.8118501637943313, "2024_45_25_10": 0.29910269192422734, "2024_45_25_15": 0.07121492664862557, "2024_45_32": 4.956558894744339, "2024_45_32_1": 4.3298675402364335}