{"2024_20_10": 0.05628869848020514, "2024_20_15": 0.2814434924010257, "2024_21_5": 0.3940208893614359, "2024_26_3_1": 1.3634373631871914, "2024_26_4": 0.01876289949340171, "2024_26_6": 0.6942272812558633, "2024_26_7": 9.362686847207454, "2024_26_8": 6.998561511038839, "2024_26_10": 2.0138845456251175, "2024_26_11": 0.2814434924010257, "2024_26_20": 1.6323722559259493, "2024_27_5": 0.33773219088123085, "2024_27_10": 1.3634373631871914, "2024_27_25": 5.87904184126587, "2024_32": 0.03127149915566953, "2024_32_3": 8.837325661392207, "2024_32_4_1": 0.44405528801050714, "2024_32_4_2": 0.03752579898680342, "2024_32_5_3": 0.025017199324535624, "2024_32_5_4": 0.06879729814247294, "2024_32_6": 6.016636437550816, "2024_32_7": 30.571017574582527, "2024_32_10": 22.127712802551756, "2024_32_20": 0.21890049408968665, "2024_32_20_1": 0.925636375007818, "2024_38": 0.01876289949340171}