{"2022_44_25_2": 0.02607289982791886, "2022_44_25_3": 0.2242269385201022, "2022_44_25_5": 0.08343327944934034, "2022_44_30": 0.2190123585545184, "2022_44_30_2": 0.020858319862335085, "2022_44_30_5": 0.182510298795432, "2022_44_30_10": 1.6060906293998016, "2022_45_10": 0.005214579965583771, "2022_45_11": 0.05214579965583772, "2022_45_12": 1.0846326328414246, "2022_45_13": 1.7573134484017312, "2022_45_14": 0.03128747979350264, "2022_45_15": 27.830213276320592, "2023_2_0_5": 0.020858319862335085, "2023_2_10": 0.4640976169369557, "2023_2_11": 0.02607289982791886, "2023_2_12": 16.029618814204515, "2023_2_13": 0.01564373989675132, "2023_2_201": 0.005214579965583771, "2023_2_301": 0.06257495958700528, "2023_6_1": 0.08864785941492412, "2023_6_8": 17.797361422537413, "2023_6_9": 1.3297178912238619, "2023_6_11": 16.931741148250506, "2023_6_11_2": 0.07300411951817282, "2023_6_15": 0.005214579965583771, "2023_12_1": 14.022005527454763, "2023_12_1_1": 0.005214579965583771}