{"2023_38_9": 3.0127462340672078, "2023_38_9_1": 0.08342989571263038, "2023_44_1": 12.542294322132097, "2023_44_9_2": 0.009269988412514486, "2023_44_25": 0.004634994206257243, "2023_44_30_1": 0.13904982618771727, "2023_44_30_2": 0.4032444959443801, "2023_44_30_3": 0.009269988412514486, "2023_44_30_4": 0.25955967555040554, "2023_44_30_5_1": 4.3986095017381235, "2023_44_30_6": 0.8435689455388182, "2023_44_30_7": 0.7555040556199304, "2023_44_30_8": 19.97219003476246, "2023_44_30_9": 4.676709154113557, "2023_44_30_10": 0.004634994206257243, "2023_44_30_12": 0.013904982618771728, "2023_44_30_13": 0.3800695249130939, "2023_44_30_14": 12.741599073001158, "2023_44_30_16": 0.06952491309385864, "2023_44_30_20": 0.36616454229432216, "2024_2_2": 0.07879490150637312, "2024_2_2_1": 5.3441483198146, "2024_2_3": 1.3858632676709155, "2024_2_6": 2.502896871378911, "2024_2_7": 27.972190034762455, "2024_2_8": 2.0301274623406718}