{"2022_40_4_1": 0.011254290698328737, "2022_44_25_2": 0.016881436047493103, "2022_44_25_3": 0.05064430814247932, "2022_44_25_5": 0.05627145349164368, "2022_44_30": 0.08440718023746552, "2022_44_30_2": 0.016881436047493103, "2022_44_30_5": 0.011254290698328737, "2022_44_30_10": 0.19695008722075288, "2022_45_11": 0.022508581396657474, "2022_45_12": 0.10691576163412299, "2022_45_13": 0.258848686061561, "2022_45_15": 30.465364920375894, "2023_2_0_5": 0.016881436047493103, "2023_2_10": 0.19695008722075288, "2023_2_11": 0.011254290698328737, "2023_2_12": 1.5587192617185301, "2023_2_13": 0.016881436047493103, "2023_2_201": 0.0056271453491643685, "2023_2_301": 0.011254290698328737, "2023_6_8": 0.4332901918856564, "2023_6_9": 0.03939001744415058, "2023_6_11": 0.6808845872488886, "2023_6_11_2": 0.0056271453491643685, "2023_7_5": 0.9059704012154631, "2023_12_1": 0.6021045523605874, "2023_12_1_1": 3.9727646165100436, "2023_12_5": 42.56935456642845, "2023_12_5_3": 0.6808845872488886, "2023_12_8": 0.2532215407123966, "2023_12_9": 16.740757413763998}