{"2023_38_6": 6.666666666666667, "2023_38_8": 0.1583873290136789, "2023_38_9": 3.522918166546677, "2023_38_9_1": 0.1919846412287017, "2023_44_1": 15.401967842572596, "2023_44_9_1": 0.009599232061435085, "2023_44_9_2": 0.01439884809215263, "2023_44_25": 0.004799616030717543, "2023_44_30_1": 0.20638348932085437, "2023_44_30_2": 0.5327573794096472, "2023_44_30_3": 0.009599232061435085, "2023_44_30_4": 0.36957043436525083, "2023_44_30_5_1": 5.9371250299976, "2023_44_30_6": 1.2095032397408207, "2023_44_30_7": 1.0319174466042718, "2023_44_30_8": 42.083033357331416, "2023_44_30_9": 12.34461243100552, "2023_44_30_10": 0.004799616030717543, "2023_44_30_12": 0.02879769618430526, "2023_44_30_13": 0.30717542596592273, "2024_2_2": 0.2639788816894648, "2024_2_2_1": 9.700023998080155}