{"2024_27_5": 0.21584952204748692, "2024_27_10": 0.6475485661424607, "2024_27_25": 2.9663891458526055, "2024_32": 0.030835646006783846, "2024_32_3": 5.192722787542399, "2024_32_4_1": 0.22818378045020046, "2024_32_4_2": 0.02466851680542707, "2024_32_5_3": 0.01850138760407031, "2024_32_5_4": 0.02466851680542707, "2024_32_6": 2.503854455750848, "2024_32_7": 7.813752698119027, "2024_32_9": 0.03700277520814062, "2024_32_9_1": 0.012334258402713535, "2024_32_10": 17.73049645390071, "2024_32_20": 0.08633980881899476, "2024_32_20_1": 0.24051803885291398, "2024_33_5": 19.155103299414122, "2024_33_15": 0.43786617329633054, "2024_33_25": 0.21584952204748692, "2024_33_30": 0.012334258402713535, "2024_33_35": 8.769657724329326, "2024_38": 0.0061671292013567676, "2024_38_2": 1.628122109158187, "2024_38_4": 0.16651248843663277, "2024_38_6": 1.8316373728029602, "2024_38_7": 6.641998149861241, "2024_39_5": 1.066913351834721, "2024_44_1": 0.25901942645698434, "2024_44_3": 1.0730804810360781, "2024_44_3_1": 20.962072155411658}