{"2022_44_25_3": 0.1772875012311632, "2022_44_25_5": 0.06894513936767459, "2022_44_30": 0.18221215404313998, "2022_44_30_2": 0.02462326405988378, "2022_44_30_5": 0.16251354279523295, "2022_44_30_10": 1.1966906333103515, "2022_45_11": 0.039397222495814045, "2022_45_12": 0.827341672412095, "2022_45_13": 1.314882300797794, "2022_45_14": 0.02462326405988378, "2022_45_15": 28.41032207229391, "2023_2_0_5": 0.02462326405988378, "2023_2_10": 0.37919826652221017, "2023_2_11": 0.014773958435930268, "2023_2_12": 7.534718802324438, "2023_2_13": 0.019698611247907023, "2023_2_201": 0.009849305623953511, "2023_2_301": 0.0443218753077908, "2023_6_1": 0.039397222495814045, "2023_6_8": 7.7563281788633915, "2023_6_9": 1.0735743130109328, "2023_6_11": 5.8898847631242, "2023_6_11_2": 0.039397222495814045, "2023_6_15": 0.004924652811976756, "2023_12_1": 6.805870186151876, "2023_12_1_1": 35.13739781345415, "2023_12_5": 2.7972027972027975}