{"2024_2_7": 0.13299837446431206, "2024_2_8": 0.014777597162701342, "2024_3_10": 0.05911038865080537, "2024_3_15": 0.11083197872026009, "2024_3_25": 0.9383774198315351, "2024_8_7": 0.051721590069454704, "2024_8_9": 0.19949756169646815, "2024_14_3": 0.007388798581350671, "2024_14_5": 0.007388798581350671, "2024_14_6": 0.16255356878971478, "2024_14_7": 0.04433279148810403, "2024_14_8": 0.2881631446726762, "2024_14_9": 16.610019210876313, "2024_14_11": 0.007388798581350671, "2024_15_15": 4.891384660854145, "2024_20_1": 2.460469927589774, "2024_20_3": 1.6403132850598492, "2024_20_6": 0.22905275602187083, "2024_20_6_1": 0.014777597162701342, "2024_20_6_2": 2.4900251219151763, "2024_20_7": 17.991724545588887, "2024_20_8": 0.12560957588296143, "2024_20_9": 35.554898773459435, "2024_20_9_1": 0.022166395744052016, "2024_20_10": 0.6945470666469631, "2024_20_15": 4.51455593320526, "2024_21_5": 0.35466233190483226, "2024_26_1": 0.06649918723215603, "2024_26_3_1": 10.314762819565537}