{"2022_36_6": 0.10802820104616782, "2022_36_20": 0.11371389583807141, "2022_40_4": 0.011371389583807144, "2022_40_4_1": 0.06822833750284285, "2022_40_4_2": 0.06254264271093928, "2022_44_2": 0.1307709802137821, "2022_44_25_1": 0.07959972708664997, "2022_44_25_2": 0.1933136229247214, "2022_44_25_3": 0.8016829656584035, "2022_44_25_5": 1.9445076188310213, "2022_44_30": 0.5913122583579714, "2022_44_30_1": 0.07391403229474643, "2022_44_30_2": 0.10802820104616782, "2022_44_30_5": 2.569934045940414, "2022_44_30_10": 26.808050943825336, "2022_45_10": 0.017057084375710713, "2022_45_11": 2.109392767796225, "2022_45_12": 0.0966568114623607, "2023_2_0_5": 0.06254264271093928, "2023_2_10": 1.2224243802592676, "2023_2_11": 0.198999317716625, "2023_2_12": 35.336593131680694, "2023_2_13": 0.017057084375710713, "2023_2_201": 0.10234250625426429, "2023_6_1": 0.9267682510802822, "2023_6_8": 25.89265408232886, "2023_6_9": 0.3525130770980214}