{"2023_12_9": 0.01562662777372643, "2023_12_9_1": 0.01562662777372643, "2023_12_11": 0.010417751849150954, "2023_20_4_1": 0.020835503698301908, "2023_20_7": 0.020835503698301908, "2023_20_9": 0.026044379622877385, "2023_26_1": 0.005208875924575477, "2023_26_3": 0.005208875924575477, "2023_26_7": 0.01562662777372643, "2023_26_8": 0.07292426294405668, "2023_26_9": 0.10417751849150954, "2023_26_10": 0.010417751849150954, "2023_26_11": 0.005208875924575477, "2023_26_12": 0.8542556516303781, "2023_27_6": 0.1510574018126888, "2023_27_7": 27.997708094593186, "2023_27_11": 0.01562662777372643, "2023_31_600": 0.026044379622877385, "2023_32_1": 0.005208875924575477, "2023_32_4": 0.22919054068132097, "2023_32_6": 0.6719449942702365, "2023_32_7": 0.9896864256693406, "2023_32_9": 7.396603812897176, "2023_38_1": 0.005208875924575477, "2023_38_4": 0.21877278883217, "2023_38_6": 31.31576205854777, "2023_38_8": 0.5833941035524535, "2023_38_9": 14.579643712886762, "2023_44_1": 14.631732472132514}