{"2022_45_12": 0.03015833123900477, "2022_45_13": 0.0502638853983413, "2022_45_15": 0.9851721538074892, "2023_2_10": 0.020105554159336514, "2023_2_12": 0.155818044734858, "2023_2_301": 0.010052777079668257, "2023_6_8": 0.04021110831867303, "2023_6_11": 0.12063332495601908, "2023_7_5": 0.03015833123900477, "2023_7_10": 5.569238502136215, "2023_7_15": 3.181703945715003, "2023_7_20": 21.09575270168384, "2023_12_1": 0.010052777079668257, "2023_12_1_1": 0.0703694395576778, "2023_12_5": 3.392812264388037, "2023_12_5_4": 0.3920583061070621, "2023_12_8": 0.0050263885398341285, "2023_12_9": 6.212616235234983, "2023_12_9_1": 1.9653179190751442, "2023_12_10": 0.9700929881879868, "2023_12_11": 3.9306358381502884, "2023_20_4_1": 43.67931641115858, "2023_20_6": 1.1058054787635083, "2023_20_7": 6.971600904749936, "2023_26": 0.0050263885398341285}