{"2024_2_8": 0.014478065730418418, "2024_3_10": 0.06515129578688288, "2024_3_15": 0.10134646011292892, "2024_3_25": 0.9121181410163601, "2024_8_7": 0.06515129578688288, "2024_8_9": 0.21717098595627626, "2024_14_3": 0.007239032865209209, "2024_14_5": 0.007239032865209209, "2024_14_6": 0.1809758216302302, "2024_14_7": 0.04343419719125525, "2024_14_8": 0.2823222817431591, "2024_14_9": 15.658028087447518, "2024_14_11": 0.007239032865209209, "2024_15_15": 4.8573910525553785, "2024_20_1": 2.3671637469234112, "2024_20_3": 1.5491530331547705, "2024_20_6": 0.22441001882148548, "2024_20_6_1": 0.014478065730418418, "2024_20_6_2": 2.3454466483277834, "2024_20_7": 17.040683364702478, "2024_20_8": 0.12306355870855654, "2024_20_9": 37.252063124366586, "2024_20_9_1": 0.021717098595627624, "2024_20_10": 0.5429274648906907, "2024_20_15": 1.2668307514116117, "2024_21_5": 4.0683364702475755, "2024_26_1": 0.06515129578688288, "2024_26_3_1": 10.648617344722744, "2024_26_4": 0.05067323005646446}