{"2024_26_10": 1.569550716107514, "2024_26_11": 0.2485121967170231, "2024_26_20": 1.412595644496763, "2024_27_5": 0.27467137531881497, "2024_27_10": 0.791315152704205, "2024_27_25": 3.708063566804002, "2024_32": 0.032698973252239874, "2024_32_3": 6.271663069779608, "2024_32_4_1": 0.3073703485710549, "2024_32_4_2": 0.026159178601791903, "2024_32_5_3": 0.019619383951343928, "2024_32_5_4": 0.032698973252239874, "2024_32_6": 3.1260218429141324, "2024_32_7": 12.785298541625792, "2024_32_9": 0.045778562553135824, "2024_32_9_1": 0.16349486626119936, "2024_32_10": 29.67758812373291, "2024_32_20": 0.11771630370806356, "2024_32_20_1": 0.34660911647374276, "2024_33_5": 18.468380092865083, "2024_33_15": 1.092145706624812, "2024_33_25": 1.2098620103328754, "2024_33_30": 0.11771630370806356, "2024_33_35": 0.5820417238898699, "2024_38": 0.006539794650447976, "2024_38_2": 4.728271532273886, "2024_38_4": 0.45778562553135826, "2024_38_6": 12.379831273298018}