{"2023_26_12": 0.28797696184305255, "2023_32_6": 0.015998720102391808, "2023_38_9": 0.015998720102391808, "2023_44_1": 0.015998720102391808, "2023_44_30_8": 0.08799296056315495, "2023_44_30_9": 0.023998080153587713, "2023_44_30_13": 0.015998720102391808, "2023_44_30_14": 0.6479481641468683, "2023_44_30_20": 0.007999360051195904, "2023_44_30_25": 0.08799296056315495, "2023_44_30_30": 0.1919846412287017, "2024_2_6": 0.023998080153587713, "2024_2_7": 0.6399488040956723, "2024_2_8": 0.031997440204783616, "2024_2_12": 0.007999360051195904, "2024_3_6": 0.32797376209903206, "2024_3_10": 1.1279097672186225, "2024_3_15": 6.367490600751941, "2024_3_20": 0.66394688424926, "2024_3_25": 40.16478681705464, "2024_8_4": 0.12798976081913446, "2024_8_7": 0.41596672266218704, "2024_8_8": 0.015998720102391808, "2024_8_9": 23.19814414846812, "2024_8_12": 0.07999360051195904, "2024_9_5": 0.007999360051195904, "2024_14_3": 1.32789376849852, "2024_14_5": 0.07999360051195904, "2024_14_6": 16.782657387409007, "2024_14_7": 7.20742340612751}