{"2024_32": 0.03106747856343979, "2024_32_3": 5.088852988691438, "2024_32_4_1": 0.21747234994407855, "2024_32_4_2": 0.024853982850751837, "2024_32_5_3": 0.018640487138063874, "2024_32_5_4": 0.024853982850751837, "2024_32_6": 2.410836336522928, "2024_32_7": 7.282216975270288, "2024_32_9": 0.03728097427612775, "2024_32_9_1": 0.012426991425375919, "2024_32_10": 14.837827761898845, "2024_32_20": 0.08077544426494346, "2024_32_20_1": 0.2112588542313906, "2024_33_5": 15.111221573257117, "2024_33_15": 0.3976637256120294, "2024_33_25": 0.18019137566795082, "2024_33_30": 0.012426991425375919, "2024_33_35": 6.306698148378278, "2024_33_40": 1.808127252392196, "2024_38": 0.006213495712687959, "2024_38_2": 1.4539579967689822, "2024_38_4": 0.155337392817199, "2024_38_6": 1.6279358767242451, "2024_38_7": 5.08263949297875, "2024_39_5": 1.2364856468249035, "2024_39_15": 0.012426991425375919, "2024_44_1": 0.1988318628060147, "2024_44_3": 0.7394059898098669, "2024_44_3_1": 18.739903069466884, "2024_44_4": 0.41009071703740524, "2024_44_25_2": 16.242077792966324}