{"2023_38_9_1": 0.07584376185058779, "2023_44_1": 12.722791050436102, "2023_44_25": 0.004740235115661737, "2023_44_30_1": 0.13272658323852862, "2023_44_30_2": 0.40291998483124764, "2023_44_30_3": 0.009480470231323474, "2023_44_30_4": 0.2607129313613955, "2023_44_30_5_1": 4.4036784224497545, "2023_44_30_6": 0.8437618505877893, "2023_44_30_7": 0.758437618505878, "2023_44_30_8": 20.041714069017825, "2023_44_30_9": 4.616989002654532, "2023_44_30_10": 0.004740235115661737, "2023_44_30_12": 0.014220705346985212, "2023_44_30_13": 0.38869927948426247, "2023_44_30_14": 13.248957148274554, "2023_44_30_16": 0.08058399696624953, "2023_44_30_20": 0.38395904436860073, "2023_44_30_25": 0.004740235115661737, "2024_2_2": 0.08058399696624953, "2024_2_2_1": 5.162116040955631, "2024_2_3": 1.355707243079257, "2024_2_6": 2.3274554417899127, "2024_2_7": 30.40386803185438, "2024_2_8": 2.270572620401972}