{"2024_3_6": 0.12269185939512914, "2024_3_10": 0.4846328446107601, "2024_3_15": 2.7237592785718667, "2024_3_20": 0.1717686031531808, "2024_3_25": 9.36752346481811, "2024_8_3": 0.006134592969756457, "2024_8_4": 0.0429421507882952, "2024_8_7": 0.23311453285074535, "2024_8_8": 0.012269185939512914, "2024_8_9": 5.380038034476412, "2024_8_12": 0.0429421507882952, "2024_9_5": 0.006134592969756457, "2024_14_3": 0.2760566836390405, "2024_14_5": 0.030672964848782285, "2024_14_6": 2.14710753941476, "2024_14_7": 0.8833813876449298, "2024_14_8": 2.797374394208944, "2024_14_9": 29.304950616526593, "2024_14_11": 0.07974970860683393, "2024_15_10": 0.006134592969756457, "2024_15_15": 0.40488313600392617, "2024_20_1": 10.146616771977177, "2024_20_3": 6.220477271333047, "2024_20_6": 1.9508005643825532, "2024_20_6_1": 0.030672964848782285, "2024_20_6_2": 14.931599288387215, "2024_20_7": 11.882706582418257, "2024_20_8": 0.31286424145757924}