{"2022_44_30_5": 0.010285420416559526, "2022_44_30_10": 0.05656981229107739, "2022_45_12": 0.03085626124967858, "2022_45_13": 0.05142710208279763, "2022_45_15": 1.0902545641553099, "2023_2_0_5": 0.005142710208279763, "2023_2_10": 0.025713551041398816, "2023_2_12": 0.1799948572897917, "2023_2_301": 0.010285420416559526, "2023_6_8": 0.05656981229107739, "2023_6_11": 0.1285677552069941, "2023_7_5": 0.03085626124967858, "2023_7_10": 6.392388788891745, "2023_7_15": 3.656466958086911, "2023_7_20": 19.892003085626126, "2023_12_1": 0.020570840833119053, "2023_12_1_1": 0.07199794291591669, "2023_12_5": 3.841604525584983, "2023_12_5_4": 0.4217022370789405, "2023_12_8": 0.005142710208279763, "2023_12_9": 6.968372332219079, "2023_12_9_1": 2.3142195937258934, "2023_12_10": 1.1159681151967087, "2023_12_11": 3.8724607868346617, "2023_20_4_1": 48.686037541784515, "2023_20_6": 1.064541013113911}