{"2023_38_9": 0.029105726551699046, "2023_44_1": 0.036382158189623814, "2023_44_30_5_1": 0.021829294913774288, "2023_44_30_6": 0.014552863275849523, "2023_44_30_8": 0.8440660699992725, "2023_44_30_9": 0.043658589827548576, "2023_44_30_13": 0.021829294913774288, "2023_44_30_14": 3.5727279342210587, "2023_44_30_16": 0.021829294913774288, "2023_44_30_20": 0.021829294913774288, "2023_44_30_25": 3.2962235319799174, "2023_44_30_30": 0.45841519318926005, "2024_2_2_1": 0.0072764316379247615, "2024_2_3": 0.036382158189623814, "2024_2_6": 0.07276431637924763, "2024_2_7": 17.29607800334716, "2024_2_7_1": 0.0072764316379247615, "2024_2_8": 1.22244051517136, "2024_2_12": 0.043658589827548576, "2024_2_13": 0.11642290620679618, "2024_3_6": 2.743214727497635, "2024_3_10": 27.453976569890127, "2024_3_15": 9.33566179145747, "2024_8_3": 0.12369933784472095, "2024_8_4": 3.303499963617842, "2024_8_7": 14.436440369642725, "2024_8_8": 0.1746343593101943, "2024_8_9": 15.105872080331807, "2024_8_12": 0.1382522011205705}