{"2023_2_12": 0.24423819885430081, "2023_6_8": 0.05328833429548382, "2023_6_11": 0.07105111239397842, "2023_7_5": 0.022203472623118257, "2023_7_10": 3.1973000577290285, "2023_7_15": 1.7229894755539765, "2023_7_20": 23.64225764909632, "2023_7_25": 0.004440694524623651, "2023_7_26": 0.26200097695279545, "2023_12_1": 0.008881389049247302, "2023_12_1_1": 0.07105111239397842, "2023_12_5": 2.1626182334917186, "2023_12_5_4": 0.2797637550512901, "2023_12_8": 0.004440694524623651, "2023_12_9": 3.885607709045695, "2023_12_9_1": 0.9547493227940851, "2023_12_10": 0.5550868155779565, "2023_12_11": 2.113770593720858, "2023_20_4_1": 7.793418890714508, "2023_20_6": 0.15986500288645145, "2023_20_7": 6.772059150051069, "2023_20_8": 4.684932723477952, "2023_20_9": 35.476708557218345, "2023_26_1": 5.710733158666017, "2023_26_3": 0.14654291931258048}