{"2022_44_30": 0.015888147442008265, "2022_44_30_2": 0.010592098294672177, "2022_44_30_5": 0.010592098294672177, "2022_44_30_10": 0.06884863891536916, "2022_45_12": 0.03707234403135262, "2022_45_13": 0.06355258976803306, "2022_45_15": 1.2392755004766447, "2023_2_10": 0.026480245736680445, "2023_2_12": 0.20654591674610745, "2023_2_301": 0.010592098294672177, "2023_6_8": 0.05825654062069697, "2023_6_11": 0.16417752356741874, "2023_7_5": 0.03177629488401653, "2023_7_10": 7.748119902552697, "2023_7_15": 5.354305687956786, "2023_7_20": 16.89969282914946, "2023_12_1": 0.026480245736680445, "2023_12_1_1": 0.06355258976803306, "2023_12_5": 4.6446351022137495, "2023_12_5_4": 0.46075627581823964, "2023_12_8": 0.005296049147336088, "2023_12_9": 8.304205063022987, "2023_12_9_1": 2.9657875225082093, "2023_12_10": 1.31342018853935, "2023_12_11": 3.474208240652474, "2023_20_4_1": 46.79589026586168}