{"2024_32_9": 0.042958401947447544, "2024_32_9_1": 0.014319467315815848, "2024_32_10": 16.474547146846135, "2024_32_20": 0.09307653755280301, "2024_32_20_1": 0.22911147705305357, "2024_33_5": 16.33851220734588, "2024_33_15": 0.45106322044819924, "2024_33_25": 0.19331280876351392, "2024_33_30": 0.014319467315815848, "2024_33_35": 6.372162955538052, "2024_33_40": 0.8090499033435953, "2024_38": 0.007159733657907924, "2024_38_2": 1.5894608720555592, "2024_38_4": 0.1789933414476981, "2024_38_6": 1.782773680819073, "2024_38_7": 4.976014892246007, "2024_39_5": 0.9808835111333856, "2024_39_15": 0.2505906780267773, "2024_44_1": 0.21479200973723772, "2024_44_3": 0.8090499033435953, "2024_44_3_1": 20.247726784563607, "2024_44_4": 0.5942578936063577, "2024_44_25_2": 13.58917448270924, "2024_44_25_3": 0.5942578936063577, "2024_44_25_4": 0.6014176272642655, "2024_45_25_5": 3.2791580153218294, "2024_45_25_6": 0.7374525667645161, "2024_45_25_10": 0.0644376029211713, "2024_45_32": 8.469964917305074}