{"2024_26_20": 1.394891944990177, "2024_27_5": 0.26850032743942376, "2024_27_10": 0.7596594629993452, "2024_27_25": 3.562540929927964, "2024_32": 0.03274394237066143, "2024_32_3": 6.123117223313686, "2024_32_4_1": 0.28159790438768834, "2024_32_4_2": 0.02619515389652914, "2024_32_5_3": 0.01964636542239686, "2024_32_5_4": 0.03274394237066143, "2024_32_6": 3.0124426981008514, "2024_32_7": 11.571709233791749, "2024_32_9": 0.045841519318926, "2024_32_9_1": 0.1440733464309103, "2024_32_10": 24.918140144073348, "2024_32_20": 0.11787819253438114, "2024_32_20_1": 0.33398821218074654, "2024_33_5": 18.984937786509498, "2024_33_15": 1.1394891944990178, "2024_33_25": 0.4387688277668631, "2024_33_30": 0.02619515389652914, "2024_33_35": 7.380484610347085, "2024_38": 0.006548788474132285, "2024_38_2": 3.759004584151932, "2024_38_4": 0.2881466928618206, "2024_38_6": 10.792403405370008, "2024_38_7": 4.499017681728881, "2024_44_1": 0.03929273084479372}