{"2023_2_12": 0.1080580426057425, "2023_2_301": 0.010291242152927859, "2023_6_8": 0.010291242152927859, "2023_6_11": 0.020582484305855717, "2023_7_10": 0.8284449933106924, "2023_7_15": 0.6895132242461666, "2023_7_20": 25.4348049809612, "2023_7_26": 0.3396109910466193, "2023_7_30": 1.734074302768344, "2023_12_1": 0.005145621076463929, "2023_12_1_1": 0.0360193475352475, "2023_12_5": 0.1234949058351343, "2023_12_5_4": 0.020582484305855717, "2023_12_9": 0.10291242152927857, "2023_12_9_1": 0.030873726458783574, "2023_12_10": 0.10291242152927857, "2023_12_11": 0.13378614798806215, "2023_20_4_1": 0.1595142533703818, "2023_20_7": 0.3807759596583307, "2023_20_8": 0.34990223319954716, "2023_20_9": 9.514253370381805, "2023_26_1": 0.5351445919522486, "2023_26_3": 0.020582484305855717, "2023_26_6": 0.21097046413502107, "2023_26_7": 16.152104559020273, "2023_26_8": 40.61953277760625, "2023_26_9": 0.7718431614695893, "2023_26_10": 1.4304826592569722, "2023_26_11": 0.1234949058351343}