{"2024_3_6": 0.12217470983506416, "2024_3_10": 0.500916310323763, "2024_3_15": 2.700061087354918, "2024_3_20": 0.17104459376908981, "2024_3_25": 9.29138668295663, "2024_8_3": 0.006108735491753208, "2024_8_4": 0.042761148442272454, "2024_8_7": 0.22602321319486868, "2024_8_8": 0.012217470983506416, "2024_8_9": 5.296273671350031, "2024_8_12": 0.042761148442272454, "2024_9_5": 0.006108735491753208, "2024_14_3": 0.2626756261453879, "2024_14_5": 0.03054367745876604, "2024_14_6": 2.1380574221136226, "2024_14_7": 0.8674404398289555, "2024_14_8": 2.7489309712889436, "2024_14_9": 29.218081857055594, "2024_14_11": 0.07941356139279171, "2024_15_10": 0.006108735491753208, "2024_15_15": 0.5070250458155162, "2024_20_1": 9.975565058032988, "2024_20_3": 5.5467318265119125, "2024_20_6": 1.3927916921197314, "2024_20_6_1": 0.03054367745876604, "2024_20_6_2": 10.843005497861945, "2024_20_7": 17.61759315821625, "2024_20_8": 0.31765424557116684}