{"2024_3_10": 0.42681842432865014, "2024_3_15": 2.5490544786294382, "2024_3_20": 0.14820084178078127, "2024_3_25": 8.228110735668977, "2024_8_4": 0.04742426936985001, "2024_8_7": 0.21340921216432507, "2024_8_8": 0.011856067342462502, "2024_8_9": 4.789851206354851, "2024_8_12": 0.041496235698618766, "2024_9_5": 0.005928033671231251, "2024_14_3": 0.23712134684925004, "2024_14_5": 0.029640168356156255, "2024_14_6": 1.9147548758076944, "2024_14_7": 0.7706443772600627, "2024_14_8": 2.3000770644377257, "2024_14_9": 26.213764894184592, "2024_14_11": 0.08299247139723753, "2024_15_10": 0.005928033671231251, "2024_15_15": 3.9599264923824764, "2024_20_1": 7.546386863477384, "2024_20_3": 3.5864603710949075, "2024_20_6": 0.6165155018080501, "2024_20_6_1": 0.029640168356156255, "2024_20_6_2": 3.6990930108483004, "2024_20_7": 20.149386448515024, "2024_20_8": 0.1363447744383188, "2024_20_9": 12.247317564763767, "2024_20_9_1": 0.011856067342462502}