{"2024_27_5": 0.21868166198063108, "2024_27_10": 0.6810371758825368, "2024_27_25": 3.0677913152139955, "2024_32": 0.03124023742580444, "2024_32_3": 5.34832864729772, "2024_32_4_1": 0.23117775695095286, "2024_32_4_2": 0.02499218994064355, "2024_32_5_3": 0.018744142455482664, "2024_32_5_4": 0.02499218994064355, "2024_32_6": 2.599187753826929, "2024_32_7": 8.128709778194315, "2024_32_9": 0.04373633239612621, "2024_32_9_1": 0.012496094970321775, "2024_32_10": 19.03155263980006, "2024_32_20": 0.08747266479225242, "2024_32_20_1": 0.2561699468915964, "2024_33_5": 19.01905654482974, "2024_33_15": 0.4810996563573883, "2024_33_25": 0.23742580443611375, "2024_33_30": 0.012496094970321775, "2024_33_35": 8.759762574195564, "2024_38": 0.006248047485160888, "2024_38_2": 1.76194939081537, "2024_38_4": 0.17494532958450484, "2024_38_6": 2.011871290221806, "2024_38_7": 8.17244611059044, "2024_39_5": 0.9684473601999375, "2024_44_1": 0.30615432677288346, "2024_44_3": 1.1746329272102467, "2024_44_3_1": 17.107154014370508}