{"2022_44_25_5": 0.0222667557336896, "2022_44_30": 0.02783344466711201, "2022_44_30_2": 0.0111333778668448, "2022_44_30_5": 0.0111333778668448, "2022_44_30_10": 0.0890670229347584, "2022_45_12": 0.05010020040080161, "2022_45_13": 0.11133377866844804, "2022_45_15": 1.5753729681585398, "2023_2_10": 0.06123357826764642, "2023_2_12": 0.28390113560454244, "2023_2_301": 0.0111333778668448, "2023_6_8": 0.06123357826764642, "2023_6_11": 0.2727677577376976, "2023_7_5": 0.038966822533956814, "2023_7_10": 15.23602761077711, "2023_7_15": 14.907592963705191, "2023_12_1": 0.05010020040080161, "2023_12_1_1": 0.11690046760187044, "2023_12_5": 10.50434201736807, "2023_12_5_3": 0.0055666889334224, "2023_12_5_4": 0.5232687597417057, "2023_12_8": 0.0055666889334224, "2023_12_9": 18.253173012692056, "2023_12_9_1": 13.643954575818306, "2023_12_10": 1.6922734357604101, "2023_12_11": 2.7499443331106663, "2023_20_4_1": 19.683812068581613}