{"2023_12_5": 0.011291779584462511, "2023_12_9": 0.011291779584462511, "2023_12_9_1": 0.016937669376693765, "2023_12_11": 0.011291779584462511, "2023_20_4_1": 0.022583559168925023, "2023_20_7": 0.022583559168925023, "2023_20_9": 0.03387533875338753, "2023_26_1": 0.005645889792231256, "2023_26_3": 0.005645889792231256, "2023_26_7": 0.011291779584462511, "2023_26_8": 0.08468834688346884, "2023_26_9": 0.09598012646793136, "2023_26_10": 0.011291779584462511, "2023_26_11": 0.005645889792231256, "2023_26_12": 0.9654471544715447, "2023_27_6": 0.15808491418247517, "2023_27_7": 28.37624209575429, "2023_27_11": 0.016937669376693765, "2023_31_600": 0.03387533875338753, "2023_32_1": 0.005645889792231256, "2023_32_4": 0.29923215898825656, "2023_32_6": 0.8130081300813009, "2023_32_7": 1.2251580849141823, "2023_32_9": 8.830171635049684, "2023_38_1": 0.005645889792231256, "2023_38_4": 0.287940379403794, "2023_38_6": 54.81594399277326, "2023_38_8": 1.4679313459801264, "2023_38_9": 2.3486901535682025}