{"2024_3_6": 0.12107270415884742, "2024_3_10": 0.4721835462195049, "2024_3_15": 2.633331315454931, "2024_3_20": 0.16344815061444398, "2024_3_25": 8.983594648586477, "2024_8_4": 0.04237544645559659, "2024_8_7": 0.2239845026938677, "2024_8_8": 0.012107270415884741, "2024_8_9": 5.1274290211271865, "2024_8_12": 0.04237544645559659, "2024_9_5": 0.006053635207942371, "2024_14_3": 0.25425267873357954, "2024_14_5": 0.030268176039711856, "2024_14_6": 2.064289605908348, "2024_14_7": 0.8232943882801624, "2024_14_8": 2.548580422543738, "2024_14_9": 27.344270234275687, "2024_14_11": 0.07869725770325081, "2024_15_10": 0.006053635207942371, "2024_15_15": 2.597009504207277, "2024_20_1": 8.765663781100553, "2024_20_3": 4.649191839699741, "2024_20_6": 0.914098916399298, "2024_20_6_1": 0.030268176039711856, "2024_20_6_2": 6.350263333131546, "2024_20_7": 25.05599612567347, "2024_20_8": 0.2603063139415219, "2024_20_9": 0.3995399237241965}