{"2024_14_3": 0.02199091042369154, "2024_14_6": 0.09529394516933, "2024_14_7": 0.03665151737281923, "2024_14_8": 0.12461515906758541, "2024_14_9": 3.1520304940624544, "2024_15_15": 4.112300249230318, "2024_20_1": 0.7037091335581293, "2024_20_3": 0.24923031813517083, "2024_20_6": 0.007330303474563848, "2024_20_6_2": 0.16126667644040463, "2024_20_7": 3.0640668523676884, "2024_20_8": 0.02199091042369154, "2024_20_9": 10.093827884474418, "2024_20_9_1": 0.02199091042369154, "2024_20_10": 0.1099545521184577, "2024_20_15": 0.432487904999267, "2024_21_5": 0.6963788300835655, "2024_26_1": 0.007330303474563848, "2024_26_3_1": 2.844157748130773, "2024_26_4": 0.02199091042369154, "2024_26_6": 1.5100425157601527, "2024_26_7": 42.42779651077554, "2024_26_8": 16.757073742852953, "2024_26_10": 6.150124615159068, "2024_26_11": 0.9969212725406833, "2024_26_20": 4.09763964228119, "2024_27_5": 1.4953819088110247, "2024_32": 0.13194546254214923, "2024_32_3": 0.4544788154229585}