{"2022_40_4_2": 0.06833473507148866, "2022_44_2": 0.12089991589571067, "2022_44_25_1": 0.06307821698906643, "2022_44_25_2": 0.1471825063078217, "2022_44_25_3": 0.6991169049621531, "2022_44_25_5": 1.1196383515559292, "2022_44_30": 0.5046257359125315, "2022_44_30_1": 0.052565180824222034, "2022_44_30_2": 0.07884777123633305, "2022_44_30_5": 1.8765769554247265, "2022_44_30_10": 18.329478553406222, "2022_45_10": 0.015769554247266608, "2022_45_11": 0.3259041211101766, "2022_45_12": 7.474768713204375, "2022_45_13": 3.8635407905803194, "2022_45_14": 0.18923465096719932, "2023_2_0_5": 0.05782169890664424, "2023_2_10": 1.0828427249789738, "2023_2_11": 0.1576955424726661, "2023_2_12": 28.39571068124474, "2023_2_13": 0.021026072329688814, "2023_2_201": 0.021026072329688814, "2023_2_301": 0.21026072329688814, "2023_6_1": 0.5729604709840201, "2023_6_8": 29.567914213624896, "2023_6_9": 4.983179142136248}