{"2022_44_25_2": 0.014682850430696944, "2022_44_25_3": 0.17129992169146435, "2022_44_25_5": 0.06851996867658576, "2022_44_30": 0.1664056382145654, "2022_44_30_2": 0.02447141738449491, "2022_44_30_5": 0.15661707126076743, "2022_44_30_10": 1.1452623335943617, "2022_45_11": 0.03915426781519186, "2022_45_12": 0.7928739232576352, "2022_45_13": 1.2920908379013312, "2022_45_14": 0.02447141738449491, "2022_45_15": 28.435787000783087, "2023_2_0_5": 0.02447141738449491, "2023_2_10": 0.3719655442443226, "2023_2_11": 0.014682850430696944, "2023_2_12": 7.2141738449491, "2023_2_13": 0.01957713390759593, "2023_2_201": 0.004894283476898982, "2023_2_301": 0.044048551292090836, "2023_6_1": 0.044048551292090836, "2023_6_8": 7.248433829287393, "2023_6_9": 1.05716523101018, "2023_6_11": 5.114526233359436, "2023_6_11_2": 0.03915426781519186, "2023_6_15": 0.004894283476898982, "2023_12_1": 5.696945967110415, "2023_12_1_1": 33.144087705559905, "2023_12_5": 7.625293657008614}