{"2022_45_13": 0.034508540863863804, "2022_45_15": 0.14953701041007647, "2023_2_10": 0.017254270431931902, "2023_2_12": 0.2243055156151147, "2023_2_301": 0.011502846954621266, "2023_6_8": 0.02875711738655317, "2023_6_11": 0.046011387818485065, "2023_7_10": 1.0007476850520503, "2023_7_15": 0.8857192155058375, "2023_7_20": 27.589578420659112, "2023_7_26": 0.43710818427560816, "2023_12_1": 0.017254270431931902, "2023_12_1_1": 0.05751423477310634, "2023_12_5": 0.31632829125208484, "2023_12_5_4": 0.12653131650083393, "2023_12_9": 0.1552884338873871, "2023_12_9_1": 0.046011387818485065, "2023_12_10": 0.172542704319319, "2023_12_11": 0.4486110312302294, "2023_20_4_1": 0.3048254442974636, "2023_20_7": 0.6154023120722378, "2023_20_8": 0.6326565825041697, "2023_20_9": 19.52033128199229, "2023_26_1": 0.8742163685512163, "2023_26_3": 0.0517628112957957, "2023_26_6": 0.6096508885949272, "2023_26_7": 42.6180479668718, "2023_26_8": 3.0079944786334614}