{"2022_45_12": 0.032656869605784934, "2022_45_13": 0.04198740377886634, "2022_45_15": 0.7371121996734312, "2023_2_12": 0.18661068346162818, "2023_6_8": 0.04198740377886634, "2023_6_9": 0.004665267086540705, "2023_6_11": 0.08397480755773268, "2023_7_5": 0.023326335432703522, "2023_7_10": 3.9794728248192213, "2023_7_15": 2.229997667366457, "2023_7_20": 22.962444599953347, "2023_7_25": 0.01866106834616282, "2023_12_1": 0.00933053417308141, "2023_12_1_1": 0.06531373921156987, "2023_12_5": 2.547235829251225, "2023_12_5_4": 0.3358992302309307, "2023_12_8": 0.004665267086540705, "2023_12_9": 4.553300676463728, "2023_12_9_1": 1.2316305108467458, "2023_12_10": 0.66246792628878, "2023_12_11": 2.7245159785397712, "2023_20_4_1": 14.826218801026359, "2023_20_6": 0.3219034289713086, "2023_20_7": 25.896897597387447, "2023_20_8": 16.47305808257523, "2023_26": 0.004665267086540705}