{"2023_27_6": 0.049111527814983486, "2023_27_7": 7.264041432270739, "2023_27_12": 2.7145280828645415, "2023_32_4": 0.07589963389588357, "2023_32_6": 0.10268773997678365, "2023_32_7": 0.1339405304045004, "2023_32_9": 1.0670595588891865, "2023_38_1": 0.0044646843468166796, "2023_38_4": 0.013394053040450042, "2023_38_6": 6.527368515045986, "2023_38_8": 0.15626395213858382, "2023_38_9": 3.5404946870256278, "2023_38_9_1": 0.21430484864720067, "2023_44_1": 16.0594695954996, "2023_44_9_1": 0.008929368693633359, "2023_44_25": 0.0044646843468166796, "2023_44_30_1": 0.23662827038128403, "2023_44_30_2": 0.5982677024734351, "2023_44_30_3": 0.008929368693633359, "2023_44_30_4": 0.4062862755603179, "2023_44_30_5_1": 7.607822126975623, "2023_44_30_6": 1.4912045718367712, "2023_44_30_7": 1.4420930440217876, "2023_44_30_8": 41.740333958389144, "2023_44_30_9": 8.518617733726225, "2023_44_30_10": 0.0044646843468166796, "2023_44_30_11": 0.008929368693633359}