{"2022_44_25_2": 0.016311439756415833, "2022_44_25_3": 0.05980861244019139, "2022_44_25_5": 0.027185732927359717, "2022_44_30": 0.05980861244019139, "2022_44_30_2": 0.01087429317094389, "2022_44_30_10": 0.10330578512396695, "2022_45_11": 0.005437146585471945, "2022_45_12": 0.05980861244019139, "2022_45_13": 0.14680295780774252, "2022_45_15": 6.644193127446715, "2023_2_10": 0.10330578512396695, "2023_2_11": 0.005437146585471945, "2023_2_12": 0.7448890822096564, "2023_2_201": 0.005437146585471945, "2023_2_301": 0.01087429317094389, "2023_6_8": 0.13592866463679862, "2023_6_11": 0.5545889517181383, "2023_7_5": 0.2337973031752936, "2023_7_10": 24.5541539799913, "2023_12_1": 0.10330578512396695, "2023_12_1_1": 0.31535450195737275, "2023_12_5": 26.674641148325364, "2023_12_5_3": 0.10874293170943887, "2023_12_5_4": 0.6796433231839931, "2023_12_8": 0.08699434536755112, "2023_12_9": 36.48869073510222, "2023_12_9_1": 0.14680295780774252, "2023_12_10": 1.9138755980861244}