{"2024_14_7": 0.04043399150886179, "2024_14_8": 0.12804097311139565, "2024_14_9": 2.452995484870948, "2024_15_15": 3.7873172046633865, "2024_20_1": 0.6671608598962195, "2024_20_3": 0.2089089561291192, "2024_20_6": 0.006738998584810299, "2024_20_6_2": 0.12804097311139565, "2024_20_7": 2.479951479210189, "2024_20_8": 0.013477997169620597, "2024_20_9": 7.884628344228048, "2024_20_9_1": 0.006738998584810299, "2024_20_10": 0.10782397735696478, "2024_20_15": 0.37064492216456635, "2024_21_5": 0.5795538782936855, "2024_26_1": 0.006738998584810299, "2024_26_3_1": 2.0486555697823303, "2024_26_4": 0.020216995754430894, "2024_26_6": 1.084978772154458, "2024_26_7": 25.938405552934835, "2024_26_8": 23.674102028438572, "2024_26_10": 5.775321787182425, "2024_26_11": 1.1456297594177507, "2024_26_20": 4.676865017858346, "2024_27_5": 1.8936586023316933, "2024_27_10": 0.633465866972168, "2024_32": 0.07412898443291327, "2024_32_3": 14.165375025271242}