{"2023_26_12": 0.4420084865629421, "2023_27_7": 0.03536067892503536, "2023_32_7": 0.01768033946251768, "2023_32_9": 0.026520509193776527, "2023_38_9": 0.053041018387553054, "2023_44_1": 0.0442008486562942, "2023_44_30_5_1": 0.01768033946251768, "2023_44_30_6": 0.00884016973125884, "2023_44_30_8": 2.112800565770863, "2023_44_30_9": 0.01768033946251768, "2023_44_30_13": 0.053041018387553054, "2023_44_30_14": 7.743988684582745, "2023_44_30_16": 0.01768033946251768, "2023_44_30_20": 0.07072135785007072, "2023_44_30_25": 18.900282885431402, "2023_44_30_30": 0.39780763790664786, "2024_2_2_1": 0.03536067892503536, "2024_2_3": 0.01768033946251768, "2024_2_6": 0.07956152758132956, "2024_2_7": 46.75565770862801, "2024_2_7_1": 0.00884016973125884, "2024_2_8": 3.7217114568599725, "2024_2_12": 0.4596888260254597, "2024_2_13": 0.07956152758132956, "2024_3_5": 0.01768033946251768, "2024_8_3": 0.5569306930693069, "2024_8_4": 18.21958981612447, "2024_8_7": 0.0884016973125884}