{"2023_6_8": 0.05119672340970177, "2023_6_11": 0.06399590426212722, "2023_7_5": 0.017065574469900587, "2023_7_10": 2.75182388327147, "2023_7_15": 1.3908443192968982, "2023_7_20": 24.03686164085498, "2023_7_25": 0.004266393617475147, "2023_7_26": 0.31144673407568574, "2023_12_1": 0.012799180852425443, "2023_12_1_1": 0.07252869149707751, "2023_12_5": 1.8814795853065402, "2023_12_5_4": 0.2346516489611331, "2023_12_8": 0.008532787234950294, "2023_12_9": 3.340586202483041, "2023_12_9_1": 0.780750031997952, "2023_12_10": 0.5247664149494431, "2023_12_11": 1.476172191646401, "2023_20_4_1": 6.2715986176884675, "2023_20_6": 0.10665984043687869, "2023_20_7": 5.008746106915822, "2023_20_8": 3.059004223729681, "2023_20_9": 34.45112846111182, "2023_26_1": 1.6468279363454068, "2023_26_3": 0.07679508511455264, "2023_26_6": 1.3695123512095224, "2023_26_7": 11.049959469260633}