{"2024_3_25": 0.8255109513347979, "2024_8_7": 0.0665734638173224, "2024_8_9": 0.19972039145196727, "2024_14_3": 0.019972039145196723, "2024_14_6": 0.15977631316157379, "2024_14_7": 0.05325877105385792, "2024_14_8": 0.2596365088875574, "2024_14_9": 12.322748152586378, "2024_14_11": 0.01331469276346448, "2024_15_15": 4.773317355702016, "2024_20_1": 1.9639171826110111, "2024_20_3": 1.2515811197656612, "2024_20_6": 0.16643365954330602, "2024_20_6_1": 0.01331469276346448, "2024_20_6_2": 1.8041408694494374, "2024_20_7": 9.573264096930963, "2024_20_8": 0.0665734638173224, "2024_20_9": 27.18194527661274, "2024_20_9_1": 0.019972039145196723, "2024_20_10": 0.3128952799414153, "2024_20_15": 0.5059583250116504, "2024_21_5": 2.0770920711004592, "2024_26_1": 0.039944078290393446, "2024_26_3_1": 4.899806936954929, "2024_26_4": 0.0332867319086612, "2024_26_6": 5.119499367552093, "2024_26_7": 22.608348312362693, "2024_26_10": 3.6681978563344653}