{"2022_44_25_2": 0.020385281826521245, "2022_44_25_3": 0.19366017735195187, "2022_44_25_5": 0.07644480684945468, "2022_44_30": 0.18346753643869124, "2022_44_30_2": 0.020385281826521245, "2022_44_30_5": 0.18856385689532154, "2022_44_30_10": 1.4626439710528996, "2022_45_10": 0.005096320456630311, "2022_45_11": 0.04077056365304249, "2022_45_12": 0.9988788094995411, "2022_45_13": 1.554377739272245, "2022_45_14": 0.03057792273978187, "2022_45_15": 28.0603404342065, "2023_2_0_5": 0.020385281826521245, "2023_2_10": 0.4382835592702068, "2023_2_11": 0.02548160228315156, "2023_2_12": 13.59188665783304, "2023_2_13": 0.020385281826521245, "2023_2_201": 0.005096320456630311, "2023_2_301": 0.05605952502293342, "2023_6_1": 0.0866374477627153, "2023_6_8": 15.243094485781263, "2023_6_9": 1.2027316277647537, "2023_6_11": 12.827438589338493, "2023_6_11_2": 0.04586688410967281, "2023_6_15": 0.005096320456630311, "2023_12_1": 12.119050045866882, "2023_12_1_1": 11.476913668331463}