{"2023_44_30_25": 0.07926547328093005, "2023_44_30_30": 0.17174185877534842, "2024_2_6": 0.03963273664046502, "2024_2_7": 0.40953827861813863, "2024_2_8": 0.013210912213488342, "2024_3_6": 0.14532003434837176, "2024_3_10": 0.5482528568597661, "2024_3_15": 3.256489860624876, "2024_3_20": 0.22458550762930177, "2024_3_25": 13.442103177224388, "2024_8_3": 0.006605456106744171, "2024_8_4": 0.052843648853953366, "2024_8_7": 0.23779641984279015, "2024_8_8": 0.013210912213488342, "2024_8_9": 6.8894907193341695, "2024_8_12": 0.04623819274720919, "2024_9_5": 0.006605456106744171, "2024_14_3": 0.3566946297641852, "2024_14_5": 0.03963273664046502, "2024_14_6": 3.1706189312372013, "2024_14_7": 1.4201730629499967, "2024_14_8": 4.234097364423013, "2024_14_9": 29.2951978334104, "2024_14_11": 0.11229275381465088, "2024_15_5": 0.03302728053372085, "2024_20_1": 35.61661932756457, "2024_20_3": 0.13871457824162758}