{"2024_26_11": 0.2506927035228922, "2024_26_20": 1.4183929278268903, "2024_27_5": 0.27048423274838373, "2024_27_10": 0.7850639926111627, "2024_27_25": 3.6548357303074286, "2024_32": 0.03298588204248582, "2024_32_3": 6.23433170602982, "2024_32_4_1": 0.3100672911993667, "2024_32_4_2": 0.026388705633988655, "2024_32_5_3": 0.019791529225491492, "2024_32_5_4": 0.03298588204248582, "2024_32_6": 3.100672911993667, "2024_32_7": 12.31033117825571, "2024_32_9": 0.05937458767647448, "2024_32_9_1": 0.17812376302942343, "2024_32_10": 27.853278796675024, "2024_32_20": 0.11874917535294896, "2024_32_20_1": 0.33645599683335536, "2024_33_5": 19.02625676210582, "2024_33_15": 1.1281171658530151, "2024_33_25": 0.7916611690196597, "2024_33_30": 0.05937458767647448, "2024_33_35": 3.503100672911994, "2024_38": 0.006597176408497164, "2024_38_2": 4.321150547565642, "2024_38_4": 0.32326164401636104, "2024_38_6": 13.84087610502705, "2024_38_7": 0.006597176408497164}