{"2022_44_25_5": 0.033636057854019505, "2022_44_30": 0.1065141832043951, "2022_44_30_2": 0.016818028927009752, "2022_44_30_5": 0.016818028927009752, "2022_44_30_10": 0.14015024105841462, "2022_45_11": 0.022424038569346338, "2022_45_12": 0.08409014463504877, "2022_45_13": 0.2130283664087902, "2022_45_15": 19.374369323915236, "2023_2_10": 0.10090817356205853, "2023_2_11": 0.0056060096423365844, "2023_2_12": 1.0819598609709609, "2023_2_13": 0.011212019284673169, "2023_2_301": 0.011212019284673169, "2023_6_8": 0.14015024105841462, "2023_6_9": 0.0056060096423365844, "2023_6_11": 0.2522704339051463, "2023_6_11_2": 0.0056060096423365844, "2023_7_5": 0.3363605785401951, "2023_7_10": 11.890346451395894, "2023_12_1": 0.12893822177374145, "2023_12_1_1": 0.3251485592555219, "2023_12_5": 28.94382778338378, "2023_12_5_3": 0.12333221213140487, "2023_12_5_4": 0.6502971185110438, "2023_12_8": 0.12893822177374145, "2023_12_9": 34.252718914676535, "2023_12_9_1": 0.0056060096423365844, "2023_12_10": 1.5921067384235896}