{"2023_32_9": 0.030585716470408315, "2023_38_9": 0.03823214558801039, "2023_44_1": 0.045878574705612477, "2023_44_30_5_1": 0.03823214558801039, "2023_44_30_6": 0.015292858235204158, "2023_44_30_8": 0.9863893561706684, "2023_44_30_9": 0.05352500382321455, "2023_44_30_13": 0.022939287352806238, "2023_44_30_14": 4.029668144976296, "2023_44_30_16": 0.022939287352806238, "2023_44_30_20": 0.022939287352806238, "2023_44_30_25": 4.434928888209206, "2023_44_30_30": 0.5199571799969414, "2024_2_2_1": 0.007646429117602079, "2024_2_3": 0.045878574705612477, "2024_2_6": 0.045878574705612477, "2024_2_7": 22.587551613396542, "2024_2_7_1": 0.007646429117602079, "2024_2_8": 1.5522251108732221, "2024_2_12": 0.05352500382321455, "2024_2_13": 0.17586786970484783, "2024_3_6": 3.5632359688025685, "2024_3_10": 30.9068664933476, "2024_8_3": 0.15292858235204157, "2024_8_4": 4.488453892032421, "2024_8_7": 25.92139470867105, "2024_8_8": 0.22939287352806234}