{"2024_32_9_1": 0.014278574998215178, "2024_32_10": 16.32041122295995, "2024_32_20": 0.09281073748839866, "2024_32_20_1": 0.22845719997144284, "2024_33_5": 16.184764760476906, "2024_33_15": 0.44977511244377816, "2024_33_25": 0.19276076247590493, "2024_33_30": 0.014278574998215178, "2024_33_35": 6.31113014921111, "2024_33_40": 0.8067394873991576, "2024_38": 0.007139287499107589, "2024_38_2": 1.584921824801885, "2024_38_4": 0.17848218747768974, "2024_38_6": 1.7776825872777897, "2024_38_7": 4.911829799386021, "2024_39_5": 0.9852216748768473, "2024_39_15": 0.22131791247233532, "2024_44_1": 0.21417862497322768, "2024_44_3": 0.8067394873991576, "2024_44_3_1": 20.075676447490544, "2024_44_4": 0.6068394374241451, "2024_44_25_2": 13.4504176483187, "2024_44_25_3": 0.49975012493753124, "2024_44_25_4": 0.6568144499178983, "2024_45_25_5": 3.412579424573428, "2024_45_25_6": 0.7924609124009425, "2024_45_25_10": 0.22845719997144284, "2024_45_32": 8.902691511387163, "2024_45_32_1": 0.0713928749910759}