{"2022_36_6": 0.1530506721820062, "2022_36_20": 0.23164426059979312, "2022_40_4": 0.024819027921406406, "2022_40_4_1": 0.11582213029989656, "2022_40_4_2": 0.12409513960703203, "2022_40_4_10": 0.024819027921406406, "2022_44_2": 0.1778697001034126, "2022_44_2_8": 0.004136504653567735, "2022_44_25_1": 0.6204756980351601, "2022_44_25_2": 1.4477766287487073, "2022_44_25_3": 5.389865563598758, "2022_44_25_5": 2.86659772492244, "2022_44_30": 3.855222337125128, "2022_44_30_1": 0.44260599793174754, "2022_44_30_2": 0.09513960703205789, "2022_44_30_5": 4.5542916235780755, "2022_44_30_8": 0.01654601861427094, "2022_44_30_10": 23.37538779731127, "2022_45_10": 0.01654601861427094, "2022_45_11": 1.4601861427094103, "2023_2_0_5": 0.5625646328852119, "2023_2_10": 5.087900723888313, "2023_2_11": 0.7073422957600827, "2023_2_12": 33.78697001034126, "2023_2_13": 0.012409513960703203, "2023_2_201": 0.062047569803516014, "2023_6_1": 0.8769389865563597, "2023_6_8": 13.906928645294725}