{"2022_40_4": 0.016161180843613638, "2022_40_4_1": 0.0808059042180682, "2022_40_4_2": 0.06464472337445455, "2022_44_2": 0.1292894467489091, "2022_44_25_1": 0.0700317836556591, "2022_44_25_2": 0.1723859289985455, "2022_44_25_3": 0.7164790174002046, "2022_44_25_5": 1.379087431988364, "2022_44_30": 0.5387060281204545, "2022_44_30_1": 0.05925766309325001, "2022_44_30_2": 0.11312826590529547, "2022_44_30_5": 2.0901793891073637, "2022_44_30_10": 22.40478370952971, "2022_45_10": 0.016161180843613638, "2022_45_11": 0.39864246080913646, "2022_45_12": 7.110919571190001, "2023_2_0_5": 0.05925766309325001, "2023_2_10": 1.152830900177773, "2023_2_11": 0.17777298927975002, "2023_2_12": 29.618057426062595, "2023_2_13": 0.021548241124818186, "2023_2_201": 0.02693530140602273, "2023_2_301": 0.13467650703011363, "2023_6_1": 0.6248989926197274, "2023_6_8": 29.24096320637827, "2023_6_9": 3.5823950870010233}