{"2023_6_8": 0.05077645664960014, "2023_6_11": 0.06347057081200017, "2023_7_5": 0.016925485549866708, "2023_7_10": 2.6699953454914738, "2023_7_15": 1.3455761012144036, "2023_7_20": 24.06804045191046, "2023_7_25": 0.004231371387466677, "2023_7_26": 0.31312148267253415, "2023_12_1": 0.012694114162400036, "2023_12_1_1": 0.07193331358693353, "2023_12_5": 1.8194896966106717, "2023_12_5_4": 0.22426268353573395, "2023_12_8": 0.004231371387466677, "2023_12_9": 3.258155968349342, "2023_12_9_1": 0.7531841069690687, "2023_12_10": 0.5077645664960013, "2023_12_11": 1.4005839292514703, "2023_20_4_1": 6.017010112977615, "2023_20_6": 0.09732154191173359, "2023_20_7": 4.485253670714679, "2023_20_8": 2.568442432192273, "2023_20_9": 30.419328904497945, "2023_26_1": 1.2947996445648036, "2023_26_3": 0.07193331358693353, "2023_26_6": 0.9562899335674693, "2023_26_7": 17.505183429949646}