{"2024_32_7": 7.649439394944603, "2024_32_9": 0.039806276122868696, "2024_32_9_1": 0.0132687587076229, "2024_32_10": 15.305513169243016, "2024_32_20": 0.08624693159954885, "2024_32_20_1": 0.2123001393219664, "2024_33_5": 15.205997478935846, "2024_33_15": 0.41796589929012135, "2024_33_25": 0.18576262190672058, "2024_33_30": 0.0132687587076229, "2024_33_35": 5.9444039010150584, "2024_33_40": 0.7762223843959397, "2024_38": 0.00663437935381145, "2024_38_2": 1.4728322165461418, "2024_38_4": 0.16585948384528626, "2024_38_6": 1.6585948384528628, "2024_38_7": 4.644065547668016, "2024_39_5": 0.9155443508259802, "2024_39_15": 0.23883765673721222, "2024_44_1": 0.1990313806143435, "2024_44_3": 0.7629536256883168, "2024_44_3_1": 18.868174882239764, "2024_44_4": 0.5307503483049161, "2024_44_25_2": 13.08299608571618, "2024_44_25_3": 0.6700723147349564, "2024_44_25_4": 0.5506534863663504, "2024_45_25_5": 2.872686260200358, "2024_45_25_6": 0.616997279904465, "2024_45_32": 6.893120148610096}