{"2023_12_9": 0.04905845503603909, "2023_12_9_1": 0.011321181931393637, "2023_12_10": 0.04528472772557455, "2023_12_11": 0.04905845503603909, "2023_20_4_1": 0.08302200083022, "2023_20_7": 0.06037963696743274, "2023_20_8": 0.10943809200347183, "2023_20_9": 2.7019887542926146, "2023_26_1": 0.1547228197290464, "2023_26_3": 0.011321181931393637, "2023_26_6": 0.05283218234650364, "2023_26_7": 1.8906373825427374, "2023_26_8": 3.5020189441110987, "2023_26_9": 4.36620249820748, "2023_26_10": 0.26416091173251816, "2023_26_11": 0.22642363862787276, "2023_26_12": 0.8302200083022, "2023_27_6": 4.196384769236575, "2023_27_7": 18.732782369146005, "2023_32_1": 0.3471829125627382, "2023_32_4": 2.6982150269821497, "2023_32_6": 12.517453488810897, "2023_32_7": 18.136533454092607, "2023_32_9": 24.11411751386845, "2023_38_1": 0.13208045586625908, "2023_38_4": 4.717159138080682}