{"2023_32_9": 0.030245746691871453, "2023_38_6": 0.015122873345935726, "2023_38_9": 0.03780718336483932, "2023_44_1": 0.045368620037807186, "2023_44_30_5_1": 0.045368620037807186, "2023_44_30_6": 0.015122873345935726, "2023_44_30_8": 0.9603024574669187, "2023_44_30_9": 0.05293005671077504, "2023_44_30_13": 0.022684310018903593, "2023_44_30_14": 3.8941398865784493, "2023_44_30_16": 0.022684310018903593, "2023_44_30_20": 0.030245746691871453, "2023_44_30_25": 4.234404536862003, "2023_44_30_30": 0.48393194706994325, "2024_2_2_1": 0.007561436672967863, "2024_2_3": 0.045368620037807186, "2024_2_6": 0.05293005671077504, "2024_2_7": 21.83742911153119, "2024_2_7_1": 0.007561436672967863, "2024_2_8": 1.444234404536862, "2024_2_12": 0.045368620037807186, "2024_2_13": 0.19659735349716445, "2024_3_6": 3.3950850661625704, "2024_3_10": 31.7882797731569, "2024_8_3": 0.15122873345935728, "2024_8_4": 4.332703213610586, "2024_8_7": 26.540642722117198, "2024_8_8": 0.2646502835538752}