{"2024_27_25": 2.8580134064594755, "2024_32": 0.030469226081657527, "2024_32_3": 5.003046922608165, "2024_32_4_1": 0.21328458257160268, "2024_32_4_2": 0.024375380865326018, "2024_32_5_3": 0.018281535648994516, "2024_32_5_4": 0.024375380865326018, "2024_32_6": 2.382693479585618, "2024_32_7": 7.294332723948811, "2024_32_9": 0.03656307129798903, "2024_32_9_1": 0.018281535648994516, "2024_32_10": 15.399146861669713, "2024_32_20": 0.07921998781230956, "2024_32_20_1": 0.20719073735527113, "2024_33_5": 17.592931139549055, "2024_33_15": 0.39609993906154783, "2024_33_25": 0.18890920170627665, "2024_33_30": 0.012187690432663009, "2024_33_35": 7.53199268738574, "2024_33_40": 0.7617306520414381, "2024_38": 0.0060938452163315044, "2024_38_2": 1.4747105423522242, "2024_38_4": 0.15234613040828762, "2024_38_6": 1.6453382084095063, "2024_38_7": 5.380865326020719, "2024_39_5": 1.1943936624009748, "2024_44_1": 0.21328458257160268, "2024_44_3": 0.8653260207190738, "2024_44_3_1": 21.950030469226082, "2024_44_4": 0.1767215112736136, "2024_44_25_2": 6.8677635588056045}