{"2024_14_6": 0.08418098912662224, "2024_14_7": 0.028060329708874076, "2024_14_8": 0.11925640126271483, "2024_14_9": 2.70080673447913, "2024_15_15": 3.970536653805682, "2024_20_1": 0.6804629954401964, "2024_20_3": 0.2104524728165556, "2024_20_6_2": 0.14030164854437038, "2024_20_7": 2.834093300596282, "2024_20_8": 0.02104524728165556, "2024_20_9": 8.839003858295333, "2024_20_9_1": 0.007015082427218519, "2024_20_10": 0.1052262364082778, "2024_20_15": 0.38582953349701854, "2024_21_5": 0.6313574184496668, "2024_26_1": 0.007015082427218519, "2024_26_3_1": 2.343037530690985, "2024_26_4": 0.02104524728165556, "2024_26_6": 1.2346545071904595, "2024_26_7": 28.390038582953352, "2024_26_8": 25.569975447211508, "2024_26_10": 5.96983514556296, "2024_26_11": 1.0873377762188705, "2024_26_20": 4.468607506138198, "2024_27_5": 1.8309365135040334, "2024_32": 0.11925640126271483, "2024_32_3": 8.200631357418448}