{"2023_12_9": 0.04894946908652759, "2023_12_9_1": 0.011296031327660215, "2023_12_10": 0.04518412531064086, "2023_12_11": 0.04894946908652759, "2023_20_4_1": 0.0790722192936215, "2023_20_7": 0.06401084419007455, "2023_20_8": 0.1091949695007154, "2023_20_9": 2.6997514873107913, "2023_26_1": 0.15437909481135625, "2023_26_3": 0.011296031327660215, "2023_26_6": 0.052714812862414334, "2023_26_7": 1.8751412003915957, "2023_26_8": 3.475412305143459, "2023_26_9": 4.345206717373296, "2023_26_10": 0.2635740643120717, "2023_26_11": 0.2183899390014308, "2023_26_12": 0.8321409744709691, "2023_27_6": 4.0703366217335635, "2023_27_7": 18.932148505158516, "2023_32_1": 0.35017697115746665, "2023_32_4": 2.677159424655471, "2023_32_6": 12.376684991339708, "2023_32_7": 17.810076059944272, "2023_32_9": 24.62534829429927, "2023_38_1": 0.13555237593192254, "2023_38_4": 4.687853000978989}