{"2023_27_7": 0.017015484090522375, "2023_32_7": 0.017015484090522375, "2023_32_9": 0.03403096818104475, "2023_38_9": 0.05104645227156713, "2023_44_1": 0.04253871022630593, "2023_44_30_5_1": 0.025523226135783564, "2023_44_30_6": 0.017015484090522375, "2023_44_30_7": 0.008507742045261188, "2023_44_30_8": 1.7781180874595883, "2023_44_30_9": 0.04253871022630593, "2023_44_30_13": 0.05104645227156713, "2023_44_30_14": 6.5339458907605925, "2023_44_30_16": 0.025523226135783564, "2023_44_30_20": 0.05955419431682832, "2023_44_30_25": 19.031818955249275, "2023_44_30_30": 1.0294367874766037, "2024_2_2_1": 0.03403096818104475, "2024_2_3": 0.017015484090522375, "2024_2_6": 0.0680619363620895, "2024_2_7": 43.76382508082355, "2024_2_7_1": 0.008507742045261188, "2024_2_8": 3.522205206738131, "2024_2_12": 0.08507742045261187, "2024_2_13": 0.6380806533945891, "2024_3_6": 2.5267993874425727, "2024_8_3": 0.31478645567466396, "2024_8_4": 9.664794963416709, "2024_8_7": 10.592138846350178}