{"2024_20_7": 1.9227167738310753, "2024_20_9": 6.136462950246581, "2024_20_10": 0.06242586928022971, "2024_20_15": 0.3121293464011486, "2024_21_5": 0.4120107372495161, "2024_26_1": 0.006242586928022972, "2024_26_3_1": 1.5668893189337656, "2024_26_4": 0.018727760784068914, "2024_26_6": 0.7865659529308945, "2024_26_7": 12.01697983644422, "2024_26_8": 8.464947874399147, "2024_26_10": 2.58443098820151, "2024_26_11": 0.3807978026094012, "2024_26_20": 2.0475685123915346, "2024_27_5": 0.4931643673138147, "2024_27_10": 1.8290779699107307, "2024_27_25": 20.96884949122916, "2024_32": 0.03745552156813783, "2024_32_3": 20.063674386665834, "2024_32_4_1": 1.3920968849491226, "2024_32_4_2": 0.17479243398464317, "2024_32_5_3": 0.04994069542418378, "2024_32_5_4": 0.17479243398464317, "2024_32_6": 16.861227292590044, "2024_32_10": 0.5118921280978836, "2024_32_20": 0.7241400836506647}