{"2024_8_9": 0.1365084180191112, "2024_8_12": 0.015167602002123465, "2024_14_3": 0.03033520400424693, "2024_14_6": 0.11375701501592601, "2024_14_7": 0.03033520400424693, "2024_14_8": 0.12892461701804947, "2024_14_9": 3.6933110875170643, "2024_14_11": 0.0075838010010617326, "2024_15_15": 4.178674351585014, "2024_20_1": 0.8114667071136055, "2024_20_3": 0.2881844380403458, "2024_20_6": 0.015167602002123465, "2024_20_6_2": 0.19717882602760511, "2024_20_7": 3.3217048384650387, "2024_20_8": 0.0227514030031852, "2024_20_9": 11.800394357652056, "2024_20_9_1": 0.0227514030031852, "2024_20_10": 0.1365084180191112, "2024_20_15": 0.46261186106476576, "2024_21_5": 0.8114667071136055, "2024_26_1": 0.015167602002123465, "2024_26_3_1": 3.776732898528743, "2024_26_4": 0.0227514030031852, "2024_26_6": 1.850447444259063, "2024_26_7": 48.83967844683756, "2024_26_8": 7.826482633095709, "2024_26_10": 7.318367966024572, "2024_26_11": 0.39435765205521023, "2024_26_20": 3.6174730775064465, "2024_32": 0.11375701501592601}