{"2024_3_10": 0.06435926773455378, "2024_3_15": 0.11441647597254005, "2024_3_25": 0.893878718535469, "2024_8_7": 0.057208237986270026, "2024_8_9": 0.22168192219679636, "2024_14_3": 0.02145308924485126, "2024_14_5": 0.007151029748283753, "2024_14_6": 0.1859267734553776, "2024_14_7": 0.05005720823798627, "2024_14_8": 0.26458810068649885, "2024_14_9": 15.15303203661327, "2024_14_11": 0.007151029748283753, "2024_15_15": 4.826945080091534, "2024_20_1": 2.32408466819222, "2024_20_3": 1.5303203661327232, "2024_20_6": 0.22168192219679636, "2024_20_6_1": 0.014302059496567507, "2024_20_6_2": 2.2811784897025174, "2024_20_7": 16.4616704805492, "2024_20_8": 0.11441647597254005, "2024_20_9": 38.150743707093824, "2024_20_9_1": 0.02145308924485126, "2024_20_10": 0.5077231121281465, "2024_20_15": 0.9010297482837529, "2024_21_5": 4.569508009153318, "2024_26_1": 0.07151029748283752, "2024_26_3_1": 10.89816933638444, "2024_26_4": 0.06435926773455378}