{"2023_44_30_5_1": 0.01921844971172325, "2023_44_30_8": 0.5701473414477898, "2023_44_30_9": 0.0384368994234465, "2023_44_30_13": 0.01921844971172325, "2023_44_30_14": 2.415118513773222, "2023_44_30_20": 0.01921844971172325, "2023_44_30_25": 1.6591928251121075, "2023_44_30_30": 0.36515054452274176, "2024_2_2_1": 0.00640614990390775, "2024_2_3": 0.0128122998078155, "2024_2_6": 0.04484304932735426, "2024_2_7": 8.898142216527864, "2024_2_8": 0.7046764894298525, "2024_2_12": 0.025624599615631, "2024_2_13": 0.04484304932735426, "2024_3_6": 1.178731582319026, "2024_3_10": 7.88597053171044, "2024_3_15": 7.065983344010249, "2024_3_20": 0.7815502882767454, "2024_3_25": 28.827674567584875, "2024_8_3": 0.07046764894298525, "2024_8_4": 1.6015374759769374, "2024_8_7": 4.791800128122997, "2024_8_8": 0.076873798846893, "2024_8_9": 30.762331838565014, "2024_8_12": 0.076873798846893, "2024_14_3": 1.486226777706598, "2024_14_5": 0.17296604740550925, "2024_14_6": 0.3779628443305572}