{"2024_26_20": 1.3770704774277363, "2024_27_5": 0.25982461838259174, "2024_27_10": 0.7405001623903865, "2024_27_25": 3.4686586554075998, "2024_32": 0.03247807729782397, "2024_32_3": 6.0019486846378705, "2024_32_4_1": 0.27931146476128615, "2024_32_4_2": 0.025982461838259176, "2024_32_5_3": 0.019486846378694384, "2024_32_5_4": 0.025982461838259176, "2024_32_6": 2.9425138031828517, "2024_32_7": 10.315037349788893, "2024_32_9": 0.04546930821695356, "2024_32_9_1": 0.04546930821695356, "2024_32_10": 23.949334199415397, "2024_32_20": 0.11042546281260147, "2024_32_20_1": 0.3182851575186749, "2024_33_5": 19.818122767132188, "2024_33_15": 1.1757063981812275, "2024_33_25": 0.37674569665475804, "2024_33_30": 0.025982461838259176, "2024_33_35": 7.846703475154271, "2024_38": 0.006495615459564794, "2024_38_2": 2.552776875608964, "2024_38_4": 0.25982461838259174, "2024_38_6": 4.819746670997078, "2024_38_7": 12.770379993504385, "2024_44_1": 0.38973692757388767}