{"2024_14_6": 0.08564087924636024, "2024_14_7": 0.035683699685983436, "2024_14_8": 0.12846131886954038, "2024_14_9": 2.8475592349414782, "2024_15_15": 4.046531544390521, "2024_20_1": 0.7065372537824721, "2024_20_3": 0.22123893805309736, "2024_20_6_2": 0.14987153868113043, "2024_20_7": 2.9189266343134452, "2024_20_8": 0.02141021981159006, "2024_20_9": 9.313445618041676, "2024_20_9_1": 0.02141021981159006, "2024_20_10": 0.10705109905795032, "2024_20_15": 0.39252069654581784, "2024_21_5": 0.6494433342848986, "2024_26_1": 0.007136739937196688, "2024_26_3_1": 2.4978589780188405, "2024_26_4": 0.02141021981159006, "2024_26_6": 1.3131601484441904, "2024_26_7": 31.78703968027405, "2024_26_8": 26.327433628318587, "2024_26_10": 6.037681986868398, "2024_26_11": 1.0776477305166998, "2024_26_20": 4.339137881815586, "2024_27_5": 1.7485012846131889, "2024_32": 0.12132457893234369, "2024_32_3": 3.0759349129317726}