{"2022_36_6": 0.15899581589958156, "2022_36_20": 0.24267782426778242, "2022_40_4": 0.025104602510460247, "2022_40_4_1": 0.11715481171548116, "2022_40_4_2": 0.12970711297071125, "2022_40_4_10": 0.025104602510460247, "2022_44_2": 0.17573221757322177, "2022_44_2_8": 0.0041841004184100415, "2022_44_25_1": 0.6359832635983262, "2022_44_25_2": 1.5104602510460248, "2022_44_25_3": 5.619246861924686, "2022_44_25_5": 3.1004184100418404, "2022_44_30": 4.01673640167364, "2022_44_30_1": 0.46025104602510464, "2022_44_30_2": 0.08786610878661089, "2022_44_30_5": 4.815899581589958, "2022_44_30_8": 0.016736401673640166, "2022_44_30_10": 23.52301255230125, "2022_45_10": 0.020920502092050205, "2022_45_11": 0.8535564853556485, "2023_2_0_5": 0.5815899581589958, "2023_2_10": 5.343096234309622, "2023_2_11": 0.7907949790794977, "2023_2_12": 45.146443514644346, "2023_2_13": 0.008368200836820083, "2023_2_201": 0.04184100418410041, "2023_6_1": 1.6610878661087864, "2023_6_8": 0.8870292887029287}