{"2024_32": 0.03105204322444417, "2024_32_3": 5.080114271519067, "2024_32_4_1": 0.21736430257110914, "2024_32_4_2": 0.02484163457955534, "2024_32_5_3": 0.0186312259346665, "2024_32_5_4": 0.02484163457955534, "2024_32_6": 2.409638554216868, "2024_32_7": 7.278598931809714, "2024_32_9": 0.037262451869333, "2024_32_9_1": 0.01242081728977767, "2024_32_10": 14.80561420941498, "2024_32_20": 0.08073531238355484, "2024_32_20_1": 0.21115389392622033, "2024_33_5": 15.035399329275867, "2024_33_15": 0.3974661532728854, "2024_33_25": 0.1801018507017762, "2024_33_30": 0.01242081728977767, "2024_33_35": 6.260091914047945, "2024_33_40": 1.7513352378586513, "2024_38": 0.006210408644888835, "2024_38_2": 1.4470252142590982, "2024_38_4": 0.15526021612222085, "2024_38_6": 1.6271270649608742, "2024_38_7": 5.073903862874178, "2024_39_5": 1.229660911687989, "2024_39_15": 0.12420817289777668, "2024_44_1": 0.1987330766364427, "2024_44_3": 0.7390386287417714, "2024_44_3_1": 18.6871196124705, "2024_44_4": 0.40988697056266304, "2024_44_25_2": 16.432741274375854}