{"2023_38_6": 6.089495050859828, "2023_38_8": 0.14596542444008576, "2023_38_9": 3.088081010810564, "2023_38_9_1": 0.1596496829813438, "2023_44_1": 13.228116589882772, "2023_44_9_2": 0.00912283902750536, "2023_44_25": 0.00456141951375268, "2023_44_30_1": 0.1550882634675911, "2023_44_30_2": 0.4196505952652466, "2023_44_30_3": 0.00912283902750536, "2023_44_30_4": 0.2691237513114081, "2023_44_30_5_1": 4.734753455275281, "2023_44_30_6": 0.9259681612917939, "2023_44_30_7": 0.8164940929617297, "2023_44_30_8": 23.33166081284496, "2023_44_30_9": 6.376864480226247, "2023_44_30_10": 0.00456141951375268, "2023_44_30_12": 0.01368425854125804, "2023_44_30_13": 0.36947498061396705, "2023_44_30_14": 12.721799023856226, "2023_44_30_20": 0.28736942936641885, "2024_2_2": 0.0912283902750536, "2024_2_2_1": 8.894768051817724, "2024_2_3": 3.307029147470693, "2024_2_6": 11.207407745290334, "2024_2_7": 3.3389590840669623}