{"2023_38_6": 5.946749560751451, "2023_38_8": 0.14416362571518673, "2023_38_9": 3.0364463666261203, "2023_38_9_1": 0.1486687390187863, "2023_44_1": 12.781006442312021, "2023_44_9_2": 0.00901022660719917, "2023_44_25": 0.004505113303599585, "2023_44_30_1": 0.1486687390187863, "2023_44_30_2": 0.4099653106275622, "2023_44_30_3": 0.00901022660719917, "2023_44_30_4": 0.2612965716087759, "2023_44_30_5_1": 4.545659323331982, "2023_44_30_6": 0.8739919808983193, "2023_44_30_7": 0.7883948281299273, "2023_44_30_8": 21.89034554219038, "2023_44_30_9": 5.676442762535477, "2023_44_30_10": 0.004505113303599585, "2023_44_30_12": 0.013515339910798754, "2023_44_30_13": 0.3739244041987655, "2023_44_30_14": 12.546740550524843, "2023_44_30_20": 0.3288732711627697, "2024_2_2": 0.08109203946479254, "2024_2_2_1": 7.275757985313329, "2024_2_3": 2.193990178852998, "2024_2_6": 6.726134162274181, "2024_2_7": 13.78114159571113}