{"2024_21_5": 0.33930591106613484, "2024_26_3_1": 1.196499791654265, "2024_26_4": 0.01785820584558604, "2024_26_6": 0.6190844693136495, "2024_26_7": 7.9766652776950995, "2024_26_8": 5.952735281862015, "2024_26_10": 1.5774748496934339, "2024_26_11": 0.25596761712006666, "2024_26_20": 1.4346092029287456, "2024_27_5": 0.26787308768379064, "2024_27_10": 0.8393356747425442, "2024_27_25": 4.083576403357342, "2024_32": 0.029763676409310075, "2024_32_3": 6.607536162866837, "2024_32_4_1": 0.33930591106613484, "2024_32_4_2": 0.029763676409310075, "2024_32_5_3": 0.01785820584558604, "2024_32_5_4": 0.029763676409310075, "2024_32_6": 3.8097505803916896, "2024_32_7": 20.078576105720575, "2024_32_9": 0.416691469730341, "2024_32_10": 37.609381510804205, "2024_32_20": 0.14881838204655037, "2024_32_20_1": 0.6131317340317876, "2024_33_15": 0.5416989106494433, "2024_33_25": 0.22025120542889456, "2024_38": 0.005952735281862015, "2024_38_2": 4.940770283945472}