{"2023_44_1": 0.014990256333383299, "2023_44_30_8": 0.08244640983360815, "2023_44_30_9": 0.022485384500074947, "2023_44_30_13": 0.014990256333383299, "2023_44_30_14": 0.5321540998351072, "2023_44_30_25": 0.0749512816669165, "2023_44_30_30": 0.17988307600059958, "2024_2_3": 0.007495128166691649, "2024_2_6": 0.029980512666766598, "2024_2_7": 0.5696297406685654, "2024_2_8": 0.022485384500074947, "2024_2_12": 0.007495128166691649, "2024_3_6": 0.23984410133413278, "2024_3_10": 0.8694348673362313, "2024_3_15": 5.111677409683705, "2024_3_20": 0.47219307450157394, "2024_3_25": 37.24329186029081, "2024_8_4": 0.06745615350022484, "2024_8_7": 0.322290511167741, "2024_8_8": 0.014990256333383299, "2024_8_9": 14.518063258881725, "2024_8_12": 0.06745615350022484, "2024_9_5": 0.014990256333383299, "2024_14_3": 0.8169689701693899, "2024_14_5": 0.052465897166841545, "2024_14_6": 8.761804826862539, "2024_14_7": 4.916804077349722, "2024_14_8": 24.9512816669165}