{"2022_45_12": 0.03328261696462533, "2022_45_13": 0.04279193609737543, "2022_45_15": 0.7702548497527576, "2023_2_10": 0.014263978699125143, "2023_2_12": 0.13313046785850133, "2023_2_301": 0.009509319132750094, "2023_6_8": 0.03328261696462533, "2023_6_11": 0.07131989349562572, "2023_7_5": 0.028527957398250287, "2023_7_10": 4.2601749714720425, "2023_7_15": 2.4153670597185246, "2023_7_20": 22.7510460251046, "2023_7_25": 0.01901863826550019, "2023_12_1": 0.009509319132750094, "2023_12_1_1": 0.03803727653100038, "2023_12_5": 2.586534804108026, "2023_12_5_4": 0.35184480791175354, "2023_12_8": 0.004754659566375047, "2023_12_9": 4.859262076835298, "2023_12_9_1": 1.3122860403195131, "2023_12_10": 0.7227082540890073, "2023_12_11": 2.919360973754279, "2023_20_4_1": 19.418029669075693, "2023_20_6": 0.7417268923545074, "2023_20_7": 35.36040319513123, "2023_20_8": 1.0888170406998858, "2023_26": 0.004754659566375047}