{"2023_26_12": 0.7214466410568724, "2023_27_6": 0.06558605827789749, "2023_27_7": 9.060245479246696, "2023_27_12": 3.4901152440738312, "2023_32_4": 0.093694368968425, "2023_32_6": 0.11711796121053125, "2023_32_7": 0.17801930104000746, "2023_32_9": 1.2133420781411035, "2023_38_1": 0.004684718448421249, "2023_38_4": 0.014054155345263747, "2023_38_6": 7.5142883912676846, "2023_38_8": 0.18270401948842874, "2023_38_9": 4.197507729785439, "2023_38_9_1": 0.5106343108779162, "2023_44_1": 20.715824978918764, "2023_44_25": 0.004684718448421249, "2023_44_30_1": 0.43099409725475496, "2023_44_30_2": 1.1477560198632062, "2023_44_30_3": 0.018738873793684996, "2023_44_30_4": 0.9556825634779349, "2023_44_30_5_1": 34.99484680970673, "2023_44_30_6": 6.202567225709734, "2023_44_30_7": 8.151410100252972, "2023_44_30_10": 0.014054155345263747}