{"2022_44_2": 0.11091504915553313, "2022_44_25_1": 0.055457524577766565, "2022_44_25_2": 0.13612301487269973, "2022_44_25_3": 0.6201159566422988, "2022_44_25_5": 0.6100327703554321, "2022_44_30": 0.4436601966221325, "2022_44_30_1": 0.03529115200403326, "2022_44_30_2": 0.06554071086463321, "2022_44_30_5": 1.2704814721451976, "2022_44_30_10": 9.513486261658683, "2022_45_10": 0.010083186286866648, "2022_45_11": 0.20670531888076626, "2022_45_12": 7.814469372321653, "2022_45_13": 13.052684648348874, "2022_45_14": 0.32770355432316606, "2023_2_0_5": 0.04537433829089991, "2023_2_10": 0.9780690698260649, "2023_2_11": 0.13108142172926643, "2023_2_12": 25.092009074867654, "2023_2_13": 0.020166372573733295, "2023_2_201": 0.005041593143433324, "2023_2_301": 0.27224602974539946, "2023_6_1": 0.41341063776153253, "2023_6_8": 26.62465339047138, "2023_6_9": 5.485253340055456, "2023_6_11": 6.649861356188555, "2023_6_11_1": 0.010083186286866648}