{"2022_45_12": 0.0305126118795769, "2022_45_13": 0.05085435313262816, "2022_45_15": 1.0425142392188773, "2023_2_10": 0.02542717656631408, "2023_2_12": 0.16781936533767292, "2023_2_301": 0.010170870626525634, "2023_6_8": 0.05085435313262816, "2023_6_11": 0.1220504475183076, "2023_7_5": 0.0305126118795769, "2023_7_10": 5.980471928397072, "2023_7_15": 3.4174125305126126, "2023_7_20": 20.489218877135883, "2023_12_1": 0.01525630593978845, "2023_12_1_1": 0.07119609438567942, "2023_12_5": 3.66659886086249, "2023_12_5_4": 0.39666395443449964, "2023_12_8": 0.005085435313262817, "2023_12_9": 6.631407648494712, "2023_12_9_1": 2.1460537021969084, "2023_12_10": 1.0577705451586659, "2023_12_11": 3.9717249796582594, "2023_20_4_1": 48.240439381611075, "2023_20_6": 1.159479251423922, "2023_20_7": 1.2205044751830758}