{"2024_3_10": 0.4261868118858766, "2024_3_15": 2.5393630874866813, "2024_3_20": 0.14798153190481828, "2024_3_25": 8.133064993488812, "2024_8_4": 0.04143482893334912, "2024_8_7": 0.2130934059429383, "2024_8_8": 0.011838522552385464, "2024_8_9": 4.76500532733515, "2024_8_12": 0.04143482893334912, "2024_9_5": 0.005919261276192732, "2024_14_3": 0.23085118977151659, "2024_14_5": 0.02959630638096366, "2024_14_6": 1.900082869657867, "2024_14_7": 0.7695039659050552, "2024_14_8": 2.2966733751627797, "2024_14_9": 26.23416597608619, "2024_14_11": 0.08286965786669824, "2024_15_10": 0.005919261276192732, "2024_15_15": 3.9836628388777084, "2024_20_1": 7.476026991831421, "2024_20_3": 3.5042026755060975, "2024_20_6": 0.6037646501716587, "2024_20_6_1": 0.02959630638096366, "2024_20_6_2": 3.6462649461347225, "2024_20_7": 19.894637149283774, "2024_20_8": 0.13614300935243284, "2024_20_9": 12.838877708062036, "2024_20_9_1": 0.011838522552385464}