{"2024_14_7": 0.040631136994650235, "2024_14_8": 0.12866526714972573, "2024_14_9": 2.492043069005214, "2024_15_15": 3.832870589828672, "2024_20_1": 0.6704137604117288, "2024_20_3": 0.2099275411390262, "2024_20_6": 0.006771856165775038, "2024_20_6_2": 0.13543712331550076, "2024_20_7": 2.5191304936683148, "2024_20_8": 0.013543712331550077, "2024_20_9": 8.058508837272296, "2024_20_9_1": 0.006771856165775038, "2024_20_10": 0.11512155481817564, "2024_20_15": 0.37245208911762717, "2024_21_5": 0.5823796302566533, "2024_26_1": 0.006771856165775038, "2024_26_3_1": 2.0586442743956117, "2024_26_4": 0.020315568497325118, "2024_26_6": 1.1038125550213314, "2024_26_7": 26.098733662897, "2024_26_8": 23.796302566533484, "2024_26_10": 5.783165165571883, "2024_26_11": 1.1444436920159815, "2024_26_20": 4.665808898219002, "2024_27_5": 1.8961197264170109, "2024_27_10": 0.4266269384438275, "2024_32": 0.08126227398930047, "2024_32_3": 13.733324304191777}