{"2022_44_25_5": 0.0340967210319941, "2022_44_30": 0.10797294993464797, "2022_44_30_2": 0.01704836051599705, "2022_44_30_5": 0.01704836051599705, "2022_44_30_10": 0.1363868841279764, "2022_45_11": 0.02273114735466273, "2022_45_12": 0.09092458941865092, "2022_45_13": 0.2216286867079616, "2022_45_15": 22.748195715178728, "2023_2_10": 0.1022901630959823, "2023_2_11": 0.0056827868386656825, "2023_2_12": 1.0854122861851454, "2023_2_13": 0.011365573677331365, "2023_2_301": 0.011365573677331365, "2023_6_8": 0.14206967096664205, "2023_6_9": 0.0056827868386656825, "2023_6_11": 0.25004262090129004, "2023_6_11_2": 0.0056827868386656825, "2023_7_5": 0.3921122918679321, "2023_7_10": 8.45030402909587, "2023_12_1": 0.14206967096664205, "2023_12_1_1": 0.3523327839972723, "2023_12_5": 30.38017843950674, "2023_12_5_3": 0.1363868841279764, "2023_12_5_4": 0.6364721259305565, "2023_12_8": 0.13070409728931073, "2023_12_9": 32.80672841961698, "2023_12_9_1": 0.0056827868386656825, "2023_12_10": 1.5514008069557312}