{"2024_2_7": 0.34394346820086297, "2024_2_8": 0.01250703520730411, "2024_3_6": 0.13132386967669313, "2024_3_10": 0.5065349258958164, "2024_3_15": 2.8516040272653367, "2024_3_20": 0.1750984929022575, "2024_3_25": 10.312050528422237, "2024_8_3": 0.006253517603652055, "2024_8_4": 0.05002814082921644, "2024_8_7": 0.2251266337314739, "2024_8_8": 0.01250703520730411, "2024_8_9": 5.728222124945281, "2024_8_12": 0.04377462322556438, "2024_9_5": 0.006253517603652055, "2024_14_3": 0.29391532737164655, "2024_14_5": 0.03126758801826027, "2024_14_6": 2.3575761365768244, "2024_14_7": 1.0068163341879806, "2024_14_8": 3.133012319429679, "2024_14_9": 29.347758113939086, "2024_14_11": 0.0812957288474767, "2024_15_10": 0.03126758801826027, "2024_20_1": 12.17559877431055, "2024_20_3": 9.905571884184855, "2024_20_6": 3.8396598086423617, "2024_20_6_1": 0.037521105621912326, "2024_20_6_2": 16.840722906634984, "2024_20_7": 0.5127884434994684}