{"2023_26_9": 0.08884062978135338, "2023_26_12": 0.7452741720546866, "2023_27_6": 0.08884062978135338, "2023_27_7": 14.392182024579245, "2023_27_12": 6.199101722521101, "2023_32_1": 0.009871181086817041, "2023_32_4": 0.10858299195498744, "2023_32_6": 0.18755244064952376, "2023_32_7": 0.20729480282315782, "2023_32_9": 1.5695177928039095, "2023_38_1": 0.0049355905434085206, "2023_38_4": 0.014806771630225559, "2023_38_6": 9.496076205517992, "2023_38_8": 0.24184393662701748, "2023_38_9": 5.977000148067718, "2023_38_9_1": 0.42939637727654123, "2023_44_1": 33.91244262375994, "2023_44_25": 0.0049355905434085206, "2023_44_30": 0.0049355905434085206, "2023_44_30_1": 3.094615270717142, "2023_44_30_2": 14.67844627609694, "2023_44_30_3": 0.1283253541286215, "2023_44_30_4": 6.885148808054886, "2023_44_30_5_1": 1.149992596614185, "2023_44_30_6": 0.38004047184245604}