{"2022_45_12": 0.02963841138114997, "2022_45_13": 0.04445761707172495, "2022_45_15": 0.9336099585062239, "2023_2_10": 0.019758940920766646, "2023_2_12": 0.14819205690574982, "2023_2_301": 0.009879470460383323, "2023_6_8": 0.03457814661134163, "2023_6_11": 0.09385496937364156, "2023_7_5": 0.02963841138114997, "2023_7_10": 5.068168346176644, "2023_7_15": 2.934202726733847, "2023_7_20": 21.710136336692354, "2023_12_1": 0.009879470460383323, "2023_12_1_1": 0.04445761707172495, "2023_12_5": 3.097213989330171, "2023_12_5_4": 0.3951788184153329, "2023_12_8": 0.0049397352301916615, "2023_12_9": 5.685635249950603, "2023_12_9_1": 1.674570243034973, "2023_12_10": 0.8792728709741157, "2023_12_11": 3.754198774945663, "2023_20_4_1": 34.410195613515114, "2023_20_6": 1.121319897253507, "2023_20_7": 17.862082592373046, "2023_26": 0.0049397352301916615}