{"2022_44_25_3": 0.14826860531853836, "2022_44_25_5": 0.06696001530514635, "2022_44_30": 0.15783432179070211, "2022_44_30_2": 0.01913143294432753, "2022_44_30_5": 0.14826860531853836, "2022_44_30_10": 1.0426630954658505, "2022_45_11": 0.03826286588865506, "2022_45_12": 0.7413430265926918, "2022_45_13": 1.1478859766596516, "2022_45_14": 0.02391429118040941, "2022_45_15": 28.582360818825332, "2023_2_0_5": 0.02391429118040941, "2023_2_10": 0.3587143677061412, "2023_2_11": 0.014348574708245647, "2023_2_12": 5.897264205088961, "2023_2_13": 0.01913143294432753, "2023_2_201": 0.004782858236081882, "2023_2_301": 0.04304572412473694, "2023_6_1": 0.033480007652573175, "2023_6_8": 5.830304189783815, "2023_6_9": 1.0044002295771954, "2023_6_11": 4.213698105988139, "2023_6_11_2": 0.028697149416491294, "2023_6_15": 0.004782858236081882, "2023_12_1": 2.5683948727759707, "2023_12_1_1": 10.665773866462597, "2023_12_5": 36.770614118997514, "2023_12_8": 0.40176009183087813}