{"2023_38_6": 6.352621976891053, "2023_38_8": 0.1543715207933761, "2023_38_9": 3.2698694858960575, "2023_38_9_1": 0.18711699490106193, "2023_44_1": 14.0431304673247, "2023_44_9_1": 0.004677924872526548, "2023_44_9_2": 0.009355849745053097, "2023_44_25": 0.004677924872526548, "2023_44_30_1": 0.16372737053842917, "2023_44_30_2": 0.45375871263507517, "2023_44_30_3": 0.009355849745053097, "2023_44_30_4": 0.2947092669691726, "2023_44_30_5_1": 5.215886232867102, "2023_44_30_6": 1.038499321700894, "2023_44_30_7": 0.8654161014174115, "2023_44_30_8": 28.544697572157002, "2023_44_30_9": 9.524255040464054, "2023_44_30_10": 0.004677924872526548, "2023_44_30_12": 0.02338962436263274, "2023_44_30_13": 0.36020021518454426, "2023_44_30_14": 7.339664124994154, "2023_44_30_15": 0.004677924872526548, "2024_2_2": 0.1263039715582168, "2024_2_2_1": 13.692286101885207, "2024_2_3": 6.118725733264725, "2024_2_6": 2.1939467652149514}