{"2022_44_25_2": 0.017219607392951444, "2022_44_25_3": 0.05165882217885433, "2022_44_25_5": 0.05739869130983815, "2022_44_30": 0.09183790609574102, "2022_44_30_2": 0.017219607392951444, "2022_44_30_5": 0.011479738261967628, "2022_44_30_10": 0.19515555045344968, "2022_45_11": 0.022959476523935256, "2022_45_12": 0.10905751348869247, "2022_45_13": 0.2582941108942716, "2022_45_15": 30.656641028584552, "2023_2_0_5": 0.017219607392951444, "2023_2_10": 0.20089541958443347, "2023_2_11": 0.011479738261967628, "2023_2_12": 1.578464011020549, "2023_2_13": 0.017219607392951444, "2023_2_201": 0.005739869130983814, "2023_2_301": 0.017219607392951444, "2023_6_1": 0.005739869130983814, "2023_6_8": 0.47640913787165656, "2023_6_9": 0.040179083916886696, "2023_6_11": 0.7060039031110091, "2023_6_11_2": 0.005739869130983814, "2023_7_5": 0.8839398461715072, "2023_12_1": 0.6371254735392033, "2023_12_1_1": 4.339341063023763, "2023_12_5": 54.12122603604638, "2023_12_5_3": 0.7347032487659282, "2023_12_8": 0.5912065204913328, "2023_12_9": 4.121226036046379}