{"2023_27_7": 7.161284583222134, "2023_27_12": 2.6643537051863717, "2023_32_4": 0.07561604839427098, "2023_32_6": 0.10230406547460191, "2023_32_7": 0.1334400854016547, "2023_32_9": 1.0586246775197938, "2023_38_1": 0.004448002846721822, "2023_38_4": 0.013344008540165465, "2023_38_6": 6.46739613913353, "2023_38_8": 0.1556800996352638, "2023_38_9": 3.505026243216797, "2023_38_9_1": 0.20460813094920383, "2023_44_1": 15.817098122942802, "2023_44_9_1": 0.008896005693443645, "2023_44_25": 0.004448002846721822, "2023_44_30_1": 0.2312961480295348, "2023_44_30_2": 0.5826883729205588, "2023_44_30_3": 0.008896005693443645, "2023_44_30_4": 0.39587225335824217, "2023_44_30_5_1": 7.254692643003293, "2023_44_30_6": 1.4456009251845923, "2023_44_30_7": 1.3566408682501558, "2023_44_30_8": 42.0291788986745, "2023_44_30_9": 9.30077395249533, "2023_44_30_10": 0.004448002846721822, "2023_44_30_12": 0.013344008540165465}