{"2023_38_9": 2.987486724846469, "2023_38_9_1": 0.07849656000369395, "2023_44_1": 12.43477859352634, "2023_44_9_2": 0.009234889412199286, "2023_44_25": 0.004617444706099643, "2023_44_30_1": 0.1385233411829893, "2023_44_30_2": 0.3971002447245694, "2023_44_30_3": 0.009234889412199286, "2023_44_30_4": 0.2539594588354804, "2023_44_30_5_1": 4.326545689615367, "2023_44_30_6": 0.8265226023918363, "2023_44_30_7": 0.738791152975943, "2023_44_30_8": 19.711871450339377, "2023_44_30_9": 4.575887703744748, "2023_44_30_10": 0.004617444706099643, "2023_44_30_12": 0.013852334118298932, "2023_44_30_13": 0.3786304659001708, "2023_44_30_14": 12.762617167659412, "2023_44_30_16": 0.07387911529759429, "2023_44_30_20": 0.3786304659001708, "2024_2_2": 0.07849656000369395, "2024_2_2_1": 5.226947407304796, "2024_2_3": 1.3575287435932955, "2024_2_6": 2.3918363577596153, "2024_2_7": 28.711271182527582, "2024_2_8": 2.1286420095119354}