{"2023_12_5": 0.011434452003887714, "2023_12_9": 0.011434452003887714, "2023_12_9_1": 0.017151678005831568, "2023_12_11": 0.011434452003887714, "2023_20_4_1": 0.02286890400777543, "2023_20_7": 0.02286890400777543, "2023_20_9": 0.034303356011663136, "2023_26_1": 0.005717226001943857, "2023_26_3": 0.005717226001943857, "2023_26_7": 0.011434452003887714, "2023_26_8": 0.080041164027214, "2023_26_9": 0.09719284203304555, "2023_26_10": 0.011434452003887714, "2023_26_11": 0.005717226001943857, "2023_26_12": 0.9776456463323995, "2023_27_6": 0.15436510205248413, "2023_27_7": 28.37459264764736, "2023_27_11": 0.017151678005831568, "2023_31_600": 0.034303356011663136, "2023_32_1": 0.005717226001943857, "2023_32_4": 0.3030129781030244, "2023_32_6": 0.8347149962838032, "2023_32_7": 1.2635069464295923, "2023_32_9": 8.958893145046023, "2023_38_1": 0.005717226001943857, "2023_38_4": 0.3030129781030244, "2023_38_6": 55.8458635869876, "2023_38_8": 2.1039391687153395, "2023_38_9": 0.4688125321593962}