{"2024_32_4_2": 0.02611989029646075, "2024_32_5_3": 0.01958991772234556, "2024_32_5_4": 0.02611989029646075, "2024_32_6": 2.5140394410343467, "2024_32_7": 7.659657829437115, "2024_32_9": 0.03917983544469112, "2024_32_9_1": 0.013059945148230376, "2024_32_10": 15.410735274911843, "2024_32_20": 0.08488964346349744, "2024_32_20_1": 0.22201906751991637, "2024_33_5": 15.48256497322711, "2024_33_15": 0.4113882721692569, "2024_33_25": 0.18936920464934046, "2024_33_30": 0.013059945148230376, "2024_33_35": 6.177354055112968, "2024_33_40": 1.1884550084889642, "2024_38": 0.006529972574115188, "2024_38_2": 1.5149536371947236, "2024_38_4": 0.16324931435287968, "2024_38_6": 1.6782029515476031, "2024_38_7": 5.308867702755647, "2024_39_5": 0.9990858038396235, "2024_39_15": 1.4757738017500324, "2024_44_1": 0.20242914979757082, "2024_44_3": 0.7770667363197074, "2024_44_3_1": 19.198119367898652, "2024_44_4": 0.49627791563275425, "2024_44_25_2": 16.67101998171607, "2024_44_25_3": 2.0308214705498235}