{"2023_38_6": 0.013542795232936077, "2023_38_9": 0.020314192849404115, "2023_44_1": 0.027085590465872153, "2023_44_30_5_1": 0.013542795232936077, "2023_44_30_8": 0.6906825568797399, "2023_44_30_9": 0.04739978331527627, "2023_44_30_13": 0.020314192849404115, "2023_44_30_14": 3.1216143011917654, "2023_44_30_16": 0.020314192849404115, "2023_44_30_20": 0.020314192849404115, "2023_44_30_25": 2.464788732394366, "2023_44_30_30": 0.4604550379198266, "2024_2_2_1": 0.020314192849404115, "2024_2_3": 0.027085590465872153, "2024_2_6": 0.08125677139761646, "2024_2_7": 13.630823401950162, "2024_2_7_1": 0.006771397616468038, "2024_2_8": 0.9547670639219933, "2024_2_12": 0.03385698808234019, "2024_2_13": 0.07448537378114842, "2024_3_6": 1.6860780065005414, "2024_3_10": 13.698537378114843, "2024_3_15": 27.17361863488624, "2024_3_20": 0.1421993499458288, "2024_8_3": 0.10157096424702056, "2024_8_4": 2.4512459371614295, "2024_8_7": 8.322047670639218, "2024_8_8": 0.12865655471289275, "2024_8_9": 24.289003250270856, "2024_8_12": 0.2573131094257855}