{"2023_12_9_1": 0.014904795617990088, "2023_12_10": 0.04098818794947275, "2023_12_11": 0.0484405857584678, "2023_20_4_1": 0.07452397808995044, "2023_20_7": 0.06334538137645787, "2023_20_8": 0.10433356932593063, "2023_20_9": 2.649327421097738, "2023_26_1": 0.1527741550843984, "2023_26_3": 0.011178596713492568, "2023_26_6": 0.052166784662965315, "2023_26_7": 1.8332898610127812, "2023_26_8": 3.3200432239072923, "2023_26_9": 4.210604762082201, "2023_26_10": 0.2533815255058315, "2023_26_11": 0.21611953646085627, "2023_26_12": 0.8383947535119424, "2023_27_6": 3.547341357081641, "2023_27_7": 19.614711033274958, "2023_31_600": 0.014904795617990088, "2023_32_1": 0.3390841003092745, "2023_32_4": 2.49655326601334, "2023_32_6": 11.700264560122221, "2023_32_7": 16.562954130491487, "2023_32_9": 26.746655736483216, "2023_38_1": 0.1155121660394232, "2023_38_4": 4.974475537504192, "2023_38_6": 0.003726198904497522}