{"2023_26_7": 0.014457134595923087, "2023_26_8": 0.07228567297961544, "2023_26_9": 0.07228567297961544, "2023_26_12": 0.7324948195267698, "2023_27_6": 0.07228567297961544, "2023_27_7": 10.674184376656546, "2023_27_12": 4.380511782564696, "2023_32_4": 0.09638089730615393, "2023_32_6": 0.1156570767673847, "2023_32_7": 0.18312370488169244, "2023_32_9": 1.3541516071514625, "2023_38_1": 0.004819044865307696, "2023_38_4": 0.019276179461230784, "2023_38_6": 8.404414245096623, "2023_38_8": 0.20721892920823093, "2023_38_9": 4.910606717748543, "2023_38_9_1": 0.4578092622042311, "2023_44_1": 25.01566189581225, "2023_44_25": 0.004819044865307696, "2023_44_30_1": 0.7710471784492314, "2023_44_30_2": 2.2360368175027707, "2023_44_30_3": 0.04337140378776926, "2023_44_30_4": 1.595103850416847, "2023_44_30_5_1": 31.318972579634718, "2023_44_30_6": 7.243024432557468}