{"2024_8_9": 0.14422347047214212, "2024_8_12": 0.01518141794443601, "2024_14_3": 0.022772126916654013, "2024_14_6": 0.10626992561105207, "2024_14_7": 0.03036283588887202, "2024_14_8": 0.11386063458327007, "2024_14_9": 3.7042659784423857, "2024_14_11": 0.007590708972218005, "2024_15_15": 4.182480643692121, "2024_20_1": 0.8197965689995445, "2024_20_3": 0.28844694094428425, "2024_20_6": 0.01518141794443601, "2024_20_6_2": 0.1897677243054501, "2024_20_7": 3.3399119477759225, "2024_20_8": 0.022772126916654013, "2024_20_9": 11.818733869743433, "2024_20_9_1": 0.022772126916654013, "2024_20_10": 0.1366327614999241, "2024_20_15": 0.47821466524973427, "2024_21_5": 0.8122058600273265, "2024_26_1": 0.022772126916654013, "2024_26_3_1": 3.8105359040534386, "2024_26_4": 0.022772126916654013, "2024_26_6": 1.8521329892211928, "2024_26_7": 49.339608319417025, "2024_26_8": 7.264308486412629, "2024_26_10": 7.309852740245939, "2024_26_11": 0.3947168665553362, "2024_26_20": 3.6055867618035524, "2024_32": 0.10626992561105207}