{"2024_3_20": 0.15237398671298832, "2024_3_25": 8.35618943134028, "2024_8_4": 0.04266471627963673, "2024_8_7": 0.21941854086670326, "2024_8_8": 0.012189918937039067, "2024_8_9": 4.9003474126897055, "2024_8_12": 0.04266471627963673, "2024_9_5": 0.0060949594685195336, "2024_14_3": 0.23160845980374228, "2024_14_5": 0.030474797342597667, "2024_14_6": 1.96257694886329, "2024_14_7": 0.7923447309075394, "2024_14_8": 2.346559395380021, "2024_14_9": 27.01895532394709, "2024_14_11": 0.08532943255927346, "2024_15_10": 0.0060949594685195336, "2024_15_15": 4.144572438593283, "2024_20_1": 7.679648930334612, "2024_20_3": 3.596026086426525, "2024_20_6": 0.6216858657889923, "2024_20_6_1": 0.030474797342597667, "2024_20_6_2": 3.754495032608033, "2024_20_7": 20.430304138477474, "2024_20_8": 0.14018406777594927, "2024_20_9": 13.354056195526297, "2024_20_9_1": 0.012189918937039067, "2024_26_1": 0.030474797342597667}