{"2024_32_4_1": 0.22880303327449825, "2024_32_4_2": 0.026148918088514085, "2024_32_5_3": 0.01961168856638557, "2024_32_5_4": 0.026148918088514085, "2024_32_6": 2.5233705955416097, "2024_32_7": 7.668170229456757, "2024_32_9": 0.03922337713277114, "2024_32_9_1": 0.013074459044257043, "2024_32_10": 15.47362227887821, "2024_32_20": 0.08498398378767077, "2024_32_20_1": 0.22226580375236973, "2024_33_5": 15.663201935019938, "2024_33_15": 0.41838268941622536, "2024_33_25": 0.18957965614172712, "2024_33_30": 0.013074459044257043, "2024_33_35": 6.3737987840753085, "2024_33_40": 1.2747597568150617, "2024_38": 0.006537229522128521, "2024_38_2": 1.5231744786559456, "2024_38_4": 0.16343073805321304, "2024_38_6": 1.6996796757534158, "2024_38_7": 5.275544224357717, "2024_39_5": 1.1178662482839772, "2024_39_15": 1.065568412106949, "2024_44_1": 0.20919134470811268, "2024_44_3": 0.7779303131332941, "2024_44_3_1": 19.46133228737661, "2024_44_4": 0.4706805255932535, "2024_44_25_2": 17.702817545924038, "2024_44_25_3": 0.2680264104072694}