{"2023_44_30_13": 0.013311148086522458, "2023_44_30_14": 0.4792013311148086, "2023_44_30_25": 0.07986688851913476, "2023_44_30_30": 0.14642262895174707, "2024_2_6": 0.03993344425956738, "2024_2_7": 0.4126455906821963, "2024_2_8": 0.013311148086522458, "2024_3_6": 0.14642262895174707, "2024_3_10": 0.5923460898502496, "2024_3_15": 3.35440931780366, "2024_3_20": 0.2529118136439268, "2024_3_25": 14.575707154742092, "2024_8_3": 0.006655574043261229, "2024_8_4": 0.05990016638935108, "2024_8_7": 0.259567387687188, "2024_8_8": 0.013311148086522458, "2024_8_9": 7.154742096505823, "2024_8_12": 0.04658901830282862, "2024_9_5": 0.006655574043261229, "2024_14_3": 0.37271214642262895, "2024_14_5": 0.04658901830282862, "2024_14_6": 3.467554076539101, "2024_14_7": 1.5906821963394342, "2024_14_8": 5.0515806988352745, "2024_14_9": 31.999999999999996, "2024_14_11": 0.11314475873544091, "2024_15_5": 0.033277870216306155, "2024_20_1": 29.670549084858568}