{"2024_32_9_1": 0.014235888675350559, "2024_32_10": 16.193323368211264, "2024_32_20": 0.09253327638977864, "2024_32_20_1": 0.22777421880560894, "2024_33_5": 16.02249270410705, "2024_33_15": 0.4484304932735427, "2024_33_25": 0.18506655277955728, "2024_33_30": 0.014235888675350559, "2024_33_35": 6.249555128478896, "2024_33_40": 0.8043277101573065, "2024_38": 0.007117944337675279, "2024_38_2": 1.580183642963912, "2024_38_4": 0.17794860844188198, "2024_38_6": 1.7581322514057942, "2024_38_7": 4.868673926969891, "2024_39_5": 0.9609224855861628, "2024_39_15": 0.22065627446793368, "2024_44_1": 0.21353833013025839, "2024_44_3": 0.7829738771442808, "2024_44_3_1": 19.944480034166133, "2024_44_4": 0.6263791017154247, "2024_44_25_2": 13.410207132180227, "2024_44_25_3": 0.4341946045981921, "2024_44_25_4": 0.6690867677414762, "2024_45_25_5": 3.5660901131753153, "2024_45_25_6": 0.8185635988326572, "2024_45_25_10": 0.29895366218236175, "2024_45_25_15": 0.07829738771442808, "2024_45_32": 4.70496120720336, "2024_45_32_1": 4.626663819488932}