{"2023_32_9": 0.030077449432288142, "2023_38_6": 0.015038724716144071, "2023_38_9": 0.037596811790360174, "2023_44_1": 0.045116174148432206, "2023_44_30_5_1": 0.045116174148432206, "2023_44_30_6": 0.015038724716144071, "2023_44_30_8": 0.9474396571170765, "2023_44_30_9": 0.05263553650650426, "2023_44_30_13": 0.022558087074216103, "2023_44_30_14": 3.8198360779005935, "2023_44_30_16": 0.022558087074216103, "2023_44_30_20": 0.022558087074216103, "2023_44_30_25": 4.015339499210467, "2023_44_30_30": 0.4887585532746822, "2024_2_2_1": 0.0075193623580720355, "2024_2_3": 0.037596811790360174, "2024_2_6": 0.06767426122264833, "2024_2_7": 21.437702082863375, "2024_2_7_1": 0.0075193623580720355, "2024_2_8": 1.4211594856756147, "2024_2_12": 0.045116174148432206, "2024_2_13": 0.19550342130987297, "2024_3_6": 3.316038799909768, "2024_3_10": 32.34829686442589, "2024_8_3": 0.1503872471614407, "2024_8_4": 4.0604556733588995, "2024_8_7": 23.738626964433415, "2024_8_8": 0.23310023310023306, "2024_8_9": 3.353635611700128}