{"2023_12_9": 0.048599947661594825, "2023_12_9_1": 0.011215372537291114, "2023_12_10": 0.044861490149164455, "2023_12_11": 0.048599947661594825, "2023_20_4_1": 0.07850760776103778, "2023_20_7": 0.06355377771131633, "2023_20_8": 0.10841526786048077, "2023_20_9": 2.6729971213877155, "2023_26_1": 0.15327675800964521, "2023_26_3": 0.011215372537291114, "2023_26_6": 0.052338405174025195, "2023_26_7": 1.8505364686530337, "2023_26_8": 3.4019963363116377, "2023_26_9": 4.254364649145762, "2023_26_10": 0.2542151108452653, "2023_26_11": 0.21683053572096153, "2023_26_12": 0.8336760252719727, "2023_27_6": 3.7646267150173838, "2023_27_7": 19.353994541852035, "2023_31_600": 0.011215372537291114, "2023_32_1": 0.34393809114359414, "2023_32_4": 2.5533664809899435, "2023_32_6": 11.963064039777189, "2023_32_7": 17.069797001757074, "2023_32_9": 25.851433698456017, "2023_38_1": 0.11589218288534152, "2023_38_4": 4.867471681184343}