{"2023_38_6": 0.013811200883916854, "2023_38_9": 0.027622401767833708, "2023_44_1": 0.020716801325875285, "2023_44_30_5_1": 0.020716801325875285, "2023_44_30_8": 0.7458048477315102, "2023_44_30_9": 0.04143360265175057, "2023_44_30_13": 0.020716801325875285, "2023_44_30_14": 3.259443408604378, "2023_44_30_16": 0.020716801325875285, "2023_44_30_20": 0.020716801325875285, "2023_44_30_25": 2.63793936882812, "2023_44_30_30": 0.45576962916925623, "2024_2_2_1": 0.020716801325875285, "2024_2_3": 0.034528002209792144, "2024_2_6": 0.08977280574545957, "2024_2_7": 14.50866652855466, "2024_2_7_1": 0.006905600441958427, "2024_2_8": 1.028934465851806, "2024_2_12": 0.034528002209792144, "2024_2_13": 0.08977280574545957, "2024_3_6": 1.8645121193287757, "2024_3_10": 15.116359367447, "2024_3_15": 24.977556798563633, "2024_3_20": 0.013811200883916854, "2024_8_3": 0.11048960707133483, "2024_8_4": 2.7415233754574957, "2024_8_7": 9.750707824045302, "2024_8_8": 0.15192320972308543, "2024_8_9": 21.952903804985844, "2024_8_12": 0.22097921414266966}