{"2022_45_12": 0.03306722093627474, "2022_45_13": 0.04251499834663895, "2022_45_15": 0.7558221928291369, "2023_2_10": 0.014171666115546318, "2023_2_12": 0.13226888374509896, "2023_2_301": 0.00944777741036421, "2023_6_8": 0.03779110964145684, "2023_6_11": 0.07085833057773158, "2023_7_5": 0.028343332231092637, "2023_7_10": 4.161745949265435, "2023_7_15": 2.3666682412962348, "2023_7_20": 22.797486891208845, "2023_7_25": 0.01889555482072842, "2023_12_1": 0.00944777741036421, "2023_12_1_1": 0.03779110964145684, "2023_12_5": 2.5272804572724263, "2023_12_5_4": 0.34956776418347585, "2023_12_8": 0.004723888705182105, "2023_12_9": 4.738060371297652, "2023_12_9_1": 1.2612782842836223, "2023_12_10": 0.7038594170721337, "2023_12_11": 2.853228777929992, "2023_20_4_1": 18.23893429070811, "2023_20_6": 0.581038310737399, "2023_20_7": 33.515990363267036, "2023_20_8": 4.7049931503613776, "2023_26": 0.004723888705182105}