{"2024_32_9": 0.042927666881305004, "2024_32_9_1": 0.014309222293768332, "2024_32_10": 16.405523359805397, "2024_32_20": 0.09300994490949417, "2024_32_20_1": 0.22894755670029332, "2024_33_5": 16.29820419260213, "2024_33_15": 0.4507405022537025, "2024_33_25": 0.19317450096587252, "2024_33_30": 0.014309222293768332, "2024_33_35": 6.35329469843314, "2024_33_40": 0.808471059597911, "2024_38": 0.007154611146884166, "2024_38_2": 1.588323674608285, "2024_38_4": 0.17886527867210417, "2024_38_6": 1.7814981755741577, "2024_38_7": 4.965300135937612, "2024_39_5": 0.9801817271231311, "2024_39_15": 0.24325677899406173, "2024_44_1": 0.21463833440652502, "2024_44_3": 0.808471059597911, "2024_44_3_1": 20.247549545682194, "2024_44_4": 0.6009873363382701, "2024_44_25_2": 13.44351434499535, "2024_44_25_3": 0.550905058310081, "2024_44_25_4": 0.6081419474851542, "2024_45_25_5": 3.326894183301138, "2024_45_25_6": 0.7369249481290692, "2024_45_25_10": 0.17886527867210417, "2024_45_32": 8.63561565428919}