{"2023_38_9_1": 0.0758833293810766, "2023_44_1": 12.748399336020869, "2023_44_25": 0.0047427080863172875, "2023_44_30_1": 0.13279582641688403, "2023_44_30_2": 0.40787289542328664, "2023_44_30_3": 0.009485416172634575, "2023_44_30_4": 0.2608489447474508, "2023_44_30_5_1": 4.4107185202750765, "2023_44_30_6": 0.8394593312781597, "2023_44_30_7": 0.758833293810766, "2023_44_30_8": 20.06639791320844, "2023_44_30_9": 4.624140384159355, "2023_44_30_10": 0.0047427080863172875, "2023_44_30_12": 0.014228124258951862, "2023_44_30_13": 0.38890206307801756, "2023_44_30_14": 13.227412852738912, "2023_44_30_16": 0.08062603746739387, "2023_44_30_20": 0.3841593549917003, "2023_44_30_25": 0.0047427080863172875, "2024_2_2": 0.08062603746739387, "2024_2_2_1": 5.19326535451743, "2024_2_3": 1.3611572207730613, "2024_2_6": 2.361868626986009, "2024_2_7": 30.291676547308512, "2024_2_8": 2.2670144652596633}