{"2023_32_9": 0.033590863285186436, "2023_38_9": 0.05038629492777964, "2023_44_1": 0.05038629492777964, "2023_44_30_5_1": 0.02519314746388982, "2023_44_30_6": 0.02519314746388982, "2023_44_30_7": 0.008397715821296609, "2023_44_30_8": 1.6207591535102455, "2023_44_30_9": 0.041988579106483036, "2023_44_30_13": 0.041988579106483036, "2023_44_30_14": 6.357070876721532, "2023_44_30_16": 0.02519314746388982, "2023_44_30_20": 0.05878401074907626, "2023_44_30_25": 17.52603291904602, "2023_44_30_30": 1.0245213301981864, "2024_2_2_1": 0.033590863285186436, "2024_2_3": 0.016795431642593218, "2024_2_6": 0.06718172657037287, "2024_2_7": 39.947934161907966, "2024_2_7_1": 0.008397715821296609, "2024_2_8": 3.0147799798454824, "2024_2_12": 0.05878401074907626, "2024_2_13": 0.36949949613705074, "2024_3_6": 6.953308700033592, "2024_8_3": 0.24353375881760167, "2024_8_4": 8.137386630836414, "2024_8_7": 14.259321464561639}