{"2023_12_10": 0.03301419610432486, "2023_12_11": 0.051355416162283105, "2023_20_4_1": 0.07336488023183302, "2023_20_7": 0.058691904185466416, "2023_20_8": 0.09904258831297458, "2023_20_9": 2.531088367998239, "2023_26_1": 0.14672976046366604, "2023_26_3": 0.011004732034774952, "2023_26_6": 0.04768717215069146, "2023_26_7": 1.7167381974248928, "2023_26_8": 3.099666189794945, "2023_26_9": 3.9873812406001248, "2023_26_10": 0.22743112871868232, "2023_26_11": 0.20542166464913242, "2023_26_12": 0.8436961226660796, "2023_27_6": 3.0373060415978865, "2023_27_7": 20.322071824217748, "2023_31_600": 0.04035068412750816, "2023_32_1": 0.30813249697369866, "2023_32_4": 2.307325483291149, "2023_32_6": 10.615898169546236, "2023_32_7": 14.566596970030446, "2023_32_9": 28.70400939070467, "2023_38_1": 0.06969663622024137, "2023_38_4": 1.7570888815524006, "2023_38_6": 5.1392098602399034}