{"2024_20_9": 5.726657315362566, "2024_20_10": 0.05488808928462522, "2024_20_15": 0.2988351527718485, "2024_21_5": 0.3842166249923766, "2024_26_1": 0.006098676587180581, "2024_26_3_1": 1.396596938464353, "2024_26_4": 0.01829602976154174, "2024_26_6": 0.7196438372873084, "2024_26_7": 9.995730926388973, "2024_26_8": 7.35500396413978, "2024_26_10": 2.1284381289260224, "2024_26_11": 0.29273647618466786, "2024_26_20": 1.7381228273464655, "2024_27_5": 0.3659205952308348, "2024_27_10": 1.46978105751052, "2024_27_25": 10.203085930353112, "2024_32": 0.0304933829359029, "2024_32_3": 11.642373604927728, "2024_32_4_1": 0.6098676587180581, "2024_32_4_2": 0.04878941269744465, "2024_32_5_3": 0.03659205952308348, "2024_32_5_4": 0.07928279563334756, "2024_32_6": 16.8323473806184, "2024_32_7": 12.740135390620233, "2024_32_10": 14.856376166371895, "2024_32_20": 0.7928279563334756, "2024_32_20_1": 0.17686162102823685}