{"2023_20_9": 0.029864118261908316, "2023_26_8": 0.07466029565477078, "2023_26_9": 0.07466029565477078, "2023_26_12": 0.7565576626350106, "2023_27_6": 0.08461500174207356, "2023_27_7": 14.802647951819223, "2023_27_12": 6.4954457219650585, "2023_32_4": 0.11945647304763327, "2023_32_6": 0.11447912000398187, "2023_32_7": 0.18913941565875264, "2023_32_9": 1.6425265044049575, "2023_38_1": 0.004977353043651386, "2023_38_4": 0.009954706087302772, "2023_38_6": 9.685929022945595, "2023_38_8": 0.2538450052262207, "2023_38_9": 6.450649544572196, "2023_38_9_1": 0.4180976556667164, "2023_44_1": 36.483997809964656, "2023_44_25": 0.004977353043651386, "2023_44_30_1": 3.1008909461948133, "2023_44_30_2": 14.160569409188192, "2023_44_30_3": 0.11447912000398187, "2023_44_30_4": 4.927579513214873}