{"2022_44_25_2": 0.016717748676511563, "2022_44_25_3": 0.05015324602953468, "2022_44_25_5": 0.05572582892170522, "2022_44_30": 0.08916132627472834, "2022_44_30_2": 0.016717748676511563, "2022_44_30_5": 0.011145165784341042, "2022_44_30_10": 0.19504040122596827, "2022_45_11": 0.022290331568682084, "2022_45_12": 0.10030649205906936, "2022_45_13": 0.26191139593201446, "2022_45_15": 30.39286709389802, "2023_2_0_5": 0.016717748676511563, "2023_2_10": 0.19504040122596827, "2023_2_11": 0.011145165784341042, "2023_2_12": 1.538032878239064, "2023_2_13": 0.016717748676511563, "2023_2_201": 0.005572582892170521, "2023_2_301": 0.011145165784341042, "2023_6_8": 0.4179437169127891, "2023_6_9": 0.03900808024519365, "2023_6_11": 0.6631373641682919, "2023_6_11_2": 0.005572582892170521, "2023_7_5": 0.9250487601003067, "2023_12_1": 0.5739760378935638, "2023_12_1_1": 3.772638617999443, "2023_12_5": 40.0947339091669, "2023_12_5_3": 0.6854276957369742, "2023_12_5_4": 0.005572582892170521, "2023_12_8": 0.23962106436333244, "2023_12_9": 19.57091111730287}