{"2022_44_2": 0.111731843575419, "2022_44_25_1": 0.0558659217877095, "2022_44_25_2": 0.13712544438801424, "2022_44_25_3": 0.6348400203148807, "2022_44_25_5": 0.6297613001523616, "2022_44_30": 0.446927374301676, "2022_44_30_1": 0.04062976130015236, "2022_44_30_2": 0.06094464195022855, "2022_44_30_5": 1.3255459624174708, "2022_44_30_10": 9.771457592686643, "2022_45_10": 0.01015744032503809, "2022_45_11": 0.223463687150838, "2022_45_12": 7.77044184865414, "2022_45_13": 12.82376841036059, "2022_45_14": 0.33011681056373793, "2023_2_0_5": 0.04570848146267141, "2023_2_10": 0.9903504316912137, "2023_2_11": 0.13204672422549518, "2023_2_12": 25.77450482478415, "2023_2_13": 0.02031488065007618, "2023_2_201": 0.015236160487557137, "2023_2_301": 0.23362112747587607, "2023_6_1": 0.43676993397663794, "2023_6_8": 27.039106145251395, "2023_6_9": 5.363128491620111, "2023_6_11": 5.566277298120873, "2023_6_11_1": 0.01015744032503809}