{"2024_26_3_1": 1.1191843431384039, "2024_26_4": 0.017578811672330948, "2024_26_6": 0.5742411812961443, "2024_26_7": 7.5295909996484225, "2024_26_8": 5.707254189616781, "2024_26_10": 1.4883393882573535, "2024_26_11": 0.2402437595218563, "2024_26_20": 1.3477088948787062, "2024_27_5": 0.26368217508496417, "2024_27_10": 0.7910465252548925, "2024_27_25": 3.7208484706433835, "2024_32": 0.02929801945388491, "2024_32_3": 6.205320520332825, "2024_32_4_1": 0.31641861010195704, "2024_32_4_2": 0.023438415563107932, "2024_32_5_3": 0.017578811672330948, "2024_32_5_4": 0.02929801945388491, "2024_32_6": 3.3809914449783194, "2024_32_7": 15.832649712879407, "2024_32_9": 0.10547287003398569, "2024_32_9_1": 0.011719207781553966, "2024_32_10": 39.148013594281025, "2024_32_20": 0.12305168170631664, "2024_32_20_1": 0.4043126684636118, "2024_33_5": 0.05859603890776982, "2024_33_15": 0.7910465252548925, "2024_33_25": 0.8906597913981013, "2024_38": 0.005859603890776983, "2024_38_2": 8.590179303879056, "2024_38_4": 1.2363764209539432}