{"2023_26_12": 0.7205015439318798, "2023_27_6": 0.06550014035744363, "2023_27_7": 8.982876391877982, "2023_27_12": 3.4527931131280996, "2023_32_4": 0.09357162908206232, "2023_32_6": 0.11696453635257789, "2023_32_7": 0.1777860952559184, "2023_32_9": 1.207074015158604, "2023_38_1": 0.0046785814541031165, "2023_38_4": 0.01403574436230935, "2023_38_6": 7.4763731636567785, "2023_38_8": 0.1777860952559184, "2023_38_9": 4.182651819968186, "2023_38_9_1": 0.5193225414054459, "2023_44_1": 20.51557967624216, "2023_44_25": 0.0046785814541031165, "2023_44_30_1": 0.4257509123233835, "2023_44_30_2": 1.1181809675306444, "2023_44_30_3": 0.018714325816412466, "2023_44_30_4": 0.9357162908206231, "2023_44_30_5_1": 33.732572284083474, "2023_44_30_6": 5.969869935435575, "2023_44_30_7": 10.07298587068401, "2023_44_30_10": 0.01403574436230935}