{"2024_2_6": 0.045724737082761785, "2024_2_7": 0.4115226337448561, "2024_2_8": 0.013064210595074795, "2024_3_6": 0.13064210595074796, "2024_3_10": 0.5356326343980665, "2024_3_15": 3.1746031746031753, "2024_3_20": 0.2220915801162715, "2024_3_25": 12.574302697759487, "2024_8_3": 0.006532105297537397, "2024_8_4": 0.05225684238029918, "2024_8_7": 0.24168789600888368, "2024_8_8": 0.013064210595074795, "2024_8_9": 6.551701613430009, "2024_8_12": 0.045724737082761785, "2024_9_5": 0.006532105297537397, "2024_14_3": 0.34620158076948204, "2024_14_5": 0.03919263178522439, "2024_14_6": 2.9459794891893663, "2024_14_7": 1.3064210595074797, "2024_14_8": 3.7428963354889286, "2024_14_9": 29.244235417074925, "2024_14_11": 0.11757789535567316, "2024_15_5": 0.03266052648768699, "2024_20_1": 33.973479652492, "2024_20_3": 4.226272127506696}