{"2024_32_20": 0.11008552798712849, "2024_32_20_1": 0.2709797611990855, "2024_33_5": 18.95164704886104, "2024_33_15": 0.5250232873232282, "2024_33_25": 0.22017105597425699, "2024_33_30": 0.016936235074942844, "2024_33_35": 7.426539080362436, "2024_33_40": 0.9399610466593279, "2024_38": 0.008468117537471422, "2024_38_2": 1.8883902108561272, "2024_38_4": 0.21170293843678556, "2024_38_6": 2.0831569142179696, "2024_38_7": 5.766788043018038, "2024_39_5": 1.1262596324836993, "2024_39_15": 0.23710729104919978, "2024_44_1": 0.25404352612414266, "2024_44_3": 0.9314929291218563, "2024_44_3_1": 23.685324752307565, "2024_44_4": 0.7536624608349566, "2024_44_25_2": 15.005504276399359, "2024_44_25_3": 0.49115081717334247, "2024_44_25_4": 0.8298755186721993, "2024_45_25_5": 4.174781945973411, "2024_45_25_6": 1.0246422220340419, "2024_45_25_10": 0.1947667033618427, "2024_45_25_15": 1.3548988059954274, "2024_45_32": 4.572783470234568, "2024_45_32_1": 6.368024388178509, "2024_45_32_2": 0.5758319925480567}