{"2023_32_9": 1.112723754233188, "2023_38_6": 6.802128688921141, "2023_38_8": 0.1644895984518626, "2023_38_9": 3.6090953072085146, "2023_38_9_1": 0.1935171746492501, "2023_44_1": 15.95065312046444, "2023_44_9_1": 0.009675858732462506, "2023_44_9_2": 0.009675858732462506, "2023_44_25": 0.004837929366231253, "2023_44_30_1": 0.22254475084663763, "2023_44_30_2": 0.5466860183841316, "2023_44_30_3": 0.009675858732462506, "2023_44_30_4": 0.3773584905660377, "2023_44_30_5_1": 6.516690856313498, "2023_44_30_6": 1.2772133526850507, "2023_44_30_7": 1.1562651185292694, "2023_44_30_8": 48.53894533139817, "2023_44_30_9": 13.222060957910015, "2023_44_30_10": 0.004837929366231253, "2023_44_30_12": 0.019351717464925013, "2023_44_30_13": 0.25157232704402516}