{"2023_12_9": 0.015838656881896417, "2023_12_9_1": 0.015838656881896417, "2023_12_11": 0.010559104587930943, "2023_20_4_1": 0.021118209175861886, "2023_20_7": 0.021118209175861886, "2023_20_9": 0.026397761469827356, "2023_26_1": 0.005279552293965472, "2023_26_3": 0.005279552293965472, "2023_26_7": 0.015838656881896417, "2023_26_8": 0.07919328440948208, "2023_26_9": 0.09503194129137849, "2023_26_10": 0.010559104587930943, "2023_26_11": 0.005279552293965472, "2023_26_12": 0.8816852330922337, "2023_27_6": 0.1478274642310332, "2023_27_7": 28.155852383717857, "2023_27_11": 0.015838656881896417, "2023_31_600": 0.026397761469827356, "2023_32_1": 0.005279552293965472, "2023_32_4": 0.23230030093448076, "2023_32_6": 0.7021804550974078, "2023_32_7": 1.0189535927353361, "2023_32_9": 7.924607993242172, "2023_38_1": 0.005279552293965472, "2023_38_4": 0.2217411963465498, "2023_38_6": 36.57145874029882, "2023_38_8": 0.649384932157753, "2023_38_9": 16.567235098463648, "2023_44_1": 6.546644844517184}