{"2023_32_4": 0.08310520140789987, "2023_32_6": 0.10265936644505277, "2023_32_7": 0.14665623777864686, "2023_32_9": 1.1536957371920218, "2023_38_1": 0.004888541259288228, "2023_38_4": 0.014665623777864682, "2023_38_6": 7.010168165819318, "2023_38_8": 0.17109894407508797, "2023_38_9": 3.7788423934297994, "2023_38_9_1": 0.21998435666797023, "2023_44_1": 16.88991005084083, "2023_44_9_1": 0.009777082518576456, "2023_44_25": 0.004888541259288228, "2023_44_30_1": 0.23953852170512316, "2023_44_30_2": 0.6110676574110284, "2023_44_30_3": 0.009777082518576456, "2023_44_30_4": 0.4106374657802111, "2023_44_30_5_1": 7.469691044192412, "2023_44_30_6": 1.4910050840829092, "2023_44_30_7": 1.373680093859992, "2023_44_30_8": 46.885999217833394, "2023_44_30_9": 11.786272976143918, "2023_44_30_10": 0.004888541259288228, "2023_44_30_12": 0.014665623777864682, "2023_44_30_13": 0.11243644896362925}