{"2023_6_8": 0.05606589899512658, "2023_6_11": 0.06900418337861733, "2023_7_5": 0.017251045844654332, "2023_7_10": 2.8421098029068013, "2023_7_15": 1.4620261353344548, "2023_7_20": 23.953077155302545, "2023_7_25": 0.004312761461163583, "2023_7_26": 0.3148315866649416, "2023_12_1": 0.01293828438349075, "2023_12_1_1": 0.07331694483978092, "2023_12_5": 1.9752447492129213, "2023_12_5_4": 0.2415146418251607, "2023_12_8": 0.004312761461163583, "2023_12_9": 3.5062750679259937, "2023_12_9_1": 0.8237374390822444, "2023_12_10": 0.5261568982619572, "2023_12_11": 1.5525941260188902, "2023_20_4_1": 6.60715055850261, "2023_20_6": 0.11644455945141675, "2023_20_7": 5.447017725449607, "2023_20_8": 3.5105878293871573, "2023_20_9": 40.01380083667573, "2023_26_1": 4.739724845818778, "2023_26_3": 0.1293828438349075, "2023_26_6": 1.996808556518739, "2023_26_7": 0.004312761461163583}