{"2024_3_6": 0.11458207695091065, "2024_3_10": 0.4583283078036426, "2024_3_15": 2.617295862983959, "2024_3_20": 0.162827161982873, "2024_3_25": 8.828850560849114, "2024_8_4": 0.04221444940296708, "2024_8_7": 0.2291641539018213, "2024_8_8": 0.012061271257990593, "2024_8_9": 5.07779519961404, "2024_8_12": 0.04221444940296708, "2024_9_5": 0.006030635628995296, "2024_14_3": 0.2532866964178025, "2024_14_5": 0.03015317814497648, "2024_14_6": 2.0383548426004103, "2024_14_7": 0.8020745386563746, "2024_14_8": 2.5087444216620436, "2024_14_9": 26.679532022675197, "2024_14_11": 0.07839826317693886, "2024_15_10": 0.006030635628995296, "2024_15_15": 3.3711253166083712, "2024_20_1": 8.376552888674468, "2024_20_3": 4.396333373537571, "2024_20_6": 0.8563502593173322, "2024_20_6_1": 0.03015317814497648, "2024_20_6_2": 5.415510794837776, "2024_20_7": 25.165842479797373, "2024_20_8": 0.1809190688698589, "2024_20_9": 2.213243275841274, "2024_20_9_1": 0.006030635628995296}