{"2024_3_25": 0.9011566025686513, "2024_8_7": 0.05676577024054495, "2024_8_9": 0.21996735968211173, "2024_14_3": 0.021287163840204362, "2024_14_6": 0.18448875328177108, "2024_14_7": 0.04967004896047684, "2024_14_8": 0.2696374086425885, "2024_14_9": 14.624281558220394, "2024_14_11": 0.007095721280068119, "2024_15_15": 4.803803306606117, "2024_20_1": 2.256439367061662, "2024_20_3": 1.4971971900943732, "2024_20_6": 0.21287163840204357, "2024_20_6_1": 0.014191442560136238, "2024_20_6_2": 2.249343645781594, "2024_20_7": 15.787979848151565, "2024_20_8": 0.10643581920102178, "2024_20_9": 37.912438799403965, "2024_20_9_1": 0.021287163840204362, "2024_20_10": 0.44703044064429154, "2024_20_15": 0.8089122259277657, "2024_21_5": 4.668984602284822, "2024_26_1": 0.07805293408074931, "2024_26_3_1": 10.969985098985312, "2024_26_4": 0.08514865536081745, "2024_26_6": 1.5894415667352588, "2024_26_10": 0.15610586816149863}