{"2024_8_9": 0.14952153110047847, "2024_8_12": 0.014952153110047847, "2024_14_3": 0.02242822966507177, "2024_14_6": 0.1046650717703349, "2024_14_7": 0.03738038277511962, "2024_14_8": 0.11214114832535883, "2024_14_9": 3.4763755980861246, "2024_14_11": 0.007476076555023923, "2024_15_15": 4.156698564593301, "2024_20_1": 0.7924641148325356, "2024_20_3": 0.26913875598086123, "2024_20_6": 0.007476076555023923, "2024_20_6_2": 0.1719497607655502, "2024_20_7": 3.214712918660286, "2024_20_8": 0.02242822966507177, "2024_20_9": 11.13187799043062, "2024_20_9_1": 0.02242822966507177, "2024_20_10": 0.13456937799043062, "2024_20_15": 0.47099282296650713, "2024_21_5": 0.7550837320574162, "2024_26_1": 0.014952153110047847, "2024_26_3_1": 3.5959928229665072, "2024_26_4": 0.02242822966507177, "2024_26_6": 1.7120215311004783, "2024_26_7": 46.91238038277511, "2024_26_8": 10.713217703349281, "2024_26_10": 7.401315789473683, "2024_26_11": 0.6578947368421052, "2024_26_20": 3.7754186602870803, "2024_32": 0.11961722488038277}