{"2023_27_6": 0.05404431633939832, "2023_27_7": 7.494145199063233, "2023_27_12": 2.8238155287335625, "2023_32_4": 0.07656278148081427, "2023_32_6": 0.10358493965051344, "2023_32_7": 0.139614483876779, "2023_32_9": 1.0898937128445327, "2023_38_1": 0.004503693028283193, "2023_38_4": 0.01351107908484958, "2023_38_6": 6.647450909745993, "2023_38_8": 0.16213294901819497, "2023_38_9": 3.5894433435417055, "2023_38_9_1": 0.21617726535759327, "2023_44_1": 16.62763466042155, "2023_44_9_1": 0.009007386056566386, "2023_44_25": 0.004503693028283193, "2023_44_30_1": 0.24770311655557567, "2023_44_30_2": 0.6260133309313639, "2023_44_30_3": 0.009007386056566386, "2023_44_30_4": 0.43235453071518654, "2023_44_30_5_1": 8.26427670689966, "2023_44_30_6": 1.6348405692667993, "2023_44_30_7": 1.5717888668708344, "2023_44_30_8": 45.3386777157269, "2023_44_30_9": 2.8058007566204295, "2023_44_30_10": 0.004503693028283193, "2023_44_30_11": 0.009007386056566386}