{"2022_44_30_5": 0.010343400910219281, "2022_44_30_10": 0.056888705006206054, "2022_45_12": 0.031030202730657843, "2022_45_13": 0.056888705006206054, "2022_45_15": 1.0964004964832434, "2023_2_10": 0.0258585022755482, "2023_2_12": 0.1810095159288374, "2023_2_301": 0.010343400910219281, "2023_6_8": 0.056888705006206054, "2023_6_11": 0.13446421183285065, "2023_7_5": 0.031030202730657843, "2023_7_10": 6.624948282995451, "2023_7_15": 3.847745138601573, "2023_7_20": 19.486967314853125, "2023_12_1": 0.020686801820438562, "2023_12_1_1": 0.07240380637153496, "2023_12_5": 3.966694249069094, "2023_12_5_4": 0.42407943731899045, "2023_12_8": 0.0051717004551096405, "2023_12_9": 7.188663632602401, "2023_12_9_1": 2.4100124120810924, "2023_12_10": 1.1429458005792303, "2023_12_11": 3.7908564335953665, "2023_20_4_1": 48.95014480761275, "2023_20_6": 0.3775341332230037}