{"2023_6_8": 0.0509078567792296, "2023_6_11": 0.063634820974037, "2023_7_5": 0.01696928559307653, "2023_7_10": 2.6811471237060918, "2023_7_15": 1.3533005260478534, "2023_7_20": 24.087900899372137, "2023_7_25": 0.004242321398269132, "2023_7_26": 0.30968946207364667, "2023_12_1": 0.0127269641948074, "2023_12_1_1": 0.07211946377057525, "2023_12_5": 1.8284405226539961, "2023_12_5_4": 0.22484303410826406, "2023_12_8": 0.004242321398269132, "2023_12_9": 3.2793144408620396, "2023_12_9_1": 0.7721024944849821, "2023_12_10": 0.5175632105888341, "2023_12_11": 1.4211776684201598, "2023_20_4_1": 6.11318513490582, "2023_20_6": 0.1060580349567283, "2023_20_7": 4.781096215849312, "2023_20_8": 2.9187171220091632, "2023_20_9": 33.80281690140845, "2023_26_1": 1.3533005260478534, "2023_26_3": 0.06787714237230612, "2023_26_6": 1.2430001696928559, "2023_26_7": 12.913626336331241}