{"2024_27_10": 0.6193659164775861, "2024_27_25": 2.918991843993377, "2024_32": 0.03066167903354387, "2024_32_3": 5.114368062795118, "2024_32_4_1": 0.2207640890415159, "2024_32_4_2": 0.024529343226835098, "2024_32_5_3": 0.018397007420126323, "2024_32_5_4": 0.024529343226835098, "2024_32_6": 2.4590666584902183, "2024_32_7": 7.530508370638375, "2024_32_9": 0.036794014840252645, "2024_32_9_1": 0.012264671613417549, "2024_32_10": 16.551174342306982, "2024_32_20": 0.08585270129392285, "2024_32_20_1": 0.2207640890415159, "2024_33_5": 18.390875084319617, "2024_33_15": 0.4047341632427791, "2024_33_25": 0.21463175323480715, "2024_33_30": 0.012264671613417549, "2024_33_35": 8.192800637762923, "2024_33_40": 0.4169988348561967, "2024_38": 0.0061323358067087745, "2024_38_2": 1.5576132949040284, "2024_38_4": 0.15330839516771938, "2024_38_6": 1.7722450481388357, "2024_38_7": 5.880910038633715, "2024_39_5": 1.1160851168209969, "2024_44_1": 0.2268964248482247, "2024_44_3": 1.0363647513337828, "2024_44_3_1": 24.737842644263196, "2024_44_4": 0.012264671613417549}