{"2023_7_26": 0.03556890487293996, "2023_7_30": 13.089356993241907, "2023_12_1_1": 0.02766470379006442, "2023_12_5": 0.06323360866300438, "2023_12_9": 0.05532940758012884, "2023_12_9_1": 0.015808402165751096, "2023_12_10": 0.07904201082875548, "2023_12_11": 0.07113780974587992, "2023_20_4_1": 0.09485041299450657, "2023_20_7": 0.09485041299450657, "2023_20_8": 0.14622772003319762, "2023_20_9": 3.3276686558906055, "2023_26_1": 0.1936529265304509, "2023_26_3": 0.011856301624313321, "2023_26_6": 0.06323360866300438, "2023_26_7": 2.6360510611389953, "2023_26_8": 5.366952535272496, "2023_26_9": 7.429949017903015, "2023_26_10": 0.8417974153262456, "2023_26_11": 0.5809587795913528, "2023_26_12": 0.6086234833814171, "2023_27_6": 12.540015017982057, "2023_32_1": 0.5928150812156661, "2023_32_4": 6.1376121408528626, "2023_32_6": 22.13176303205153, "2023_32_7": 23.760028455123898, "2023_38": 0.003952100541437774}