{"2022_44_2": 0.04235493434985176, "2022_44_25_2": 0.03176620076238882, "2022_44_25_3": 0.24354087251164763, "2022_44_25_5": 0.09000423549343499, "2022_44_30": 0.23295213892418468, "2022_44_30_2": 0.02117746717492588, "2022_44_30_5": 0.1958915713680644, "2022_44_30_10": 1.7100804743752647, "2022_45_10": 0.00529436679373147, "2022_45_11": 0.052943667937314705, "2022_45_12": 1.1594663278271922, "2022_45_13": 1.879500211774672, "2022_45_14": 0.03176620076238882, "2022_45_15": 27.636594663278274, "2023_2_0_5": 0.02117746717492588, "2023_2_10": 0.46590427784836935, "2023_2_11": 0.026471833968657352, "2023_2_12": 16.27488352393054, "2023_2_13": 0.01588310038119441, "2023_2_301": 0.06353240152477764, "2023_6_1": 0.09000423549343499, "2023_6_8": 18.620288013553584, "2023_6_9": 1.3977128335451081, "2023_6_11": 17.301990681914443, "2023_6_11_2": 0.07412113511224058, "2023_6_15": 0.00529436679373147, "2023_12_1": 12.304108428631935, "2023_12_1_1": 0.00529436679373147}