{"2024_3_25": 0.8402213265933465, "2024_8_7": 0.06831067695880866, "2024_8_9": 0.23225630165994945, "2024_14_3": 0.020493203087642596, "2024_14_6": 0.17077669239702165, "2024_14_7": 0.04781747387116606, "2024_14_8": 0.23225630165994945, "2024_14_9": 13.09515677300362, "2024_14_11": 0.006831067695880865, "2024_15_15": 4.809071657900129, "2024_20_1": 2.0015028348930937, "2024_20_3": 1.332058200696769, "2024_20_6": 0.18443882778878337, "2024_20_6_1": 0.01366213539176173, "2024_20_6_2": 2.0015028348930937, "2024_20_7": 11.483024796775734, "2024_20_8": 0.07514174465468952, "2024_20_9": 32.215315253774165, "2024_20_9_1": 0.020493203087642596, "2024_20_10": 0.35521552018580504, "2024_20_15": 0.5738096864539928, "2024_21_5": 2.035658173372498, "2024_26_1": 0.04098640617528519, "2024_26_3_1": 8.764259853815151, "2024_26_4": 0.07514174465468952, "2024_26_6": 8.11530842270647, "2024_26_7": 7.883052121046519, "2024_26_10": 3.306236764806339}