{"2022_40_4_2": 0.015920186796858415, "2022_44_2": 0.04245383145828911, "2022_44_25_2": 0.03184037359371683, "2022_44_25_3": 0.24410953088516238, "2022_44_25_5": 0.09021439184886436, "2022_44_30": 0.2334960730205901, "2022_44_30_1": 0.005306728932286139, "2022_44_30_2": 0.021226915729144556, "2022_44_30_5": 0.19634897049458713, "2022_44_30_10": 1.7353003608575672, "2022_45_10": 0.005306728932286139, "2022_45_11": 0.05306728932286139, "2022_45_12": 1.1674803651029506, "2022_45_13": 1.8891954998938656, "2022_45_14": 0.03184037359371683, "2022_45_15": 27.60029717682021, "2023_2_0_5": 0.021226915729144556, "2023_2_10": 0.4669921460411802, "2023_2_11": 0.026533644661430694, "2023_2_12": 16.456166419019315, "2023_2_13": 0.015920186796858415, "2023_2_301": 0.06368074718743366, "2023_6_1": 0.09021439184886436, "2023_6_8": 19.289959668860117, "2023_6_9": 1.4168966249203991, "2023_6_11": 17.79346210995542, "2023_6_11_2": 0.07960093398429208, "2023_6_15": 0.005306728932286139, "2023_12_1": 10.910634684780302}