{"2024_2_6": 0.04590464948521214, "2024_2_7": 0.41314184536690934, "2024_2_8": 0.013115614138632043, "2024_3_6": 0.1311561413863204, "2024_3_10": 0.5442979867532297, "2024_3_15": 3.21332546396485, "2024_3_20": 0.2229654403567447, "2024_3_25": 12.768050363958292, "2024_8_3": 0.006557807069316021, "2024_8_4": 0.05246245655452817, "2024_8_7": 0.22952324742606067, "2024_8_8": 0.013115614138632043, "2024_8_9": 6.62338514000918, "2024_8_12": 0.04590464948521214, "2024_9_5": 0.006557807069316021, "2024_14_3": 0.3475637746737491, "2024_14_5": 0.03934684241589612, "2024_14_6": 2.9903600236081056, "2024_14_7": 1.324677028001836, "2024_14_8": 3.816643714341924, "2024_14_9": 29.201914879664237, "2024_14_11": 0.11148272017837235, "2024_15_5": 0.0327890353465801, "2024_20_1": 34.25142632303758, "2024_20_3": 3.5543314315692824}