{"2023_26_9": 0.07158196134574087, "2023_26_12": 0.7253638749701742, "2023_27_6": 0.07158196134574087, "2023_27_7": 10.06919589596755, "2023_27_12": 4.061083273681698, "2023_32_1": 0.004772130756382724, "2023_32_4": 0.09544261512765449, "2023_32_6": 0.1193032689095681, "2023_32_7": 0.18134096874254355, "2023_32_9": 1.2884753042233357, "2023_38_1": 0.004772130756382724, "2023_38_4": 0.019088523025530896, "2023_38_6": 8.098305893581484, "2023_38_8": 0.2004294917680744, "2023_38_9": 4.638511095204008, "2023_38_9_1": 0.48198520639465514, "2023_44_1": 23.378668575518965, "2023_44_25": 0.004772130756382724, "2023_44_30_1": 0.6060606060606061, "2023_44_30_2": 1.6511572417084226, "2023_44_30_3": 0.03340491529467907, "2023_44_30_4": 1.317108088761632, "2023_44_30_5_1": 34.865187306132185, "2023_44_30_6": 8.007635409210213, "2023_44_30_10": 0.004772130756382724}