{"2023_12_1_1": 0.03218150368075949, "2023_12_5": 0.06436300736151898, "2023_12_9": 0.056317631441329105, "2023_12_9_1": 0.02011343980047468, "2023_12_10": 0.08045375920189872, "2023_12_11": 0.06838569532161391, "2023_20_4_1": 0.10458988696246835, "2023_20_7": 0.08447644716199365, "2023_20_8": 0.1448167665634177, "2023_20_9": 3.1296512329538597, "2023_26_1": 0.17699827024417716, "2023_26_3": 0.012068063880284807, "2023_26_6": 0.06034031940142404, "2023_26_7": 2.300977513174303, "2023_26_8": 4.581841586548132, "2023_26_9": 6.375960416750473, "2023_26_10": 0.5229494348123416, "2023_26_11": 0.4143368598897784, "2023_26_12": 0.7522426485377529, "2023_27_6": 21.58172090590933, "2023_32_1": 0.4424956756104429, "2023_32_4": 4.2238223580996825, "2023_32_6": 18.80204352548373, "2023_32_7": 35.46401705619696, "2023_32_9": 0.49881330705177196, "2023_38_1": 0.004022687960094936}