{"2022_40_4_2": 0.06780368226151359, "2022_44_2": 0.11996036092421637, "2022_44_25_1": 0.06258801439524332, "2022_44_25_2": 0.14082303238929747, "2022_44_25_3": 0.6780368226151359, "2022_44_25_5": 0.8553695300683254, "2022_44_30": 0.4798414436968655, "2022_44_30_1": 0.04172534293016222, "2022_44_30_2": 0.07823501799405415, "2022_44_30_5": 1.6064257028112452, "2022_44_30_10": 13.477285766442396, "2022_45_10": 0.010431335732540554, "2022_45_11": 0.2972930683774057, "2022_45_12": 7.573149741824442, "2022_45_13": 9.05961508371147, "2022_45_14": 0.28164606477859494, "2023_2_0_5": 0.057372346528973044, "2023_2_10": 1.0639962447191365, "2023_2_11": 0.151254368121838, "2023_2_12": 28.055077452667813, "2023_2_13": 0.02086267146508111, "2023_2_201": 0.02086267146508111, "2023_2_301": 0.2242737182496219, "2023_6_1": 0.5632921295571899, "2023_6_8": 29.791894852135826, "2023_6_9": 5.220883534136547}