{"2022_40_4_2": 0.03310527477378063, "2022_44_2": 0.055175457956301036, "2022_44_25_2": 0.03310527477378063, "2022_44_25_3": 0.24277201500772452, "2022_44_25_5": 0.10483337011697197, "2022_44_30": 0.22621937762083424, "2022_44_30_1": 0.005517545795630103, "2022_44_30_2": 0.022070183182520412, "2022_44_30_5": 0.3034650187596557, "2022_44_30_10": 2.1628779518870003, "2022_45_10": 0.005517545795630103, "2022_45_11": 0.06069300375193113, "2022_45_12": 1.60560582652836, "2022_45_13": 2.4277201500772456, "2022_45_14": 0.044140366365040824, "2022_45_15": 26.42352681527257, "2023_2_0_5": 0.022070183182520412, "2023_2_10": 0.5186493047892298, "2023_2_11": 0.055175457956301036, "2023_2_12": 18.196866033988083, "2023_2_13": 0.016552637386890313, "2023_2_301": 0.08276318693445156, "2023_6_1": 0.09931582432134187, "2023_6_8": 23.510262635179867, "2023_6_9": 2.12425513131759, "2023_6_11": 21.336349591701612, "2023_6_11_2": 0.27035974398587503, "2023_6_15": 0.005517545795630103, "2023_12_1": 0.005517545795630103}