{"2024_20_6_2": 0.1261670451678022, "2024_20_7": 1.9492808478425434, "2024_20_9": 6.320968962906889, "2024_20_10": 0.0630835225839011, "2024_20_15": 0.3154176129195055, "2024_21_5": 0.42896795357052736, "2024_26_1": 0.0063083522583901085, "2024_26_3_1": 1.608629825889478, "2024_26_4": 0.01892505677517033, "2024_26_6": 0.8137774413323241, "2024_26_7": 12.597779460005048, "2024_26_8": 9.178652535957612, "2024_26_10": 2.718899823366137, "2024_26_11": 0.42265960131213737, "2024_26_20": 2.1448397678526376, "2024_27_5": 0.5551349987383297, "2024_27_10": 1.9808226091344943, "2024_27_25": 20.092101942972494, "2024_32": 0.03785011355034066, "2024_32_3": 31.16956850870553, "2024_32_4_1": 2.8829169820842804, "2024_32_4_2": 0.290184203885945, "2024_32_5_3": 0.0630835225839011, "2024_32_5_4": 0.693918748422912, "2024_32_6": 3.3686601059803185, "2024_32_20": 0.15140045420136264}