{"2022_36_6": 0.1580172987358616, "2022_36_20": 0.23702594810379238, "2022_40_4": 0.024950099800399198, "2022_40_4_1": 0.11643379906852959, "2022_40_4_2": 0.1289088489687292, "2022_40_4_10": 0.024950099800399198, "2022_44_2": 0.1788090485695276, "2022_44_2_8": 0.0041583499667332, "2022_44_25_1": 0.62375249500998, "2022_44_25_2": 1.476214238190286, "2022_44_25_3": 5.4931803060545565, "2022_44_25_5": 2.952428476380572, "2022_44_30": 3.917165668662674, "2022_44_30_1": 0.44078509647371916, "2022_44_30_2": 0.0873253493013972, "2022_44_30_5": 4.644876912840985, "2022_44_30_8": 0.0166333998669328, "2022_44_30_10": 23.357451763140382, "2022_45_10": 0.0166333998669328, "2022_45_11": 1.3431470392548237, "2023_2_0_5": 0.5655355954757151, "2023_2_10": 5.206254158349966, "2023_2_11": 0.7277112441783099, "2023_2_12": 41.47954091816367, "2023_2_13": 0.012475049900199599, "2023_2_201": 0.049900199600798396, "2023_6_1": 1.2766134397870923, "2023_6_8": 5.439121756487025}