{"2024_26_11": 0.23667083032016303, "2024_26_20": 1.406876602458747, "2024_27_5": 0.2695417789757412, "2024_27_10": 0.7757543882716456, "2024_27_25": 3.6026559726513705, "2024_32": 0.0328709486555782, "2024_32_3": 6.186312536979818, "2024_32_4_1": 0.2958385379002038, "2024_32_4_2": 0.026296758924462562, "2024_32_5_3": 0.01972256919334692, "2024_32_5_4": 0.0328709486555782, "2024_32_6": 3.076720794162119, "2024_32_7": 12.037341397672737, "2024_32_9": 0.04601932811780948, "2024_32_9_1": 0.17092893300900663, "2024_32_10": 25.92860429952008, "2024_32_20": 0.11176122542896588, "2024_32_20_1": 0.33528367628689765, "2024_33_5": 18.44060219577937, "2024_33_15": 1.150483202945237, "2024_33_25": 0.51278679902702, "2024_33_30": 0.026296758924462562, "2024_33_35": 6.508447833804483, "2024_38": 0.0065741897311156405, "2024_38_2": 4.227203997107357, "2024_38_4": 0.30898691736243505, "2024_38_6": 13.700611399644993, "2024_38_7": 0.5259351784892512}