{"2022_44_25_2": 0.016136840406648378, "2022_44_25_3": 0.05916841482437738, "2022_44_25_5": 0.02689473401108063, "2022_44_30": 0.05378946802216126, "2022_44_30_5": 0.010757893604432254, "2022_44_30_10": 0.1021999892421064, "2022_45_11": 0.005378946802216127, "2022_45_12": 0.05916841482437738, "2022_45_13": 0.13985261685761927, "2022_45_15": 5.9706309504599, "2023_2_10": 0.1021999892421064, "2023_2_11": 0.005378946802216127, "2023_2_12": 0.5916841482437739, "2023_2_201": 0.005378946802216127, "2023_2_301": 0.010757893604432254, "2023_6_8": 0.1452315636598354, "2023_6_11": 0.6938841374858802, "2023_7_5": 0.1990210316819966, "2023_7_10": 25.291807864020228, "2023_12_1": 0.09682104243989026, "2023_12_1_1": 0.3119789145285353, "2023_12_5": 25.684470980582, "2023_12_5_3": 0.10757893604432252, "2023_12_5_4": 0.6938841374858802, "2023_12_8": 0.08606314883545803, "2023_12_9": 37.394438169006506, "2023_12_9_1": 0.1667473508686999, "2023_12_10": 1.9364208487978054, "2023_12_11": 0.032273680813296755}