{"2024_3_25": 0.8544652701212787, "2024_8_4": 0.013781697905181918, "2024_8_7": 0.06890848952590958, "2024_8_9": 0.24117971334068353, "2024_14_3": 0.020672546857772874, "2024_14_6": 0.165380374862183, "2024_14_7": 0.06201764057331863, "2024_14_8": 0.23428886438809254, "2024_14_9": 13.409592061742003, "2024_14_11": 0.006890848952590959, "2024_15_15": 4.8167034178610795, "2024_20_1": 2.0810363836824695, "2024_20_3": 1.3781697905181916, "2024_20_6": 0.19294377067254684, "2024_20_6_1": 0.013781697905181918, "2024_20_6_2": 2.0396912899669233, "2024_20_7": 12.51378169790518, "2024_20_8": 0.08958103638368246, "2024_20_9": 33.75137816979051, "2024_20_9_1": 0.020672546857772874, "2024_20_10": 0.3721058434399117, "2024_20_15": 0.5926130099228223, "2024_21_5": 2.1085997794928333, "2024_26_1": 0.04134509371554575, "2024_26_3_1": 10.329382579933847, "2024_26_4": 0.0826901874310915, "2024_26_6": 9.05457552370452, "2024_26_7": 2.30154355016538, "2024_26_10": 3.1422271223814766}