{"2024_3_20": 0.1503940323647958, "2024_3_25": 8.025025566985503, "2024_8_4": 0.03609456776755099, "2024_8_7": 0.2225831678998978, "2024_8_8": 0.012031522589183663, "2024_8_9": 4.740419900138364, "2024_8_12": 0.04211032906214282, "2024_9_5": 0.0060157612945918315, "2024_14_3": 0.2225831678998978, "2024_14_5": 0.03007880647295916, "2024_14_6": 1.8889490465018348, "2024_14_7": 0.7640016844131626, "2024_14_8": 2.207784395115202, "2024_14_9": 26.697948625398542, "2024_14_11": 0.08422065812428564, "2024_15_10": 0.0060157612945918315, "2024_15_15": 4.403537267641221, "2024_20_1": 7.074535282439993, "2024_20_3": 3.254526860374181, "2024_20_6": 0.46321361968357105, "2024_20_6_1": 0.03007880647295916, "2024_20_6_2": 3.3086687120255074, "2024_20_7": 19.954280214161106, "2024_20_8": 0.14437827107020396, "2024_20_9": 16.122240269506108, "2024_20_9_1": 0.012031522589183663, "2024_26_1": 0.0962521807134693}