{"2023_2_10": 0.018411967779056387, "2023_2_12": 0.24395857307249713, "2023_6_8": 0.05063291139240507, "2023_6_11": 0.09666283084004604, "2023_7_5": 0.023014959723820484, "2023_7_10": 3.677790563866513, "2023_7_15": 2.052934407364787, "2023_7_20": 23.44764096662831, "2023_7_25": 0.018411967779056387, "2023_12_1": 0.01380897583429229, "2023_12_1_1": 0.07364787111622555, "2023_12_5": 2.504027617951669, "2023_12_5_4": 0.32220943613348685, "2023_12_8": 0.004602991944764097, "2023_12_9": 4.313003452243958, "2023_12_9_1": 1.100115074798619, "2023_12_10": 0.6214039125431532, "2023_12_11": 2.453394706559264, "2023_20_4_1": 12.414269275028769, "2023_20_6": 0.23935558112773303, "2023_20_7": 20.05523590333717, "2023_20_8": 24.85615650172612, "2023_20_9": 0.15189873417721522, "2023_26": 0.004602991944764097, "2023_26_1": 1.2428078250863064}