{"2022_45_12": 0.02924546695262235, "2022_45_13": 0.043868200428933524, "2022_45_15": 0.8773640085786705, "2023_2_10": 0.014622733476311175, "2023_2_12": 0.141353090271008, "2023_2_301": 0.009748488984207448, "2023_6_8": 0.03411971144472607, "2023_6_11": 0.09261064534997077, "2023_7_5": 0.02924546695262235, "2023_7_10": 4.806005069214272, "2023_7_15": 2.7685708715149153, "2023_7_20": 22.055956326769355, "2023_12_1": 0.009748488984207448, "2023_12_1_1": 0.043868200428933524, "2023_12_5": 2.900175472801716, "2023_12_5_4": 0.3753168258919868, "2023_12_8": 0.004874244492103724, "2023_12_9": 5.361668941314098, "2023_12_9_1": 1.5305127705205697, "2023_12_10": 0.8091245856892183, "2023_12_11": 3.3973484109962953, "2023_20_4_1": 32.11152271397933, "2023_20_6": 1.096705010723338, "2023_20_7": 21.451550009748495, "2023_26": 0.004874244492103724}