{"2023_26_7": 0.014485056250301772, "2023_26_8": 0.07242528125150886, "2023_26_9": 0.07242528125150886, "2023_26_12": 0.7290811645985225, "2023_27_6": 0.07725363333494278, "2023_27_7": 10.75756844189078, "2023_27_12": 4.413113804258606, "2023_32_4": 0.09656704166867848, "2023_32_6": 0.11105209791898027, "2023_32_7": 0.18347737917048912, "2023_32_9": 1.3567669354449328, "2023_38_1": 0.004828352083433924, "2023_38_4": 0.014485056250301772, "2023_38_6": 8.473757906426538, "2023_38_8": 0.20761913958765874, "2023_38_9": 4.953889237603206, "2023_38_9_1": 0.4586934479262227, "2023_44_1": 25.305393269277193, "2023_44_25": 0.004828352083433924, "2023_44_30_1": 0.8111631500168992, "2023_44_30_2": 2.390034281299792, "2023_44_30_3": 0.04345516875090531, "2023_44_30_4": 1.6609531167012699, "2023_44_30_5_1": 30.693834194389453, "2023_44_30_6": 7.092849210564435}