{"2022_45_12": 0.03014166582939817, "2022_45_13": 0.05023610971566363, "2022_45_15": 0.9846277504270069, "2023_2_10": 0.02009444388626545, "2023_2_12": 0.15573194011855723, "2023_2_301": 0.010047221943132725, "2023_6_8": 0.03516527680096453, "2023_6_11": 0.12056666331759268, "2023_7_5": 0.03014166582939817, "2023_7_10": 5.56616095649553, "2023_7_15": 3.174922134029941, "2023_7_20": 21.094142469607153, "2023_12_1": 0.010047221943132725, "2023_12_1_1": 0.07033055360192907, "2023_12_5": 3.390937405807294, "2023_12_5_4": 0.3918416557821763, "2023_12_8": 0.0050236109715663625, "2023_12_9": 6.209183160856024, "2023_12_9_1": 1.9541846679393151, "2023_12_10": 0.9695569175123079, "2023_12_11": 3.928463779764896, "2023_20_4_1": 43.66020295388326, "2023_20_6": 1.1102180247161662, "2023_20_7": 7.023008138249774, "2023_26": 0.0050236109715663625}