{"2023_38_6": 0.013670539986329458, "2023_38_9": 0.027341079972658916, "2023_44_1": 0.020505809979494187, "2023_44_30_5_1": 0.013670539986329458, "2023_44_30_8": 0.7177033492822966, "2023_44_30_9": 0.0478468899521531, "2023_44_30_13": 0.020505809979494187, "2023_44_30_14": 3.185235816814764, "2023_44_30_16": 0.020505809979494187, "2023_44_30_20": 0.020505809979494187, "2023_44_30_25": 2.549555707450444, "2023_44_30_30": 0.4511278195488721, "2024_2_2_1": 0.020505809979494187, "2024_2_3": 0.027341079972658916, "2024_2_6": 0.08202323991797675, "2024_2_7": 14.101161995898837, "2024_2_7_1": 0.006835269993164729, "2024_2_8": 0.9911141490088858, "2024_2_12": 0.034176349965823645, "2024_2_13": 0.07518796992481201, "2024_3_6": 1.7498291182501706, "2024_3_10": 14.395078605604919, "2024_3_15": 26.11073137388927, "2024_3_20": 0.020505809979494187, "2024_8_3": 0.10936431989063566, "2024_8_4": 2.6315789473684204, "2024_8_7": 9.131920710868078, "2024_8_8": 0.1435406698564593, "2024_8_9": 23.055365686944633, "2024_8_12": 0.22556390977443605}