{"2023_12_9": 0.011056443142241142, "2023_12_9_1": 0.01658466471336171, "2023_12_11": 0.011056443142241142, "2023_20_4_1": 0.022112886284482283, "2023_20_7": 0.022112886284482283, "2023_20_9": 0.027641107855602854, "2023_26_1": 0.005528221571120571, "2023_26_3": 0.005528221571120571, "2023_26_7": 0.011056443142241142, "2023_26_8": 0.08845154513792913, "2023_26_9": 0.0995079882801703, "2023_26_10": 0.011056443142241142, "2023_26_11": 0.005528221571120571, "2023_26_12": 0.9563823318038588, "2023_27_6": 0.14926198242025543, "2023_27_7": 28.2989662225662, "2023_27_11": 0.01658466471336171, "2023_31_600": 0.027641107855602854, "2023_32_1": 0.005528221571120571, "2023_32_4": 0.2764110785560286, "2023_32_6": 0.7628945768146389, "2023_32_7": 1.16092652993532, "2023_32_9": 8.695892531372658, "2023_38_1": 0.005528221571120571, "2023_38_4": 0.25429819227154626, "2023_38_6": 45.425396649897735, "2023_38_8": 0.9619105533749793, "2023_38_9": 12.665155619437229}