{"2023_38_6": 6.4239626995714225, "2023_38_8": 0.15541845240898605, "2023_38_9": 3.320303301464701, "2023_38_9_1": 0.1883860029199831, "2023_44_1": 14.472754674327701, "2023_44_9_1": 0.004709650072999577, "2023_44_9_2": 0.009419300145999154, "2023_44_25": 0.004709650072999577, "2023_44_30_1": 0.17425705270098432, "2023_44_30_2": 0.4615457071539586, "2023_44_30_3": 0.009419300145999154, "2023_44_30_4": 0.30612725474497254, "2023_44_30_5_1": 5.420807234022513, "2023_44_30_6": 1.0879291668629023, "2023_44_30_7": 0.9089624640889185, "2023_44_30_8": 34.68657278764189, "2023_44_30_9": 11.46799792775397, "2023_44_30_10": 0.004709650072999577, "2023_44_30_12": 0.023548250364997886, "2023_44_30_13": 0.34851410540196864, "2023_44_30_14": 0.018838600291998308, "2023_44_30_15": 0.004709650072999577, "2024_2_2": 0.13187020204398817, "2024_2_2_1": 17.100739415061465, "2024_2_3": 3.2637875005887067}