{"2023_6_11": 0.013031013812874642, "2023_7_10": 0.1867778646512032, "2023_7_15": 0.12596646685778817, "2023_7_20": 3.761619320649813, "2023_7_26": 0.06949874033533143, "2023_7_30": 23.334202067587523, "2023_12_1_1": 0.0304056988967075, "2023_12_5": 0.07818608287724785, "2023_12_5_4": 0.008687342541916429, "2023_12_9": 0.06949874033533143, "2023_12_9_1": 0.017374685083832858, "2023_12_10": 0.07818608287724785, "2023_12_11": 0.08687342541916428, "2023_20_4_1": 0.13031013812874642, "2023_20_7": 0.14768482321257925, "2023_20_8": 0.20849622100599427, "2023_20_9": 4.643384588654331, "2023_26_1": 0.2736512900703675, "2023_26_3": 0.013031013812874642, "2023_26_6": 0.10859178177395537, "2023_26_7": 5.251498566588482, "2023_26_8": 13.482755625054295, "2023_26_9": 19.35974285466076, "2023_26_10": 0.9382329945269741, "2023_26_11": 0.7818608287724784, "2023_27_5": 0.008687342541916429, "2023_32_1": 2.5844844062201373, "2023_32_4": 23.10398749022674, "2023_32_6": 1.1032925028233864}