{"2022_44_30_10": 0.05106991471324242, "2022_45_12": 0.03064194882794545, "2022_45_13": 0.05106991471324242, "2022_45_15": 1.0673612175067664, "2023_2_10": 0.02553495735662121, "2023_2_12": 0.1685307185537, "2023_2_301": 0.010213982942648483, "2023_6_8": 0.05617690618456665, "2023_6_11": 0.12767478678310604, "2023_7_5": 0.03064194882794545, "2023_7_10": 6.15392472294571, "2023_7_15": 3.5187171237424026, "2023_7_20": 20.233900209386647, "2023_12_1": 0.015320974413972725, "2023_12_1_1": 0.07149788059853938, "2023_12_5": 3.7229967825953727, "2023_12_5_4": 0.40855931770593934, "2023_12_8": 0.005106991471324242, "2023_12_9": 6.7871916653899165, "2023_12_9_1": 2.236862264440018, "2023_12_10": 1.0928961748633879, "2023_12_11": 3.957918390276288, "2023_20_4_1": 48.8126244829171, "2023_20_6": 1.205249987232521, "2023_20_7": 0.1583167356110515}