{"2023_7_20": 0.03321523472099203, "2023_7_30": 0.0775022143489814, "2023_12_9": 0.016607617360496017, "2023_12_9_1": 0.011071744906997343, "2023_20_4_1": 0.022143489813994686, "2023_20_7": 0.011071744906997343, "2023_20_9": 0.016607617360496017, "2023_26_3": 0.005535872453498672, "2023_26_7": 0.011071744906997343, "2023_26_8": 0.06089459698848539, "2023_26_9": 0.0775022143489814, "2023_26_10": 0.011071744906997343, "2023_26_11": 0.005535872453498672, "2023_26_12": 0.8027015057573075, "2023_27_6": 0.14946855624446412, "2023_27_7": 26.81023029229406, "2023_27_12": 1.1736049601417184, "2023_31_600": 0.005535872453498672, "2023_32_4": 0.1771479185119575, "2023_32_6": 0.13286093888396813, "2023_32_7": 0.2601860053144376, "2023_32_9": 2.5243578387953938, "2023_38_1": 0.005535872453498672, "2023_38_4": 0.016607617360496017, "2023_38_6": 20.266829052258636, "2023_38_8": 0.40965456155890173, "2023_38_9": 13.723427812223207, "2023_44_1": 33.18201948627104}