{"2022_44_25_3": 0.057800430875939265, "2022_44_25_5": 0.026272923125426933, "2022_44_30": 0.04729126162576849, "2022_44_30_5": 0.010509169250170773, "2022_44_30_10": 0.11034627712679314, "2022_45_11": 0.005254584625085387, "2022_45_12": 0.057800430875939265, "2022_45_13": 0.13661920025222005, "2022_45_15": 4.986600809206034, "2023_2_10": 0.09983710787662237, "2023_2_11": 0.005254584625085387, "2023_2_12": 0.4781672008827702, "2023_2_301": 0.010509169250170773, "2023_6_8": 0.13661920025222005, "2023_6_11": 0.7619147706373812, "2023_7_5": 0.15763753875256162, "2023_7_10": 26.251904786926595, "2023_7_15": 0.015763753875256165, "2023_12_1": 0.08932793862645158, "2023_12_1_1": 0.2732384005044401, "2023_12_5": 22.153328779359992, "2023_12_5_3": 0.09983710787662237, "2023_12_5_4": 0.6515684935105881, "2023_12_8": 0.06830960012611002, "2023_12_9": 34.54363932531134, "2023_12_9_1": 6.589249119857075, "2023_12_10": 1.9862329882822765, "2023_12_11": 0.18916504650307395}