{"2023_26_12": 0.718987814557169, "2023_27_6": 0.06069377655352724, "2023_27_7": 8.875297632942713, "2023_27_12": 3.417526495167842, "2023_32_4": 0.09337504085158038, "2023_32_6": 0.11671880106447548, "2023_32_7": 0.16807507353284468, "2023_32_9": 1.2045380269853867, "2023_38_1": 0.004668752042579019, "2023_38_4": 0.014006256127737057, "2023_38_6": 7.399971987487746, "2023_38_8": 0.17741257761800272, "2023_38_9": 4.117839301554695, "2023_38_9_1": 0.5322377328540082, "2023_44_1": 20.22503384845231, "2023_44_25": 0.004668752042579019, "2023_44_30_1": 0.4061814277043747, "2023_44_30_2": 1.0691442177505954, "2023_44_30_3": 0.018675008170316077, "2023_44_30_4": 0.8964003921751716, "2023_44_30_5_1": 33.311545823801296, "2023_44_30_6": 5.765908772585088, "2023_44_30_7": 10.952892291890377, "2023_44_30_8": 0.43419393995984873, "2023_44_30_10": 0.014006256127737057}