{"2022_36_20": 0.11225864391558149, "2022_40_4": 0.011225864391558147, "2022_40_4_1": 0.07858105074090706, "2022_40_4_2": 0.0673551863493489, "2022_44_2": 0.12909744050291871, "2022_44_25_1": 0.07858105074090706, "2022_44_25_2": 0.17961383026493036, "2022_44_25_3": 0.7801975752132914, "2022_44_25_5": 1.81859003143242, "2022_44_30": 0.5669061517736864, "2022_44_30_1": 0.07296811854512797, "2022_44_30_2": 0.10664571171980242, "2022_44_30_5": 2.458464301751235, "2022_44_30_10": 26.436910642119443, "2022_45_10": 0.016838796587337224, "2022_45_11": 1.1338123035473728, "2022_45_12": 1.667040862146385, "2023_2_0_5": 0.06174225415356982, "2023_2_10": 1.218006286484059, "2023_2_11": 0.18522676246070946, "2023_2_12": 33.30152671755725, "2023_2_13": 0.016838796587337224, "2023_2_201": 0.11225864391558149, "2023_6_1": 0.8419398293668614, "2023_6_8": 27.05433318365514, "2023_6_9": 1.4930399640772338}