{"2024_26_4": 0.017551044287135085, "2024_26_6": 0.5616334171883227, "2024_26_7": 7.312935119639619, "2024_26_8": 5.628034868074652, "2024_26_10": 1.4742877201193474, "2024_26_11": 0.22231322763704445, "2024_26_20": 1.3280290177265548, "2024_27_5": 0.26326566430702625, "2024_27_10": 0.7605452524425205, "2024_27_25": 3.5511612940969997, "2024_32": 0.029251740478558476, "2024_32_3": 6.002457146200199, "2024_32_4_1": 0.30421810097700813, "2024_32_4_2": 0.023401392382846782, "2024_32_5_3": 0.017551044287135085, "2024_32_5_4": 0.029251740478558476, "2024_32_6": 3.159187971684316, "2024_32_7": 15.006142865500497, "2024_32_9": 0.07020417714854034, "2024_32_9_1": 0.011700696191423391, "2024_32_10": 39.38454338033113, "2024_32_20": 0.10530626572281053, "2024_32_20_1": 0.35102088574270174, "2024_33_5": 1.2812262329608615, "2024_33_15": 0.9068039548353128, "2024_33_25": 1.017960568653835, "2024_38": 0.0058503480957116955, "2024_38_2": 7.634704264903763, "2024_38_4": 1.0706137015152404, "2024_38_6": 2.4688468963903354}