{"2023_38_6": 6.4362504715201805, "2023_38_8": 0.15560165975103735, "2023_38_9": 3.3336476801207082, "2023_38_9_1": 0.18860807242549982, "2023_44_1": 14.55111278762731, "2023_44_9_1": 0.004715201810637494, "2023_44_9_2": 0.009430403621274988, "2023_44_25": 0.004715201810637494, "2023_44_30_1": 0.17917766880422478, "2023_44_30_2": 0.46680497925311193, "2023_44_30_3": 0.009430403621274988, "2023_44_30_4": 0.3112033195020747, "2023_44_30_5_1": 5.450773293096943, "2023_44_30_6": 1.0986420218785362, "2023_44_30_7": 0.9100339494530365, "2023_44_30_8": 34.83591097698981, "2023_44_30_9": 11.476801207091663, "2023_44_30_10": 0.004715201810637494, "2023_44_30_12": 0.023576009053187477, "2023_44_30_13": 0.3442097321765371, "2023_44_30_15": 0.004715201810637494, "2024_2_2": 0.13674085250848733, "2024_2_2_1": 16.955865711052432, "2024_2_3": 3.1073179932101085}