{"2023_44_1": 12.426091037071798, "2023_44_30_1": 0.1267010793054904, "2023_44_30_2": 0.3894885030502112, "2023_44_30_3": 0.009385265133740028, "2023_44_30_4": 0.24870952604411078, "2023_44_30_5_1": 4.2468324730173626, "2023_44_30_6": 0.8212106992022523, "2023_44_30_7": 0.7414359455654622, "2023_44_30_8": 19.230408259033318, "2023_44_30_9": 4.274988268418583, "2023_44_30_10": 0.004692632566870014, "2023_44_30_12": 0.014077897700610041, "2023_44_30_13": 0.38479587048334113, "2023_44_30_14": 13.04551853589864, "2023_44_30_16": 0.03754106053496011, "2023_44_30_20": 0.1313937118723604, "2023_44_30_25": 0.7742843735335524, "2024_2_2": 0.07977475363679024, "2024_2_2_1": 4.828718911309244, "2024_2_3": 1.2529328953542938, "2024_2_6": 1.9662130455185363, "2024_2_7": 31.905208822149223, "2024_2_7_1": 0.004692632566870014, "2024_2_8": 2.4683247301736277, "2024_8_3": 0.5865790708587518}