{"2023_44_30_13": 0.013683634373289543, "2023_44_30_14": 0.46524356869184447, "2023_44_30_25": 0.07525998905309247, "2023_44_30_30": 0.1642036124794745, "2024_2_6": 0.04105090311986862, "2024_2_7": 0.4447181171319101, "2024_2_8": 0.006841817186644772, "2024_2_12": 0.006841817186644772, "2024_3_6": 0.15736179529282973, "2024_3_10": 0.6431308155446086, "2024_3_15": 3.7219485495347557, "2024_3_20": 0.31472359058565946, "2024_3_25": 25.98522167487684, "2024_8_3": 0.006841817186644772, "2024_8_4": 0.07525998905309247, "2024_8_7": 0.2599890530925013, "2024_8_8": 0.013683634373289543, "2024_8_9": 7.881773399014777, "2024_8_12": 0.054734537493158174, "2024_9_5": 0.006841817186644772, "2024_14_3": 0.4173508483853311, "2024_14_5": 0.0478927203065134, "2024_14_6": 4.926108374384235, "2024_14_7": 2.634099616858237, "2024_14_8": 6.663929939792007, "2024_14_9": 22.222222222222218, "2024_14_11": 0.10262725779967158, "2024_15_5": 0.03420908593322386, "2024_20_1": 22.61220580186097}