{"2024_14_7": 0.027637670144406823, "2024_14_8": 0.12436951564983073, "2024_14_9": 2.5772127409659364, "2024_15_15": 3.9176397429696674, "2024_20_1": 0.6494852483935605, "2024_20_3": 0.21419194361915295, "2024_20_6": 0.006909417536101706, "2024_20_6_2": 0.1450977682581358, "2024_20_7": 2.611759828646445, "2024_20_8": 0.020728252608305117, "2024_20_9": 8.436398811580185, "2024_20_9_1": 0.006909417536101706, "2024_20_10": 0.1036412630415256, "2024_20_15": 0.3869273820216956, "2024_21_5": 0.6011193256408485, "2024_26_1": 0.006909417536101706, "2024_26_3_1": 2.2041041940164443, "2024_26_4": 0.020728252608305117, "2024_26_6": 1.1746009811372902, "2024_26_7": 27.07800732398259, "2024_26_8": 23.41601602984868, "2024_26_10": 5.914461410903061, "2024_26_11": 1.0985973882401712, "2024_26_20": 4.580943826435432, "2024_27_5": 1.9139086575001727, "2024_27_10": 0.020728252608305117, "2024_32": 0.0967318455054239, "2024_32_3": 12.644234091066126}