{"2023_27_7": 0.015932446427148885, "2023_32_7": 0.015932446427148885, "2023_32_9": 0.03186489285429777, "2023_38_9": 0.039831116067872215, "2023_44_1": 0.04779733928144666, "2023_44_30_5_1": 0.015932446427148885, "2023_44_30_6": 0.015932446427148885, "2023_44_30_8": 1.2267983748904643, "2023_44_30_9": 0.04779733928144666, "2023_44_30_13": 0.03186489285429777, "2023_44_30_14": 4.716004142436071, "2023_44_30_16": 0.02389866964072333, "2023_44_30_20": 0.02389866964072333, "2023_44_30_25": 7.9582569903608675, "2023_44_30_30": 0.6213654106588066, "2024_2_2_1": 0.007966223213574443, "2024_2_3": 0.02389866964072333, "2024_2_6": 0.04779733928144666, "2024_2_7": 26.35226639050426, "2024_2_7_1": 0.007966223213574443, "2024_2_8": 1.983589580180036, "2024_2_12": 0.055763562495021096, "2024_2_13": 0.19118935712578664, "2024_3_6": 5.4887277941527906, "2024_3_10": 22.926790408667248, "2024_8_3": 0.18322313391221218, "2024_8_4": 5.608221142356407, "2024_8_7": 22.28949255158129}