{"2024_27_25": 2.8295585645758696, "2024_32": 0.030360070435363408, "2024_32_3": 4.979051551399599, "2024_32_4_1": 0.2125204930475439, "2024_32_4_2": 0.02428805634829073, "2024_32_5_3": 0.018216042261218045, "2024_32_5_4": 0.02428805634829073, "2024_32_6": 2.3680854939583456, "2024_32_7": 7.225696763616492, "2024_32_9": 0.03643208452243609, "2024_32_9_1": 0.018216042261218045, "2024_32_10": 14.815714372457341, "2024_32_20": 0.07893618313194486, "2024_32_20_1": 0.2064484789604712, "2024_33_5": 15.744732527779465, "2024_33_15": 0.3946809156597243, "2024_33_25": 0.18823243669925316, "2024_33_30": 0.012144028174145364, "2024_33_35": 6.709575566215315, "2024_33_40": 1.3297710850689175, "2024_38": 0.006072014087072682, "2024_38_2": 1.4390673386362256, "2024_38_4": 0.15180035217681706, "2024_38_6": 1.6212277612484065, "2024_38_7": 5.1369239176634895, "2024_39_5": 1.1901147610662457, "2024_44_1": 0.2125204930475439, "2024_44_3": 0.8075778735806666, "2024_44_3_1": 19.630821543505984, "2024_44_4": 0.26716861983119794, "2024_44_25_2": 12.289756512235108}