{"2023_20_7": 0.015342914130823919, "2023_20_9": 0.030685828261647837, "2023_26_7": 0.010228609420549277, "2023_26_8": 0.07160026594384494, "2023_26_9": 0.07160026594384494, "2023_26_10": 0.005114304710274639, "2023_26_11": 0.005114304710274639, "2023_26_12": 0.7569170971206465, "2023_27_6": 0.10228609420549276, "2023_27_7": 19.004756303380557, "2023_27_12": 8.70966092159771, "2023_32_4": 0.14831483659796454, "2023_32_6": 0.11251470362604206, "2023_32_7": 0.2045721884109855, "2023_32_9": 1.825806781568046, "2023_38_1": 0.005114304710274639, "2023_38_4": 0.010228609420549277, "2023_38_6": 11.169641487239812, "2023_38_8": 0.30174397790620366, "2023_38_9": 8.857975758195675, "2023_38_9_1": 0.3170868920370276, "2023_44_1": 48.238122027310396, "2023_44_25": 0.005114304710274639, "2023_44_30": 0.015342914130823919, "2023_44_30_1": 0.005114304710274639}