{"2023_2_12": 0.10077089736484102, "2023_6_11": 0.020154179472968204, "2023_7_10": 0.5693555701113517, "2023_7_15": 0.4131606791958482, "2023_7_20": 13.573839875044087, "2023_7_26": 0.17634907038847178, "2023_7_30": 14.123041265682467, "2023_12_1": 0.005038544868242051, "2023_12_1_1": 0.035269814077694354, "2023_12_5": 0.09573235249659896, "2023_12_5_4": 0.020154179472968204, "2023_12_9": 0.08061671789187282, "2023_12_9_1": 0.0302312692094523, "2023_12_10": 0.10077089736484102, "2023_12_11": 0.11588653196956716, "2023_20_4_1": 0.14107925631077742, "2023_20_7": 0.3073512369627651, "2023_20_8": 0.3123897818310072, "2023_20_9": 8.37910011588653, "2023_26_1": 0.4837003073512368, "2023_26_3": 0.020154179472968204, "2023_26_6": 0.19146470499319793, "2023_26_7": 12.30916511311533, "2023_26_8": 34.51907089232629, "2023_26_9": 11.351841588149341, "2023_26_10": 1.385599838766564, "2023_26_11": 1.1387111402227035}