{"2023_44_30_5_1": 0.025241370606423924, "2023_44_30_8": 0.5426894680381144, "2023_44_30_9": 0.037862055909635886, "2023_44_30_13": 0.018931027954817943, "2023_44_30_14": 2.334826781094213, "2023_44_30_20": 0.018931027954817943, "2023_44_30_25": 1.5902063482047073, "2023_44_30_30": 0.3596895311415409, "2024_2_2_1": 0.006310342651605981, "2024_2_3": 0.012620685303211962, "2024_2_6": 0.05048274121284785, "2024_2_7": 8.544203950274499, "2024_2_8": 0.6625859784186281, "2024_2_12": 0.018931027954817943, "2024_2_13": 0.044172398561241874, "2024_3_6": 1.0916892787278347, "2024_3_10": 7.256894049346878, "2024_3_15": 6.386066763425253, "2024_3_20": 0.7193790622830818, "2024_3_25": 30.661954944153464, "2024_8_3": 0.06310342651605981, "2024_8_4": 1.4955512084306177, "2024_8_7": 4.429860541427399, "2024_8_8": 0.056793083864453836, "2024_8_9": 29.728024231715782, "2024_8_12": 0.06310342651605981, "2024_14_3": 1.4955512084306177, "2024_14_5": 0.1388275383353316, "2024_14_6": 2.1455165015460333}