{"2023_44_30_5_1": 0.025268477574226154, "2023_44_30_8": 0.5432722678458624, "2023_44_30_9": 0.03790271636133923, "2023_44_30_13": 0.018951358180669616, "2023_44_30_14": 2.343651295009476, "2023_44_30_20": 0.018951358180669616, "2023_44_30_25": 1.5919140871762476, "2023_44_30_30": 0.36007580543272266, "2024_2_2_1": 0.012634238787113077, "2024_2_3": 0.012634238787113077, "2024_2_6": 0.05053695514845231, "2024_2_7": 8.578648136449779, "2024_2_8": 0.6632975363234366, "2024_2_12": 0.018951358180669616, "2024_2_13": 0.04421983575489577, "2024_3_6": 1.1054958938723942, "2024_3_10": 7.327858496525584, "2024_3_15": 6.405559065066329, "2024_3_20": 0.7264687302590018, "2024_3_25": 30.54958938723942, "2024_8_3": 0.06317119393556539, "2024_8_4": 1.4971572962728994, "2024_8_7": 4.453569172457359, "2024_8_8": 0.056854074542008845, "2024_8_9": 29.734680985470625, "2024_8_12": 0.06317119393556539, "2024_14_3": 1.5224257738471254, "2024_14_5": 0.1958307012002527, "2024_14_6": 1.9772583701831967}