{"2024_20_10": 0.05742725880551301, "2024_20_15": 0.3126595201633487, "2024_21_5": 0.40199081163859113, "2024_26_3_1": 1.4356814701378253, "2024_26_4": 0.019142419601837674, "2024_26_6": 0.7401735579377233, "2024_26_7": 10.183767228177642, "2024_26_8": 7.465543644716692, "2024_26_10": 2.14395099540582, "2024_26_11": 0.2998979070954569, "2024_26_20": 1.7611026033690655, "2024_27_5": 0.35732516590096985, "2024_27_10": 1.4803471158754467, "2024_27_25": 9.137314956610517, "2024_32": 0.03190403266972946, "2024_32_3": 10.71337417049515, "2024_32_4_1": 0.5423685553854007, "2024_32_4_2": 0.04466564573762123, "2024_32_5_3": 0.025523226135783558, "2024_32_5_4": 0.0765696784073507, "2024_32_6": 10.681470137825421, "2024_32_7": 22.849668198060236, "2024_32_10": 18.095967330270547, "2024_32_20": 0.33818274629913225, "2024_32_20_1": 0.7848392036753447, "2024_38": 0.019142419601837674}