{"2023_12_9": 0.049620214512004275, "2023_12_9_1": 0.01145081873353945, "2023_12_10": 0.05725409366769725, "2023_12_11": 0.05343715408985076, "2023_20_4_1": 0.08397267071262263, "2023_20_7": 0.06107103324554373, "2023_20_8": 0.110691247757548, "2023_20_9": 2.7634642543608536, "2023_26_1": 0.16031146226955229, "2023_26_3": 0.01145081873353945, "2023_26_6": 0.05343715408985076, "2023_26_7": 1.9428222451238601, "2023_26_8": 3.61464178022062, "2023_26_9": 4.58032749341578, "2023_26_10": 0.2824535287606397, "2023_26_11": 0.2442841329821749, "2023_26_12": 0.8053742509256079, "2023_27_6": 5.236841100805375, "2023_27_7": 17.542654299782438, "2023_32_1": 0.35115844116187644, "2023_32_4": 2.9085079583190203, "2023_32_6": 13.458528951486699, "2023_32_7": 20.454979197679304, "2023_32_9": 22.58864842169549, "2023_38_1": 0.3855108973624948, "2023_38_4": 2.1871063781060345}