{"2023_38_6": 5.912457912457912, "2023_38_8": 0.14365881032547698, "2023_38_9": 3.016835016835017, "2023_38_9_1": 0.14365881032547698, "2023_44_1": 12.655443322109988, "2023_44_9_2": 0.008978675645342311, "2023_44_25": 0.0044893378226711555, "2023_44_30_1": 0.14814814814814814, "2023_44_30_2": 0.40404040404040403, "2023_44_30_3": 0.008978675645342311, "2023_44_30_4": 0.26038159371492703, "2023_44_30_5_1": 4.5072951739618405, "2023_44_30_6": 0.8664421997755332, "2023_44_30_7": 0.7721661054994386, "2023_44_30_8": 21.50841750841751, "2023_44_30_9": 5.494949494949495, "2023_44_30_10": 0.0044893378226711555, "2023_44_30_12": 0.013468013468013467, "2023_44_30_13": 0.3726150392817059, "2023_44_30_14": 12.489337822671157, "2023_44_30_20": 0.3277216610549944, "2024_2_2": 0.0808080808080808, "2024_2_2_1": 6.927048260381594, "2024_2_3": 2.0650953984287317, "2024_2_6": 6.316498316498316, "2024_2_7": 15.546576879910212}