{"2024_20_6_2": 0.12428861123830706, "2024_20_7": 2.1259894027605157, "2024_20_9": 6.750834041996469, "2024_20_10": 0.07195656440112513, "2024_20_15": 0.327075292732387, "2024_21_5": 0.4840714332439328, "2024_26_1": 0.006541505854647741, "2024_26_3_1": 1.7727480866095375, "2024_26_4": 0.019624517563943223, "2024_26_6": 0.8700202786681495, "2024_26_7": 17.28919997383398, "2024_26_8": 10.028128475174986, "2024_26_10": 3.6763262903120304, "2024_26_11": 0.5952770327729444, "2024_26_20": 3.218420880486689, "2024_27_5": 0.9158108196506837, "2024_27_10": 7.620854320664618, "2024_27_25": 7.110616864002095, "2024_32": 0.05233204683718193, "2024_32_3": 33.32897232943024, "2024_32_4_1": 2.6100608360044486, "2024_32_4_2": 0.28128475174985285, "2024_32_5_3": 0.529861974226467, "2024_32_5_4": 0.18316216393013673, "2024_32_6": 0.006541505854647741}