{"2023_2_12": 0.2402135231316726, "2023_6_8": 0.05338078291814946, "2023_6_11": 0.0711743772241993, "2023_7_5": 0.022241992882562275, "2023_7_10": 3.247330960854093, "2023_7_15": 1.7348754448398573, "2023_7_20": 23.603202846975087, "2023_7_25": 0.004448398576512456, "2023_7_26": 0.2580071174377225, "2023_12_1": 0.008896797153024912, "2023_12_1_1": 0.0711743772241993, "2023_12_5": 2.1663701067615655, "2023_12_5_4": 0.28024911032028466, "2023_12_8": 0.004448398576512456, "2023_12_9": 3.8967971530249104, "2023_12_9_1": 0.9608540925266904, "2023_12_10": 0.5604982206405693, "2023_12_11": 2.126334519572954, "2023_20_4_1": 7.904804270462634, "2023_20_6": 0.1601423487544484, "2023_20_7": 6.899466192170818, "2023_20_8": 4.937722419928827, "2023_20_9": 34.94661921708185, "2023_26_1": 5.698398576512456, "2023_26_3": 0.1423487544483986}