{"2024_26_4": 0.017541807975675363, "2024_26_6": 0.5613378552216116, "2024_26_7": 7.303239387206177, "2024_26_8": 5.613378552216116, "2024_26_10": 1.4735118699567304, "2024_26_11": 0.22219623435855462, "2024_26_20": 1.3273301368261028, "2024_27_5": 0.26312711963513047, "2024_27_10": 0.7601450122792658, "2024_27_25": 3.543445211086424, "2024_32": 0.029236346626125603, "2024_32_3": 5.993451058355749, "2024_32_4_1": 0.30405800491170637, "2024_32_4_2": 0.023389077300900483, "2024_32_5_3": 0.017541807975675363, "2024_32_5_4": 0.029236346626125603, "2024_32_6": 3.1341363583206645, "2024_32_7": 14.957314933925861, "2024_32_9": 0.07601450122792659, "2024_32_9_1": 0.011694538650450241, "2024_32_10": 39.18255174833354, "2024_32_20": 0.10525084785405218, "2024_32_20_1": 0.3508361595135073, "2024_33_5": 1.5261372938837565, "2024_33_15": 0.9063267454098937, "2024_33_25": 1.0174248625891713, "2024_38": 0.005847269325225121, "2024_38_2": 7.49035200561338, "2024_38_4": 1.058355747865747, "2024_38_6": 2.6955911589287807}