{"2023_44_1": 11.947883940121972, "2023_44_30_1": 0.12474588800591388, "2023_44_30_2": 0.36499722786915534, "2023_44_30_3": 0.009240436148586214, "2023_44_30_4": 0.2356311217889484, "2023_44_30_5_1": 4.00110885233783, "2023_44_30_6": 0.7623359822583625, "2023_44_30_7": 0.7115135834411382, "2023_44_30_8": 16.99778229532434, "2023_44_30_9": 3.8671225281833297, "2023_44_30_10": 0.004620218074293107, "2023_44_30_12": 0.01386065422287932, "2023_44_30_13": 0.38347810016632783, "2023_44_30_14": 10.363149140639438, "2023_44_30_16": 0.02772130844575864, "2023_44_30_20": 0.11550545185732765, "2023_44_30_25": 4.851228978007762, "2024_2_2": 0.0785437072629828, "2024_2_2_1": 4.426168915172796, "2024_2_3": 1.0949916836074662, "2024_2_6": 1.6817593790426906, "2024_2_7": 28.030863056736273, "2024_2_7_1": 0.004620218074293107, "2024_2_8": 2.0513768249861393, "2024_8_3": 0.2818333025318795, "2024_8_4": 7.567917205692108}