{"2023_26_9": 0.06435598050933161, "2023_26_12": 0.7125126413533142, "2023_27_6": 0.05975912475866507, "2023_27_7": 8.421439735221108, "2023_27_12": 3.1994116024639148, "2023_32_4": 0.08274340351199778, "2023_32_6": 0.11032453801599704, "2023_32_7": 0.16548680702399557, "2023_32_9": 1.1584076491679691, "2023_38_1": 0.004596855750666544, "2023_38_4": 0.01379056725199963, "2023_38_6": 7.134320125034475, "2023_38_8": 0.1700836627746621, "2023_38_9": 3.911924243817229, "2023_38_9_1": 0.28040820079065915, "2023_44_1": 18.76436517422083, "2023_44_25": 0.004596855750666544, "2023_44_30_1": 0.3217799025466581, "2023_44_30_2": 0.9239680058839752, "2023_44_30_3": 0.01379056725199963, "2023_44_30_4": 0.7446906316079801, "2023_44_30_5_1": 30.136986301369856, "2023_44_30_6": 5.088719315987864, "2023_44_30_7": 11.1841500413717, "2023_44_30_8": 7.313597499310472, "2023_44_30_10": 0.01379056725199963}