{"2023_6_11": 0.013636363636363637, "2023_7_10": 0.2181818181818182, "2023_7_15": 0.15454545454545457, "2023_7_20": 4.563636363636364, "2023_7_26": 0.08181818181818183, "2023_7_30": 22.72727272727273, "2023_12_1": 0.004545454545454546, "2023_12_1_1": 0.03181818181818182, "2023_12_5": 0.07272727272727274, "2023_12_5_4": 0.009090909090909092, "2023_12_9": 0.07272727272727274, "2023_12_9_1": 0.022727272727272728, "2023_12_10": 0.07727272727272728, "2023_12_11": 0.09090909090909091, "2023_20_4_1": 0.13636363636363638, "2023_20_7": 0.1681818181818182, "2023_20_8": 0.23181818181818187, "2023_20_9": 5.4363636363636365, "2023_26_1": 0.3272727272727273, "2023_26_3": 0.018181818181818184, "2023_26_6": 0.12272727272727273, "2023_26_7": 6.404545454545456, "2023_26_8": 15.950000000000003, "2023_26_9": 20.09090909090909, "2023_26_10": 0.9590909090909092, "2023_26_11": 0.8136363636363638, "2023_32_1": 2.813636363636364, "2023_32_4": 18.386363636363637}