{"2023_26_12": 0.7137628111273792, "2023_27_6": 0.07320644216691066, "2023_27_7": 8.345534407027818, "2023_27_12": 3.1433016105417275, "2023_32_4": 0.08235724743777452, "2023_32_6": 0.10980966325036601, "2023_32_7": 0.1555636896046852, "2023_32_9": 1.1530014641288433, "2023_38_1": 0.004575402635431916, "2023_38_4": 0.013726207906295751, "2023_38_6": 7.041544655929721, "2023_38_8": 0.16928989751098092, "2023_38_9": 3.8433382137628107, "2023_38_9_1": 0.25164714494875545, "2023_44_1": 18.27873352855051, "2023_44_25": 0.004575402635431916, "2023_44_30_1": 0.29282576866764265, "2023_44_30_2": 0.8189970717423133, "2023_44_30_3": 0.013726207906295751, "2023_44_30_4": 0.558199121522694, "2023_44_30_5_1": 20.973645680819914, "2023_44_30_6": 3.9622986822840414, "2023_44_30_7": 7.242862371888725, "2023_44_30_8": 22.73975109809663, "2023_44_30_10": 0.013726207906295751}