{"2024_2_7": 0.3438359589897475, "2024_2_8": 0.012503125781445365, "2024_3_6": 0.13128282070517633, "2024_3_10": 0.4938734683670919, "2024_3_15": 2.850712678169543, "2024_3_20": 0.17504376094023508, "2024_3_25": 10.277569392348086, "2024_8_3": 0.006251562890722683, "2024_8_4": 0.05001250312578146, "2024_8_7": 0.22505626406601653, "2024_8_8": 0.012503125781445365, "2024_8_9": 5.701425356339086, "2024_8_12": 0.04376094023505877, "2024_9_5": 0.006251562890722683, "2024_14_3": 0.293823455863966, "2024_14_5": 0.031257814453613406, "2024_14_6": 2.3380845211302828, "2024_14_7": 1.0127531882970746, "2024_14_8": 3.1320330082520638, "2024_14_9": 29.338584646161543, "2024_14_11": 0.08127031757939486, "2024_15_10": 0.031257814453613406, "2024_20_1": 12.040510127531883, "2024_20_3": 9.252313078269568, "2024_20_6": 3.5071267816954244, "2024_20_6_1": 0.03750937734433609, "2024_20_6_2": 16.654163540885225, "2024_20_7": 1.919229807451863}