{"2023_32_9": 0.029821814657421897, "2023_38_6": 0.014910907328710948, "2023_38_9": 0.03727726832177738, "2023_44_1": 0.04473272198613285, "2023_44_30_5_1": 0.03727726832177738, "2023_44_30_6": 0.014910907328710948, "2023_44_30_8": 0.924476254380079, "2023_44_30_9": 0.04473272198613285, "2023_44_30_13": 0.022366360993066426, "2023_44_30_14": 3.809736822485648, "2023_44_30_16": 0.022366360993066426, "2023_44_30_20": 0.022366360993066426, "2023_44_30_25": 3.809736822485648, "2023_44_30_30": 0.47714903451875035, "2024_2_2_1": 0.007455453664355474, "2024_2_3": 0.04473272198613285, "2024_2_6": 0.07455453664355476, "2024_2_7": 20.621784835607247, "2024_2_7_1": 0.007455453664355474, "2024_2_8": 1.3718034742414074, "2024_2_12": 0.04473272198613285, "2024_2_13": 0.19384179527324236, "2024_3_6": 3.2356668903302763, "2024_3_10": 32.915827928129424, "2024_8_3": 0.14165361962275405, "2024_8_4": 3.7948259151569372, "2024_8_7": 20.450309401327072, "2024_8_8": 0.26094087825244167, "2024_8_9": 7.522552747334675}