{"2023_26_9": 0.07151711642986555, "2023_26_12": 0.7247067798226375, "2023_27_6": 0.07151711642986555, "2023_27_7": 10.041003146753122, "2023_27_12": 4.05263659769238, "2023_32_1": 0.004767807761991036, "2023_32_4": 0.09535615523982074, "2023_32_6": 0.11442738628778487, "2023_32_7": 0.18117669495565938, "2023_32_9": 1.28730809573758, "2023_38_1": 0.004767807761991036, "2023_38_4": 0.019071231047964144, "2023_38_6": 8.067130733288835, "2023_38_8": 0.20024792600362354, "2023_38_9": 4.624773529131305, "2023_38_9_1": 0.4910841994850767, "2023_44_1": 23.30027653285019, "2023_44_25": 0.004767807761991036, "2023_44_30_1": 0.6007437780108705, "2023_44_30_2": 1.6019834080289883, "2023_44_30_3": 0.03337465433393725, "2023_44_30_4": 1.282540287975589, "2023_44_30_5_1": 35.07676170496806, "2023_44_30_6": 8.043291694478878, "2023_44_30_10": 0.004767807761991036}