{"2024_32_7": 7.791947653068039, "2024_32_9": 0.04006142752220072, "2024_32_9_1": 0.013353809174066904, "2024_32_10": 15.597249115310143, "2024_32_20": 0.08679975963143488, "2024_32_20_1": 0.21366094678507047, "2024_33_5": 15.523803164852772, "2024_33_15": 0.42732189357014094, "2024_33_25": 0.18695332843693666, "2024_33_30": 0.013353809174066904, "2024_33_35": 6.12939841089671, "2024_33_40": 0.8746745009013823, "2024_38": 0.006676904587033452, "2024_38_2": 1.5089804366695603, "2024_38_4": 0.16692261467583633, "2024_38_6": 1.695933765106497, "2024_38_7": 5.081124390732458, "2024_39_5": 0.9547973559457837, "2024_39_15": 0.487414034853442, "2024_44_1": 0.21366094678507047, "2024_44_3": 0.7878747412699474, "2024_44_3_1": 19.302931161113708, "2024_44_4": 0.5341523669626761, "2024_44_25_2": 16.779061227215063, "2024_44_25_3": 2.2701475595913734, "2024_44_25_4": 0.3271683247646392, "2024_45_25_5": 2.1099018495025708, "2024_45_25_6": 0.29378380182947195, "2024_45_32": 0.5808906990719103}