{"2022_45_12": 0.029892387405340764, "2022_45_13": 0.049820645675567946, "2022_45_15": 0.9615384615384615, "2023_2_10": 0.019928258270227178, "2023_2_12": 0.14447987245914706, "2023_2_301": 0.009964129135113589, "2023_6_8": 0.034874451972897555, "2023_6_11": 0.10960542048624948, "2023_7_5": 0.029892387405340764, "2023_7_10": 5.305898764447986, "2023_7_15": 3.014149063371861, "2023_7_20": 21.472698286169788, "2023_12_1": 0.009964129135113589, "2023_12_1_1": 0.05480271024312474, "2023_12_5": 3.1885213232363485, "2023_12_5_4": 0.38860103626942993, "2023_12_8": 0.0049820645675567946, "2023_12_9": 5.8688720605819045, "2023_12_9_1": 1.763650856915105, "2023_12_10": 0.90175368672778, "2023_12_11": 3.9109206855320835, "2023_20_4_1": 39.35332801913112, "2023_20_6": 1.1259465922678356, "2023_20_7": 12.240932642487044, "2023_26": 0.0049820645675567946}