{"2023_44_30_8": 0.07893792608539649, "2023_44_30_9": 0.02870470039468963, "2023_44_30_13": 0.014352350197344816, "2023_44_30_14": 0.5166846071044133, "2023_44_30_25": 0.09329027628274131, "2023_44_30_30": 0.17222820236813777, "2024_2_6": 0.02870470039468963, "2024_2_7": 0.4592752063150341, "2024_2_8": 0.007176175098672408, "2024_2_12": 0.007176175098672408, "2024_2_13": 0.007176175098672408, "2024_3_6": 0.2009329027628274, "2024_3_10": 0.7606745604592753, "2024_3_15": 4.391819160387513, "2024_3_20": 0.4018658055256548, "2024_3_25": 35.14890563329745, "2024_8_4": 0.07176175098672408, "2024_8_7": 0.2726946537495515, "2024_8_8": 0.014352350197344816, "2024_8_9": 10.053821313240045, "2024_8_12": 0.06458557588805167, "2024_9_5": 0.014352350197344816, "2024_14_3": 0.5884463580911375, "2024_14_5": 0.05023322569070685, "2024_14_6": 7.305346250448512, "2024_14_7": 3.7316110513096516, "2024_14_8": 21.327592393254395, "2024_14_9": 13.684965913168279, "2024_14_11": 0.5023322569070685}