{"2023_44_1": 0.013003901170351105, "2023_44_30_5_1": 0.013003901170351105, "2023_44_30_8": 0.624187256176853, "2023_44_30_9": 0.03901170351105331, "2023_44_30_13": 0.02600780234070221, "2023_44_30_14": 2.7308192457737324, "2023_44_30_16": 0.013003901170351105, "2023_44_30_20": 0.013003901170351105, "2023_44_30_25": 2.0091027308192455, "2023_44_30_30": 0.3901170351105332, "2024_2_2_1": 0.006501950585175552, "2024_2_3": 0.013003901170351105, "2024_2_6": 0.05201560468140442, "2024_2_7": 10.845253576072821, "2024_2_8": 0.7867360208062418, "2024_2_12": 0.02600780234070221, "2024_2_13": 0.05201560468140442, "2024_3_6": 1.3589076723016904, "2024_3_10": 9.902470741222368, "2024_3_15": 11.339401820546163, "2024_3_20": 1.729518855656697, "2024_3_25": 20.032509752925876, "2024_8_3": 0.07802340702210663, "2024_8_4": 1.9570871261378413, "2024_8_7": 6.12483745123537, "2024_8_8": 0.08452535760728219, "2024_8_9": 29.13524057217165, "2024_8_12": 0.14304291287386214, "2024_14_3": 0.4616384915474643}