{"2023_27_6": 0.054022419304011166, "2023_27_7": 7.477603205330211, "2023_27_12": 2.8136676720839144, "2023_32_4": 0.07653176068068247, "2023_32_6": 0.10354297033268806, "2023_32_7": 0.13955791653536218, "2023_32_9": 1.0894521226308918, "2023_38_1": 0.004501868275334263, "2023_38_4": 0.013505604826002791, "2023_38_6": 6.644757574393373, "2023_38_8": 0.16206725791203347, "2023_38_9": 3.5879890154414076, "2023_38_9_1": 0.21608967721604466, "2023_44_1": 16.61189393598343, "2023_44_9_1": 0.009003736550668526, "2023_44_25": 0.004501868275334263, "2023_44_30_1": 0.24760275514338448, "2023_44_30_2": 0.6257596902714626, "2023_44_30_3": 0.009003736550668526, "2023_44_30_4": 0.4321793544320893, "2023_44_30_5_1": 8.224913339035698, "2023_44_30_6": 1.6296763156710032, "2023_44_30_7": 1.557646423265655, "2023_44_30_8": 45.28429298158735, "2023_44_30_9": 2.9667311934452796, "2023_44_30_10": 0.004501868275334263, "2023_44_30_11": 0.009003736550668526}