{"2022_40_4_2": 0.021915406530791146, "2022_44_2": 0.04930966469428008, "2022_44_25_2": 0.03287310979618672, "2022_44_25_3": 0.2355906202060048, "2022_44_25_5": 0.11505588428665352, "2022_44_30": 0.24106947183870261, "2022_44_30_1": 0.005478851632697786, "2022_44_30_2": 0.021915406530791146, "2022_44_30_5": 0.2739425816348893, "2022_44_30_10": 2.0764847687924615, "2022_45_10": 0.005478851632697786, "2022_45_11": 0.060267367959675654, "2022_45_12": 1.506684198991891, "2022_45_13": 2.2463291694060925, "2022_45_14": 0.04383081306158229, "2022_45_15": 26.736795967565197, "2023_2_0_5": 0.021915406530791146, "2023_2_10": 0.5040543502081963, "2023_2_11": 0.04930966469428008, "2023_2_12": 17.855577470962086, "2023_2_13": 0.01643655489809336, "2023_2_301": 0.08218277449046679, "2023_6_1": 0.10409818102125794, "2023_6_8": 23.279640587332896, "2023_6_9": 1.7203594126671047, "2023_6_11": 22.408503177733945, "2023_6_11_2": 0.2739425816348893, "2023_6_15": 0.005478851632697786, "2023_12_1": 0.005478851632697786}