{"2022_40_4_2": 0.01594557244605081, "2022_44_2": 0.04252152652280216, "2022_44_25_2": 0.03189114489210162, "2022_44_25_3": 0.23918358669076215, "2022_44_25_5": 0.10098862549165515, "2022_44_30": 0.22323801424471135, "2022_44_30_1": 0.00531519081535027, "2022_44_30_2": 0.02126076326140108, "2022_44_30_5": 0.2019772509833103, "2022_44_30_10": 1.7433825874348885, "2022_45_10": 0.00531519081535027, "2022_45_11": 0.053151908153502694, "2022_45_12": 1.1852875518231103, "2022_45_13": 1.908153502710747, "2022_45_14": 0.03189114489210162, "2022_45_15": 27.559264377591152, "2023_2_0_5": 0.02126076326140108, "2023_2_10": 0.47305198256617403, "2023_2_11": 0.026575954076751347, "2023_2_12": 16.7269054959073, "2023_2_13": 0.01594557244605081, "2023_2_301": 0.06378228978420324, "2023_6_1": 0.09035824386095459, "2023_6_8": 19.926650366748163, "2023_6_9": 1.4457319017752734, "2023_6_11": 18.20452854257468, "2023_6_11_2": 0.09035824386095459, "2023_6_15": 0.00531519081535027, "2023_12_1": 9.540767513553735}