{"2024_27_25": 2.7829874765563556, "2024_32": 0.030249863875612557, "2024_32_3": 4.960977675600461, "2024_32_4_1": 0.21174904712928788, "2024_32_4_2": 0.02419989110049005, "2024_32_5_3": 0.018149918325367536, "2024_32_5_4": 0.02419989110049005, "2024_32_6": 2.3473894367475348, "2024_32_7": 7.1087180107689525, "2024_32_9": 0.03629983665073507, "2024_32_9_1": 0.012099945550245026, "2024_32_10": 14.519934660294028, "2024_32_20": 0.07864964607659265, "2024_32_20_1": 0.20569907435416543, "2024_33_5": 14.870833081251133, "2024_33_15": 0.39324823038296336, "2024_33_25": 0.17544921047855283, "2024_33_30": 0.012099945550245026, "2024_33_35": 6.249621876701556, "2024_33_40": 1.6818924314840582, "2024_38": 0.006049972775122513, "2024_38_2": 1.4217436021537906, "2024_38_4": 0.1512493193780628, "2024_38_6": 1.5971928126323434, "2024_38_7": 4.979127593925829, "2024_39_5": 1.1978946094742573, "2024_44_1": 0.1935991288039204, "2024_44_3": 0.7259967330147015, "2024_44_3_1": 18.44031701857342, "2024_44_4": 0.36904833928247327, "2024_44_25_2": 15.17333172000726}