{"2024_32_20": 0.10999238514256703, "2024_32_20_1": 0.2707504865047804, "2024_33_5": 18.927151197224802, "2024_33_15": 0.5245790676030119, "2024_33_25": 0.21998477028513405, "2024_33_30": 0.016921905406548775, "2024_33_35": 7.428716473474911, "2024_33_40": 0.9391657500634569, "2024_38": 0.008460952703274387, "2024_38_2": 1.8783315001269139, "2024_38_4": 0.21152381758185965, "2024_38_6": 2.081394365005499, "2024_38_7": 5.761908790929857, "2024_39_5": 1.1337676622387678, "2024_39_15": 0.23690667569168283, "2024_44_1": 0.2538285810982316, "2024_44_3": 0.9307047973601825, "2024_44_3_1": 23.656823758355184, "2024_44_4": 0.7530247905914205, "2024_44_25_2": 14.840511041543273, "2024_44_25_3": 0.48227430408664007, "2024_44_25_4": 0.8291733649208898, "2024_45_25_5": 4.154327777307723, "2024_45_25_6": 1.0237752770962005, "2024_45_25_10": 0.1776800067687621, "2024_45_25_15": 1.5229714865893895, "2024_45_32": 4.442000169219052, "2024_45_32_1": 6.4303240544885325, "2024_45_32_2": 0.7530247905914205}