{"2024_3_20": 0.15181878909333818, "2024_3_25": 8.258942126677596, "2024_8_4": 0.04250926094613469, "2024_8_7": 0.21861905629440695, "2024_8_8": 0.012145503127467054, "2024_8_9": 4.864274002550555, "2024_8_12": 0.04250926094613469, "2024_9_5": 0.006072751563733527, "2024_14_3": 0.2246918078581405, "2024_14_5": 0.03036375781866764, "2024_14_6": 1.9250622457035282, "2024_14_7": 0.7894577032853585, "2024_14_8": 2.3137183457824744, "2024_14_9": 26.950871439849394, "2024_14_11": 0.08501852189226938, "2024_15_10": 0.006072751563733527, "2024_15_15": 4.214489585231068, "2024_20_1": 7.542357442157041, "2024_20_3": 3.5039776522742456, "2024_20_6": 0.6072751563733527, "2024_20_6_1": 0.03036375781866764, "2024_20_6_2": 3.637578186676383, "2024_20_7": 19.99149814781077, "2024_20_8": 0.1396732859658711, "2024_20_9": 14.295257181028726, "2024_20_9_1": 0.012145503127467054, "2024_26_1": 0.10323677658346997}