{"2024_2_6": 0.029985007496251877, "2024_2_7": 0.1349325337331334, "2024_2_8": 0.014992503748125939, "2024_3_6": 0.014992503748125939, "2024_3_10": 0.059970014992503755, "2024_3_15": 0.11244377811094454, "2024_3_25": 0.9670164917541229, "2024_8_7": 0.04497751124437781, "2024_8_9": 0.1724137931034483, "2024_14_3": 0.007496251874062969, "2024_14_5": 0.007496251874062969, "2024_14_6": 0.16491754122938532, "2024_14_7": 0.05247376311844078, "2024_14_8": 0.28485757121439276, "2024_14_9": 17.616191904047977, "2024_14_11": 0.007496251874062969, "2024_15_15": 4.985007496251874, "2024_20_1": 2.556221889055472, "2024_20_3": 1.71664167916042, "2024_20_6": 0.2698650674662668, "2024_20_6_1": 0.014992503748125939, "2024_20_6_2": 2.608695652173913, "2024_20_7": 20.539730134932537, "2024_20_8": 0.16491754122938532, "2024_20_9": 37.99850074962519, "2024_20_9_1": 0.022488755622188904, "2024_20_10": 1.1469265367316341, "2024_20_15": 3.770614692653673, "2024_26_1": 0.08245877061469266, "2024_26_3_1": 4.430284857571214}