{"2023_44_1": 0.014604936468526362, "2023_44_30_8": 0.09493208704542135, "2023_44_30_9": 0.021907404702789544, "2023_44_30_13": 0.014604936468526362, "2023_44_30_14": 0.5111727763984226, "2023_44_30_25": 0.10953702351394771, "2023_44_30_30": 0.17525923762231635, "2024_2_6": 0.029209872937052725, "2024_2_7": 0.4892653716956331, "2024_2_8": 0.021907404702789544, "2024_2_12": 0.007302468234263181, "2024_3_6": 0.21177157879363226, "2024_3_10": 0.8324813787060027, "2024_3_15": 4.717394479334015, "2024_3_20": 0.4308456258215277, "2024_3_25": 35.97926099021469, "2024_8_4": 0.06572221410836863, "2024_8_7": 0.28479626113626405, "2024_8_8": 0.014604936468526362, "2024_8_9": 11.238498612531036, "2024_8_12": 0.06572221410836863, "2024_9_5": 0.014604936468526362, "2024_14_3": 0.6645246093179495, "2024_14_5": 0.05111727763984227, "2024_14_6": 7.682196582444865, "2024_14_7": 3.8410982912224325, "2024_14_8": 29.443551920549144, "2024_14_9": 2.533956477289324, "2024_14_11": 0.43814809405579086}