{"2022_44_25_2": 0.025835787733167984, "2022_44_25_3": 0.20668630186534387, "2022_44_25_5": 0.07750736319950395, "2022_44_30": 0.21185345941197747, "2022_44_30_2": 0.020668630186534385, "2022_44_30_5": 0.1860176716788095, "2022_44_30_10": 1.5294786338035447, "2022_45_10": 0.005167157546633596, "2022_45_11": 0.05167157546633597, "2022_45_12": 1.0489329819666202, "2022_45_13": 1.6638247300160183, "2022_45_14": 0.031002945279801578, "2022_45_15": 27.95948948483439, "2023_2_0_5": 0.020668630186534385, "2023_2_10": 0.4598770216503902, "2023_2_11": 0.025835787733167984, "2023_2_12": 15.811502092698806, "2023_2_13": 0.015501472639900789, "2023_2_201": 0.005167157546633596, "2023_2_301": 0.062005890559603156, "2023_6_1": 0.08784167829277115, "2023_6_8": 17.495995452901358, "2023_6_9": 1.271120756471865, "2023_6_11": 16.121531545496822, "2023_6_11_2": 0.06717304810623675, "2023_6_15": 0.005167157546633596, "2023_12_1": 13.284762052394978, "2023_12_1_1": 2.247713532785615}