{"2023_38_6": 0.013767467474358093, "2023_38_9": 0.027534934948716186, "2023_44_1": 0.020651201211537136, "2023_44_30_5_1": 0.020651201211537136, "2023_44_30_8": 0.7365595098781579, "2023_44_30_9": 0.04130240242307427, "2023_44_30_13": 0.020651201211537136, "2023_44_30_14": 3.2491223239485096, "2023_44_30_16": 0.020651201211537136, "2023_44_30_20": 0.020651201211537136, "2023_44_30_25": 2.6295862876023954, "2023_44_30_30": 0.454326426653817, "2024_2_2_1": 0.020651201211537136, "2024_2_3": 0.027534934948716186, "2024_2_6": 0.08260480484614854, "2024_2_7": 14.373236043229848, "2024_2_7_1": 0.0068837337371790465, "2024_2_8": 1.0256763268396778, "2024_2_12": 0.03441866868589523, "2024_2_13": 0.08260480484614854, "2024_3_6": 1.8241894403524472, "2024_3_10": 14.965237144627244, "2024_3_15": 25.18069801060095, "2024_3_20": 0.013767467474358093, "2024_8_3": 0.11013973979486474, "2024_8_4": 2.719074826185723, "2024_8_7": 9.520203758518619, "2024_8_8": 0.151442142217939, "2024_8_9": 22.385902113306255, "2024_8_12": 0.2202794795897295}