{"2022_44_25_2": 0.016570923552806004, "2022_44_25_3": 0.04971277065841802, "2022_44_25_5": 0.04971277065841802, "2022_44_30": 0.09390190013256737, "2022_44_30_2": 0.016570923552806004, "2022_44_30_5": 0.011047282368537338, "2022_44_30_10": 0.19332744144940336, "2022_45_11": 0.022094564737074676, "2022_45_12": 0.10494918250110469, "2022_45_13": 0.2540874944763588, "2022_45_15": 30.34688466637206, "2023_2_0_5": 0.016570923552806004, "2023_2_10": 0.19332744144940336, "2023_2_11": 0.011047282368537338, "2023_2_12": 1.5134776844896152, "2023_2_13": 0.016570923552806004, "2023_2_201": 0.005523641184268669, "2023_2_301": 0.011047282368537338, "2023_6_8": 0.4032258064516128, "2023_6_9": 0.03866548828988068, "2023_6_11": 0.6573133009279715, "2023_6_11_2": 0.005523641184268669, "2023_7_5": 0.950066283694211, "2023_12_1": 0.5578877596111355, "2023_12_1_1": 3.6014140521431717, "2023_12_5": 37.919796730004414, "2023_12_5_3": 0.6959787892178523, "2023_12_5_4": 0.011047282368537338, "2023_12_8": 0.2209456473707467, "2023_12_9": 22.011710119310642}