{"2023_44_30_13": 0.014065686757155919, "2023_44_30_14": 0.49229903650045714, "2023_44_30_25": 0.07736127716435755, "2023_44_30_30": 0.175821084464449, "2024_2_6": 0.035164216892889795, "2024_2_7": 0.4641676629861452, "2024_2_8": 0.007032843378577959, "2024_2_12": 0.007032843378577959, "2024_3_6": 0.18988677122160488, "2024_3_10": 0.7103171812363738, "2024_3_15": 4.135311906603839, "2024_3_20": 0.35867501230747595, "2024_3_25": 34.84773894085379, "2024_8_3": 0.007032843378577959, "2024_8_4": 0.07032843378577959, "2024_8_7": 0.28131373514311836, "2024_8_8": 0.014065686757155919, "2024_8_9": 9.198959139179971, "2024_8_12": 0.056262747028623675, "2024_9_5": 0.007032843378577959, "2024_14_3": 0.5063647232576131, "2024_14_5": 0.04922990365004572, "2024_14_6": 6.983613474927913, "2024_14_7": 3.6359800267248046, "2024_14_8": 10.781348899360012, "2024_14_9": 22.976299317814192, "2024_14_11": 0.40790491595752165, "2024_15_5": 0.035164216892889795, "2024_20_1": 3.474224629017512}