{"2024_2_8": 0.014428973378544112, "2024_3_10": 0.06493038020344852, "2024_3_15": 0.1154317870283529, "2024_3_25": 0.9090253228482791, "2024_8_7": 0.06493038020344852, "2024_8_9": 0.2164346006781617, "2024_14_3": 0.007214486689272056, "2024_14_5": 0.007214486689272056, "2024_14_6": 0.1731476805425294, "2024_14_7": 0.04328692013563235, "2024_14_8": 0.28136498088161027, "2024_14_9": 15.518360868624196, "2024_14_11": 0.007214486689272056, "2024_15_15": 4.84092056850155, "2024_20_1": 2.359137147391963, "2024_20_3": 1.5366856648149483, "2024_20_6": 0.2236490873674338, "2024_20_6_1": 0.014428973378544112, "2024_20_6_2": 2.330279200634875, "2024_20_7": 16.903542312964433, "2024_20_8": 0.1154317870283529, "2024_20_9": 37.47925835076835, "2024_20_9_1": 0.021643460067816176, "2024_20_10": 0.5266575283168602, "2024_20_15": 1.096601976769353, "2024_21_5": 4.270976120049058, "2024_26_1": 0.06493038020344852, "2024_26_3_1": 10.727941706947549, "2024_26_4": 0.06493038020344852}