{"2023_20_4_1": 0.020651556611079556, "2023_20_7": 0.015488667458309667, "2023_20_9": 0.03614022406938923, "2023_26_7": 0.010325778305539778, "2023_26_8": 0.07228044813877846, "2023_26_9": 0.07228044813877846, "2023_26_10": 0.005162889152769889, "2023_26_11": 0.005162889152769889, "2023_26_12": 0.7641075946099437, "2023_27_6": 0.10325778305539779, "2023_27_7": 19.16464453508183, "2023_27_12": 8.591047550209097, "2023_32_4": 0.13939800712478703, "2023_32_6": 0.11358356136093757, "2023_32_7": 0.20651556611079558, "2023_32_9": 1.910268986524859, "2023_38_1": 0.005162889152769889, "2023_38_4": 0.010325778305539778, "2023_38_6": 11.482265475760235, "2023_38_8": 0.30977334916619337, "2023_38_9": 9.097010687180546, "2023_38_9_1": 0.24781867933295468, "2023_44_1": 47.60700087769115, "2023_44_25": 0.005162889152769889, "2023_44_25_1": 0.005162889152769889}