{"2023_2_12": 0.23483719459874453, "2023_6_8": 0.054193198753556424, "2023_6_11": 0.08580589802646435, "2023_7_5": 0.02258049948064851, "2023_7_10": 3.4548164205392218, "2023_7_15": 1.9057941561667342, "2023_7_20": 23.641782956238995, "2023_7_25": 0.004516099896129702, "2023_7_26": 0.013548299688389106, "2023_12_1": 0.009032199792259403, "2023_12_1_1": 0.07225759833807523, "2023_12_5": 2.3032109470261486, "2023_12_5_4": 0.2935464932484306, "2023_12_8": 0.004516099896129702, "2023_12_9": 4.0735221063089915, "2023_12_9_1": 1.016122476629183, "2023_12_10": 0.5825768866007317, "2023_12_11": 2.208372849207424, "2023_20_4_1": 8.896716795375513, "2023_20_6": 0.1896761956374475, "2023_20_7": 8.616718601815473, "2023_20_8": 6.593505848349365, "2023_20_9": 30.280449803549654, "2023_26_1": 5.437384274940162, "2023_26_3": 0.004516099896129702}