{"2023_38_6": 5.92812485944317, "2023_38_8": 0.14393019385597985, "2023_38_9": 3.027031889533576, "2023_38_9_1": 0.14393019385597985, "2023_44_1": 12.701839607790221, "2023_44_9_2": 0.008995637115998741, "2023_44_25": 0.0044978185579993704, "2023_44_30_1": 0.14842801241397924, "2023_44_30_2": 0.4048036702199433, "2023_44_30_3": 0.008995637115998741, "2023_44_30_4": 0.26087347636396346, "2023_44_30_5_1": 4.520307650789367, "2023_44_30_6": 0.8680789816938785, "2023_44_30_7": 0.778122610533891, "2023_44_30_8": 21.69747672378896, "2023_44_30_9": 5.559303737687222, "2023_44_30_10": 0.0044978185579993704, "2023_44_30_12": 0.013493455673998109, "2023_44_30_13": 0.3733189403139477, "2023_44_30_14": 12.598389780956238, "2023_44_30_20": 0.32834075473395397, "2024_2_2": 0.08096073404398867, "2024_2_2_1": 7.120046777313004, "2024_2_3": 2.1274681779337024, "2024_2_6": 6.553321639005083, "2024_2_7": 14.595421220707957}