{"2023_32_4": 0.08269286895612415, "2023_32_6": 0.09728572818367547, "2023_32_7": 0.14592859227551322, "2023_32_9": 1.143107306158187, "2023_38_1": 0.0048642864091837735, "2023_38_4": 0.014592859227551323, "2023_38_6": 6.955929565132796, "2023_38_8": 0.17025002432143208, "2023_38_9": 3.740636248662322, "2023_38_9_1": 0.21889288841326981, "2023_44_1": 16.64558809222687, "2023_44_9_1": 0.009728572818367547, "2023_44_25": 0.0048642864091837735, "2023_44_30_1": 0.23348574764082117, "2023_44_30_2": 0.6031715147387879, "2023_44_30_3": 0.009728572818367547, "2023_44_30_4": 0.4037357719622532, "2023_44_30_5_1": 7.131043875863412, "2023_44_30_6": 1.4106430586632943, "2023_44_30_7": 1.2987644712520674, "2023_44_30_8": 47.1835781690826, "2023_44_30_9": 12.316373188053314, "2023_44_30_10": 0.0048642864091837735, "2023_44_30_12": 0.019457145636735094, "2023_44_30_13": 0.15079287868469698}