{"2023_44_1": 12.153359389540297, "2023_44_30_1": 0.1256281407035176, "2023_44_30_2": 0.37223152801042253, "2023_44_30_3": 0.009305788200260566, "2023_44_30_4": 0.23729759910664436, "2023_44_30_5_1": 4.099199702214778, "2023_44_30_6": 0.7816862088218874, "2023_44_30_7": 0.7305043737204543, "2023_44_30_8": 18.02531174390471, "2023_44_30_9": 4.029406290712824, "2023_44_30_10": 0.004652894100130283, "2023_44_30_12": 0.013958682300390846, "2023_44_30_13": 0.3908431044109437, "2023_44_30_14": 12.03703703703704, "2023_44_30_16": 0.027917364600781692, "2023_44_30_20": 0.11632235250325705, "2023_44_30_25": 2.5870091196724365, "2024_2_2": 0.0790991997022148, "2024_2_2_1": 4.578447794528198, "2024_2_3": 1.1446119486320494, "2024_2_6": 1.7634468639493768, "2024_2_7": 31.569886469383967, "2024_2_7_1": 0.004652894100130283, "2024_2_8": 2.3124883677647503, "2024_8_3": 0.4513307277126373, "2024_8_4": 2.354364414665923}