{"2024_3_6": 0.11360918440564459, "2024_3_10": 0.4484573068643865, "2024_3_15": 2.59507294905525, "2024_3_20": 0.15546519971298733, "2024_3_25": 8.526668261181536, "2024_8_4": 0.041856015307342745, "2024_8_7": 0.23917723032767282, "2024_8_8": 0.01195886151638364, "2024_8_9": 4.944989237024635, "2024_8_12": 0.041856015307342745, "2024_9_5": 0.00597943075819182, "2024_14_3": 0.23917723032767282, "2024_14_5": 0.029897153790959103, "2024_14_6": 1.9911504424778763, "2024_14_7": 0.7952642908395121, "2024_14_8": 2.421669457067687, "2024_14_9": 26.441042812724223, "2024_14_11": 0.07773259985649367, "2024_15_10": 0.00597943075819182, "2024_15_15": 3.707247070078929, "2024_20_1": 7.988519492944271, "2024_20_3": 3.9464243004066013, "2024_20_6": 0.7175316909830185, "2024_20_6_1": 0.029897153790959103, "2024_20_6_2": 4.305190145898111, "2024_20_7": 21.93853145180579, "2024_20_8": 0.1375269074384119, "2024_20_9": 8.090169815833532, "2024_20_9_1": 0.01195886151638364}