{"2022_44_25_2": 0.015209896572703307, "2022_44_25_3": 0.19265868992090857, "2022_44_25_5": 0.0709795173392821, "2022_44_30": 0.19265868992090857, "2022_44_30_2": 0.025349827621172175, "2022_44_30_5": 0.18758872439667415, "2022_44_30_10": 1.3891705536402355, "2022_45_10": 0.0050699655242344354, "2022_45_11": 0.040559724193875484, "2022_45_12": 0.9835733117014805, "2022_45_13": 1.5007097951733932, "2022_45_14": 0.030419793145406614, "2022_45_15": 28.138308659501117, "2023_2_0_5": 0.020279862096937742, "2023_2_10": 0.430947069559927, "2023_2_11": 0.020279862096937742, "2023_2_12": 11.742040154126952, "2023_2_13": 0.020279862096937742, "2023_2_201": 0.0050699655242344354, "2023_2_301": 0.0557696207665788, "2023_6_1": 0.0861894139119854, "2023_6_8": 13.39484891502738, "2023_6_9": 1.176232001622389, "2023_6_11": 10.875076049482864, "2023_6_11_2": 0.05069965524234435, "2023_6_15": 0.0050699655242344354, "2023_12_1": 11.103224498073414, "2023_12_1_1": 18.2417359561955}