{"2023_26_9": 0.07030041711580821, "2023_26_12": 0.7217509490556311, "2023_27_6": 0.065613722641421, "2023_27_7": 9.110934058208745, "2023_27_12": 3.53376763368796, "2023_32_4": 0.09373388948774428, "2023_32_6": 0.11716736185968038, "2023_32_7": 0.18278108450110137, "2023_32_9": 1.2138538688662885, "2023_38_1": 0.004686694474387214, "2023_38_4": 0.014060083423161644, "2023_38_6": 7.536204714814641, "2023_38_8": 0.18278108450110137, "2023_38_9": 4.208651637999718, "2023_38_9_1": 0.5108496977082064, "2023_44_1": 20.785489993907298, "2023_44_25": 0.004686694474387214, "2023_44_30_1": 0.43117589164362363, "2023_44_30_2": 1.1623002296480291, "2023_44_30_3": 0.018746777897548857, "2023_44_30_4": 0.9701457561981532, "2023_44_30_5_1": 35.8860195903829, "2023_44_30_6": 6.505131930449454, "2023_44_30_7": 6.655106153629845, "2023_44_30_10": 0.014060083423161644}