{"2024_8_4": 0.013237143424449005, "2024_8_7": 0.06618571712224504, "2024_8_9": 0.19193857965451058, "2024_14_3": 0.01985571513667351, "2024_14_6": 0.15884572109338807, "2024_14_7": 0.04633000198557152, "2024_14_8": 0.2448871533523066, "2024_14_9": 11.986233370838574, "2024_14_11": 0.006618571712224503, "2024_15_15": 4.8050830630749894, "2024_20_1": 1.9127672248328813, "2024_20_3": 1.224435766761533, "2024_20_6": 0.16546429280561256, "2024_20_6_1": 0.013237143424449005, "2024_20_6_2": 1.6811172149050237, "2024_20_7": 8.941690383215303, "2024_20_8": 0.06618571712224504, "2024_20_9": 25.911708253358928, "2024_20_9_1": 0.01985571513667351, "2024_20_10": 0.3110728704745517, "2024_20_15": 0.46991859156793975, "2024_21_5": 1.0920643325170432, "2024_26_1": 0.03971143027334702, "2024_26_3_1": 4.295453041233703, "2024_26_4": 0.01985571513667351, "2024_26_6": 2.7930372625587405, "2024_26_7": 28.43338407571646, "2024_26_10": 5.06982593156397}