{"2024_27_5": 0.2378503471329391, "2024_27_10": 0.719979429159167, "2024_27_25": 3.2977629210593995, "2024_32": 0.032141938801748524, "2024_32_3": 5.759835433273336, "2024_32_4_1": 0.2507071226536385, "2024_32_4_2": 0.025713551041398816, "2024_32_5_3": 0.019285163281049116, "2024_32_5_4": 0.025713551041398816, "2024_32_6": 2.822062226793521, "2024_32_7": 9.199022885060428, "2024_32_9": 0.04499871432244794, "2024_32_9_1": 0.032141938801748524, "2024_32_10": 22.267935201851376, "2024_32_20": 0.10285420416559526, "2024_32_20_1": 0.29570583697608643, "2024_33_5": 21.997942915916695, "2024_33_15": 1.2471072255078428, "2024_33_25": 0.30213422473643614, "2024_33_30": 0.012856775520699408, "2024_33_35": 8.7040370275135, "2024_38": 0.006428387760349704, "2024_38_2": 2.159938287477501, "2024_38_4": 0.21213679609154032, "2024_38_6": 2.751349961429674, "2024_38_7": 13.904602725636412, "2024_44_1": 0.8678323476472103, "2024_44_3": 2.6999228593468763}