{"2023_32_6": 0.015799036258788212, "2023_38_9": 0.015799036258788212, "2023_44_1": 0.015799036258788212, "2023_44_30_8": 0.09479421755272928, "2023_44_30_9": 0.02369855438818232, "2023_44_30_13": 0.015799036258788212, "2023_44_30_14": 0.6240619322221345, "2023_44_30_20": 0.007899518129394106, "2023_44_30_25": 0.11059325381151748, "2023_44_30_30": 0.19748795323485266, "2024_2_6": 0.02369855438818232, "2024_2_7": 0.6161624140927403, "2024_2_8": 0.02369855438818232, "2024_2_12": 0.007899518129394106, "2024_3_6": 0.30808120704637015, "2024_3_10": 1.105932538115175, "2024_3_15": 6.106327514021644, "2024_3_20": 0.6477604866103167, "2024_3_25": 40.437633304368426, "2024_8_3": 0.007899518129394106, "2024_8_4": 0.13429180819969982, "2024_8_7": 0.3791768702109171, "2024_8_8": 0.015799036258788212, "2024_8_9": 22.655817995102296, "2024_8_12": 0.07899518129394108, "2024_9_5": 0.015799036258788212, "2024_14_3": 1.248123864444269, "2024_14_5": 0.06319614503515285, "2024_14_6": 16.37570108223398, "2024_14_7": 7.923216683782289, "2024_14_8": 0.7030571135160755}