{"2022_45_13": 0.03228062624414914, "2022_45_15": 0.14526281809867114, "2023_2_12": 0.11836229622854684, "2023_2_301": 0.010760208748049713, "2023_6_8": 0.010760208748049713, "2023_6_11": 0.026900521870124282, "2023_7_10": 0.898477430462151, "2023_7_15": 0.8123957604777533, "2023_7_20": 27.271749071932, "2023_7_26": 0.4196481411739388, "2023_12_1": 0.005380104374024856, "2023_12_1_1": 0.04304083499219885, "2023_12_5": 0.1237424006025717, "2023_12_5_4": 0.03228062624414914, "2023_12_9": 0.09146177435842257, "2023_12_9_1": 0.03228062624414914, "2023_12_10": 0.16140313122074568, "2023_12_11": 0.22596438370904398, "2023_20_4_1": 0.18292354871684513, "2023_20_7": 0.48420939366223714, "2023_20_8": 0.44654866304406304, "2023_20_9": 12.390380373379244, "2023_26_1": 0.6563727336310324, "2023_26_3": 0.026900521870124282, "2023_26_6": 0.3281863668155162, "2023_26_7": 21.289073008016356, "2023_26_8": 33.73325442513585}