{"2024_20_6_2": 0.12273901808785528, "2024_20_7": 2.060723514211886, "2024_20_9": 6.608527131782944, "2024_20_10": 0.06459948320413438, "2024_20_15": 0.3229974160206718, "2024_21_5": 0.47157622739018085, "2024_26_1": 0.006459948320413436, "2024_26_3_1": 1.6860465116279069, "2024_26_4": 0.019379844961240306, "2024_26_6": 0.8527131782945736, "2024_26_7": 14.476744186046512, "2024_26_8": 9.64470284237726, "2024_26_10": 3.1653746770025837, "2024_26_11": 0.4844961240310077, "2024_26_20": 2.5064599483204133, "2024_27_5": 0.6459948320413436, "2024_27_10": 3.249354005167958, "2024_27_25": 16.027131782945734, "2024_32": 0.05167958656330749, "2024_32_3": 33.13953488372093, "2024_32_4_1": 2.9586563307493536, "2024_32_4_2": 0.3229974160206718, "2024_32_5_3": 0.2906976744186046, "2024_32_5_4": 0.5426356589147285, "2024_32_6": 0.27777777777777773}