{"2023_2_12": 0.08479366873940078, "2023_6_11": 0.018843037497644616, "2023_7_10": 0.24967024684379122, "2023_7_15": 0.1884303749764462, "2023_7_20": 5.398530243075183, "2023_7_26": 0.08479366873940078, "2023_7_30": 22.234784247220652, "2023_12_1": 0.004710759374411154, "2023_12_1_1": 0.032975315620878076, "2023_12_5": 0.07537214999057847, "2023_12_5_4": 0.009421518748822308, "2023_12_9": 0.07066139061616732, "2023_12_9_1": 0.023553796872055777, "2023_12_10": 0.07537214999057847, "2023_12_11": 0.0942151874882231, "2023_20_4_1": 0.13661202185792348, "2023_20_7": 0.20727341247409078, "2023_20_8": 0.24967024684379122, "2023_20_9": 6.091011871113623, "2023_26_1": 0.36743923120407, "2023_26_3": 0.018843037497644616, "2023_26_6": 0.1460335406067458, "2023_26_7": 8.192010552100998, "2023_26_8": 21.608253250423967, "2023_26_9": 25.54644808743169, "2023_26_10": 1.4179385716977575, "2023_26_11": 1.5168645185603917, "2023_32_1": 5.855473902393065}