{"2023_26_9": 0.06966052106069755, "2023_26_12": 0.7151813495564947, "2023_27_6": 0.06037245158593786, "2023_27_7": 8.702921097849812, "2023_27_12": 3.3251288719639622, "2023_32_4": 0.08823666001021686, "2023_32_6": 0.11145683369711604, "2023_32_7": 0.1671852505456741, "2023_32_9": 1.2028049969813774, "2023_38_1": 0.004644034737379835, "2023_38_4": 0.013932104212139505, "2023_38_6": 7.318998746110622, "2023_38_8": 0.17647332002043373, "2023_38_9": 4.054242325732596, "2023_38_9_1": 0.34830260530348767, "2023_44_1": 19.61640273069243, "2023_44_25": 0.004644034737379835, "2023_44_30_1": 0.3622347095156272, "2023_44_30_2": 1.0031115032740445, "2023_44_30_3": 0.01857613894951934, "2023_44_30_4": 0.821994148516231, "2023_44_30_5_1": 33.13054381646774, "2023_44_30_6": 5.414944503784889, "2023_44_30_7": 11.489341940277715, "2023_44_30_8": 1.7647332002043377, "2023_44_30_10": 0.013932104212139505}