{"2023_38_9_1": 0.07567158531971245, "2023_44_1": 12.651343170639425, "2023_44_25": 0.004729474082482028, "2023_44_30_1": 0.1324252743094968, "2023_44_30_2": 0.4020052970109724, "2023_44_30_3": 0.009458948164964056, "2023_44_30_4": 0.25539160045402953, "2023_44_30_5_1": 4.38422247446084, "2023_44_30_6": 0.827657964434355, "2023_44_30_7": 0.7567158531971245, "2023_44_30_8": 19.88270904275445, "2023_44_30_9": 4.5497540673477115, "2023_44_30_10": 0.004729474082482028, "2023_44_30_12": 0.014188422247446084, "2023_44_30_13": 0.38781687476352633, "2023_44_30_14": 13.308740068104427, "2023_44_30_16": 0.06148316307226637, "2023_44_30_20": 0.38781687476352633, "2023_44_30_25": 0.004729474082482028, "2024_2_2": 0.08040105940219448, "2024_2_2_1": 5.074725690503216, "2024_2_3": 1.3289822171774497, "2024_2_6": 2.2843359818388196, "2024_2_7": 30.831441543700343, "2024_2_8": 2.2985244040862653}