{"2022_45_12": 0.02933124755572937, "2022_45_13": 0.043996871333594055, "2022_45_15": 0.8946030504497456, "2023_2_10": 0.014665623777864685, "2023_2_12": 0.14176769651935864, "2023_2_301": 0.009777082518576457, "2023_6_8": 0.034219788815017596, "2023_6_11": 0.08799374266718811, "2023_7_5": 0.02933124755572937, "2023_7_10": 4.893429800547517, "2023_7_15": 2.7913570590535786, "2023_7_20": 21.983770043019163, "2023_12_1": 0.009777082518576457, "2023_12_1_1": 0.043996871333594055, "2023_12_5": 2.9624560031286666, "2023_12_5_4": 0.38619475948377, "2023_12_8": 0.004888541259288229, "2023_12_9": 5.411615174032069, "2023_12_9_1": 1.5496675791943686, "2023_12_10": 0.8408290965975751, "2023_12_11": 3.5001955416503714, "2023_20_4_1": 32.37192021900665, "2023_20_6": 1.095033242080563, "2023_20_7": 20.86429409464216, "2023_26": 0.004888541259288229}