{"2023_32_6": 0.091862882560557, "2023_32_7": 0.14021176811874486, "2023_32_9": 1.121694144949959, "2023_38_1": 0.004834888555818788, "2023_38_4": 0.009669777111637577, "2023_38_6": 6.875211526374317, "2023_38_8": 0.16922109945365763, "2023_38_9": 3.6696804138664607, "2023_38_9_1": 0.20306531934438915, "2023_44_1": 16.23555577043949, "2023_44_9_1": 0.009669777111637577, "2023_44_9_2": 0.009669777111637577, "2023_44_25": 0.004834888555818788, "2023_44_30_1": 0.22723976212348307, "2023_44_30_2": 0.5560121839191607, "2023_44_30_3": 0.009669777111637577, "2023_44_30_4": 0.3867910844655031, "2023_44_30_5_1": 6.7059904269206605, "2023_44_30_6": 1.324759464294348, "2023_44_30_7": 1.1942174732872406, "2023_44_30_8": 47.76869893148963, "2023_44_30_9": 13.063868877822365, "2023_44_30_10": 0.004834888555818788, "2023_44_30_12": 0.019339554223275154, "2023_44_30_13": 0.19339554223275154}