{"2022_40_4": 0.011047282368537342, "2022_40_4_1": 0.07733097657976139, "2022_40_4_2": 0.06628369421122406, "2022_44_2": 0.1270437472381794, "2022_44_25_1": 0.07733097657976139, "2022_44_25_2": 0.17675651789659746, "2022_44_25_3": 0.7567388422448079, "2022_44_25_5": 1.5521431727794968, "2022_44_30": 0.568935041979673, "2022_44_30_1": 0.07180733539549272, "2022_44_30_2": 0.11047282368537341, "2022_44_30_5": 2.248121961997349, "2022_44_30_10": 23.376049491825018, "2022_45_10": 0.016570923552806014, "2022_45_11": 0.5799823243482105, "2022_45_12": 5.777728678745029, "2023_2_0_5": 0.06076005302695539, "2023_2_10": 1.2041537781705702, "2023_2_11": 0.17675651789659746, "2023_2_12": 31.63389306230668, "2023_2_13": 0.022094564737074683, "2023_2_201": 0.06628369421122406, "2023_2_301": 0.06076005302695539, "2023_6_1": 0.723596995139196, "2023_6_8": 28.37494476358816, "2023_6_9": 2.082412726469289}