{"2022_44_25_2": 0.019899507487189688, "2022_44_25_3": 0.18904532112830202, "2022_44_25_5": 0.07462315307696134, "2022_44_30": 0.19402019800009945, "2022_44_30_2": 0.024874384358987114, "2022_44_30_5": 0.17412069051290976, "2022_44_30_10": 1.2685936023083424, "2022_45_11": 0.039799014974379376, "2022_45_12": 0.8755783294363464, "2022_45_13": 1.3581413860006963, "2022_45_14": 0.024874384358987114, "2022_45_15": 28.356798169245305, "2023_2_0_5": 0.019899507487189688, "2023_2_10": 0.4079399034873886, "2023_2_11": 0.019899507487189688, "2023_2_12": 9.541813840107457, "2023_2_13": 0.019899507487189688, "2023_2_201": 0.004974876871797422, "2023_2_301": 0.04974876871797423, "2023_6_1": 0.07959802994875875, "2023_6_8": 9.855231083030693, "2023_6_9": 1.0994477886672303, "2023_6_11": 8.62643649569673, "2023_6_11_2": 0.039799014974379376, "2023_6_15": 0.004974876871797422, "2023_12_1": 8.178697577234962, "2023_12_1_1": 29.346798666732994, "2023_12_5": 0.10447241430774587}