{"2023_38_9": 0.01984126984126984, "2023_44_1": 0.01984126984126984, "2023_44_30_5_1": 0.013227513227513225, "2023_44_30_8": 0.6547619047619048, "2023_44_30_9": 0.03968253968253968, "2023_44_30_13": 0.01984126984126984, "2023_44_30_14": 2.850529100529101, "2023_44_30_16": 0.013227513227513225, "2023_44_30_20": 0.01984126984126984, "2023_44_30_25": 2.275132275132275, "2023_44_30_30": 0.4563492063492063, "2024_2_2_1": 0.0066137566137566125, "2024_2_3": 0.01984126984126984, "2024_2_6": 0.05952380952380953, "2024_2_7": 11.805555555555554, "2024_2_7_1": 0.0066137566137566125, "2024_2_8": 0.8267195767195766, "2024_2_12": 0.03306878306878307, "2024_2_13": 0.06613756613756613, "2024_3_6": 1.527777777777778, "2024_3_10": 12.136243386243386, "2024_3_15": 28.220899470899475, "2024_3_20": 1.574074074074074, "2024_8_3": 0.08597883597883597, "2024_8_4": 2.1560846560846563, "2024_8_7": 6.970899470899471, "2024_8_8": 0.1058201058201058, "2024_8_9": 27.724867724867725, "2024_8_12": 0.29100529100529104}