{"2024_3_20": 0.14553498661078126, "2024_3_25": 7.352427523576669, "2024_8_4": 0.04074979625101875, "2024_8_7": 0.21539178018395627, "2024_8_8": 0.011642798928862502, "2024_8_9": 4.430084992432183, "2024_8_12": 0.04074979625101875, "2024_9_5": 0.005821399464431251, "2024_14_3": 0.22121317964838755, "2024_14_5": 0.02910699732215625, "2024_14_6": 1.7289556409360813, "2024_14_7": 0.6927465362673189, "2024_14_8": 1.9676330189777627, "2024_14_9": 20.86971707998603, "2024_14_11": 0.0814995925020375, "2024_15_10": 0.005821399464431251, "2024_15_15": 3.976015834206544, "2024_20_1": 6.176504831761556, "2024_20_3": 2.677843753638375, "2024_20_6": 0.32599837000815, "2024_20_6_1": 0.017464198393293752, "2024_20_6_2": 2.6138083595296315, "2024_20_7": 17.80183956223076, "2024_20_8": 0.12224938875305626, "2024_20_9": 25.8935848177902, "2024_20_9_1": 0.017464198393293752, "2024_20_10": 2.462451973454419, "2024_26_1": 0.07567819303760627}