{"2023_7_26": 0.035546427584027804, "2023_7_30": 12.792764327185116, "2023_12_1_1": 0.027647221454243844, "2023_12_5": 0.06319364903827164, "2023_12_9": 0.05529444290848769, "2023_12_9_1": 0.01579841225956791, "2023_12_10": 0.07899206129783955, "2023_12_11": 0.07109285516805561, "2023_20_4_1": 0.09874007662229944, "2023_20_7": 0.09084087049251548, "2023_20_8": 0.1461353134010032, "2023_20_9": 3.3216161775741533, "2023_26_1": 0.1935305501797069, "2023_26_3": 0.011848809194675932, "2023_26_6": 0.06319364903827164, "2023_26_7": 2.634385244282949, "2023_26_8": 5.343812946798846, "2023_26_9": 7.413404952802242, "2023_26_10": 0.8412654528219913, "2023_26_11": 0.5805916505391208, "2023_26_12": 0.6082388719933646, "2023_27_6": 12.848058770093603, "2023_32_1": 0.5884908566689047, "2023_32_4": 6.1060863383229975, "2023_32_6": 21.533235909791063, "2023_32_7": 24.432244559421772, "2023_38": 0.0039496030648919775}