{"2022_44_25_2": 0.016149870801033594, "2022_44_25_3": 0.05921619293712318, "2022_44_25_5": 0.026916451335055987, "2022_44_30": 0.053832902670111975, "2022_44_30_5": 0.010766580534022395, "2022_44_30_10": 0.10228251507321277, "2022_45_11": 0.005383290267011198, "2022_45_12": 0.05921619293712318, "2022_45_13": 0.13996554694229113, "2022_45_15": 6.02390180878553, "2023_2_10": 0.10228251507321277, "2023_2_11": 0.005383290267011198, "2023_2_12": 0.6029285099052542, "2023_2_201": 0.005383290267011198, "2023_2_301": 0.010766580534022395, "2023_6_8": 0.13996554694229113, "2023_6_11": 0.6836778639104221, "2023_7_5": 0.19918173987941434, "2023_7_10": 25.226098191214476, "2023_12_1": 0.09689922480620156, "2023_12_1_1": 0.3176141257536606, "2023_12_5": 25.802110249784672, "2023_12_5_3": 0.10766580534022395, "2023_12_5_4": 0.6890611541774333, "2023_12_8": 0.08613264427217916, "2023_12_9": 37.300818260120586, "2023_12_9_1": 0.16688199827734715, "2023_12_10": 1.93260120585702, "2023_12_11": 0.026916451335055987}