{"2023_32_7": 0.1403678606001936, "2023_32_9": 1.127783155856728, "2023_38_4": 0.00968054211035818, "2023_38_6": 6.848983543078413, "2023_38_8": 0.16456921587608905, "2023_38_9": 3.6689254598257506, "2023_38_9_1": 0.19845111326234274, "2023_44_1": 16.195546950629236, "2023_44_9_1": 0.00968054211035818, "2023_44_9_2": 0.00968054211035818, "2023_44_25": 0.00484027105517909, "2023_44_30_1": 0.22749273959341726, "2023_44_30_2": 0.5566311713455954, "2023_44_30_3": 0.00968054211035818, "2023_44_30_4": 0.3872216844143272, "2023_44_30_5_1": 6.650532429816071, "2023_44_30_6": 1.3117134559535333, "2023_44_30_7": 1.1907066795740562, "2023_44_30_8": 47.92352371732817, "2023_44_30_9": 13.146176185866409, "2023_44_30_10": 0.00484027105517909, "2023_44_30_12": 0.01936108422071636, "2023_44_30_13": 0.1936108422071636}