{"2023_6_11": 0.013762099178861415, "2023_7_10": 0.22478095325473646, "2023_7_15": 0.15597045736042936, "2023_7_20": 4.73874948392128, "2023_7_26": 0.08257259507316848, "2023_7_30": 22.6019542180834, "2023_12_1": 0.004587366392953806, "2023_12_1_1": 0.03211156475067664, "2023_12_5": 0.06881049589430709, "2023_12_5_4": 0.009174732785907611, "2023_12_9": 0.06881049589430709, "2023_12_9_1": 0.022936831964769023, "2023_12_10": 0.07339786228726089, "2023_12_11": 0.09174732785907609, "2023_20_4_1": 0.13303362539566035, "2023_20_7": 0.1697325565392908, "2023_20_8": 0.23854305243359783, "2023_20_9": 5.569062801045919, "2023_26_1": 0.33487774668562775, "2023_26_3": 0.018349465571815222, "2023_26_6": 0.1238588926097527, "2023_26_7": 6.876462223037755, "2023_26_8": 17.67512271205101, "2023_26_9": 23.872654708931602, "2023_26_10": 1.055094270379375, "2023_26_11": 0.8578375154823615, "2023_32_1": 3.5781457865039683, "2023_32_4": 11.307858158631129}