{"2022_44_30": 0.01592779400053092, "2022_44_30_2": 0.010618529333687284, "2022_44_30_5": 0.010618529333687284, "2022_44_30_10": 0.06902044066896734, "2022_45_12": 0.03716485266790549, "2022_45_13": 0.06371117600212368, "2022_45_15": 1.2476771967082558, "2023_2_10": 0.02654632333421821, "2023_2_12": 0.21237058667374567, "2023_2_301": 0.010618529333687284, "2023_6_8": 0.058401911335280055, "2023_6_11": 0.16989646933899655, "2023_7_5": 0.03185558800106184, "2023_7_10": 8.070082293602336, "2023_7_15": 5.877355986195911, "2023_7_20": 16.081762675869392, "2023_12_1": 0.03185558800106184, "2023_12_1_1": 0.06371117600212368, "2023_12_5": 4.693389965489779, "2023_12_5_4": 0.4619060260153968, "2023_12_8": 0.005309264666843642, "2023_12_9": 8.452349349615078, "2023_12_9_1": 3.052827183435094, "2023_12_10": 1.3220069020440668, "2023_12_11": 3.445712768781523, "2023_20_4_1": 46.477302893549236}