{"2023_12_5": 0.0594436078307046, "2023_12_9": 0.055480700641990954, "2023_12_9_1": 0.01585162875485456, "2023_12_10": 0.06736942220813187, "2023_12_11": 0.06340651501941824, "2023_20_4_1": 0.08718395815170008, "2023_20_7": 0.07133232939684551, "2023_20_8": 0.13077593722755013, "2023_20_9": 2.988032020290084, "2023_26_1": 0.1704050091146865, "2023_26_3": 0.011888721566140919, "2023_26_6": 0.055480700641990954, "2023_26_7": 2.1795989537925013, "2023_26_8": 4.295791392565585, "2023_26_9": 5.452960291669968, "2023_26_10": 0.3526987397955139, "2023_26_11": 0.32099548228580477, "2023_26_12": 0.7767298089878735, "2023_27_6": 22.049615598002692, "2023_32_1": 0.40421653324879125, "2023_32_4": 3.6577633351826893, "2023_32_6": 16.88991043829753, "2023_32_7": 29.07188713640326, "2023_32_9": 10.477926606958864, "2023_38": 0.00396290718871364, "2023_38_1": 0.28929222477609573}