{"2022_44_25_3": 0.1430274135876043, "2022_44_25_5": 0.06674612634088199, "2022_44_30": 0.15733015494636468, "2022_44_30_2": 0.01907032181168057, "2022_44_30_5": 0.14779499404052443, "2022_44_30_10": 1.0250297973778306, "2022_45_11": 0.03814064362336114, "2022_45_12": 0.7246722288438615, "2022_45_13": 1.139451728247914, "2022_45_14": 0.023837902264600714, "2022_45_15": 28.58164481525625, "2023_2_0_5": 0.023837902264600714, "2023_2_10": 0.35280095351609053, "2023_2_11": 0.014302741358760427, "2023_2_12": 5.778307508939213, "2023_2_13": 0.01907032181168057, "2023_2_201": 0.004767580452920143, "2023_2_301": 0.04290822407628128, "2023_6_1": 0.033373063170440996, "2023_6_8": 5.754469606674612, "2023_6_9": 0.9916567342073896, "2023_6_11": 4.133492252681763, "2023_6_11_2": 0.028605482717520853, "2023_6_15": 0.004767580452920143, "2023_12_1": 2.526817640047675, "2023_12_1_1": 10.03098927294398, "2023_12_5": 37.54946364719905, "2023_12_8": 0.6436233611442193}