{"2024_26_4": 0.017692852087756547, "2024_26_6": 0.5661712668082095, "2024_26_7": 7.495871667846191, "2024_26_8": 5.7265864590705355, "2024_26_10": 1.4920971927341355, "2024_26_11": 0.23590469450342064, "2024_26_20": 1.3446567586694975, "2024_27_5": 0.2653927813163482, "2024_27_10": 0.7843831092238737, "2024_27_25": 3.650625147440434, "2024_32": 0.02948808681292758, "2024_32_3": 6.1630101439018645, "2024_32_4_1": 0.31257372021703234, "2024_32_4_2": 0.02359046945034206, "2024_32_5_3": 0.017692852087756547, "2024_32_5_4": 0.02948808681292758, "2024_32_6": 3.31446095777306, "2024_32_7": 15.699457419202645, "2024_32_9": 0.08256664307619721, "2024_32_9_1": 0.01179523472517103, "2024_32_10": 39.6614767633876, "2024_32_20": 0.11205472988912481, "2024_32_20_1": 0.3833451285680585, "2024_33_5": 0.43052606746874267, "2024_33_15": 0.8492569002123143, "2024_33_25": 0.937721160651097, "2024_38": 0.005897617362585515, "2024_38_2": 8.634111818825195, "2024_38_4": 1.303373437131399, "2024_38_6": 0.41873083274357165}