{"2023_6_8": 0.05638445523941708, "2023_6_11": 0.06939625260235949, "2023_7_5": 0.017349063150589872, "2023_7_10": 2.910305343511451, "2023_7_15": 1.4963566967383763, "2023_7_20": 23.94604441360167, "2023_7_25": 0.004337265787647468, "2023_7_26": 0.30360860513532273, "2023_12_1": 0.008674531575294936, "2023_12_1_1": 0.07373351839000696, "2023_12_5": 2.00381679389313, "2023_12_5_4": 0.2515614156835531, "2023_12_8": 0.004337265787647468, "2023_12_9": 3.5782442748091605, "2023_12_9_1": 0.8544413601665511, "2023_12_10": 0.529146426092991, "2023_12_11": 1.5961138098542684, "2023_20_4_1": 6.766134628730049, "2023_20_6": 0.12144344205412912, "2023_20_7": 5.599410131852881, "2023_20_8": 3.643303261623873, "2023_20_9": 39.421408743927834, "2023_26_1": 4.81436502428869, "2023_26_3": 0.13011797362942404, "2023_26_6": 1.7956280360860517, "2023_26_7": 0.004337265787647468}