{"2023_2_12": 0.2365894717685063, "2023_6_8": 0.054597570408116844, "2023_6_11": 0.09099595068019473, "2023_7_5": 0.02274898767004868, "2023_7_10": 3.521543291323536, "2023_7_15": 1.938213749488148, "2023_7_20": 23.636198189180583, "2023_7_25": 0.004549797534009736, "2023_7_26": 0.013649392602029211, "2023_12_1": 0.009099595068019472, "2023_12_1_1": 0.07279676054415578, "2023_12_5": 2.3476955275490243, "2023_12_5_4": 0.2957368397106329, "2023_12_8": 0.004549797534009736, "2023_12_9": 4.172164338686928, "2023_12_9_1": 1.051003230356249, "2023_12_10": 0.5823740843532462, "2023_12_11": 2.233950589198781, "2023_20_4_1": 9.413531097866146, "2023_20_6": 0.1956412939624187, "2023_20_7": 9.827562673461031, "2023_20_8": 8.603667136812412, "2023_20_9": 26.416124482460535, "2023_26_1": 5.250466354247236, "2023_26_3": 0.004549797534009736}