{"2022_36_20": 0.2273009050708766, "2022_40_4": 0.02479646237136836, "2022_40_4_1": 0.11571682439971902, "2022_40_4_2": 0.12398231185684178, "2022_40_4_10": 0.02479646237136836, "2022_44_2": 0.17357523659957852, "2022_44_2_8": 0.004132743728561392, "2022_44_25_1": 0.6157788155556475, "2022_44_25_2": 1.4381948175393648, "2022_44_25_3": 5.343637641029882, "2022_44_25_5": 2.839194941521677, "2022_44_30": 3.835186180104973, "2022_44_30_1": 0.442203578956069, "2022_44_30_2": 0.09918584948547345, "2022_44_30_5": 4.492292432946234, "2022_44_30_8": 0.01653097491424557, "2022_44_30_10": 23.428524197214536, "2022_45_10": 0.01653097491424557, "2022_45_11": 1.504318717196347, "2023_2_0_5": 0.5620531470843495, "2023_2_10": 4.9964871678307246, "2023_2_11": 0.6984336901268754, "2023_2_12": 31.760135553994306, "2023_2_13": 0.01239823118568418, "2023_2_201": 0.06612389965698227, "2023_6_1": 0.789354052155226, "2023_6_8": 16.328470471546062, "2023_6_9": 0.02066371864280697}