{"2023_27_6": 0.05422258370611358, "2023_27_7": 7.582124621571549, "2023_27_12": 2.855722741855316, "2023_32_4": 0.07681532691699425, "2023_32_6": 0.0994080701278749, "2023_32_7": 0.14911210519181237, "2023_32_9": 1.093488771406624, "2023_38_1": 0.004518548642176132, "2023_38_4": 0.013555645926528396, "2023_38_6": 6.6919705390628526, "2023_38_8": 0.16266775111834075, "2023_38_9": 3.623876011025258, "2023_38_9_1": 0.22140888346663049, "2023_44_1": 16.90840901902309, "2023_44_9_1": 0.009037097284352265, "2023_44_25": 0.004518548642176132, "2023_44_30_1": 0.25755727260403954, "2023_44_30_2": 0.6597081017577153, "2023_44_30_3": 0.009037097284352265, "2023_44_30_4": 0.45637341285978933, "2023_44_30_5_1": 8.653020649767292, "2023_44_30_6": 1.7170484840269304, "2023_44_30_7": 1.6718629976051689, "2023_44_30_8": 46.35127197144276, "2023_44_30_9": 0.6597081017577153, "2023_44_30_10": 0.004518548642176132, "2023_44_30_11": 0.009037097284352265}