{"2023_12_10": 0.029198145917734224, "2023_12_11": 0.05109675535603489, "2023_20_4_1": 0.06934559655461879, "2023_20_7": 0.05839629183546845, "2023_20_8": 0.09854374247235302, "2023_20_9": 2.500091244205993, "2023_26_1": 0.1459907295886711, "2023_26_3": 0.010949304719150333, "2023_26_6": 0.04744698711631811, "2023_26_7": 1.6898426949888683, "2023_26_8": 3.036607175444359, "2023_26_9": 3.927150625935253, "2023_26_10": 0.22263586262272345, "2023_26_11": 0.2007372531844228, "2023_26_12": 0.8467462316142926, "2023_27_6": 2.9088652870542724, "2023_27_7": 20.486149129530272, "2023_31_600": 0.05839629183546845, "2023_32_1": 0.30658053213620934, "2023_32_4": 2.160662797912333, "2023_32_6": 9.076973612175626, "2023_32_7": 9.201065732325997, "2023_32_9": 15.639256907186393, "2023_38_1": 0.05839629183546845, "2023_38_4": 1.3540640169349245, "2023_38_6": 25.81481075951677}