{"2023_38_6": 5.943536404160477, "2023_38_8": 0.14408573100995095, "2023_38_9": 3.0348057093970917, "2023_38_9_1": 0.14858841010401191, "2023_44_1": 12.751587194380656, "2023_44_9_2": 0.009005358188121934, "2023_44_25": 0.004502679094060967, "2023_44_30_1": 0.14858841010401191, "2023_44_30_2": 0.40974379755954793, "2023_44_30_3": 0.009005358188121934, "2023_44_30_4": 0.26115538745553607, "2023_44_30_5_1": 4.538700526813454, "2023_44_30_6": 0.8735197442478274, "2023_44_30_7": 0.7879688414606691, "2023_44_30_8": 21.878517718042236, "2023_44_30_9": 5.659867621234635, "2023_44_30_10": 0.004502679094060967, "2023_44_30_12": 0.0135080372821829, "2023_44_30_13": 0.3737223648070602, "2023_44_30_14": 12.562474672430096, "2023_44_30_20": 0.32869557386645054, "2024_2_2": 0.08104822369309739, "2024_2_2_1": 7.222297266873791, "2024_2_3": 2.183799360619569, "2024_2_6": 6.704489171056779, "2024_2_7": 13.922283758836507}