{"2023_2_12": 0.1078194793859424, "2023_2_301": 0.010268521846280229, "2023_6_11": 0.020537043692560458, "2023_7_10": 0.8317502695486987, "2023_7_15": 0.6879909637007753, "2023_7_20": 25.399188786774147, "2023_7_26": 0.3388612209272476, "2023_7_30": 1.7610514966370592, "2023_12_1": 0.0051342609231401146, "2023_12_1_1": 0.0359398264619808, "2023_12_5": 0.11808800123222264, "2023_12_5_4": 0.020537043692560458, "2023_12_9": 0.10268521846280229, "2023_12_9_1": 0.030805565538840684, "2023_12_10": 0.10268521846280229, "2023_12_11": 0.133490784001643, "2023_20_4_1": 0.15402782769420342, "2023_20_7": 0.37480104738922837, "2023_20_8": 0.34912974277352776, "2023_20_9": 9.303280792729888, "2023_26_1": 0.5288288750834319, "2023_26_3": 0.020537043692560458, "2023_26_6": 0.21050469784874465, "2023_26_7": 15.644093032807929, "2023_26_8": 40.39636494326642, "2023_26_9": 1.6275607126354164, "2023_26_10": 1.4375930584792318, "2023_26_11": 0.24644452431072547}