{"2022_40_4": 0.010897400969868687, "2022_40_4_1": 0.08173050727401517, "2022_40_4_2": 0.06538440581921212, "2022_44_2": 0.1253201111534899, "2022_44_25_1": 0.07083310630414648, "2022_44_25_2": 0.16890971503296465, "2022_44_25_3": 0.7355745654661363, "2022_44_25_5": 1.4820465319021416, "2022_44_30": 0.5503187489783686, "2022_44_30_1": 0.06538440581921212, "2022_44_30_2": 0.11442271018362123, "2022_44_30_5": 2.1794801939737374, "2022_44_30_10": 22.623004413447394, "2022_45_10": 0.01634610145480303, "2022_45_11": 0.4685882417043536, "2022_45_12": 6.641965891134966, "2023_2_0_5": 0.05993570533427778, "2023_2_10": 1.187816705715687, "2023_2_11": 0.17980711600283333, "2023_2_12": 30.610799324361142, "2023_2_13": 0.021794801939737374, "2023_2_201": 0.027243502424671717, "2023_2_301": 0.11442271018362123, "2023_6_1": 0.66474145916199, "2023_6_8": 28.99253528033564, "2023_6_9": 2.740696343921975}