{"2023_44_1": 12.372873412382244, "2023_44_30_1": 0.12654075080845478, "2023_44_30_2": 0.3889956413741387, "2023_44_30_3": 0.009373388948774429, "2023_44_30_4": 0.24839480714252232, "2023_44_30_5_1": 4.22271172142288, "2023_44_30_6": 0.8154848385433754, "2023_44_30_7": 0.7404977269531798, "2023_44_30_8": 19.112340066551056, "2023_44_30_9": 4.264891971692364, "2023_44_30_10": 0.004686694474387214, "2023_44_30_12": 0.01406008342316164, "2023_44_30_13": 0.3889956413741387, "2023_44_30_14": 12.939963443783098, "2023_44_30_16": 0.0328068613207105, "2023_44_30_20": 0.131227445282842, "2023_44_30_25": 0.94202558935183, "2024_2_2": 0.07967380606458264, "2024_2_2_1": 4.766368280451797, "2024_2_3": 1.22791395228945, "2024_2_6": 1.9356048179219196, "2024_2_7": 32.15541078877067, "2024_2_7_1": 0.004686694474387214, "2024_2_8": 2.4745746824764487, "2024_8_3": 0.5998968927215634}