{"2022_44_25_5": 0.0346740638002774, "2022_44_30": 0.11558021266759133, "2022_44_30_2": 0.0173370319001387, "2022_44_30_5": 0.0173370319001387, "2022_44_30_10": 0.14447526583448916, "2022_45_11": 0.0173370319001387, "2022_45_12": 0.09246417013407307, "2022_45_13": 0.21960240406842352, "2022_45_15": 26.47942672214517, "2023_2_0_5": 0.005779010633379567, "2023_2_10": 0.10980120203421176, "2023_2_11": 0.005779010633379567, "2023_2_12": 1.092233009708738, "2023_2_13": 0.011558021266759134, "2023_2_301": 0.011558021266759134, "2023_6_8": 0.14447526583448916, "2023_6_9": 0.005779010633379567, "2023_6_11": 0.26005547850208055, "2023_6_11_2": 0.005779010633379567, "2023_7_5": 0.5143319463707815, "2023_7_10": 4.548081368469719, "2023_12_1": 0.14447526583448916, "2023_12_1_1": 0.3525196486361536, "2023_12_5": 32.00993989828942, "2023_12_5_3": 0.15025427646786876, "2023_12_5_4": 0.6241331484049932, "2023_12_8": 0.15025427646786876, "2023_12_9": 31.218215441516424, "2023_12_9_1": 0.005779010633379567, "2023_12_10": 1.4909847434119283}