{"2024_3_25": 0.8418075291265407, "2024_8_7": 0.06734460233012324, "2024_8_9": 0.2020338069903698, "2024_14_3": 0.02020338069903698, "2024_14_6": 0.16836150582530815, "2024_14_7": 0.05387568186409861, "2024_14_8": 0.24244056838844374, "2024_14_9": 12.606909556199074, "2024_14_11": 0.006734460233012326, "2024_15_15": 4.7814667654387515, "2024_20_1": 1.9731968482726114, "2024_20_3": 1.2660785238063172, "2024_20_6": 0.1818304262913328, "2024_20_6_1": 0.013468920466024652, "2024_20_6_2": 1.905852245942488, "2024_20_7": 10.169034951848612, "2024_20_8": 0.07407906256313558, "2024_20_9": 28.251060677486706, "2024_20_9_1": 0.02020338069903698, "2024_20_10": 0.3165196309515793, "2024_20_15": 0.5387568186409859, "2024_21_5": 2.047275910835747, "2024_26_1": 0.04040676139807396, "2024_26_3_1": 5.515522930837094, "2024_26_4": 0.04714122163108628, "2024_26_6": 6.364064920196648, "2024_26_7": 18.84301973196849, "2024_26_10": 3.4413091790692985}