{"2023_7_20": 2.4959455717732686, "2023_7_26": 0.03955539733396622, "2023_7_30": 20.841738855266804, "2023_12_1_1": 0.027688778133776355, "2023_12_5": 0.05537755626755271, "2023_12_9": 0.05537755626755271, "2023_12_9_1": 0.01977769866698311, "2023_12_10": 0.07911079466793244, "2023_12_11": 0.06328863573434595, "2023_20_4_1": 0.09493295360151892, "2023_20_7": 0.10284403306831218, "2023_20_8": 0.16217712906926152, "2023_20_9": 3.528341442189787, "2023_26_1": 0.20568806613662435, "2023_26_3": 0.011866619200189865, "2023_26_6": 0.06724417546774257, "2023_26_7": 2.9231438629801034, "2023_26_8": 6.226019540366283, "2023_26_9": 8.5479213638701, "2023_26_10": 0.8464855029468772, "2023_26_11": 0.6803528341442189, "2023_26_12": 0.2650211621375737, "2023_27_6": 3.8962066373956725, "2023_32_1": 0.7515525493453582, "2023_32_4": 7.321704046517147, "2023_32_6": 39.52375301609904, "2023_32_7": 1.1668842213520036}