{"2024_2_7": 0.348984771573604, "2024_2_8": 0.012690355329949237, "2024_3_6": 0.1269035532994924, "2024_3_10": 0.5203045685279187, "2024_3_15": 2.9505076142131976, "2024_3_20": 0.1903553299492386, "2024_3_25": 10.98984771573604, "2024_8_3": 0.006345177664974618, "2024_8_4": 0.057106598984771564, "2024_8_7": 0.2347715736040609, "2024_8_8": 0.012690355329949237, "2024_8_9": 5.983502538071066, "2024_8_12": 0.044416243654822336, "2024_9_5": 0.006345177664974618, "2024_14_3": 0.31091370558375636, "2024_14_5": 0.0317258883248731, "2024_14_6": 2.519035532994924, "2024_14_7": 1.0913705583756346, "2024_14_8": 3.2804568527918776, "2024_14_9": 29.35279187817259, "2024_14_11": 0.08248730964467005, "2024_15_5": 0.0317258883248731, "2024_20_1": 15.488578680203045, "2024_20_3": 16.395939086294415, "2024_20_6": 3.8642131979695433, "2024_20_6_1": 0.025380710659898473, "2024_20_6_2": 6.040609137055838}