{"2023_6_8": 0.051079044821861826, "2023_6_11": 0.0638488060273273, "2023_7_5": 0.017026348273953947, "2023_7_10": 2.7369854850380966, "2023_7_15": 1.3748776231217812, "2023_7_20": 24.015664240412036, "2023_7_25": 0.004256587068488487, "2023_7_26": 0.3107308559996595, "2023_12_1": 0.012769761205465456, "2023_12_1_1": 0.07236198016430426, "2023_12_5": 1.847358787724003, "2023_12_5_4": 0.22985570169837827, "2023_12_8": 0.004256587068488487, "2023_12_9": 3.311624739284042, "2023_12_9_1": 0.7789554335333929, "2023_12_10": 0.5193036223555954, "2023_12_11": 1.4514961903545738, "2023_20_4_1": 6.201847358787725, "2023_20_6": 0.10641467671221216, "2023_20_7": 4.89081854169327, "2023_20_8": 2.9838675350104285, "2023_20_9": 34.09526241859277, "2023_26_1": 1.48980547397097, "2023_26_3": 0.07236198016430426, "2023_26_6": 1.2940024688204999, "2023_26_7": 12.063167752096371}