{"2023_26_9": 0.07048872180451128, "2023_26_12": 0.7236842105263158, "2023_27_6": 0.07048872180451128, "2023_27_7": 9.205827067669173, "2023_27_12": 3.5808270676691736, "2023_32_4": 0.09398496240601505, "2023_32_6": 0.1174812030075188, "2023_32_7": 0.18327067669172936, "2023_32_9": 1.2265037593984962, "2023_38_1": 0.0046992481203007525, "2023_38_4": 0.014097744360902257, "2023_38_6": 7.612781954887218, "2023_38_8": 0.18327067669172936, "2023_38_9": 4.257518796992481, "2023_38_9_1": 0.512218045112782, "2023_44_1": 21.14661654135338, "2023_44_25": 0.0046992481203007525, "2023_44_30_1": 0.46522556390977443, "2023_44_30_2": 1.2218045112781957, "2023_44_30_3": 0.01879699248120301, "2023_44_30_4": 1.0385338345864663, "2023_44_30_5_1": 37.152255639097746, "2023_44_30_6": 6.583646616541354, "2023_44_30_7": 4.497180451127821, "2023_44_30_10": 0.014097744360902257}