{"2023_12_9": 0.04928909952606635, "2023_12_9_1": 0.011374407582938388, "2023_12_10": 0.05308056872037915, "2023_12_11": 0.05308056872037915, "2023_20_4_1": 0.08341232227488152, "2023_20_7": 0.06066350710900473, "2023_20_8": 0.10995260663507109, "2023_20_9": 2.7260663507109, "2023_26_1": 0.15924170616113742, "2023_26_3": 0.011374407582938388, "2023_26_6": 0.05308056872037915, "2023_26_7": 1.914691943127962, "2023_26_8": 3.541232227488152, "2023_26_9": 4.4511848341232225, "2023_26_10": 0.27298578199052126, "2023_26_11": 0.23507109004739335, "2023_26_12": 0.8265402843601894, "2023_27_6": 4.621800947867299, "2023_27_7": 18.248341232227485, "2023_32_1": 0.34123222748815163, "2023_32_4": 2.790521327014218, "2023_32_6": 12.655924170616112, "2023_32_7": 18.646445497630328, "2023_32_9": 23.139336492890994, "2023_38_1": 0.10995260663507109, "2023_38_4": 4.834123222748814}