{"2023_44_30_13": 0.01363977357975858, "2023_44_30_14": 0.46375230171179177, "2023_44_30_25": 0.07501875468867218, "2023_44_30_30": 0.15685739616722363, "2024_2_6": 0.04091932073927573, "2024_2_7": 0.4364727545522746, "2024_2_8": 0.00681988678987929, "2024_2_12": 0.00681988678987929, "2024_3_6": 0.15685739616722363, "2024_3_10": 0.634249471458774, "2024_3_15": 3.628179772215782, "2024_3_20": 0.28643524517493013, "2024_3_25": 21.8986564823024, "2024_8_3": 0.00681988678987929, "2024_8_4": 0.07501875468867218, "2024_8_7": 0.259155698015413, "2024_8_8": 0.01363977357975858, "2024_8_9": 7.808770374411786, "2024_8_12": 0.047739207529155024, "2024_9_5": 0.00681988678987929, "2024_14_3": 0.41601309418263666, "2024_14_5": 0.047739207529155024, "2024_14_6": 4.589783809588761, "2024_14_7": 2.3528609425083546, "2024_14_8": 6.403873695696652, "2024_14_9": 27.0681306690309, "2024_14_11": 0.10229830184818935, "2024_15_5": 0.03409943394939644, "2024_20_1": 22.962558821523565}