{"2022_45_12": 0.029518842861359827, "2022_45_13": 0.04427826429203975, "2022_45_15": 0.910164321558595, "2023_2_10": 0.01967922857423989, "2023_2_12": 0.14267440716323918, "2023_2_301": 0.009839614287119944, "2023_6_8": 0.034438650004919795, "2023_6_11": 0.09347633572763947, "2023_7_5": 0.029518842861359827, "2023_7_10": 5.0034438650004915, "2023_7_15": 2.8928466004132636, "2023_7_20": 21.809505067401354, "2023_12_1": 0.009839614287119944, "2023_12_1_1": 0.04427826429203975, "2023_12_5": 3.0601200432943023, "2023_12_5_4": 0.3935845714847977, "2023_12_8": 0.004919807143559972, "2023_12_9": 5.6036603365148085, "2023_12_9_1": 1.6382957788054708, "2023_12_10": 0.865886057266555, "2023_12_11": 3.7242940076748985, "2023_20_4_1": 33.91715044770245, "2023_20_6": 1.1217160287316734, "2023_20_7": 18.591951195513133, "2023_26": 0.004919807143559972}