{"2023_38_6": 5.9416636658264315, "2023_38_8": 0.14404033129276198, "2023_38_9": 3.0338494778537988, "2023_38_9_1": 0.14404033129276198, "2023_44_1": 12.747569319409436, "2023_44_9_2": 0.009002520705797623, "2023_44_25": 0.004501260352898812, "2023_44_30_1": 0.14854159164566078, "2023_44_30_2": 0.40961469211379187, "2023_44_30_3": 0.009002520705797623, "2023_44_30_4": 0.2610731004681311, "2023_44_30_5_1": 4.537270435722003, "2023_44_30_6": 0.8687432481094706, "2023_44_30_7": 0.787720561757292, "2023_44_30_8": 21.826611451206336, "2023_44_30_9": 5.653583003240907, "2023_44_30_10": 0.004501260352898812, "2023_44_30_12": 0.013503781058696434, "2023_44_30_13": 0.3736046092906014, "2023_44_30_14": 12.581022686352178, "2023_44_30_20": 0.32859200576161324, "2024_2_2": 0.08102268635217862, "2024_2_2_1": 7.211019085343897, "2024_2_3": 2.1831112711559233, "2024_2_6": 6.706877925819228, "2024_2_7": 13.989917176809508}