{"2022_45_12": 0.0325626831650928, "2022_45_13": 0.03721449504582034, "2022_45_15": 0.7163790296320417, "2023_2_10": 0.013955435642182629, "2023_2_12": 0.18607247522910175, "2023_6_8": 0.04186630692654789, "2023_6_9": 0.004651811880727543, "2023_6_11": 0.08373261385309579, "2023_7_5": 0.02325905940363772, "2023_7_10": 3.9493882867376846, "2023_7_15": 2.2003070195841277, "2023_7_20": 23.02646880960134, "2023_7_25": 0.01860724752291017, "2023_12_1": 0.009303623761455085, "2023_12_1_1": 0.0651253663301856, "2023_12_5": 2.5166302274736005, "2023_12_5_4": 0.33493045541238314, "2023_12_8": 0.004651811880727543, "2023_12_9": 4.507605712424988, "2023_12_9_1": 1.2187747127506163, "2023_12_10": 0.6559054751825836, "2023_12_11": 2.698050890821975, "2023_20_4_1": 14.46248313718193, "2023_20_6": 0.29306414848583523, "2023_20_7": 24.905800809415265, "2023_20_8": 17.98855654277341, "2023_26": 0.004651811880727543}