{"2024_3_6": 0.12784454103809767, "2024_3_10": 0.5305548453081054, "2024_3_15": 2.98517003323958, "2024_3_20": 0.1917668115571465, "2024_3_25": 11.231142930196878, "2024_8_3": 0.006392227051904883, "2024_8_4": 0.06392227051904883, "2024_8_7": 0.23651240092048068, "2024_8_8": 0.012784454103809765, "2024_8_9": 6.085400153413448, "2024_8_12": 0.04474558936333418, "2024_9_5": 0.006392227051904883, "2024_14_3": 0.326003579647149, "2024_14_5": 0.038353362311429294, "2024_14_6": 2.5504985937100484, "2024_14_7": 1.1058552799795447, "2024_14_8": 3.317565839938634, "2024_14_9": 29.480951163385317, "2024_14_11": 0.08309895167476347, "2024_15_5": 0.03196113525952442, "2024_20_1": 16.74763487599079, "2024_20_3": 20.717207875223725, "2024_20_6": 3.5349015597033997, "2024_20_6_1": 0.012784454103809765, "2024_20_6_2": 0.5305548453081054}