{"2024_27_25": 2.867799926623456, "2024_32": 0.03057355998532469, "2024_32_3": 5.062981533569768, "2024_32_4_1": 0.22012963189433776, "2024_32_4_2": 0.024458847988259747, "2024_32_5_3": 0.018344135991194815, "2024_32_5_4": 0.024458847988259747, "2024_32_6": 2.4030818148465203, "2024_32_7": 7.35599853246912, "2024_32_9": 0.03668827198238963, "2024_32_9_1": 0.012229423994129874, "2024_32_10": 15.82487464840406, "2024_32_20": 0.0794912559618442, "2024_32_20_1": 0.20790020790020786, "2024_33_5": 18.338021279197747, "2024_33_15": 0.4035709918062859, "2024_33_25": 0.20178549590314296, "2024_33_30": 0.012229423994129874, "2024_33_35": 7.832946068240185, "2024_33_40": 0.6359300476947536, "2024_38": 0.006114711997064937, "2024_38_2": 1.4981044392809097, "2024_38_4": 0.15286779992662344, "2024_38_6": 1.6815457991928577, "2024_38_7": 5.637764461293872, "2024_39_5": 1.186254127430598, "2024_44_1": 0.21401491989727275, "2024_44_3": 0.9172067995597407, "2024_44_3_1": 24.892992540051363, "2024_44_4": 0.1589825119236884, "2024_44_25_2": 2.060657943010884}