{"2023_44_30_25": 0.07903055848261328, "2023_44_30_30": 0.1712328767123288, "2024_2_6": 0.03951527924130664, "2024_2_7": 0.4017386722866175, "2024_2_8": 0.013171759747102215, "2024_3_6": 0.14488935721812435, "2024_3_10": 0.5466280295047419, "2024_3_15": 3.2468387776606953, "2024_3_20": 0.22391991570073766, "2024_3_25": 13.178345626975766, "2024_8_3": 0.0065858798735511075, "2024_8_4": 0.05927291886195997, "2024_8_7": 0.23709167544783988, "2024_8_8": 0.013171759747102215, "2024_8_9": 6.875658587987356, "2024_8_12": 0.04610115911485775, "2024_9_5": 0.0065858798735511075, "2024_14_3": 0.3556375131717598, "2024_14_5": 0.03951527924130664, "2024_14_6": 3.148050579557429, "2024_14_7": 1.4093782929399368, "2024_14_8": 4.1293466807165435, "2024_14_9": 29.23472075869336, "2024_14_11": 0.11195995785036883, "2024_15_5": 0.03292939936775554, "2024_20_1": 36.01159114857745, "2024_20_3": 0.23709167544783988}