{"2023_26_12": 0.7165456914200633, "2023_27_6": 0.060487623301693653, "2023_27_7": 8.747440908244927, "2023_27_12": 3.354736646193932, "2023_32_4": 0.08840498790247533, "2023_32_6": 0.11166945840312675, "2023_32_7": 0.1675041876046901, "2023_32_9": 1.2004466778336123, "2023_38_1": 0.00465289410013028, "2023_38_4": 0.013958682300390844, "2023_38_6": 7.356225572305974, "2023_38_8": 0.17680997580495067, "2023_38_9": 4.0852410199143865, "2023_38_9_1": 0.35361995160990134, "2023_44_1": 19.835287548855387, "2023_44_25": 0.00465289410013028, "2023_44_30_1": 0.3861902103108133, "2023_44_30_2": 1.0329424902289224, "2023_44_30_3": 0.01861157640052112, "2023_44_30_4": 0.8514796203238414, "2023_44_30_5_1": 33.15187046342826, "2023_44_30_6": 5.527638190954773, "2023_44_30_7": 11.357714498418016, "2023_44_30_8": 1.3819095477386933, "2023_44_30_10": 0.013958682300390844}