{"2022_45_13": 0.037095427988500414, "2022_45_15": 0.7140869887786329, "2023_2_10": 0.013910785495687656, "2023_2_12": 0.19475099693962716, "2023_6_8": 0.04636928498562551, "2023_6_9": 0.004636928498562552, "2023_6_11": 0.08810164147268848, "2023_7_5": 0.023184642492812754, "2023_7_10": 3.9042937957896684, "2023_7_15": 2.170082537327274, "2023_7_20": 23.064082351850136, "2023_7_25": 0.018547713994250207, "2023_12_1": 0.009273856997125103, "2023_12_1_1": 0.06955392747843829, "2023_12_5": 2.499304460725215, "2023_12_5_4": 0.3292219233979412, "2023_12_8": 0.004636928498562552, "2023_12_9": 4.456088287118612, "2023_12_9_1": 1.210238338124826, "2023_12_10": 0.6584438467958824, "2023_12_11": 2.680144672169155, "2023_20_4_1": 14.175090420105722, "2023_20_6": 0.28285263841231567, "2023_20_7": 24.274320689974953, "2023_20_8": 19.067049986089213, "2023_26": 0.004636928498562552}