{"2022_45_15": 0.06954102920723229, "2023_2_12": 0.09437711106695809, "2023_6_11": 0.01986886548778065, "2023_7_10": 0.3576395787800517, "2023_7_15": 0.31293463143254524, "2023_7_20": 8.15120206636201, "2023_7_26": 0.12418040929862907, "2023_7_30": 19.699980131134517, "2023_12_1": 0.004967216371945162, "2023_12_1_1": 0.029803298231670973, "2023_12_5": 0.08940989469501293, "2023_12_5_4": 0.014901649115835486, "2023_12_9": 0.08444267832306777, "2023_12_9_1": 0.029803298231670973, "2023_12_10": 0.09437711106695809, "2023_12_11": 0.10431154381084842, "2023_20_4_1": 0.13908205841446458, "2023_20_7": 0.2831313332008743, "2023_20_8": 0.2831313332008743, "2023_20_9": 7.93761176236837, "2023_26_1": 0.45698390621895496, "2023_26_3": 0.01986886548778065, "2023_26_6": 0.17881978939002585, "2023_26_7": 11.230876216968012, "2023_26_8": 30.617921716669986, "2023_26_9": 16.91337174647328, "2023_26_10": 1.370951718656865, "2023_26_11": 1.286509040333797}