{"2024_8_7": 0.06537229522128522, "2024_8_9": 0.21572857423024122, "2024_14_3": 0.019611688566385566, "2024_14_6": 0.16343073805321306, "2024_14_7": 0.04576060665489966, "2024_14_8": 0.2288030332744983, "2024_14_9": 11.525135647512585, "2024_14_11": 0.006537229522128523, "2024_15_15": 4.791789239720207, "2024_20_1": 1.804275348107472, "2024_20_3": 1.1505523958946198, "2024_20_6": 0.15689350853108452, "2024_20_6_1": 0.013074459044257046, "2024_20_6_2": 1.6146956919657451, "2024_20_7": 8.256520886448323, "2024_20_8": 0.06537229522128522, "2024_20_9": 24.821860495522, "2024_20_9_1": 0.026148918088514092, "2024_20_10": 0.2941753284957835, "2024_20_15": 0.4576060665489966, "2024_21_5": 0.9217493626201216, "2024_26_1": 0.03268614761064261, "2024_26_3_1": 3.9484866313656273, "2024_26_4": 0.019611688566385566, "2024_26_6": 2.353402627966268, "2024_26_7": 31.430999542393934, "2024_26_10": 5.386677126233903, "2024_26_20": 0.18304242661959863}