{"2022_44_30": 0.035108250438853135, "2022_44_30_2": 0.011702750146284377, "2022_44_30_5": 0.011702750146284377, "2022_44_30_10": 0.09362200117027501, "2022_45_12": 0.058513750731421885, "2022_45_13": 0.12287887653598596, "2022_45_15": 2.0245757753071976, "2023_2_10": 0.07021650087770627, "2023_2_12": 0.35108250438853134, "2023_2_301": 0.011702750146284377, "2023_6_8": 0.07606787595084846, "2023_6_9": 0.005851375073142188, "2023_6_11": 0.7957870099473378, "2023_7_5": 0.046811000585137506, "2023_7_10": 29.68987712112347, "2023_7_15": 0.310122878876536, "2023_12_1": 0.046811000585137506, "2023_12_1_1": 0.15798712697483908, "2023_12_5": 15.67583382094792, "2023_12_5_3": 0.005851375073142188, "2023_12_5_4": 0.7080163838502049, "2023_12_8": 0.005851375073142188, "2023_12_9": 29.291983616149796, "2023_12_9_1": 16.050321825629023, "2023_12_10": 2.252779403159743, "2023_12_11": 0.8133411351667643, "2023_20_4_1": 1.2755997659449974}