{"2023_2_12": 0.24688092404003, "2023_6_8": 0.052903055151435, "2023_6_11": 0.07053740686858001, "2023_7_5": 0.022042939646431253, "2023_7_10": 3.143323193581096, "2023_7_15": 1.6620376493409164, "2023_7_20": 23.69175153198431, "2023_7_25": 0.004408587929286251, "2023_7_26": 0.28214962747432004, "2023_12_1": 0.008817175858572501, "2023_12_1_1": 0.07053740686858001, "2023_12_5": 2.133756557774545, "2023_12_5_4": 0.26892386368646126, "2023_12_8": 0.004408587929286251, "2023_12_9": 3.782568443327603, "2023_12_9_1": 0.9081691134329675, "2023_12_10": 0.5422563153022087, "2023_12_11": 2.076444914693824, "2023_20_4_1": 7.507825243574484, "2023_20_6": 0.13666622580787377, "2023_20_7": 6.427721200899353, "2023_20_8": 4.3953621654983905, "2023_20_9": 36.582462637217304, "2023_26_1": 5.836970418374995, "2023_26_3": 0.14107481373716002}