{"2023_7_15": 0.09158967824147818, "2023_7_20": 2.584421790379101, "2023_7_26": 0.04380375915896782, "2023_7_30": 22.39566741000319, "2023_12_1_1": 0.027875119464797704, "2023_12_5": 0.067696718700223, "2023_12_9": 0.05575023892959541, "2023_12_9_1": 0.019910799617712648, "2023_12_10": 0.07964319847085059, "2023_12_11": 0.067696718700223, "2023_20_4_1": 0.09557183816502071, "2023_20_7": 0.10353615801210576, "2023_20_8": 0.17123287671232876, "2023_20_9": 3.6317298502707867, "2023_26_1": 0.21105447594775406, "2023_26_3": 0.011946479770627589, "2023_26_6": 0.067696718700223, "2023_26_7": 3.03838802166295, "2023_26_8": 6.570563873845174, "2023_26_9": 9.107199745141765, "2023_26_10": 0.8482000637145588, "2023_26_11": 0.7128066263141127, "2023_26_12": 0.25087607518317934, "2023_27_6": 2.2300095571838168, "2023_32_1": 0.8521822236381013, "2023_32_4": 7.816979929913985, "2023_32_6": 37.862376553042374, "2023_32_7": 0.9835935011150049}