{"2023_26_12": 0.2888368462138954, "2023_32_6": 0.0156128024980484, "2023_38_9": 0.0156128024980484, "2023_44_1": 0.0156128024980484, "2023_44_30_8": 0.09367681498829039, "2023_44_30_9": 0.023419203747072598, "2023_44_30_13": 0.0156128024980484, "2023_44_30_14": 0.6167056986729117, "2023_44_30_20": 0.0078064012490242, "2023_44_30_25": 0.09367681498829039, "2023_44_30_30": 0.19516003122560496, "2024_2_6": 0.023419203747072598, "2024_2_7": 0.5932864949258391, "2024_2_8": 0.023419203747072598, "2024_2_12": 0.0078064012490242, "2024_3_6": 0.29664324746291953, "2024_3_10": 1.061670569867291, "2024_3_15": 5.878220140515222, "2024_3_20": 0.6088992974238876, "2024_3_25": 40.1327088212334, "2024_8_4": 0.13270882123341138, "2024_8_7": 0.37470725995316156, "2024_8_8": 0.0156128024980484, "2024_8_9": 22.060889929742387, "2024_8_12": 0.0702576112412178, "2024_9_5": 0.0156128024980484, "2024_14_3": 1.2256049960967992, "2024_14_5": 0.0624512099921936, "2024_14_6": 15.128805620608901, "2024_14_7": 7.5722092115534725, "2024_14_8": 3.3333333333333326}