{"2024_32_20": 0.10974168495694753, "2024_32_20_1": 0.2701333783555631, "2024_33_5": 18.824919804153303, "2024_33_15": 0.5233834205639035, "2024_33_25": 0.21948336991389505, "2024_33_30": 0.016883336147222695, "2024_33_35": 7.411784568630764, "2024_33_40": 0.9285834880972482, "2024_38": 0.008441668073611347, "2024_38_2": 1.8740503123417191, "2024_38_4": 0.21104170184028367, "2024_38_6": 2.076650346108391, "2024_38_7": 5.715009285834882, "2024_39_5": 1.1311835218639206, "2024_39_15": 0.22792503798750638, "2024_44_1": 0.2532500422083404, "2024_44_3": 0.9285834880972482, "2024_44_3_1": 23.560695593449267, "2024_44_4": 0.7597501266250213, "2024_44_25_2": 14.646294107715688, "2024_44_25_3": 0.47273341212223546, "2024_44_25_4": 0.8610501435083573, "2024_45_25_5": 4.102650683775115, "2024_45_25_6": 1.0552085092014183, "2024_45_25_10": 0.18571669761944964, "2024_45_25_15": 1.7727502954583831, "2024_45_32": 4.237717372952897, "2024_45_32_1": 5.976700996116834, "2024_45_32_2": 1.6376836062806017}