{"2023_44_1": 12.436011834875309, "2023_44_30_1": 0.12680223547644764, "2023_44_30_2": 0.3897994646127835, "2023_44_30_3": 0.009392758183440566, "2023_44_30_4": 0.24890809186117502, "2023_44_30_5_1": 4.254919457098576, "2023_44_30_6": 0.8218663410510495, "2023_44_30_7": 0.7420278964918047, "2023_44_30_8": 19.250457896961443, "2023_44_30_9": 4.30188324801578, "2023_44_30_10": 0.004696379091720283, "2023_44_30_12": 0.01408913727516085, "2023_44_30_13": 0.38510308552106326, "2023_44_30_14": 13.084112149532709, "2023_44_30_16": 0.037571032733762263, "2023_44_30_20": 0.13149861456816792, "2023_44_30_25": 0.7514206546752453, "2024_2_2": 0.0798384445592448, "2024_2_2_1": 4.860752359930493, "2024_2_3": 1.258629596581036, "2024_2_6": 1.9818719767059596, "2024_2_7": 31.799182830038042, "2024_2_7_1": 0.004696379091720283, "2024_2_8": 2.451509885877988, "2024_8_3": 0.5729582491898746}