{"2023_44_1": 0.013047165503294409, "2023_44_30_5_1": 0.013047165503294409, "2023_44_30_8": 0.6327875269097789, "2023_44_30_9": 0.039141496509883224, "2023_44_30_13": 0.026094331006588818, "2023_44_30_14": 2.7529519211951206, "2023_44_30_16": 0.013047165503294409, "2023_44_30_20": 0.013047165503294409, "2023_44_30_25": 2.041881401265575, "2023_44_30_30": 0.43055646160871547, "2024_2_2_1": 0.0065235827516472045, "2024_2_3": 0.013047165503294409, "2024_2_6": 0.052188662013177636, "2024_2_7": 11.070519929545307, "2024_2_8": 0.795877095700959, "2024_2_12": 0.026094331006588818, "2024_2_13": 0.052188662013177636, "2024_3_6": 1.4286646226107378, "2024_3_10": 10.463826733642117, "2024_3_15": 16.628612433948724, "2024_3_20": 2.2767303803248744, "2024_3_25": 13.340726727118534, "2024_8_3": 0.08480657577141368, "2024_8_4": 1.9962163220040445, "2024_8_7": 6.340922434601083, "2024_8_8": 0.08480657577141368, "2024_8_9": 28.971231000065234, "2024_8_12": 0.27399047556918266, "2024_14_3": 0.11742448952964969}