{"2023_38_6": 6.831147301184845, "2023_38_8": 0.16090496855039252, "2023_38_9": 3.617923838314886, "2023_38_9_1": 0.19503632551562727, "2023_44_1": 15.900336437661517, "2023_44_9_1": 0.009751816275781365, "2023_44_9_2": 0.009751816275781365, "2023_44_25": 0.004875908137890682, "2023_44_30_1": 0.2194158662050807, "2023_44_30_2": 0.550977619581647, "2023_44_30_3": 0.009751816275781365, "2023_44_30_4": 0.38519674289336386, "2023_44_30_5_1": 6.294797406016869, "2023_44_30_6": 1.2579842995757962, "2023_44_30_7": 1.0970793310254034, "2023_44_30_8": 49.544102589107226, "2023_44_30_9": 13.579404164025549, "2023_44_30_10": 0.004875908137890682, "2023_44_30_12": 0.02925544882734409, "2023_44_30_13": 0.29743039641133157}