{"2022_45_15": 0.6853725850965963, "2023_2_10": 0.013799448022079117, "2023_2_12": 0.23919043238270474, "2023_6_8": 0.050597976080956765, "2023_6_9": 0.004599816007359706, "2023_6_11": 0.09659613615455383, "2023_7_5": 0.022999080036798528, "2023_7_10": 3.75344986200552, "2023_7_15": 2.088316467341307, "2023_7_20": 23.247470101195955, "2023_7_25": 0.018399264029438825, "2023_12_1": 0.018399264029438825, "2023_12_1_1": 0.0735970561177553, "2023_12_5": 2.548298068077277, "2023_12_5_4": 0.3265869365225391, "2023_12_8": 0.004599816007359706, "2023_12_9": 4.3744250229990795, "2023_12_9_1": 1.1453541858325669, "2023_12_10": 0.62557497700092, "2023_12_11": 2.5114995400183995, "2023_20_4_1": 13.12327506899724, "2023_20_6": 0.2575896964121435, "2023_20_7": 21.757129714811406, "2023_20_8": 22.989880404783815, "2023_20_9": 0.018399264029438825, "2023_26": 0.004599816007359706}