{"2023_12_9": 0.04942777841146725, "2023_12_9_1": 0.011406410402646287, "2023_12_10": 0.053229915212349335, "2023_12_11": 0.053229915212349335, "2023_20_4_1": 0.0836470096194061, "2023_20_7": 0.06083418881411354, "2023_20_8": 0.11026196722558079, "2023_20_9": 2.7337363598342272, "2023_26_1": 0.15968974563704805, "2023_26_3": 0.011406410402646287, "2023_26_6": 0.053229915212349335, "2023_26_7": 1.9352876316489867, "2023_26_8": 3.581612866430935, "2023_26_9": 4.5131363826470485, "2023_26_10": 0.2737538496635109, "2023_26_11": 0.24333675525645415, "2023_26_12": 0.8136572753887686, "2023_27_6": 4.82491160031938, "2023_27_7": 18.003117752176724, "2023_32_1": 0.3459944488802707, "2023_32_4": 2.836394053458043, "2023_32_6": 12.836013839777955, "2023_32_7": 19.113341698034294, "2023_32_9": 22.790007984487282, "2023_38_1": 0.16349188243793014, "2023_38_4": 4.345842363408235}