{"2024_27_10": 0.6186072150425675, "2024_27_25": 2.909291357873461, "2024_32": 0.030624119556562756, "2024_32_3": 5.1081031420346665, "2024_32_4_1": 0.22049366080725183, "2024_32_4_2": 0.0244992956452502, "2024_32_5_3": 0.01837447173393765, "2024_32_5_4": 0.0244992956452502, "2024_32_6": 2.456054388436333, "2024_32_7": 7.484534819623938, "2024_32_9": 0.042873767379187855, "2024_32_9_1": 0.0122496478226251, "2024_32_10": 16.32878054755926, "2024_32_20": 0.08574753475837571, "2024_32_20_1": 0.2143688368959393, "2024_33_5": 18.32547314264715, "2024_33_15": 0.40423837814662833, "2024_33_25": 0.2082440129846267, "2024_33_30": 0.0122496478226251, "2024_33_35": 8.170515097690942, "2024_33_40": 0.4287376737918786, "2024_38": 0.00612482391131255, "2024_38_2": 1.5434556256507628, "2024_38_4": 0.15312059778281378, "2024_38_6": 1.7639492864580146, "2024_38_7": 5.745084828811173, "2024_39_5": 1.1208427757701966, "2024_44_1": 0.22661848471856438, "2024_44_3": 1.010595945366571, "2024_44_3_1": 25.283273105898207, "2024_44_4": 0.01837447173393765}