{"2024_26_4": 0.017681381505274946, "2024_26_6": 0.5658042081687983, "2024_26_7": 7.461542995226027, "2024_26_8": 5.711086226203808, "2024_26_10": 1.4852360464430956, "2024_26_11": 0.23575175340366594, "2024_26_20": 1.343784994400896, "2024_27_5": 0.2652207225791242, "2024_27_10": 0.7779807862320977, "2024_27_25": 3.624683208581364, "2024_32": 0.029468969175458243, "2024_32_3": 6.129545588495314, "2024_32_4_1": 0.31237107325985736, "2024_32_4_2": 0.023575175340366593, "2024_32_5_3": 0.017681381505274946, "2024_32_5_4": 0.029468969175458243, "2024_32_6": 3.282843166146048, "2024_32_7": 15.630341250663054, "2024_32_9": 0.08251311369128309, "2024_32_9_1": 0.011787587670183296, "2024_32_10": 39.64165733482643, "2024_32_20": 0.10608828903164967, "2024_32_20_1": 0.38309659928095713, "2024_33_5": 0.5658042081687983, "2024_33_15": 0.854600106088289, "2024_33_25": 0.9371132197795722, "2024_38": 0.005893793835091648, "2024_38_2": 8.2572051629634, "2024_38_4": 1.2318029115341547, "2024_38_6": 0.9783697766252137}