{"2024_3_25": 0.831489304633541, "2024_8_7": 0.06705558908335008, "2024_8_9": 0.20787232615838525, "2024_14_3": 0.020116676725005025, "2024_14_6": 0.1609334138000402, "2024_14_7": 0.05364447126668007, "2024_14_8": 0.2414001207000603, "2024_14_9": 12.539395158586467, "2024_14_11": 0.006705558908335009, "2024_15_15": 4.78106350164286, "2024_20_1": 1.9781398779588275, "2024_20_3": 1.2740561925836518, "2024_20_6": 0.17434453161671024, "2024_20_6_1": 0.013411117816670018, "2024_20_6_2": 1.8909676121504724, "2024_20_7": 10.051632803594178, "2024_20_8": 0.0737611479916851, "2024_20_9": 28.176758532823705, "2024_20_9_1": 0.020116676725005025, "2024_20_10": 0.3084557097834104, "2024_20_15": 0.5163280359417955, "2024_21_5": 2.0384899081338426, "2024_26_1": 0.04023335345001005, "2024_26_3_1": 5.310802655401327, "2024_26_4": 0.04693891235834505, "2024_26_6": 6.330047609468248, "2024_26_7": 19.352243009454835, "2024_26_10": 3.4935961912425393}