{"2024_3_15": 0.1256281407035176, "2024_3_25": 0.9142936906756003, "2024_8_7": 0.055834729201563384, "2024_8_9": 0.2093802345058627, "2024_14_3": 0.02093802345058627, "2024_14_6": 0.18146286990508098, "2024_14_7": 0.048855388051367965, "2024_14_8": 0.2582356225572306, "2024_14_9": 13.958682300390846, "2024_14_11": 0.006979341150195423, "2024_15_15": 4.808766052484646, "2024_20_1": 2.1566164154103857, "2024_20_3": 1.4307649357900618, "2024_20_6": 0.20240089335566724, "2024_20_6_1": 0.013958682300390846, "2024_20_6_2": 2.1566164154103857, "2024_20_7": 14.565884980457847, "2024_20_8": 0.10469011725293136, "2024_20_9": 37.213847012841995, "2024_20_9_1": 0.02093802345058627, "2024_20_10": 0.4117811278615299, "2024_20_15": 0.6700167504187606, "2024_21_5": 4.208542713567841, "2024_26_1": 0.0628140703517588, "2024_26_3_1": 11.36236739251815, "2024_26_4": 0.08375209380234508, "2024_26_6": 3.8595756560580687, "2024_26_10": 0.8863763260748188}