{"2023_26_12": 0.7119212805513989, "2023_27_6": 0.05441436539246361, "2023_27_7": 7.903686573255339, "2023_27_12": 2.947444792091779, "2023_32_4": 0.08162154808869541, "2023_32_6": 0.09975966988618329, "2023_32_7": 0.14963950482927493, "2023_32_9": 1.1336326123429918, "2023_38_1": 0.004534530449371968, "2023_38_4": 0.013603591348115902, "2023_38_6": 6.824468326304811, "2023_38_8": 0.16777762662676282, "2023_38_9": 3.7047113771368974, "2023_38_9_1": 0.23126105291797036, "2023_44_1": 17.48968394322768, "2023_44_9_1": 0.004534530449371968, "2023_44_25": 0.004534530449371968, "2023_44_30_1": 0.28567541831043397, "2023_44_30_2": 0.7209903414501428, "2023_44_30_3": 0.013603591348115902, "2023_44_30_4": 0.49879834943091644, "2023_44_30_5_1": 10.089330249852628, "2023_44_30_6": 2.0496077631161294, "2023_44_30_7": 2.2083163288441483, "2023_44_30_8": 42.5928445109509, "2023_44_30_10": 0.004534530449371968, "2023_44_30_11": 0.009069060898743935}