{"2023_32_6": 0.015576323987538939, "2023_38_9": 0.015576323987538939, "2023_44_1": 0.015576323987538939, "2023_44_30_8": 0.08566978193146417, "2023_44_30_9": 0.023364485981308407, "2023_44_30_13": 0.015576323987538939, "2023_44_30_14": 0.6230529595015575, "2023_44_30_20": 0.0077881619937694695, "2023_44_30_25": 0.09345794392523363, "2023_44_30_30": 0.19470404984423673, "2024_2_6": 0.031152647975077878, "2024_2_7": 0.5919003115264797, "2024_2_8": 0.023364485981308407, "2024_2_12": 0.0077881619937694695, "2024_3_6": 0.2881619937694703, "2024_3_10": 1.0669781931464173, "2024_3_15": 5.825545171339563, "2024_3_20": 0.5919003115264797, "2024_3_25": 40.233644859813076, "2024_8_3": 0.0077881619937694695, "2024_8_4": 0.13239875389408098, "2024_8_7": 0.3738317757009345, "2024_8_8": 0.015576323987538939, "2024_8_9": 21.760124610591898, "2024_8_12": 0.07009345794392523, "2024_9_5": 0.015576323987538939, "2024_14_3": 1.2071651090342677, "2024_14_5": 0.062305295950155756, "2024_14_6": 14.485981308411212, "2024_14_7": 7.461059190031151, "2024_14_8": 4.657320872274143}