{"2023_44_1": 11.911574672327854, "2023_44_30_1": 0.12460771644821854, "2023_44_30_2": 0.3645929481262691, "2023_44_30_4": 0.23537013106885726, "2023_44_30_5_1": 3.9874469263429932, "2023_44_30_6": 0.7614916005168911, "2023_44_30_7": 0.710725493815765, "2023_44_30_8": 16.78973601624515, "2023_44_30_9": 3.8351486062396156, "2023_44_30_10": 0.004615100609193279, "2023_44_30_12": 0.013845301827579839, "2023_44_30_13": 0.3784382499538489, "2023_44_30_14": 9.871700203064426, "2023_44_30_16": 0.027690603655159678, "2023_44_30_20": 0.11537751522983199, "2023_44_30_25": 5.43197341702049, "2024_2_2": 0.07845671035628575, "2024_2_2_1": 4.3889606793428095, "2024_2_3": 1.0937788443788072, "2024_2_6": 1.6429758168728075, "2024_2_7": 28.00443049658482, "2024_2_7_1": 0.004615100609193279, "2024_2_8": 2.0398744692634296, "2024_8_3": 0.2769060365515968, "2024_8_4": 7.905667343548088}