{"2024_32_7": 7.7866666666666635, "2024_32_9": 0.03999999999999999, "2024_32_9_1": 0.013333333333333329, "2024_32_10": 15.506666666666662, "2024_32_20": 0.08666666666666663, "2024_32_20_1": 0.21333333333333326, "2024_33_5": 15.459999999999996, "2024_33_15": 0.4266666666666665, "2024_33_25": 0.18666666666666662, "2024_33_30": 0.013333333333333329, "2024_33_35": 6.039999999999998, "2024_33_40": 0.8266666666666663, "2024_38": 0.0066666666666666645, "2024_38_2": 1.5066666666666662, "2024_38_4": 0.1666666666666666, "2024_38_6": 1.693333333333333, "2024_38_7": 4.966666666666665, "2024_39_5": 0.9399999999999997, "2024_39_15": 0.38666666666666655, "2024_44_1": 0.21333333333333326, "2024_44_3": 0.7799999999999998, "2024_44_3_1": 19.199999999999992, "2024_44_4": 0.5466666666666665, "2024_44_25_2": 16.379999999999995, "2024_44_25_3": 2.153333333333333, "2024_44_25_4": 0.3999999999999999, "2024_45_25_5": 2.4333333333333327, "2024_45_25_6": 0.4599999999999999, "2024_45_32": 1.1666666666666663}