{"2023_12_9": 0.04847852028639618, "2023_12_9_1": 0.011187350835322196, "2023_12_10": 0.04102028639618138, "2023_12_11": 0.04847852028639618, "2023_20_4_1": 0.07458233890214798, "2023_20_7": 0.06339498806682578, "2023_20_8": 0.10814439140811458, "2023_20_9": 2.655131264916468, "2023_26_1": 0.15289379474940334, "2023_26_3": 0.011187350835322196, "2023_26_6": 0.05220763723150358, "2023_26_7": 1.8384546539379474, "2023_26_8": 3.341288782816229, "2023_26_9": 4.243735083532219, "2023_26_10": 0.2535799522673031, "2023_26_11": 0.21628878281622915, "2023_26_12": 0.8390513126491645, "2023_27_6": 3.6060560859188553, "2023_27_7": 19.529385441527445, "2023_31_600": 0.011187350835322196, "2023_32_1": 0.33934964200477324, "2023_32_4": 2.5134248210023866, "2023_32_6": 11.780280429594272, "2023_32_7": 16.74373508353222, "2023_32_9": 26.413335322195707, "2023_38_1": 0.11560262529832938, "2023_38_4": 4.948538186157518}