{"2022_44_25_2": 0.016372864705561315, "2022_44_25_3": 0.054576215685204384, "2022_44_25_5": 0.04911859411668394, "2022_44_30": 0.09277956666484745, "2022_44_30_2": 0.016372864705561315, "2022_44_30_5": 0.016372864705561315, "2022_44_30_10": 0.17464389019265403, "2022_45_11": 0.021830486274081753, "2022_45_12": 0.10369480980188833, "2022_45_13": 0.24559297058341975, "2022_45_15": 30.311630191562518, "2023_2_0_5": 0.010915243137040877, "2023_2_10": 0.14189816078153142, "2023_2_11": 0.005457621568520438, "2023_2_12": 1.3589477705615893, "2023_2_13": 0.016372864705561315, "2023_2_201": 0.005457621568520438, "2023_2_301": 0.010915243137040877, "2023_6_8": 0.3219996725427059, "2023_6_9": 0.021830486274081753, "2023_6_11": 0.4693554548927577, "2023_6_11_2": 0.005457621568520438, "2023_7_5": 0.9496261529225564, "2023_12_1": 0.5130164274409212, "2023_12_1_1": 3.3182339136604266, "2023_12_5": 35.56186214047917, "2023_12_5_3": 0.2674234568575015, "2023_12_5_4": 0.43660972548163507, "2023_12_8": 0.20193199803525622, "2023_12_9": 24.406483654423404, "2023_12_10": 0.8732194509632701}