{"2022_44_25_2": 0.014676385695416077, "2022_44_25_3": 0.16633237121471553, "2022_44_25_5": 0.06848979991194169, "2022_44_30": 0.16633237121471553, "2022_44_30_2": 0.02446064282569346, "2022_44_30_5": 0.15654811408443814, "2022_44_30_10": 1.144758084242454, "2022_45_11": 0.039137028521109535, "2022_45_12": 0.792524827552468, "2022_45_13": 1.2915219411966146, "2022_45_14": 0.02446064282569346, "2022_45_15": 28.43794334915122, "2023_2_0_5": 0.02446064282569346, "2023_2_10": 0.37180177095054057, "2023_2_11": 0.014676385695416077, "2023_2_12": 7.176752605058462, "2023_2_13": 0.019568514260554767, "2023_2_201": 0.004892128565138692, "2023_2_301": 0.04402915708624823, "2023_6_1": 0.04402915708624823, "2023_6_8": 7.201213247884156, "2023_6_9": 1.0566997700699574, "2023_6_11": 5.092705836309379, "2023_6_11_2": 0.039137028521109535, "2023_6_15": 0.004892128565138692, "2023_12_1": 5.621055721344357, "2023_12_1_1": 33.04632845751187, "2023_12_5": 7.910571889829265}