{"2024_3_6": 0.11374521072796934, "2024_3_10": 0.45498084291187735, "2024_3_15": 2.5981800766283527, "2024_3_20": 0.15565134099616856, "2024_3_25": 8.566810344827587, "2024_8_4": 0.041906130268199226, "2024_8_7": 0.2334770114942529, "2024_8_8": 0.011973180076628351, "2024_8_9": 4.97485632183908, "2024_8_12": 0.041906130268199226, "2024_9_5": 0.005986590038314176, "2024_14_3": 0.239463601532567, "2024_14_5": 0.029932950191570874, "2024_14_6": 1.9995210727969348, "2024_14_7": 0.7962164750957855, "2024_14_8": 2.4305555555555554, "2024_14_9": 26.45474137931034, "2024_14_11": 0.07782567049808428, "2024_15_10": 0.005986590038314176, "2024_15_15": 3.6637931034482754, "2024_20_1": 8.016044061302683, "2024_20_3": 4.022988505747127, "2024_20_6": 0.7243773946360154, "2024_20_6_1": 0.029932950191570874, "2024_20_6_2": 4.346264367816091, "2024_20_7": 22.216235632183906, "2024_20_8": 0.13769157088122605, "2024_20_9": 7.5969827586206895, "2024_20_9_1": 0.011973180076628351}