{"2023_26_12": 0.7190213838827154, "2023_27_6": 0.060696610327761684, "2023_27_7": 8.88971892800448, "2023_27_12": 3.4176860584555038, "2023_32_4": 0.09337940050424874, "2023_32_6": 0.11672425063031094, "2023_32_7": 0.16808292090764773, "2023_32_9": 1.2045942665048088, "2023_38_1": 0.004668970025212437, "2023_38_4": 0.014006910075637313, "2023_38_6": 7.400317489961712, "2023_38_8": 0.1774208609580726, "2023_38_9": 4.11803156223737, "2023_38_9_1": 0.5322625828742178, "2023_44_1": 20.244654029321133, "2023_44_25": 0.004668970025212437, "2023_44_30_1": 0.4155383322439069, "2023_44_30_2": 1.069194135773648, "2023_44_30_3": 0.018675880100849748, "2023_44_30_4": 0.9104491549164253, "2023_44_30_5_1": 33.355121860117656, "2023_44_30_6": 5.766177981137361, "2023_44_30_7": 10.906713978896253, "2023_44_30_8": 0.37818657204220746, "2023_44_30_10": 0.014006910075637313}