{"2023_38_6": 6.642384740726541, "2023_38_8": 0.1581520176363462, "2023_38_9": 3.4985143295312953, "2023_38_9_1": 0.19169941531678325, "2023_44_1": 15.283235886130548, "2023_44_9_1": 0.009584970765839165, "2023_44_9_2": 0.014377456148758745, "2023_44_25": 0.004792485382919582, "2023_44_30_1": 0.20607687146554204, "2023_44_30_2": 0.5127959359723953, "2023_44_30_3": 0.009584970765839165, "2023_44_30_4": 0.3594364037189686, "2023_44_30_5_1": 5.866002108693568, "2023_44_30_6": 1.2124988018786542, "2023_44_30_7": 1.0112144157960319, "2023_44_30_8": 38.56033739097096, "2023_44_30_9": 11.966836001150195, "2023_44_30_10": 0.004792485382919582, "2023_44_30_12": 0.02875491229751749, "2023_44_30_13": 0.3115115498897728, "2024_2_2": 0.23962426914597906, "2024_2_2_1": 13.907792581232625}