{"2023_2_10": 0.013877966415321274, "2023_2_12": 0.2405514178655688, "2023_6_8": 0.050885876856178014, "2023_6_11": 0.09714576490724894, "2023_7_5": 0.02312994402553546, "2023_7_10": 3.7655548873571725, "2023_7_15": 2.10019891751862, "2023_7_20": 23.40750335384189, "2023_7_25": 0.018503955220428366, "2023_12_1": 0.013877966415321274, "2023_12_1_1": 0.07401582088171346, "2023_12_5": 2.558171809224222, "2023_12_5_4": 0.32844520516260356, "2023_12_8": 0.004625988805107091, "2023_12_9": 4.394689364851737, "2023_12_9_1": 1.147245223666559, "2023_12_10": 0.6291344774945645, "2023_12_11": 2.502659943562937, "2023_20_4_1": 12.989776564740712, "2023_20_6": 0.2590553730859972, "2023_20_7": 21.54322986538373, "2023_20_8": 23.620298838876813, "2023_20_9": 0.06938983207660639, "2023_26": 0.004625988805107091, "2023_26_1": 0.14340565295831986}