{"2023_26_7": 0.014491353492416191, "2023_26_8": 0.07245676746208098, "2023_26_9": 0.07245676746208098, "2023_26_12": 0.7293981257849483, "2023_27_6": 0.07728721862621969, "2023_27_7": 10.800888803014203, "2023_27_12": 4.434354168679355, "2023_32_4": 0.09660902328277461, "2023_32_6": 0.11110037677519083, "2023_32_7": 0.1835571442372718, "2023_32_9": 1.3573567771229833, "2023_38_1": 0.004830451164138731, "2023_38_4": 0.014491353492416191, "2023_38_6": 8.496763597720028, "2023_38_8": 0.20770940005796543, "2023_38_9": 4.956042894406338, "2023_38_9_1": 0.4540624094290407, "2023_44_1": 25.38885131871317, "2023_44_25": 0.004830451164138731, "2023_44_30_1": 0.8115157955753068, "2023_44_30_2": 2.3959037774128102, "2023_44_30_3": 0.04347406047724858, "2023_44_30_4": 1.6616752004637234, "2023_44_30_5_1": 30.538112259685057, "2023_44_30_6": 7.071780504299102}