{"2023_26_12": 0.3019627579265224, "2023_32_6": 0.016775708773695688, "2023_38_9": 0.016775708773695688, "2023_44_1": 0.016775708773695688, "2023_44_30_5_1": 0.016775708773695688, "2023_44_30_8": 0.08387854386847844, "2023_44_30_9": 0.008387854386847844, "2023_44_30_13": 0.016775708773695688, "2023_44_30_14": 0.7045797684952189, "2023_44_30_20": 0.008387854386847844, "2023_44_30_25": 0.0754906894816306, "2023_44_30_30": 0.20130850528434827, "2024_2_6": 0.033551417547391375, "2024_2_7": 0.645864787787284, "2024_2_8": 0.033551417547391375, "2024_2_12": 0.008387854386847844, "2024_2_13": 0.008387854386847844, "2024_3_6": 0.39422915618184873, "2024_3_10": 1.3001174299614158, "2024_3_15": 7.498741821841973, "2024_3_20": 0.8220097299110887, "2024_3_25": 39.71649052172454, "2024_8_3": 0.008387854386847844, "2024_8_4": 0.16775708773695688, "2024_8_7": 0.3606777386344573, "2024_8_8": 0.016775708773695688, "2024_8_9": 25.73393725884918, "2024_8_12": 0.08387854386847844, "2024_14_3": 1.920818654588156, "2024_14_5": 0.09226639825532629, "2024_14_6": 19.68629424593189}