{"2023_26_9": 0.07057163020465772, "2023_26_12": 0.724535403434486, "2023_27_6": 0.07057163020465772, "2023_27_7": 9.277816984239003, "2023_27_12": 3.62267701717243, "2023_32_4": 0.09409550693954363, "2023_32_6": 0.11761938367442952, "2023_32_7": 0.18348623853211007, "2023_32_9": 1.2279463655610443, "2023_38_1": 0.004704775346977182, "2023_38_4": 0.014114326040931543, "2023_38_6": 7.635850388143966, "2023_38_8": 0.18348623853211007, "2023_38_9": 4.281345565749235, "2023_38_9_1": 0.5128205128205128, "2023_44_1": 21.307927546459656, "2023_44_25": 0.004704775346977182, "2023_44_30_1": 0.4798870853916726, "2023_44_30_2": 1.2514702422959303, "2023_44_30_3": 0.018819101387908727, "2023_44_30_4": 1.1197365325805693, "2023_44_30_5_1": 37.89226064455422, "2023_44_30_6": 6.600799811808987, "2023_44_30_7": 3.2886379675370496, "2023_44_30_10": 0.014114326040931543}