{"2023_32_7": 0.016393442622950817, "2023_32_9": 0.032786885245901634, "2023_38_9": 0.04918032786885244, "2023_44_1": 0.05737704918032785, "2023_44_30_5_1": 0.016393442622950817, "2023_44_30_6": 0.02459016393442622, "2023_44_30_7": 0.008196721311475409, "2023_44_30_8": 1.4508196721311473, "2023_44_30_9": 0.040983606557377046, "2023_44_30_13": 0.032786885245901634, "2023_44_30_14": 5.6803278688524586, "2023_44_30_16": 0.02459016393442622, "2023_44_30_20": 0.04918032786885244, "2023_44_30_25": 16.049180327868847, "2023_44_30_30": 1.0081967213114753, "2024_2_2_1": 0.02459016393442622, "2024_2_3": 0.016393442622950817, "2024_2_6": 0.04918032786885244, "2024_2_7": 33.05737704918032, "2024_2_7_1": 0.008196721311475409, "2024_2_8": 2.803278688524589, "2024_2_12": 0.05737704918032785, "2024_2_13": 0.221311475409836, "2024_3_6": 8.172131147540982, "2024_3_10": 7.655737704918031, "2024_8_3": 0.20491803278688522, "2024_8_4": 7.1721311475409815, "2024_8_7": 16.01639344262295}