{"2024_27_25": 2.8065708916772745, "2024_32": 0.030308540946838814, "2024_32_3": 4.970600715281566, "2024_32_4_1": 0.21215978662787174, "2024_32_4_2": 0.02424683275747105, "2024_32_5_3": 0.018185124568103287, "2024_32_5_4": 0.02424683275747105, "2024_32_6": 2.35800448566406, "2024_32_7": 7.177062496211431, "2024_32_9": 0.036370249136206574, "2024_32_9_1": 0.012123416378735525, "2024_32_10": 14.687518942838091, "2024_32_20": 0.07880220646178092, "2024_32_20_1": 0.20609807843850392, "2024_33_5": 15.281566345396131, "2024_33_15": 0.3940110323089046, "2024_33_25": 0.17578953749166515, "2024_33_30": 0.012123416378735525, "2024_33_35": 6.5284597199490815, "2024_33_40": 1.454809965448263, "2024_38": 0.006061708189367763, "2024_38_2": 1.43662484088016, "2024_38_4": 0.15154270473419407, "2024_38_6": 1.612414378371825, "2024_38_7": 5.055464629932715, "2024_39_5": 1.1941565133054493, "2024_44_1": 0.21215978662787174, "2024_44_3": 0.745590107292235, "2024_44_3_1": 19.045887130993513, "2024_44_4": 0.3455173667939625, "2024_44_25_2": 13.705522216160512}