{"2023_6_11": 0.013806433798149937, "2023_7_10": 0.23010722996916563, "2023_7_15": 0.16107506097841595, "2023_7_20": 4.804638961756178, "2023_7_26": 0.08283860278889962, "2023_7_30": 22.550508536978235, "2023_12_1": 0.004602144599383313, "2023_12_1_1": 0.032215012195683186, "2023_12_5": 0.0690321689907497, "2023_12_5_4": 0.009204289198766626, "2023_12_9": 0.0690321689907497, "2023_12_9_1": 0.023010722996916564, "2023_12_10": 0.073634313590133, "2023_12_11": 0.09204289198766626, "2023_20_4_1": 0.13346219338211607, "2023_20_7": 0.17488149477656587, "2023_20_8": 0.23931151916793225, "2023_20_9": 5.628422845045791, "2023_26_1": 0.3359565557549818, "2023_26_3": 0.01840857839753325, "2023_26_6": 0.12425790418334945, "2023_26_7": 7.160936996640434, "2023_26_8": 18.528234157117218, "2023_26_9": 26.006719131115098, "2023_26_10": 1.1551382944452115, "2023_26_11": 0.8744074738828295, "2023_32_1": 4.077500115053616, "2023_32_4": 7.3266142022182335}