{"2023_7_30": 5.568720379146919, "2023_12_1_1": 0.030576364470264482, "2023_12_5": 0.057330683381745906, "2023_12_9": 0.057330683381745906, "2023_12_9_1": 0.0191102277939153, "2023_12_10": 0.0764409111756612, "2023_12_11": 0.06497477449931202, "2023_20_4_1": 0.0955511389695765, "2023_20_7": 0.08026295673444427, "2023_20_8": 0.1414156856749732, "2023_20_9": 2.992661672527136, "2023_26_1": 0.1719920501452377, "2023_26_3": 0.01146613667634918, "2023_26_6": 0.057330683381745906, "2023_26_7": 2.228252560770524, "2023_26_8": 4.4297508026295676, "2023_26_9": 6.161137440758293, "2023_26_10": 0.5465525149059776, "2023_26_11": 0.4089588747897874, "2023_26_12": 0.6994343372573, "2023_27_6": 20.226265097079953, "2023_32_1": 0.42424705702491966, "2023_32_4": 4.1430973857208375, "2023_32_6": 17.84895275951689, "2023_32_7": 33.15242317688426, "2023_32_9": 0.30194159914386176, "2023_38_1": 0.0038220455587830602}