{"2023_38_6": 5.9805473874689, "2023_38_8": 0.14476362813843024, "2023_38_9": 3.053607781045013, "2023_38_9_1": 0.15381135489708214, "2023_44_1": 12.89753449445827, "2023_44_9_2": 0.00904772675865189, "2023_44_25": 0.004523863379325945, "2023_44_30_1": 0.15381135489708214, "2023_44_30_2": 0.41619543089798694, "2023_44_30_3": 0.00904772675865189, "2023_44_30_4": 0.26238407600090474, "2023_44_30_5_1": 4.614340646912464, "2023_44_30_6": 0.900248812485863, "2023_44_30_7": 0.8007238181406924, "2023_44_30_8": 22.3885998642841, "2023_44_30_9": 5.876498529744403, "2023_44_30_10": 0.004523863379325945, "2023_44_30_12": 0.013571590137977834, "2023_44_30_13": 0.37095679710472745, "2023_44_30_14": 12.191811807283424, "2023_44_30_20": 0.3166704365528161, "2024_2_2": 0.08142954082786702, "2024_2_2_1": 7.7946166025786034, "2024_2_3": 2.3976475910427504, "2024_2_6": 7.333182537887356, "2024_2_7": 11.829902736937346}