{"2023_44_1": 0.01433280779704744, "2023_44_30_8": 0.07883044288376091, "2023_44_30_9": 0.021499211695571157, "2023_44_30_13": 0.01433280779704744, "2023_44_30_14": 0.5231474845922315, "2023_44_30_25": 0.09316325068080836, "2023_44_30_30": 0.16482728966604554, "2024_2_6": 0.02866561559409488, "2024_2_7": 0.45864984950551807, "2024_2_8": 0.021499211695571157, "2024_2_12": 0.00716640389852372, "2024_3_6": 0.20065930915866415, "2024_3_10": 0.7238067937508956, "2024_3_15": 4.39300558979504, "2024_3_20": 0.4013186183173283, "2024_3_25": 35.05804787157803, "2024_8_4": 0.07166403898523718, "2024_8_7": 0.27232334814390136, "2024_8_8": 0.01433280779704744, "2024_8_9": 9.968467822846492, "2024_8_12": 0.06449763508671347, "2024_9_5": 0.01433280779704744, "2024_14_3": 0.5876451196789448, "2024_14_5": 0.050164827289666036, "2024_14_6": 7.259567149204528, "2024_14_7": 3.7050308155367624, "2024_14_8": 20.28808943672065, "2024_14_9": 14.984950551813098, "2024_14_11": 0.5159810806937077}