{"2024_20_15": 0.2636257740175342, "2024_21_5": 0.36784991723376864, "2024_26_3_1": 1.281343878364294, "2024_26_4": 0.018392495861688434, "2024_26_6": 0.6437373551590951, "2024_26_7": 8.773220526025382, "2024_26_8": 6.449635215498743, "2024_26_10": 1.833118754214947, "2024_26_11": 0.2758874379253265, "2024_26_20": 1.5265771565201398, "2024_27_5": 0.30654159769480727, "2024_27_10": 1.072895591931825, "2024_27_25": 4.831095579670161, "2024_32": 0.030654159769480722, "2024_32_3": 7.626754950646802, "2024_32_4_1": 0.39237324504935317, "2024_32_4_2": 0.030654159769480722, "2024_32_5_3": 0.024523327815584573, "2024_32_5_4": 0.03678499172337687, "2024_32_6": 4.665563116914965, "2024_32_7": 28.894610998712526, "2024_32_9": 0.5027282202194837, "2024_32_10": 28.70455520814175, "2024_32_20": 0.17166329470909203, "2024_32_20_1": 1.0361106002084481, "2024_38": 0.012261663907792287, "2024_38_2": 0.22684078229415736}