{"2024_27_5": 0.2626395272488509, "2024_27_10": 0.7485226526592251, "2024_27_25": 3.5062376887721602, "2024_32": 0.032829940906106365, "2024_32_3": 6.027577150361129, "2024_32_4_1": 0.2823374917925147, "2024_32_4_2": 0.026263952724885097, "2024_32_5_3": 0.019697964543663817, "2024_32_5_4": 0.026263952724885097, "2024_32_6": 2.967826657912015, "2024_32_7": 10.275771503611294, "2024_32_9": 0.04596191726854892, "2024_32_9_1": 0.04596191726854892, "2024_32_10": 23.998686802363757, "2024_32_20": 0.11162179908076164, "2024_32_20_1": 0.3151674326986211, "2024_33_5": 20.361129349967168, "2024_33_15": 1.1950098489822718, "2024_33_25": 0.3808273145108339, "2024_33_30": 0.026263952724885097, "2024_33_35": 8.076165462902168, "2024_38": 0.006565988181221274, "2024_38_2": 2.4819435325016412, "2024_38_4": 0.2626395272488509, "2024_38_6": 4.5173998686802355, "2024_38_7": 13.552199606040707, "2024_44_1": 0.44648719632304656}