{"2022_45_13": 0.0343918376705262, "2022_45_15": 0.14903129657228018, "2023_2_10": 0.0171959188352631, "2023_2_12": 0.22354694485842028, "2023_2_301": 0.011463945890175398, "2023_6_8": 0.0286598647254385, "2023_6_11": 0.05158775650578929, "2023_7_10": 1.0030952653903473, "2023_7_15": 0.8827238335435056, "2023_7_20": 27.58225381176201, "2023_7_26": 0.43562994382666514, "2023_12_1": 0.0171959188352631, "2023_12_1_1": 0.057319729450877, "2023_12_5": 0.31525851197982346, "2023_12_5_4": 0.12610340479192939, "2023_12_9": 0.15476326951736788, "2023_12_9_1": 0.05158775650578929, "2023_12_10": 0.18342313424280637, "2023_12_11": 0.44709388971684055, "2023_20_4_1": 0.30952653903473576, "2023_20_7": 0.6190530780694715, "2023_20_8": 0.6305170239596469, "2023_20_9": 18.944170583514843, "2023_26_1": 0.8597959417631548, "2023_26_3": 0.05158775650578929, "2023_26_6": 0.5789292674538576, "2023_26_7": 41.488020176544765, "2023_26_8": 4.7460735985326155}