{"2024_32_7": 7.794029252654779, "2024_32_9": 0.040072129833700655, "2024_32_9_1": 0.013357376611233552, "2024_32_10": 15.608094570226408, "2024_32_20": 0.0868229479730181, "2024_32_20_1": 0.21371802577973684, "2024_33_5": 15.527950310559008, "2024_33_15": 0.4274360515594737, "2024_33_25": 0.18700327255726973, "2024_33_30": 0.013357376611233552, "2024_33_35": 6.1377145528618176, "2024_33_40": 0.8949442329526481, "2024_38": 0.006678688305616776, "2024_38_2": 1.5093835570693916, "2024_38_4": 0.1669672076404194, "2024_38_6": 1.6963868296266615, "2024_38_7": 5.095839177185601, "2024_39_5": 0.9550524277031991, "2024_39_15": 0.5276163761437255, "2024_44_1": 0.21371802577973684, "2024_44_3": 0.7880852200627796, "2024_44_3_1": 19.3080878915381, "2024_44_4": 0.5342950644493422, "2024_44_25_2": 16.87036665998798, "2024_44_25_3": 2.3041474654377883, "2024_44_25_4": 0.3138983503639885, "2024_45_25_5": 1.9835704267681826, "2024_45_25_6": 0.240432779002204, "2024_45_32": 0.540973752754959}