{"2023_38_6": 6.425475786696813, "2023_38_8": 0.15545505935556808, "2023_38_9": 3.3210853589598632, "2023_38_9_1": 0.18843037497644616, "2023_44_1": 14.485585076314297, "2023_44_9_1": 0.004710759374411154, "2023_44_9_2": 0.009421518748822308, "2023_44_25": 0.004710759374411154, "2023_44_30_1": 0.17429809685321268, "2023_44_30_2": 0.46165441869229307, "2023_44_30_3": 0.009421518748822308, "2023_44_30_4": 0.30619935933672504, "2023_44_30_5_1": 5.426794799321649, "2023_44_30_6": 1.0881854154889763, "2023_44_30_7": 0.9091765592613525, "2023_44_30_8": 34.699453551912555, "2023_44_30_9": 11.475409836065573, "2023_44_30_10": 0.004710759374411154, "2023_44_30_12": 0.02355379687205577, "2023_44_30_13": 0.34859619370642536, "2023_44_30_14": 0.018843037497644616, "2023_44_30_15": 0.004710759374411154, "2024_2_2": 0.1319012624835123, "2024_2_2_1": 17.076502732240435, "2024_2_3": 3.245713208969285}