{"2023_26_9": 0.0719045108096448, "2023_26_12": 0.733426010258377, "2023_27_6": 0.0719045108096448, "2023_27_7": 10.320694118211017, "2023_27_12": 4.194429797229279, "2023_32_1": 0.00479363405397632, "2023_32_4": 0.0958726810795264, "2023_32_6": 0.11984085134940799, "2023_32_7": 0.18215809405110017, "2023_32_9": 1.3374239010593931, "2023_38_1": 0.00479363405397632, "2023_38_4": 0.01917453621590528, "2023_38_6": 8.235463304731317, "2023_38_8": 0.20612626432098174, "2023_38_9": 4.79363405397632, "2023_38_9_1": 0.4601888691817267, "2023_44_1": 24.20305833852644, "2023_44_25": 0.00479363405397632, "2023_44_30_1": 0.6854896697186137, "2023_44_30_2": 1.9510090599683623, "2023_44_30_3": 0.033555438377834236, "2023_44_30_4": 1.4380902161928957, "2023_44_30_5_1": 33.20070945783999, "2023_44_30_6": 7.626671779876324, "2023_44_30_10": 0.00479363405397632}