{"2022_45_13": 0.03478059242942438, "2022_45_15": 0.15071590052750566, "2023_2_10": 0.01739029621471219, "2023_2_12": 0.22607385079125847, "2023_2_301": 0.011593530809808126, "2023_6_8": 0.028983827024520317, "2023_6_11": 0.046374123239232505, "2023_7_10": 1.0144339458582112, "2023_7_15": 0.8869051069503217, "2023_7_20": 27.633180685177667, "2023_7_26": 0.43475740536780483, "2023_12_1": 0.01739029621471219, "2023_12_1_1": 0.05796765404904063, "2023_12_5": 0.31882209726972344, "2023_12_5_4": 0.12752883890788938, "2023_12_9": 0.15651266593240967, "2023_12_9_1": 0.046374123239232505, "2023_12_10": 0.17969972755202596, "2023_12_11": 0.4579444669874209, "2023_20_4_1": 0.29563503565010724, "2023_20_7": 0.6550344907541592, "2023_20_8": 0.6724247869688713, "2023_20_9": 22.114660019709, "2023_26_1": 0.8927018723552257, "2023_26_3": 0.05217088864413657, "2023_26_6": 0.6840183177786795, "2023_26_7": 42.53086777578111, "2023_26_8": 0.25505767781577876}