{"2024_20_10": 0.057714505579068875, "2024_20_15": 0.31422341926381947, "2024_21_5": 0.4040015390534822, "2024_26_3_1": 1.4556880851609593, "2024_26_4": 0.019238168526356292, "2024_26_6": 0.7438758496857766, "2024_26_7": 10.350134667179686, "2024_26_8": 7.5606002308580225, "2024_26_10": 2.1931512120046173, "2024_26_11": 0.3013979735795819, "2024_26_20": 1.7891496729511354, "2024_27_5": 0.35911247915865074, "2024_27_10": 1.5326407592663844, "2024_27_25": 9.542131589072719, "2024_32": 0.03206361421059382, "2024_32_3": 11.151725022444529, "2024_32_4_1": 0.5771450557906888, "2024_32_4_2": 0.05130178273695011, "2024_32_5_3": 0.03206361421059382, "2024_32_5_4": 0.08336539694754393, "2024_32_6": 12.626651276131847, "2024_32_7": 20.315505963832244, "2024_32_10": 17.397717070668207, "2024_32_20": 0.44889059894831346, "2024_32_20_1": 0.6412722842118764, "2024_38": 0.019238168526356292}