{"2023_12_5": 0.011357828383213128, "2023_12_9": 0.011357828383213128, "2023_12_9_1": 0.017036742574819692, "2023_12_11": 0.011357828383213128, "2023_20_4_1": 0.022715656766426257, "2023_20_7": 0.022715656766426257, "2023_20_9": 0.034073485149639385, "2023_26_1": 0.005678914191606564, "2023_26_3": 0.005678914191606564, "2023_26_7": 0.011357828383213128, "2023_26_8": 0.08518371287409848, "2023_26_9": 0.0965415412573116, "2023_26_10": 0.011357828383213128, "2023_26_11": 0.005678914191606564, "2023_26_12": 0.9710943267647227, "2023_27_6": 0.15900959736498382, "2023_27_7": 28.360497472883182, "2023_27_11": 0.017036742574819692, "2023_31_600": 0.034073485149639385, "2023_32_1": 0.005678914191606564, "2023_32_4": 0.30098245215514796, "2023_32_6": 0.8234425577829518, "2023_32_7": 1.255040036345051, "2023_32_9": 8.915895280822305, "2023_38_1": 0.005678914191606564, "2023_38_4": 0.30098245215514796, "2023_38_6": 55.90323130217503, "2023_38_8": 1.680958600715543, "2023_38_9": 0.9143051848486569}