{"2023_2_12": 0.2408899789768745, "2023_6_8": 0.05693763139453397, "2023_6_11": 0.07007708479327258, "2023_7_5": 0.021899088997897685, "2023_7_10": 3.035213735108618, "2023_7_15": 1.5723545900490534, "2023_7_20": 23.81744919411352, "2023_7_25": 0.0043798177995795365, "2023_7_26": 0.2890679747722494, "2023_12_1": 0.008759635599159073, "2023_12_1_1": 0.06569726699369303, "2023_12_5": 2.0804134548002797, "2023_12_5_4": 0.24964961457603357, "2023_12_8": 0.0043798177995795365, "2023_12_9": 3.7009460406447086, "2023_12_9_1": 0.8759635599159074, "2023_12_10": 0.5343377715487034, "2023_12_11": 2.0453749124036436, "2023_20_4_1": 7.222319551506655, "2023_20_6": 0.12701471618780655, "2023_20_7": 6.131744919411351, "2023_20_8": 4.134548002803083, "2023_20_9": 37.63577435178696, "2023_26_1": 5.939032936229852, "2023_26_3": 0.13577435178696562}