{"2023_32_6": 0.015779092702169626, "2023_38_9": 0.015779092702169626, "2023_44_1": 0.015779092702169626, "2023_44_30_8": 0.08678500986193295, "2023_44_30_9": 0.023668639053254437, "2023_44_30_13": 0.015779092702169626, "2023_44_30_14": 0.6232741617357003, "2023_44_30_20": 0.007889546351084813, "2023_44_30_25": 0.10256410256410259, "2023_44_30_30": 0.19723865877712032, "2024_2_6": 0.023668639053254437, "2024_2_7": 0.6074950690335307, "2024_2_8": 0.023668639053254437, "2024_2_12": 0.007889546351084813, "2024_3_6": 0.3076923076923077, "2024_3_10": 1.1045364891518739, "2024_3_15": 6.043392504930967, "2024_3_20": 0.6311637080867851, "2024_3_25": 40.481262327416175, "2024_8_3": 0.007889546351084813, "2024_8_4": 0.13412228796844183, "2024_8_7": 0.37080867850098626, "2024_8_8": 0.015779092702169626, "2024_8_9": 22.658777120315584, "2024_8_12": 0.07889546351084814, "2024_9_5": 0.015779092702169626, "2024_14_3": 1.2386587771203157, "2024_14_5": 0.0631163708086785, "2024_14_6": 16.347140039447737, "2024_14_7": 8.007889546351084, "2024_14_8": 0.7258382642998028}