{"2023_7_26": 0.026943802925327172, "2023_7_30": 5.989222478829869, "2023_12_1_1": 0.030792917628945343, "2023_12_5": 0.061585835257890686, "2023_12_9": 0.061585835257890686, "2023_12_9_1": 0.01924557351809084, "2023_12_10": 0.07698229407236336, "2023_12_11": 0.06543494996150885, "2023_20_4_1": 0.10007698229407237, "2023_20_7": 0.08083140877598152, "2023_20_8": 0.1424172440338722, "2023_20_9": 3.0523479599692074, "2023_26_1": 0.18090839107005388, "2023_26_3": 0.011547344110854504, "2023_26_6": 0.057736720554272515, "2023_26_7": 2.313317936874519, "2023_26_8": 4.64203233256351, "2023_26_9": 6.4203233256351036, "2023_26_10": 0.6620477290223249, "2023_26_11": 0.44264819091608926, "2023_26_12": 0.6774441878367975, "2023_27_6": 19.819091608929945, "2023_32_1": 0.47344110854503463, "2023_32_4": 4.5650500384911465, "2023_32_6": 18.01000769822941, "2023_32_7": 32.01308698999231, "2023_38_1": 0.003849114703618168}