{"2023_12_10": 0.033158941861321935, "2023_12_11": 0.051580576228723016, "2023_20_4_1": 0.0736865374696043, "2023_20_7": 0.06263355684916366, "2023_20_8": 0.09947682558396581, "2023_20_9": 2.5569228501952694, "2023_26_1": 0.1473730749392086, "2023_26_3": 0.011052980620440645, "2023_26_6": 0.047896249355242795, "2023_26_7": 1.7426866111561417, "2023_26_8": 3.1685211111929847, "2023_26_9": 4.038022253334316, "2023_26_10": 0.239481246776214, "2023_26_11": 0.20632230491489206, "2023_26_12": 0.8437108540269692, "2023_27_6": 3.1611524574460246, "2023_27_7": 20.138530690442856, "2023_31_600": 0.033158941861321935, "2023_32_1": 0.3131677842458183, "2023_32_4": 2.339547564659937, "2023_32_6": 10.912976199248398, "2023_32_7": 15.179426718738487, "2023_32_9": 28.564586250092113, "2023_38_1": 0.11789845995136689, "2023_38_4": 4.09697148331, "2023_38_6": 1.820057475499226}