{"2022_44_30": 0.035254715318173806, "2022_44_30_2": 0.0117515717727246, "2022_44_30_5": 0.0117515717727246, "2022_44_30_10": 0.0940125741817968, "2022_45_12": 0.058757858863622996, "2022_45_13": 0.12339150361360832, "2022_45_15": 2.038897702567718, "2023_2_10": 0.07050943063634761, "2023_2_12": 0.352547153181738, "2023_2_301": 0.0117515717727246, "2023_6_8": 0.07638521652270991, "2023_6_9": 0.0058757858863623, "2023_6_11": 0.7873553087725483, "2023_7_5": 0.0470062870908984, "2023_7_10": 29.719725013220515, "2023_7_15": 0.293789294318115, "2023_12_1": 0.0470062870908984, "2023_12_1_1": 0.1586462189317821, "2023_12_5": 15.823491391973675, "2023_12_5_3": 0.0058757858863623, "2023_12_5_4": 0.705094306363476, "2023_12_8": 0.0058757858863623, "2023_12_9": 29.684470297902344, "2023_12_9_1": 15.564956812973735, "2023_12_10": 2.250425994476761, "2023_12_11": 0.7991068805452728, "2023_20_4_1": 1.2162876784769963}