{"2023_7_20": 0.03385622390249408, "2023_7_30": 0.07899785577248618, "2023_12_9": 0.01692811195124704, "2023_12_9_1": 0.011285407967498025, "2023_20_4_1": 0.01692811195124704, "2023_20_7": 0.011285407967498025, "2023_20_9": 0.02257081593499605, "2023_26_3": 0.005642703983749013, "2023_26_7": 0.011285407967498025, "2023_26_8": 0.05642703983749013, "2023_26_9": 0.07335515178873717, "2023_26_10": 0.005642703983749013, "2023_26_11": 0.005642703983749013, "2023_26_12": 0.8238347816273559, "2023_27_6": 0.15235300756122336, "2023_27_7": 27.852386863785128, "2023_27_12": 0.2087800473987135, "2023_31_600": 0.005642703983749013, "2023_32_4": 0.1749238234962194, "2023_32_6": 0.1354248956099763, "2023_32_7": 0.2652070872362036, "2023_32_9": 2.8213519918745065, "2023_38_1": 0.005642703983749013, "2023_38_4": 0.02257081593499605, "2023_38_6": 21.679268705563707, "2023_38_8": 0.44577361471617205, "2023_38_9": 14.490463830267467, "2023_44_1": 30.566527479968403}