{"2022_40_4": 0.01079447322970639, "2022_40_4_1": 0.08095854922279794, "2022_40_4_2": 0.06476683937823835, "2022_44_2": 0.1295336787564767, "2022_44_25_1": 0.07016407599309153, "2022_44_25_2": 0.17271157167530224, "2022_44_25_3": 0.717832469775475, "2022_44_25_5": 1.3870898100172713, "2022_44_30": 0.5397236614853195, "2022_44_30_1": 0.05936960276338515, "2022_44_30_2": 0.11334196891191708, "2022_44_30_5": 2.110319516407599, "2022_44_30_10": 22.42012089810017, "2022_45_10": 0.016191709844559588, "2022_45_11": 0.3993955094991365, "2022_45_12": 7.064982728842832, "2023_2_0_5": 0.06476683937823835, "2023_2_10": 1.1765975820379966, "2023_2_11": 0.17810880829015543, "2023_2_12": 29.81433506044905, "2023_2_13": 0.02158894645941278, "2023_2_201": 0.026986183074265972, "2023_2_301": 0.1295336787564767, "2023_6_1": 0.6422711571675302, "2023_6_8": 29.177461139896373, "2023_6_9": 3.411053540587219}