{"2023_44_30_13": 0.013878287419332452, "2023_44_30_14": 0.4996183470959682, "2023_44_30_25": 0.07633058080632849, "2023_44_30_30": 0.17347859274165564, "2024_2_6": 0.03469571854833113, "2024_2_7": 0.4718617722573034, "2024_2_8": 0.006939143709666226, "2024_2_12": 0.006939143709666226, "2024_3_6": 0.20123516758032053, "2024_3_10": 0.6869752272569564, "2024_3_15": 3.9969467767677456, "2024_3_20": 0.35389632919297753, "2024_3_25": 34.6818402609118, "2024_8_3": 0.006939143709666226, "2024_8_4": 0.062452293386996025, "2024_8_7": 0.30532232322531394, "2024_8_8": 0.013878287419332452, "2024_8_9": 8.771077649018109, "2024_8_12": 0.05551314967732981, "2024_9_5": 0.006939143709666226, "2024_14_3": 0.4649226285476371, "2024_14_5": 0.048574005967663585, "2024_14_6": 6.696273679827907, "2024_14_7": 3.5805981541877725, "2024_14_8": 9.229061133856082, "2024_14_9": 21.17826660190132, "2024_14_11": 0.19429602387065434, "2024_15_5": 0.03469571854833113, "2024_20_1": 8.146554715148149}