{"2023_38_6": 6.554021894336031, "2023_38_8": 0.15706806282722513, "2023_38_9": 3.4459781056639693, "2023_38_9_1": 0.19038553069966682, "2023_44_1": 15.01189909566873, "2023_44_9_1": 0.00475963826749167, "2023_44_9_2": 0.00951927653498334, "2023_44_25": 0.00475963826749167, "2023_44_30_1": 0.1951451689671585, "2023_44_30_2": 0.49500237981913375, "2023_44_30_3": 0.00951927653498334, "2023_44_30_4": 0.34269395525940033, "2023_44_30_5_1": 5.716325559257497, "2023_44_30_6": 1.1518324607329844, "2023_44_30_7": 0.9709662065683009, "2023_44_30_8": 35.91147072822466, "2023_44_30_9": 11.608757734412183, "2023_44_30_10": 0.00475963826749167, "2023_44_30_12": 0.02855782960495002, "2023_44_30_13": 0.34269395525940033, "2024_2_2": 0.18562589243217514, "2024_2_2_1": 17.020466444550213, "2024_2_3": 0.6377915278438838}