{"2022_45_12": 0.032842263301116635, "2022_45_13": 0.042225767101435684, "2022_45_15": 0.7366050483250447, "2023_2_12": 0.13136905320446654, "2023_2_301": 0.009383503800319042, "2023_6_8": 0.032842263301116635, "2023_6_11": 0.0703762785023928, "2023_7_5": 0.0234587595007976, "2023_7_10": 4.0583653936379855, "2023_7_15": 2.298958431078165, "2023_7_20": 22.914516280379093, "2023_7_25": 0.018767007600638083, "2023_12_1": 0.009383503800319042, "2023_12_1_1": 0.042225767101435684, "2023_12_5": 2.4725532513840673, "2023_12_5_4": 0.3471896406118045, "2023_12_8": 0.004691751900159521, "2023_12_9": 4.611992117856808, "2023_12_9_1": 1.2198554940414752, "2023_12_10": 0.6803040255231304, "2023_12_11": 2.772825372994276, "2023_20_4_1": 17.251571736886557, "2023_20_6": 0.45509993431547335, "2023_20_7": 33.76653842544807, "2023_20_8": 5.991367176503707, "2023_26": 0.004691751900159521}