{"2023_12_9_1": 0.011187768040275966, "2023_12_10": 0.04102181614767853, "2023_12_11": 0.048480328174529186, "2023_20_4_1": 0.07458512026850643, "2023_20_7": 0.06339735222823047, "2023_20_8": 0.10814842438933432, "2023_20_9": 2.6515010255454037, "2023_26_1": 0.1528994965504382, "2023_26_3": 0.011187768040275966, "2023_26_6": 0.0522095841879545, "2023_26_7": 1.8347939586052582, "2023_26_8": 3.3376841320156627, "2023_26_9": 4.228976319224315, "2023_26_10": 0.25358940891292187, "2023_26_11": 0.21629684877866864, "2023_26_12": 0.8390826030206973, "2023_27_6": 3.5912735409285848, "2023_27_7": 19.559947790415812, "2023_31_600": 0.011187768040275966, "2023_32_1": 0.33936229722170425, "2023_32_4": 2.5097892970352413, "2023_32_6": 11.739697930262913, "2023_32_7": 16.680962148051464, "2023_32_9": 26.552302815588284, "2023_38_1": 0.11560693641618498, "2023_38_4": 4.971098265895954, "2023_38_6": 0.003729256013425321}