{"2022_44_25_3": 0.15406836783822825, "2022_44_25_5": 0.06740491092922486, "2022_44_30": 0.16851227732306212, "2022_44_30_2": 0.01925854597977853, "2022_44_30_5": 0.14925373134328362, "2022_44_30_10": 1.0784785748675978, "2022_45_11": 0.03851709195955706, "2022_45_12": 0.7414540202214734, "2022_45_13": 1.1892152142513241, "2022_45_14": 0.024073182474723162, "2022_45_15": 28.57005296100145, "2023_2_0_5": 0.024073182474723162, "2023_2_10": 0.3610977371208474, "2023_2_11": 0.014443909484833898, "2023_2_12": 6.605681271064038, "2023_2_13": 0.01925854597977853, "2023_2_201": 0.004814636494944633, "2023_2_301": 0.04333172845450169, "2023_6_1": 0.03370245546461243, "2023_6_8": 6.114588348579683, "2023_6_9": 1.0158883004333172, "2023_6_11": 4.4727973038035636, "2023_6_11_2": 0.03851709195955706, "2023_6_15": 0.004814636494944633, "2023_12_1": 3.163216177178624, "2023_12_1_1": 21.425132402503614, "2023_12_5": 24.45835339431873}