{"2023_38_6": 6.513373556938573, "2023_38_8": 0.15677704404009696, "2023_38_9": 3.4348425103330325, "2023_38_9_1": 0.19003278065466297, "2023_44_1": 14.965081476554706, "2023_44_9_1": 0.0047508195163665735, "2023_44_9_2": 0.009501639032733147, "2023_44_25": 0.0047508195163665735, "2023_44_30_1": 0.19478360017102953, "2023_44_30_2": 0.49408522970212365, "2023_44_30_3": 0.009501639032733147, "2023_44_30_4": 0.3373081856620268, "2023_44_30_5_1": 5.681980141574422, "2023_44_30_6": 1.1306950448952446, "2023_44_30_7": 0.9501639032733149, "2023_44_30_8": 35.4316119530619, "2023_44_30_9": 11.520737327188943, "2023_44_30_10": 0.0047508195163665735, "2023_44_30_12": 0.02850491709819944, "2023_44_30_13": 0.3373081856620268, "2024_2_2": 0.18528196113829637, "2024_2_2_1": 17.711055157014588, "2024_2_3": 0.703121288422253}