{"2024_27_5": 0.26217473946385267, "2024_27_10": 0.7471980074719803, "2024_27_25": 3.4803696663826447, "2024_32": 0.032771842432981584, "2024_32_3": 5.990692796749034, "2024_32_4_1": 0.28183784492364167, "2024_32_4_2": 0.026217473946385277, "2024_32_5_3": 0.019663105459788957, "2024_32_5_4": 0.026217473946385277, "2024_32_6": 2.9429114504817466, "2024_32_7": 10.159271154224294, "2024_32_9": 0.045880579406174224, "2024_32_9_1": 0.039326210919577914, "2024_32_10": 23.857901291210595, "2024_32_20": 0.1114242642721374, "2024_32_20_1": 0.3146096873566233, "2024_33_5": 20.515173363046475, "2024_33_15": 1.1994494330471261, "2024_33_25": 0.37359900373599014, "2024_33_30": 0.026217473946385277, "2024_33_35": 8.127416923379434, "2024_38": 0.006554368486596319, "2024_38_2": 2.431670708527234, "2024_38_4": 0.23595726551746743, "2024_38_6": 4.07681719866291, "2024_38_7": 14.22297961591401, "2024_44_1": 0.4456970570885496}