{"2023_38_6": 6.043381383293165, "2023_38_8": 0.1455140739393388, "2023_38_9": 3.0739848119685327, "2023_38_9_1": 0.16370333318175617, "2023_44_1": 13.096266654540495, "2023_44_9_2": 0.009094629621208675, "2023_44_25": 0.004547314810604337, "2023_44_30_1": 0.1546087035605475, "2023_44_30_2": 0.4183529625755991, "2023_44_30_3": 0.009094629621208675, "2023_44_30_4": 0.2637442590150516, "2023_44_30_5_1": 4.67463962530126, "2023_44_30_6": 0.914010276931472, "2023_44_30_7": 0.8139693510981767, "2023_44_30_8": 22.827520349233776, "2023_44_30_9": 6.147969623937065, "2023_44_30_10": 0.004547314810604337, "2023_44_30_12": 0.013641944431813015, "2023_44_30_13": 0.3728798144695557, "2023_44_30_14": 12.07312082215452, "2023_44_30_20": 0.3001227774998863, "2024_2_2": 0.08185166659087809, "2024_2_2_1": 8.394343140375609, "2024_2_3": 2.701104997498977, "2024_2_6": 7.9668955481788, "2024_2_7": 9.331089991360102}