{"2023_44_1": 12.487051511441758, "2023_44_30_1": 0.127130614935493, "2023_44_30_2": 0.39080892739429335, "2023_44_30_3": 0.009417082587814297, "2023_44_30_4": 0.2495526885770788, "2023_44_30_5_1": 4.298898201337226, "2023_44_30_6": 0.8239947264337509, "2023_44_30_7": 0.7486580657312366, "2023_44_30_8": 19.606365947829364, "2023_44_30_9": 4.369526320745833, "2023_44_30_10": 0.004708541293907149, "2023_44_30_12": 0.014125623881721443, "2023_44_30_13": 0.3861003861003861, "2023_44_30_14": 13.339297485638951, "2023_44_30_16": 0.04708541293907148, "2023_44_30_20": 0.16009040399284302, "2023_44_30_25": 0.2919295602222432, "2024_2_2": 0.08004520199642151, "2024_2_2_1": 4.896882945663434, "2024_2_3": 1.2665976080610228, "2024_2_6": 2.0623410867313305, "2024_2_7": 31.429513136830217, "2024_2_8": 2.415481683774367, "2024_8_3": 0.4943968358602505}