{"2024_26_10": 1.5707834282348319, "2024_26_11": 0.2487073761371817, "2024_26_20": 1.4137050854113486, "2024_27_5": 0.27488709994109556, "2024_27_10": 0.7984815760193729, "2024_27_25": 3.7109758492047895, "2024_32": 0.03272465475489233, "2024_32_3": 6.289678643890305, "2024_32_4_1": 0.3076117546959879, "2024_32_4_2": 0.02617972380391386, "2024_32_5_3": 0.0196347928529354, "2024_32_5_4": 0.03272465475489233, "2024_32_6": 3.135021925518685, "2024_32_7": 12.808429871064858, "2024_32_9": 0.05235944760782772, "2024_32_9_1": 0.16362327377446162, "2024_32_10": 29.962693893579416, "2024_32_20": 0.11126382616663394, "2024_32_20_1": 0.35342627135283716, "2024_33_5": 18.312716800837748, "2024_33_15": 1.0930034688134038, "2024_33_25": 1.2435368806859086, "2024_33_30": 0.11780875711761239, "2024_33_35": 0.3665161332547941, "2024_38": 0.006544930950978465, "2024_38_2": 4.7319850775574315, "2024_38_4": 0.4646900975194711, "2024_38_6": 12.350284704496364}