{"2022_44_25_3": 0.1483324560983779, "2022_44_25_5": 0.06698885114120293, "2022_44_30": 0.1579022919756926, "2022_44_30_2": 0.019139671754629408, "2022_44_30_5": 0.1483324560983779, "2022_44_30_10": 1.0431121106273027, "2022_45_11": 0.038279343509258816, "2022_45_12": 0.7416622804918896, "2022_45_13": 1.1483803052777646, "2022_45_14": 0.02392458969328676, "2022_45_15": 28.589884683477678, "2023_2_0_5": 0.02392458969328676, "2023_2_10": 0.3588688453993014, "2023_2_11": 0.014354753815972057, "2023_2_12": 5.923728408057801, "2023_2_13": 0.019139671754629408, "2023_2_201": 0.004784917938657352, "2023_2_301": 0.043064261447916176, "2023_6_1": 0.03349442557060146, "2023_6_8": 5.851954638977941, "2023_6_9": 1.0048327671180441, "2023_6_11": 4.220297621895784, "2023_6_11_2": 0.028709507631944114, "2023_6_15": 0.004784917938657352, "2023_12_1": 2.5934255227522844, "2023_12_1_1": 10.833054213120244, "2023_12_5": 36.52327862577157, "2023_12_8": 0.39236327096990276}