{"2024_2_8": 0.014461315979754159, "2024_3_10": 0.06507592190889372, "2024_3_15": 0.10122921185827911, "2024_3_25": 0.918293564714389, "2024_8_7": 0.06507592190889372, "2024_8_9": 0.20968908170643533, "2024_14_3": 0.007230657989877079, "2024_14_5": 0.007230657989877079, "2024_14_6": 0.180766449746927, "2024_14_7": 0.04338394793926248, "2024_14_8": 0.28199566160520606, "2024_14_9": 15.625451916124366, "2024_14_11": 0.007230657989877079, "2024_15_15": 4.85177151120752, "2024_20_1": 2.3644251626898045, "2024_20_3": 1.547360809833695, "2024_20_6": 0.22415039768618944, "2024_20_6_1": 0.014461315979754159, "2024_20_6_2": 2.3427331887201737, "2024_20_7": 16.984815618221262, "2024_20_8": 0.12292118582791037, "2024_20_9": 37.30296456977585, "2024_20_9_1": 0.02169197396963124, "2024_20_10": 0.5350686912509038, "2024_20_15": 1.193058568329718, "2024_21_5": 4.150397686189445, "2024_26_1": 0.06507592190889372, "2024_26_3_1": 10.701373825018077, "2024_26_4": 0.05061460592913956}