{"2024_32_9_1": 0.01424704373842428, "2024_32_10": 16.22738281806525, "2024_32_20": 0.09260578429975781, "2024_32_20_1": 0.22795269981478847, "2024_33_5": 16.0208006838581, "2024_33_15": 0.4487818777603648, "2024_33_25": 0.19233509046872777, "2024_33_30": 0.01424704373842428, "2024_33_35": 6.275822766775894, "2024_33_40": 0.8049579712209718, "2024_38": 0.00712352186921214, "2024_38_2": 1.5814218549650951, "2024_38_4": 0.17808804673030348, "2024_38_6": 1.7666334235646106, "2024_38_7": 4.879612480410316, "2024_39_5": 0.9616754523436388, "2024_39_15": 0.22082917794557633, "2024_44_1": 0.21370565607636416, "2024_44_3": 0.7835874056133353, "2024_44_3_1": 19.995725886878475, "2024_44_4": 0.6268699244906683, "2024_44_25_2": 13.434962245334095, "2024_44_25_3": 0.44165835589115265, "2024_44_25_4": 0.662487533836729, "2024_45_25_5": 3.540390368998434, "2024_45_25_6": 0.8120814930901838, "2024_45_25_10": 0.29918791850690984, "2024_45_25_15": 0.07123521869212139, "2024_45_32": 5.1716768770480135, "2024_45_32_1": 4.031913377974072}