{"2023_20_4_1": 0.06496318752706798, "2023_20_7": 0.06135412155334199, "2023_20_8": 0.09744478129060198, "2023_20_9": 2.4180742023964195, "2023_26_1": 0.13714450700158795, "2023_26_3": 0.010827197921177997, "2023_26_6": 0.046917857658438, "2023_26_7": 1.6132524902555214, "2023_26_8": 2.8944709109282516, "2023_26_9": 3.724556084885231, "2023_26_10": 0.20571676050238197, "2023_26_11": 0.19488956258120396, "2023_26_12": 0.8445214378518839, "2023_27_6": 2.6526634906886093, "2023_27_7": 20.871228526057454, "2023_27_10": 0.0036090659737259994, "2023_31_600": 0.036090659737259986, "2023_32_1": 0.2742890140031759, "2023_32_4": 2.024686011260285, "2023_32_6": 6.842789086184496, "2023_32_7": 7.607911072614407, "2023_32_9": 11.769164140320484, "2023_38_1": 0.036090659737259986, "2023_38_4": 1.0574563303017177, "2023_38_6": 33.08069871517251, "2023_38_8": 1.429190125595496}