{"2023_32_9": 0.030776332999923064, "2023_38_9": 0.03847041624990383, "2023_44_1": 0.04616449949988459, "2023_44_30_5_1": 0.030776332999923064, "2023_44_30_6": 0.015388166499961532, "2023_44_30_8": 0.9848426559975381, "2023_44_30_9": 0.05385858274986535, "2023_44_30_13": 0.023082249749942295, "2023_44_30_14": 4.093252288989768, "2023_44_30_16": 0.023082249749942295, "2023_44_30_20": 0.023082249749942295, "2023_44_30_25": 4.647226282988383, "2023_44_30_30": 0.5078094944987305, "2024_2_2_1": 0.023082249749942295, "2024_2_3": 0.023082249749942295, "2024_2_6": 0.04616449949988459, "2024_2_7": 22.989920750942524, "2024_2_7_1": 0.007694083249980766, "2024_2_8": 1.5695929829960764, "2024_2_12": 0.05385858274986535, "2024_2_13": 0.1769639147495576, "2024_3_6": 3.639301377240902, "2024_3_10": 30.291605755174277, "2024_8_3": 0.1538816649996153, "2024_8_4": 4.608755866738479, "2024_8_7": 25.682849888435793, "2024_8_8": 0.2154343309994614}