{"2022_44_25_5": 0.0213572534572054, "2022_44_30": 0.016017940092904054, "2022_44_30_2": 0.0106786267286027, "2022_44_30_5": 0.0106786267286027, "2022_44_30_10": 0.09610764055742431, "2022_45_12": 0.03737519355010946, "2022_45_13": 0.09076832719312296, "2022_45_15": 1.281435207432324, "2023_2_10": 0.026696566821506756, "2023_2_12": 0.20823322120775267, "2023_2_301": 0.0106786267286027, "2023_6_8": 0.05873244700731486, "2023_6_11": 0.1761973410219446, "2023_7_5": 0.03203588018580811, "2023_7_10": 11.399434032783383, "2023_7_15": 12.718244433765818, "2023_7_20": 5.819851567088472, "2023_12_1": 0.03203588018580811, "2023_12_1_1": 0.06407176037161622, "2023_12_5": 4.960222115435954, "2023_12_5_4": 0.4645202626942175, "2023_12_8": 0.00533931336430135, "2023_12_9": 9.04479683912649, "2023_12_9_1": 3.369106732874152, "2023_12_10": 1.3668642212611457, "2023_12_11": 3.3370708526883437, "2023_20_4_1": 45.34144908964707}