{"2023_7_30": 0.08056626575358233, "2023_12_9": 0.011509466536226047, "2023_12_9_1": 0.011509466536226047, "2023_20_4_1": 0.01726419980433907, "2023_20_7": 0.011509466536226047, "2023_20_9": 0.023018933072452095, "2023_26_3": 0.005754733268113024, "2023_26_7": 0.011509466536226047, "2023_26_8": 0.05179259941301721, "2023_26_9": 0.07481153248546929, "2023_26_10": 0.011509466536226047, "2023_26_11": 0.005754733268113024, "2023_26_12": 0.8517005236807272, "2023_27_6": 0.14386833170282556, "2023_27_7": 28.261495079703053, "2023_27_11": 0.005754733268113024, "2023_27_12": 0.011509466536226047, "2023_31_600": 0.005754733268113024, "2023_32_4": 0.17839673131150371, "2023_32_6": 0.14386833170282556, "2023_32_7": 0.30500086320999026, "2023_32_9": 3.2053864303389537, "2023_38_1": 0.005754733268113024, "2023_38_4": 0.028773666340565114, "2023_38_6": 29.43546066639811, "2023_38_8": 0.5869827933475283, "2023_38_9": 19.261092248374286, "2023_44_1": 17.252690337802846}