{"2023_32_9": 0.03315924728508663, "2023_38_9": 0.04973887092762994, "2023_44_1": 0.04144905910635828, "2023_44_30_5_1": 0.02486943546381497, "2023_44_30_6": 0.02486943546381497, "2023_44_30_7": 0.008289811821271658, "2023_44_30_8": 1.5750642460416144, "2023_44_30_9": 0.04144905910635828, "2023_44_30_13": 0.03315924728508663, "2023_44_30_14": 6.2090690541324705, "2023_44_30_16": 0.02486943546381497, "2023_44_30_20": 0.04973887092762994, "2023_44_30_25": 17.367155765564124, "2023_44_30_30": 1.0196468540164139, "2024_2_2_1": 0.03315924728508663, "2024_2_3": 0.016579623642543315, "2024_2_6": 0.06631849457017326, "2024_2_7": 37.92588908231782, "2024_2_7_1": 0.008289811821271658, "2024_2_8": 2.8599850783387213, "2024_2_12": 0.0580286827489016, "2024_2_13": 0.2321147309956064, "2024_3_6": 8.314681256735472, "2024_3_10": 0.870430241233524, "2024_8_3": 0.21553510735306305, "2024_8_4": 7.469120450965764, "2024_8_7": 15.427339799386552}