{"2024_3_20": 0.15156107911488328, "2024_3_25": 8.23279781752046, "2024_8_4": 0.04243710215216732, "2024_8_7": 0.22431039709002726, "2024_8_8": 0.01212488632919066, "2024_8_9": 4.856016974840861, "2024_8_12": 0.04243710215216732, "2024_9_5": 0.00606244316459533, "2024_14_3": 0.22431039709002726, "2024_14_5": 0.03031221582297666, "2024_14_6": 1.9278569263413154, "2024_14_7": 0.7759927250682023, "2024_14_8": 2.2976659593816304, "2024_14_9": 26.8748105486511, "2024_14_11": 0.08487420430433464, "2024_15_10": 0.00606244316459533, "2024_15_15": 4.261897544710518, "2024_20_1": 7.420430433464686, "2024_20_3": 3.4434677174901487, "2024_20_6": 0.5819945438011518, "2024_20_6_1": 0.03031221582297666, "2024_20_6_2": 3.546529251288269, "2024_20_7": 20.054561988481357, "2024_20_8": 0.1394361927856926, "2024_20_9": 14.598363140345558, "2024_20_9_1": 0.01212488632919066, "2024_26_1": 0.12124886329190664}