{"2024_2_6": 0.029937878901279844, "2024_2_7": 0.14220492478107927, "2024_2_8": 0.014968939450639922, "2024_3_6": 0.014968939450639922, "2024_3_10": 0.05987575780255969, "2024_3_15": 0.10478257615447945, "2024_3_25": 0.9804655340169148, "2024_8_7": 0.04490681835191976, "2024_8_9": 0.17962727340767903, "2024_14_3": 0.007484469725319961, "2024_14_5": 0.007484469725319961, "2024_14_6": 0.17962727340767903, "2024_14_7": 0.04490681835191976, "2024_14_8": 0.28440984956215853, "2024_14_9": 17.40887658109423, "2024_14_11": 0.007484469725319961, "2024_15_15": 4.962203427887133, "2024_20_1": 2.529750767158147, "2024_20_3": 1.6765212184716711, "2024_20_6": 0.2619564403861986, "2024_20_6_1": 0.014968939450639922, "2024_20_6_2": 2.6120799341366663, "2024_20_7": 20.103285682209414, "2024_20_8": 0.15717386423171917, "2024_20_9": 37.54210014220492, "2024_20_9_1": 0.02245340917595988, "2024_20_10": 0.9430431853903151, "2024_20_15": 4.2212409250804575, "2024_26_1": 0.08232916697851957, "2024_26_3_1": 5.358880323329092}