{"2023_44_30_13": 0.013612850530901171, "2023_44_30_14": 0.4628369180506398, "2023_44_30_25": 0.07487067791995644, "2023_44_30_30": 0.14974135583991288, "2024_2_6": 0.040838551592703505, "2024_2_7": 0.44241764225428803, "2024_2_8": 0.013612850530901171, "2024_2_12": 0.006806425265450586, "2024_3_6": 0.15654778110536344, "2024_3_10": 0.6329975496869044, "2024_3_15": 3.573373264361557, "2024_3_20": 0.2722570106180234, "2024_3_25": 20.08576095834468, "2024_8_3": 0.006806425265450586, "2024_8_4": 0.07487067791995644, "2024_8_7": 0.2586441600871222, "2024_8_8": 0.013612850530901171, "2024_8_9": 7.745711952082766, "2024_8_12": 0.04764497685815409, "2024_9_5": 0.006806425265450586, "2024_14_3": 0.4083855159270351, "2024_14_5": 0.04764497685815409, "2024_14_6": 4.383337870950176, "2024_14_7": 2.184862510209638, "2024_14_8": 6.180234141029131, "2024_14_9": 29.260822216172066, "2024_14_11": 0.10209637898175877, "2024_15_5": 0.03403212632725292, "2024_20_1": 23.318812959433703}