{"2024_3_6": 0.12303906490310675, "2024_3_10": 0.47370039987696094, "2024_3_15": 2.7437711473392805, "2024_3_20": 0.17225469086434944, "2024_3_25": 9.47400799753922, "2024_8_3": 0.006151953245155338, "2024_8_4": 0.04306367271608736, "2024_8_7": 0.23377422331590283, "2024_8_8": 0.012303906490310676, "2024_8_9": 5.407566902491541, "2024_8_12": 0.04306367271608736, "2024_9_5": 0.006151953245155338, "2024_14_3": 0.27683789603199016, "2024_14_5": 0.030759766225776686, "2024_14_6": 2.165487542294678, "2024_14_7": 0.9043371270378346, "2024_14_8": 2.7929867733005227, "2024_14_9": 29.307905259920027, "2024_14_11": 0.07997539218701938, "2024_15_10": 0.006151953245155338, "2024_15_15": 0.30759766225776686, "2024_20_1": 10.261458012919102, "2024_20_3": 6.238080590587512, "2024_20_6": 1.987080898185174, "2024_20_6_1": 0.04306367271608736, "2024_20_6_2": 14.955398338972623, "2024_20_7": 11.602583820362966, "2024_20_8": 0.3014457090126115}