{"2024_21_5": 0.33660092122357393, "2024_26_3_1": 1.1633400259832294, "2024_26_4": 0.01771583795913547, "2024_26_6": 0.602338490610606, "2024_26_7": 7.77725286406047, "2024_26_8": 5.8285106885555695, "2024_26_10": 1.5530884610842095, "2024_26_11": 0.24802173142789655, "2024_26_20": 1.3877406401322785, "2024_27_5": 0.2657375693870321, "2024_27_10": 0.8208338254399434, "2024_27_25": 3.9329160269280745, "2024_32": 0.029526396598559115, "2024_32_3": 6.389512223928192, "2024_32_4_1": 0.33660092122357393, "2024_32_4_2": 0.023621117278847293, "2024_32_5_3": 0.01771583795913547, "2024_32_5_4": 0.029526396598559115, "2024_32_6": 3.6022203850242116, "2024_32_7": 18.406755639541753, "2024_32_9": 0.1712531002716429, "2024_32_10": 38.31935750561002, "2024_32_20": 0.14172670367308376, "2024_32_20_1": 0.46651706625723394, "2024_33_15": 0.7086335183654189, "2024_33_25": 0.49013818353608135, "2024_38": 0.005905279319711823, "2024_38_2": 6.667060351954649, "2024_38_4": 0.2598322900673202}