{"2023_44_30_5_1": 0.02518098835379289, "2023_44_30_8": 0.5413912496065469, "2023_44_30_9": 0.03777148253068933, "2023_44_30_13": 0.018885741265344664, "2023_44_30_14": 2.322946175637394, "2023_44_30_20": 0.018885741265344664, "2023_44_30_25": 1.5738117721120553, "2023_44_30_30": 0.37141957821844507, "2024_2_2_1": 0.006295247088448222, "2024_2_3": 0.012590494176896444, "2024_2_6": 0.056657223796034, "2024_2_7": 8.448221592697514, "2024_2_8": 0.6610009442870632, "2024_2_12": 0.018885741265344664, "2024_2_13": 0.04406672961913756, "2024_3_6": 1.0890777463015422, "2024_3_10": 7.201762669184765, "2024_3_15": 6.307837582625118, "2024_3_20": 0.7176581680830973, "2024_3_25": 30.563424614416117, "2024_8_3": 0.06295247088448222, "2024_8_4": 1.4856783128737803, "2024_8_7": 4.387787220648411, "2024_8_8": 0.056657223796034, "2024_8_9": 27.264715140069246, "2024_8_12": 0.06295247088448222, "2024_14_3": 1.441611583254643, "2024_14_5": 0.09442870632672332, "2024_14_6": 5.105445388731507}