{"2024_14_7": 0.034048348655090224, "2024_14_8": 0.11576438542730677, "2024_14_9": 2.533197139938713, "2024_15_15": 3.874702076949268, "2024_20_1": 0.6605379639087504, "2024_20_3": 0.1974804221995233, "2024_20_6": 0.0068096697310180455, "2024_20_6_2": 0.1361933946203609, "2024_20_7": 2.560435818862785, "2024_20_8": 0.013619339462036091, "2024_20_9": 8.178413346952674, "2024_20_9_1": 0.0068096697310180455, "2024_20_10": 0.10214504596527066, "2024_20_15": 0.3881511746680286, "2024_21_5": 0.5924412665985699, "2024_26_1": 0.0068096697310180455, "2024_26_3_1": 2.12461695607763, "2024_26_4": 0.020429009193054133, "2024_26_6": 1.1167858358869596, "2024_26_7": 26.557711950970376, "2024_26_8": 23.55464759959142, "2024_26_10": 5.829077289751447, "2024_26_11": 1.1372148450800135, "2024_26_20": 4.637385086823289, "2024_27_5": 1.8862785154919988, "2024_27_10": 0.26557711950970375, "2024_32": 0.08171603677221653, "2024_32_3": 13.381001021450455}