{"2024_3_6": 0.12201073694485112, "2024_3_10": 0.5002440214738896, "2024_3_15": 2.69643728648121, "2024_3_20": 0.17081503172279158, "2024_3_25": 9.278916544655928, "2024_8_3": 0.006100536847242557, "2024_8_4": 0.042703757930697896, "2024_8_7": 0.2257198633479746, "2024_8_8": 0.012201073694485113, "2024_8_9": 5.283064909712055, "2024_8_12": 0.042703757930697896, "2024_9_5": 0.006100536847242557, "2024_14_3": 0.2562225475841874, "2024_14_5": 0.03050268423621278, "2024_14_6": 2.1229868228404096, "2024_14_7": 0.866276232308443, "2024_14_8": 2.708638360175695, "2024_14_9": 29.184968277208394, "2024_14_11": 0.07930697901415323, "2024_15_10": 0.006100536847242557, "2024_15_15": 0.5124450951683748, "2024_20_1": 9.92557345046364, "2024_20_3": 5.453879941434845, "2024_20_6": 1.2567105905319669, "2024_20_6_1": 0.03050268423621278, "2024_20_6_2": 9.11420204978038, "2024_20_7": 19.741337237676916, "2024_20_8": 0.3233284529038555}