{"2023_44_1": 0.012808197246237591, "2023_44_30_5_1": 0.012808197246237591, "2023_44_30_8": 0.5891770733269291, "2023_44_30_9": 0.03842459173871277, "2023_44_30_13": 0.025616394492475183, "2023_44_30_14": 2.6128722382324687, "2023_44_30_16": 0.006404098623118796, "2023_44_30_20": 0.019212295869356386, "2023_44_30_25": 1.8764008965738068, "2023_44_30_30": 0.4034582132564841, "2024_2_2_1": 0.012808197246237591, "2024_2_3": 0.012808197246237591, "2024_2_6": 0.051232788984950366, "2024_2_7": 9.977585654819084, "2024_2_8": 0.7556836375280178, "2024_2_12": 0.025616394492475183, "2024_2_13": 0.04482869036183156, "2024_3_6": 1.2808197246237591, "2024_3_10": 8.959333973743194, "2024_3_15": 8.664745437079729, "2024_3_20": 0.9606147934678193, "2024_3_25": 25.02721741914825, "2024_8_3": 0.07684918347742555, "2024_8_4": 1.837976304835094, "2024_8_7": 5.565161703490233, "2024_8_8": 0.08325328210054433, "2024_8_9": 29.939161063080373, "2024_8_12": 0.10246557796990073, "2024_14_3": 1.0246557796990072}