{"2023_44_30_25": 0.07889027677338768, "2023_44_30_30": 0.17092893300900663, "2024_2_6": 0.03944513838669384, "2024_2_7": 0.401025573598054, "2024_2_8": 0.013148379462231281, "2024_3_6": 0.14463217408454404, "2024_3_10": 0.565380316875945, "2024_3_15": 3.2279271579777795, "2024_3_20": 0.2235224508579317, "2024_3_25": 13.076063375189007, "2024_8_3": 0.0065741897311156405, "2024_8_4": 0.05916770758004076, "2024_8_7": 0.23009664058904739, "2024_8_8": 0.013148379462231281, "2024_8_9": 6.771415423049108, "2024_8_12": 0.046019328117809476, "2024_9_5": 0.0065741897311156405, "2024_14_3": 0.3550062454802445, "2024_14_5": 0.03944513838669384, "2024_14_6": 3.083294983893235, "2024_14_7": 1.3805798435342842, "2024_14_8": 3.977384787324962, "2024_14_9": 29.18940240615344, "2024_14_11": 0.11176122542896585, "2024_15_5": 0.03287094865557819, "2024_20_1": 36.45388205903622, "2024_20_3": 0.30241272763131943}