{"2023_26_9": 0.07177033492822965, "2023_26_12": 0.7272727272727272, "2023_27_6": 0.07177033492822965, "2023_27_7": 10.23444976076555, "2023_27_12": 4.1291866028708135, "2023_32_1": 0.004784688995215311, "2023_32_4": 0.0956937799043062, "2023_32_6": 0.11961722488038277, "2023_32_7": 0.1818181818181818, "2023_32_9": 1.3205741626794256, "2023_38_1": 0.004784688995215311, "2023_38_4": 0.019138755980861243, "2023_38_6": 8.186602870813397, "2023_38_8": 0.20574162679425834, "2023_38_9": 4.732057416267943, "2023_38_9_1": 0.46411483253588515, "2023_44_1": 23.794258373205736, "2023_44_25": 0.004784688995215311, "2023_44_30_1": 0.6411483253588517, "2023_44_30_2": 1.8086124401913877, "2023_44_30_3": 0.03349282296650718, "2023_44_30_4": 1.3923444976076556, "2023_44_30_5_1": 33.94736842105263, "2023_44_30_6": 7.803827751196171, "2023_44_30_10": 0.004784688995215311}