{"2024_20_15": 0.25986583670756025, "2024_21_5": 0.3444733184263008, "2024_26_3_1": 1.2509820511270924, "2024_26_4": 0.018130174654015833, "2024_26_6": 0.6285127213392155, "2024_26_7": 8.418444431014684, "2024_26_8": 6.212606514776091, "2024_26_10": 1.7163232005801654, "2024_26_11": 0.26590922825889884, "2024_26_20": 1.4866743216292984, "2024_27_5": 0.2779960113615761, "2024_27_10": 0.9427690820088233, "2024_27_25": 4.441892790233879, "2024_32": 0.030216957756693055, "2024_32_3": 7.09494168127153, "2024_32_4_1": 0.3686468846316553, "2024_32_4_2": 0.030216957756693055, "2024_32_5_3": 0.024173566205354442, "2024_32_5_4": 0.030216957756693055, "2024_32_6": 4.206200519731674, "2024_32_7": 24.324650994137905, "2024_32_9": 0.5257750649664592, "2024_32_10": 35.20879917809875, "2024_32_20": 0.15712818033480389, "2024_32_20_1": 1.1059406538949657, "2024_38": 0.012086783102677221, "2024_38_2": 0.6164259382365382}