{"2023_20_4_1": 0.06499368116988627, "2023_20_7": 0.061382921104892595, "2023_20_8": 0.09749052175482942, "2023_20_9": 2.426430763675754, "2023_26_1": 0.1372088824697599, "2023_26_3": 0.010832280194981045, "2023_26_6": 0.04693988084491786, "2023_26_7": 1.6176205091171694, "2023_26_8": 2.9102726123849068, "2023_26_9": 3.744358187398448, "2023_26_10": 0.20581332370463984, "2023_26_11": 0.1913702834446651, "2023_26_12": 0.8413070951435278, "2023_27_6": 2.668351688030331, "2023_27_7": 20.84491785520852, "2023_27_10": 0.0036107600649936808, "2023_31_600": 0.036107600649936816, "2023_32_1": 0.27802852500451347, "2023_32_4": 2.0328579165914427, "2023_32_6": 6.903773244267919, "2023_32_7": 7.672865138111574, "2023_32_9": 11.864957573569237, "2023_38_1": 0.036107600649936816, "2023_38_4": 1.0579526990431487, "2023_38_6": 32.77847987001264, "2023_38_8": 1.4659685863874348}