{"2023_6_8": 0.05102691669855848, "2023_6_11": 0.06378364587319811, "2023_7_5": 0.017008972232852828, "2023_7_10": 2.7086788280818133, "2023_7_15": 1.360717778628226, "2023_7_20": 24.050686737253898, "2023_7_25": 0.004252243058213207, "2023_7_26": 0.3104137432495641, "2023_12_1": 0.01275672917463962, "2023_12_1_1": 0.07228813198962453, "2023_12_5": 1.8412212442063185, "2023_12_5_4": 0.22536888208529998, "2023_12_8": 0.004252243058213207, "2023_12_9": 3.2954883701152355, "2023_12_9_1": 0.7739082365948037, "2023_12_10": 0.5187736531020113, "2023_12_11": 1.4415103967342775, "2023_20_4_1": 6.161500191350937, "2023_20_6": 0.10630607645533018, "2023_20_7": 4.860313815537695, "2023_20_8": 2.9638134115746055, "2023_20_9": 33.915890632308546, "2023_26_1": 1.4415103967342775, "2023_26_3": 0.06803588893141131, "2023_26_6": 1.2544117021728962, "2023_26_7": 12.476081132797551}