{"2023_27_7": 0.02611647949856359, "2023_32_7": 0.017410986332375727, "2023_32_9": 0.034821972664751455, "2023_38_9": 0.05223295899712718, "2023_44_1": 0.04352746583093932, "2023_44_30_5_1": 0.02611647949856359, "2023_44_30_6": 0.017410986332375727, "2023_44_30_8": 1.9065030033951422, "2023_44_30_9": 0.034821972664751455, "2023_44_30_13": 0.05223295899712718, "2023_44_30_14": 6.990511012448857, "2023_44_30_16": 0.02611647949856359, "2023_44_30_20": 0.060938452163315046, "2023_44_30_25": 19.36101680160181, "2023_44_30_30": 0.9314877687821015, "2024_2_2_1": 0.034821972664751455, "2024_2_3": 0.017410986332375727, "2024_2_6": 0.06964394532950291, "2024_2_7": 46.08688082179855, "2024_2_7_1": 0.008705493166187864, "2024_2_8": 3.66501262296509, "2024_2_12": 0.2698702881518238, "2024_2_13": 0.35692521981370245, "2024_3_5": 0.008705493166187864, "2024_3_6": 0.3656307129798903, "2024_8_3": 0.5223295899712719, "2024_8_4": 16.618786454252632, "2024_8_7": 2.3940106207016627}