{"2022_44_25_2": 0.017624250969333802, "2022_44_25_3": 0.05287275290800142, "2022_44_25_5": 0.05874750323111267, "2022_44_30": 0.10574550581600284, "2022_44_30_2": 0.017624250969333802, "2022_44_30_5": 0.0058747503231112675, "2022_44_30_10": 0.20561626130889435, "2022_45_11": 0.02349900129244507, "2022_45_12": 0.11162025613911408, "2022_45_13": 0.27023851486311834, "2022_45_15": 30.907061449888378, "2023_2_0_5": 0.02349900129244507, "2023_2_10": 0.20561626130889435, "2023_2_11": 0.011749500646222535, "2023_2_12": 1.6449300904711548, "2023_2_13": 0.017624250969333802, "2023_2_201": 0.0058747503231112675, "2023_2_301": 0.017624250969333802, "2023_6_1": 0.0058747503231112675, "2023_6_8": 0.4993537774644577, "2023_6_9": 0.04112325226177887, "2023_6_11": 0.7402185407120198, "2023_6_11_2": 0.017624250969333802, "2023_7_5": 0.7343437903889084, "2023_12_1": 0.7108447890964633, "2023_12_1_1": 4.928915521090353, "2023_12_5": 56.86170837739396, "2023_12_5_3": 0.7108447890964633, "2023_12_8": 1.0457055575138057}