{"2022_44_25_2": 0.016201328508937737, "2022_44_25_3": 0.05940487119943836, "2022_44_25_5": 0.027002214181562893, "2022_44_30": 0.05400442836312579, "2022_44_30_5": 0.010800885672625157, "2022_44_30_10": 0.10260841388993898, "2022_45_11": 0.005400442836312578, "2022_45_12": 0.05940487119943836, "2022_45_13": 0.14041151374412705, "2022_45_15": 6.183507047577903, "2023_2_10": 0.10260841388993898, "2023_2_11": 0.005400442836312578, "2023_2_12": 0.6642544688664472, "2023_2_201": 0.005400442836312578, "2023_2_301": 0.010800885672625157, "2023_6_8": 0.13501107090781445, "2023_6_11": 0.6264513690122592, "2023_7_5": 0.21061727061619054, "2023_7_10": 25.05265431765405, "2023_12_1": 0.09720797105362641, "2023_12_1_1": 0.3186261273424421, "2023_12_5": 26.07333801371713, "2023_12_5_3": 0.10800885672625157, "2023_12_5_4": 0.6858562402116974, "2023_12_8": 0.08640708538100125, "2023_12_9": 37.03083652859535, "2023_12_9_1": 0.16741372792568993, "2023_12_10": 1.9603607495814663}