{"2023_38_9_1": 0.03584229390681003, "2023_44_30_14": 0.03584229390681003, "2023_44_30_30": 0.07168458781362005, "2024_8_9": 0.03584229390681003, "2024_14_9": 0.03584229390681003, "2024_15_15": 0.03584229390681003, "2024_20_6_2": 0.03584229390681003, "2024_26_8": 0.21505376344086022, "2024_32_6": 0.07168458781362005, "2024_32_7": 0.3942652329749103, "2024_32_10": 0.7526881720430108, "2024_33_5": 0.6451612903225805, "2024_33_35": 0.17921146953405015, "2024_33_40": 0.07168458781362005, "2024_38_2": 0.03584229390681003, "2024_38_6": 0.1433691756272401, "2024_38_7": 0.32258064516129026, "2024_39_5": 0.03584229390681003, "2024_39_15": 0.1433691756272401, "2024_44_3_1": 0.6451612903225805, "2024_44_4": 1.7562724014336915, "2024_44_25_2": 17.956989247311824, "2024_44_25_3": 0.32258064516129026, "2024_44_25_4": 3.369175627240143, "2024_45_25_5": 13.799283154121863, "2024_45_25_6": 3.584229390681003, "2024_45_25_10": 0.5017921146953405, "2024_45_25_15": 8.602150537634408, "2024_45_32": 7.813620071684587, "2024_45_32_1": 12.867383512544803, "2024_45_32_2": 23.978494623655912, "2024_45_32_5": 0.7885304659498206, "2024_45_32_6": 0.1433691756272401, "2025_2": 0.5734767025089604}