{"2024_27_5": 0.22846988639969543, "2024_27_10": 0.6917560449324112, "2024_27_25": 3.154153709462462, "2024_32": 0.031731928666624366, "2024_32_3": 5.540394745192614, "2024_32_4_1": 0.2411626578663452, "2024_32_4_2": 0.025385542933299494, "2024_32_5_3": 0.019039157199974618, "2024_32_5_4": 0.025385542933299494, "2024_32_6": 2.697213936663071, "2024_32_7": 8.624738211588502, "2024_32_9": 0.04442470013327411, "2024_32_9_1": 0.031731928666624366, "2024_32_10": 21.15885003490513, "2024_32_20": 0.0951957859998731, "2024_32_20_1": 0.2792409722662944, "2024_33_5": 22.4281271815701, "2024_33_15": 0.8948403883988071, "2024_33_25": 0.26654820079964464, "2024_33_30": 0.012692771466649747, "2024_33_35": 9.01186774132132, "2024_38": 0.0063463857333248734, "2024_38_2": 1.948340420130736, "2024_38_4": 0.196737957733071, "2024_38_6": 2.3164307926635783, "2024_38_7": 10.814241289585585, "2024_39_5": 0.3744367582661675, "2024_44_1": 0.5267500158659644, "2024_44_3": 1.6690994478644416, "2024_44_3_1": 6.644665862791142}