{"2023_38_6": 6.40718281389555, "2023_38_8": 0.1551262163305599, "2023_38_9": 3.2999576928500924, "2023_38_9_1": 0.18803177737037563, "2023_44_1": 14.313919052319843, "2023_44_9_1": 0.004700794434259389, "2023_44_9_2": 0.009401588868518778, "2023_44_25": 0.004700794434259389, "2023_44_30_1": 0.17392939406759744, "2023_44_30_2": 0.4559770601231608, "2023_44_30_3": 0.009401588868518778, "2023_44_30_4": 0.3008508437926009, "2023_44_30_5_1": 5.382409627227002, "2023_44_30_6": 1.0764819254454003, "2023_44_30_7": 0.8931509425092842, "2023_44_30_8": 34.400413669910215, "2023_44_30_9": 11.267804258919758, "2023_44_30_10": 0.004700794434259389, "2023_44_30_12": 0.023503972171296954, "2023_44_30_13": 0.3525595825694543, "2023_44_30_14": 0.16452780519907864, "2023_44_30_15": 0.004700794434259389, "2024_2_2": 0.12692144972500352, "2024_2_2_1": 15.05194377849857, "2024_2_3": 5.753772387533493, "2024_2_6": 0.17392939406759744}