{"2023_38_6": 6.882471589511488, "2023_38_8": 0.1623456486446598, "2023_38_9": 3.640478181728736, "2023_38_9_1": 0.1967826044177695, "2023_44_1": 16.01810399960644, "2023_44_9_1": 0.009839130220888476, "2023_44_9_2": 0.009839130220888476, "2023_44_25": 0.004919565110444238, "2023_44_30_1": 0.21646086485954644, "2023_44_30_2": 0.5559108574801988, "2023_44_30_3": 0.009839130220888476, "2023_44_30_4": 0.38864564372509475, "2023_44_30_5_1": 6.326560732031289, "2023_44_30_6": 1.264328233384169, "2023_44_30_7": 1.097063019629065, "2023_44_30_8": 49.549859792394365, "2023_44_30_9": 13.322182319082994, "2023_44_30_10": 0.004919565110444238, "2023_44_30_12": 0.02951739066266542, "2023_44_30_13": 0.30993260195798694}