{"2023_38_6": 5.910600484696167, "2023_38_8": 0.14361367920294407, "2023_38_9": 3.006911408311642, "2023_38_9_1": 0.14361367920294407, "2023_44_1": 12.633515842383986, "2023_44_9_2": 0.008975854950184005, "2023_44_25": 0.004487927475092002, "2023_44_30_1": 0.1481016066780361, "2023_44_30_2": 0.40391347275828027, "2023_44_30_3": 0.008975854950184005, "2023_44_30_4": 0.26029979355533617, "2023_44_30_5_1": 4.501391257517278, "2023_44_30_6": 0.8661700026927566, "2023_44_30_7": 0.7719235257158243, "2023_44_30_8": 21.488196750740507, "2023_44_30_9": 5.466295664662059, "2023_44_30_10": 0.004487927475092002, "2023_44_30_12": 0.013463782425276008, "2023_44_30_13": 0.3724979804326362, "2023_44_30_14": 12.476438380755768, "2023_44_30_20": 0.32761870568171614, "2024_2_2": 0.08078269455165604, "2024_2_2_1": 6.9024324566915, "2024_2_3": 2.0464949286419527, "2024_2_6": 6.215779553002424, "2024_2_7": 15.793016784848756}