{"2023_6_11": 0.01341621573274898, "2023_7_10": 0.2012432359912347, "2023_7_15": 0.13863422923840615, "2023_7_20": 4.315549394034256, "2023_7_26": 0.07155315057466125, "2023_7_30": 22.883591968158846, "2023_12_1_1": 0.031304503376414286, "2023_12_5": 0.07602522248557755, "2023_12_5_4": 0.008944143821832656, "2023_12_9": 0.07602522248557755, "2023_12_9_1": 0.01788828764366531, "2023_12_10": 0.08049729439649388, "2023_12_11": 0.08944143821832654, "2023_20_4_1": 0.13416215732748982, "2023_20_7": 0.16099458879298775, "2023_20_8": 0.22807566745673266, "2023_20_9": 5.2054917043066045, "2023_26_1": 0.3085729618532265, "2023_26_3": 0.01341621573274898, "2023_26_6": 0.12074594159474084, "2023_26_7": 5.800277268458476, "2023_26_8": 14.637091364429136, "2023_26_9": 19.167300210187374, "2023_26_10": 0.9346630293815125, "2023_26_11": 0.8228612316086042, "2023_27_5": 0.008944143821832656, "2023_32_1": 2.6340503555297166, "2023_32_4": 21.81923885336076}