{"2023_44_1": 11.93016488845781, "2023_44_30_1": 0.12470555632534296, "2023_44_30_2": 0.36487922035933684, "2023_44_30_3": 0.009237448616692071, "2023_44_30_4": 0.23555493972564778, "2023_44_30_5_1": 3.999815251027666, "2023_44_30_6": 0.7620895108770959, "2023_44_30_7": 0.7112835434852894, "2023_44_30_8": 16.886056071313106, "2023_44_30_9": 3.8520160731605935, "2023_44_30_10": 0.004618724308346036, "2023_44_30_12": 0.013856172925038105, "2023_44_30_13": 0.3787353932843749, "2023_44_30_14": 10.022631749110896, "2023_44_30_16": 0.02771234585007621, "2023_44_30_20": 0.11546810770865092, "2023_44_30_25": 5.242252089972752, "2024_2_2": 0.0785183132418826, "2024_2_2_1": 4.420119163087157, "2024_2_3": 1.0946376610780106, "2024_2_6": 1.6581220266962269, "2024_2_7": 28.012562930118705, "2024_2_7_1": 0.004618724308346036, "2024_2_8": 2.046094868597294, "2024_8_3": 0.2817421828091082, "2024_8_4": 7.722507043554572}