{"2022_44_30_10": 0.05611672278338946, "2022_45_12": 0.030609121518212427, "2022_45_13": 0.05101520253035405, "2022_45_15": 1.0662177328843996, "2023_2_10": 0.025507601265177024, "2023_2_12": 0.16835016835016833, "2023_2_301": 0.010203040506070809, "2023_6_8": 0.05101520253035405, "2023_6_11": 0.1275380063258851, "2023_7_5": 0.030609121518212427, "2023_7_10": 6.137128864401591, "2023_7_15": 3.494541373329252, "2023_7_20": 20.2734414855627, "2023_12_1": 0.015304560759106214, "2023_12_1_1": 0.07142128354249568, "2023_12_5": 3.71900826446281, "2023_12_5_4": 0.4081216202428324, "2023_12_8": 0.005101520253035404, "2023_12_9": 6.769717375777982, "2023_12_9_1": 2.224262830323436, "2023_12_10": 1.0917253341495763, "2023_12_11": 3.9638812366085094, "2023_20_4_1": 48.831751862054894, "2023_20_6": 1.2141618202224265, "2023_20_7": 0.16324864809713294}