{"2023_26_12": 0.4756677643615074, "2023_27_7": 0.0274423710208562, "2023_32_7": 0.01829491401390413, "2023_32_9": 0.0274423710208562, "2023_38_6": 0.009147457006952065, "2023_38_9": 0.04573728503476032, "2023_44_1": 0.04573728503476032, "2023_44_30_5_1": 0.0274423710208562, "2023_44_30_6": 0.009147457006952065, "2023_44_30_7": 0.009147457006952065, "2023_44_30_8": 2.780826930113428, "2023_44_30_9": 0.01829491401390413, "2023_44_30_13": 0.06403219904866446, "2023_44_30_14": 8.918770581778263, "2023_44_30_16": 0.04573728503476032, "2023_44_30_20": 0.09147457006952064, "2023_44_30_25": 17.334431028174162, "2023_44_30_30": 0.20124405415294544, "2024_2_2_1": 0.03658982802780826, "2024_2_3": 0.0274423710208562, "2024_2_6": 0.07317965605561652, "2024_2_7": 47.621661178192454, "2024_2_7_1": 0.009147457006952065, "2024_2_8": 3.7778997438712025, "2024_2_12": 0.07317965605561652, "2024_8_3": 0.5488474204171239, "2024_8_4": 17.682034394438343}