{"2024_20_6_2": 0.12631047113805732, "2024_20_7": 1.9514967790829854, "2024_20_9": 6.340785651130478, "2024_20_10": 0.06315523556902866, "2024_20_15": 0.3157761778451432, "2024_21_5": 0.4357711254262977, "2024_26_1": 0.006315523556902866, "2024_26_3_1": 1.6230895541240364, "2024_26_4": 0.0189465706707086, "2024_26_6": 0.8147025388404697, "2024_26_7": 12.681571302260956, "2024_26_8": 9.195402298850572, "2024_26_10": 2.7535682708096494, "2024_26_11": 0.4294556018693948, "2024_26_20": 2.15990905646078, "2024_27_5": 0.562081596564355, "2024_27_10": 2.0020209675382086, "2024_27_25": 19.912845774914732, "2024_32": 0.0378931413414172, "2024_32_3": 31.647088543640262, "2024_32_4_1": 2.9304029304029298, "2024_32_4_2": 0.29051408361753184, "2024_32_5_3": 0.06315523556902866, "2024_32_5_4": 0.7452317797145381, "2024_32_6": 2.8104079828217756, "2024_32_20": 0.08210180623973726}