{"2024_8_7": 0.07786140669608099, "2024_8_9": 0.21411886841422273, "2024_14_3": 0.019465351674020248, "2024_14_6": 0.1427459122761485, "2024_14_7": 0.05190760446405399, "2024_14_8": 0.22709576953023622, "2024_14_9": 11.205554113677655, "2024_14_11": 0.006488450558006749, "2024_15_15": 4.756034259018947, "2024_20_1": 1.7648585517778357, "2024_20_3": 1.1095250454191539, "2024_20_6": 0.1492343628341552, "2024_20_6_1": 0.012976901116013498, "2024_20_6_2": 1.5896703867116533, "2024_20_7": 7.967817285232287, "2024_20_8": 0.06488450558006749, "2024_20_9": 24.623669867635613, "2024_20_9_1": 0.025953802232026996, "2024_20_10": 0.2660264728782767, "2024_20_15": 0.44770308850246565, "2024_21_5": 0.8629639242148976, "2024_26_1": 0.032442252790033745, "2024_26_3_1": 3.873604983130029, "2024_26_4": 0.019465351674020248, "2024_26_6": 2.1801193874902673, "2024_26_7": 32.46171814170776, "2024_26_10": 5.560602128211784, "2024_26_20": 0.285491824552297}