{"2023_44_30_5_1": 0.019015021867275154, "2023_44_30_8": 0.5514356341509794, "2023_44_30_9": 0.03803004373455031, "2023_44_30_13": 0.019015021867275154, "2023_44_30_14": 2.3642010521645442, "2023_44_30_20": 0.019015021867275154, "2023_44_30_25": 1.6036001774735378, "2023_44_30_30": 0.3676237561006529, "2024_2_2_1": 0.00633834062242505, "2024_2_3": 0.0126766812448501, "2024_2_6": 0.0507067249794004, "2024_2_7": 8.65817329023262, "2024_2_8": 0.6718641059770553, "2024_2_12": 0.019015021867275154, "2024_2_13": 0.044368384356975356, "2024_3_6": 1.134562971414084, "2024_3_10": 7.504595296951259, "2024_3_15": 6.566520884832353, "2024_3_20": 0.741585852823731, "2024_3_25": 30.069087912784436, "2024_8_3": 0.06338340622425051, "2024_8_4": 1.5528934524941373, "2024_8_7": 4.531913545033911, "2024_8_8": 0.06338340622425051, "2024_8_9": 29.935982759713514, "2024_8_12": 0.06338340622425051, "2024_14_3": 1.521201749382012, "2024_14_5": 0.2028268999176016, "2024_14_6": 1.6036001774735378}