{"2024_27_5": 0.216691431401684, "2024_27_10": 0.6624566617137198, "2024_27_25": 2.996532937097573, "2024_32": 0.030955918771669148, "2024_32_3": 5.2563150074294205, "2024_32_4_1": 0.2290737989103517, "2024_32_4_2": 0.02476473501733532, "2024_32_5_3": 0.01857355126300149, "2024_32_5_4": 0.02476473501733532, "2024_32_6": 2.5198117880138686, "2024_32_7": 7.899950470529965, "2024_32_9": 0.03714710252600298, "2024_32_9_1": 0.01238236750866766, "2024_32_10": 18.028727092620116, "2024_32_20": 0.08667657256067361, "2024_32_20_1": 0.24145616641901932, "2024_33_5": 19.03789004457653, "2024_33_15": 0.44576523031203563, "2024_33_25": 0.22288261515601782, "2024_33_30": 0.01238236750866766, "2024_33_35": 8.754333828628035, "2024_38": 0.00619118375433383, "2024_38_2": 1.6592372461614662, "2024_38_4": 0.16716196136701342, "2024_38_6": 1.9006934125804855, "2024_38_7": 6.915552253590887, "2024_39_5": 1.058692421991085, "2024_44_1": 0.2662209014363547, "2024_44_3": 1.0710747894997525, "2024_44_3_1": 20.19564140663695}