{"2023_38_6": 6.089772830946081, "2023_38_8": 0.14597208283915697, "2023_38_9": 3.088221877565915, "2023_38_9_1": 0.15965696560532797, "2023_44_1": 13.228720007298604, "2023_44_9_2": 0.00912325517744731, "2023_44_25": 0.004561627588723655, "2023_44_30_1": 0.1550953380166043, "2023_44_30_2": 0.4196697381625763, "2023_44_30_3": 0.00912325517744731, "2023_44_30_4": 0.2691360277346957, "2023_44_30_5_1": 4.734969437095155, "2023_44_30_6": 0.9260104005109022, "2023_44_30_7": 0.8165313383815345, "2023_44_30_8": 23.350971626676394, "2023_44_30_9": 6.41364838974546, "2023_44_30_10": 0.004561627588723655, "2023_44_30_12": 0.01368488276617097, "2023_44_30_13": 0.3694918346866161, "2023_44_30_14": 12.822735151902195, "2023_44_30_20": 0.28738253808959036, "2024_2_2": 0.09123255177447312, "2024_2_2_1": 8.931666818720918, "2024_2_3": 3.3573579053006104, "2024_2_6": 11.436000364930207, "2024_2_7": 2.8647021257184555}