{"2024_3_6": 0.12281994595922381, "2024_3_10": 0.48513878653893405, "2024_3_15": 2.726602800294769, "2024_3_20": 0.17194792434291334, "2024_3_25": 9.401866863178583, "2024_8_3": 0.006140997297961191, "2024_8_4": 0.042986981085728335, "2024_8_7": 0.23335789732252524, "2024_8_8": 0.012281994595922382, "2024_8_9": 5.397936624907887, "2024_8_12": 0.042986981085728335, "2024_9_5": 0.006140997297961191, "2024_14_3": 0.2763448784082536, "2024_14_5": 0.030704986489805953, "2024_14_6": 2.161631048882339, "2024_14_7": 0.8843036109064115, "2024_14_8": 2.7818717759764198, "2024_14_9": 29.29255711127488, "2024_14_11": 0.07983296487349549, "2024_15_10": 0.006140997297961191, "2024_15_15": 0.3930238270695162, "2024_20_1": 10.218619503807423, "2024_20_3": 6.251535249324491, "2024_20_6": 1.9835421272414646, "2024_20_6_1": 0.042986981085728335, "2024_20_6_2": 14.971751412429384, "2024_20_7": 11.674035863424225, "2024_20_8": 0.3009088676000984}