{"2024_27_25": 2.8927650165827297, "2024_32": 0.030708758137820903, "2024_32_3": 5.103795602505834, "2024_32_4_1": 0.2211030585923105, "2024_32_4_2": 0.024567006510256725, "2024_32_5_3": 0.018425254882692543, "2024_32_5_4": 0.024567006510256725, "2024_32_6": 2.4382753961429797, "2024_32_7": 7.425377717725095, "2024_32_9": 0.036850509765385085, "2024_32_9_1": 0.012283503255128362, "2024_32_10": 16.11595627072841, "2024_32_20": 0.07984277115833435, "2024_32_20_1": 0.2088195553371821, "2024_33_5": 18.462105392457925, "2024_33_15": 0.3930721041641076, "2024_33_25": 0.2088195553371821, "2024_33_30": 0.012283503255128362, "2024_33_35": 8.150104409777668, "2024_33_40": 0.45448962043974944, "2024_38": 0.006141751627564181, "2024_38_2": 1.492445645498096, "2024_38_4": 0.15354379068910454, "2024_38_6": 1.7319739589730991, "2024_38_7": 5.687262007124431, "2024_39_5": 1.1914998157474512, "2024_44_1": 0.22724481021987472, "2024_44_3": 0.9396879990173197, "2024_44_3_1": 25.641813045080454, "2024_44_4": 0.10440977766859105, "2024_44_25_2": 0.509765385087827}