{"2023_44_1": 0.014296947601687043, "2023_44_30_8": 0.08578168561012225, "2023_44_30_9": 0.021445421402530564, "2023_44_30_13": 0.014296947601687043, "2023_44_30_14": 0.5218385874615771, "2023_44_30_25": 0.09293015941096579, "2023_44_30_30": 0.16441489741940102, "2024_2_6": 0.028593895203374086, "2024_2_7": 0.46465079705482887, "2024_2_8": 0.021445421402530564, "2024_2_12": 0.0071484738008435215, "2024_3_6": 0.2001572664236186, "2024_3_10": 0.7219958538851957, "2024_3_15": 4.374865966116236, "2024_3_20": 0.39316605904639373, "2024_3_25": 34.99177925512903, "2024_8_4": 0.07148473800843522, "2024_8_7": 0.2787904782328973, "2024_8_8": 0.014296947601687043, "2024_8_9": 9.793409107155624, "2024_8_12": 0.05718779040674817, "2024_9_5": 0.014296947601687043, "2024_14_3": 0.5718779040674817, "2024_14_5": 0.05003931660590465, "2024_14_6": 7.212810065051113, "2024_14_7": 3.6814640074344136, "2024_14_8": 18.192865823146764, "2024_14_9": 17.420830652655663, "2024_14_11": 0.5218385874615771}