{"2024_32_9": 0.04290924694271616, "2024_32_9_1": 0.014303082314238722, "2024_32_10": 16.391332332117575, "2024_32_20": 0.09297003504255168, "2024_32_20_1": 0.22884931702781955, "2024_33_5": 16.276907673603663, "2024_33_15": 0.4505470928985197, "2024_33_25": 0.19309161124222277, "2024_33_30": 0.014303082314238722, "2024_33_35": 6.350568547521991, "2024_33_40": 0.8081241507544877, "2024_38": 0.007151541157119361, "2024_38_2": 1.5876421368804978, "2024_38_4": 0.17878852892798403, "2024_38_6": 1.7807337481227208, "2024_38_7": 4.963169563040837, "2024_39_5": 0.9797611385253523, "2024_39_15": 0.24315239934205823, "2024_44_1": 0.21454623471358078, "2024_44_3": 0.8081241507544877, "2024_44_3_1": 20.23886147464779, "2024_44_4": 0.6078809983551456, "2024_44_25_2": 13.452048916541518, "2024_44_25_3": 0.5506686690981908, "2024_44_25_4": 0.6078809983551456, "2024_45_25_5": 3.3326181792176217, "2024_45_25_6": 0.7366087391832941, "2024_45_25_10": 0.18594007008510335, "2024_45_32": 8.660516341271544}