{"2022_40_4_2": 0.06875760300417835, "2022_44_2": 0.12164806685354632, "2022_44_25_1": 0.06346855661924156, "2022_44_25_2": 0.1428042523932935, "2022_44_25_3": 0.7034431691965939, "2022_44_25_5": 1.2059025757655895, "2022_44_30": 0.5236155921087429, "2022_44_30_1": 0.05817951023430475, "2022_44_30_2": 0.10049188131379912, "2022_44_30_5": 1.9622362088115513, "2022_44_30_10": 19.61178399534564, "2022_45_10": 0.01586713915481039, "2022_45_11": 0.33849896863595497, "2022_45_12": 7.394086846141641, "2022_45_13": 2.6074998677738406, "2022_45_14": 0.06346855661924156, "2023_2_0_5": 0.05817951023430475, "2023_2_10": 1.0948326016819168, "2023_2_11": 0.15867139154810392, "2023_2_12": 28.66663140635744, "2023_2_13": 0.021156185539747185, "2023_2_201": 0.021156185539747185, "2023_2_301": 0.18511662347278787, "2023_6_1": 0.5976622414978581, "2023_6_8": 29.37536362193897, "2023_6_9": 4.839477442217169}