{"2023_38_9": 3.1386514719848053, "2023_38_9_1": 0.1282051282051282, "2023_44_1": 13.271604938271606, "2023_44_9_2": 0.009496676163342831, "2023_44_25": 0.004748338081671416, "2023_44_30_1": 0.15669515669515668, "2023_44_30_2": 0.4273504273504274, "2023_44_30_3": 0.009496676163342831, "2023_44_30_4": 0.2706552706552707, "2023_44_30_5_1": 4.719848053181387, "2023_44_30_6": 0.9021842355175688, "2023_44_30_7": 0.8072174738841407, "2023_44_30_8": 22.393162393162395, "2023_44_30_9": 5.579297245963912, "2023_44_30_10": 0.004748338081671416, "2023_44_30_12": 0.014245014245014247, "2023_44_30_13": 0.39411206077872746, "2023_44_30_14": 13.36182336182336, "2023_44_30_16": 0.028490028490028494, "2023_44_30_20": 0.3513770180436847, "2024_2_2": 0.08547008547008547, "2024_2_2_1": 6.923076923076923, "2024_2_3": 1.9800569800569803, "2024_2_6": 6.0398860398860394, "2024_2_7": 18.603988603988604, "2024_2_8": 0.39411206077872746}