{"2023_44_30_9": 0.02136904337915806, "2023_44_30_13": 0.01424602891943871, "2023_44_30_14": 0.5128570410997935, "2023_44_30_25": 0.08547617351663224, "2023_44_30_30": 0.17095234703326448, "2024_2_6": 0.03561507229859677, "2024_2_7": 0.4701189543414773, "2024_2_8": 0.007123014459719355, "2024_2_12": 0.007123014459719355, "2024_3_6": 0.20656741933186124, "2024_3_10": 0.7265474748913741, "2024_3_15": 4.323669777049647, "2024_3_20": 0.3775197663651257, "2024_3_25": 34.9668779827623, "2024_8_4": 0.07123014459719354, "2024_8_7": 0.28492057838877416, "2024_8_8": 0.01424602891943871, "2024_8_9": 9.69442267967804, "2024_8_12": 0.05698411567775484, "2024_9_5": 0.007123014459719355, "2024_14_3": 0.5698411567775483, "2024_14_5": 0.04986110121803546, "2024_14_6": 7.108768430799915, "2024_14_7": 3.6541064178360285, "2024_14_8": 15.998290476529666, "2024_14_9": 19.74499608234205, "2024_14_11": 0.5484721133983902, "2024_15_5": 0.007123014459719355, "2024_20_1": 0.26355153500961603}