{"2022_44_25_3": 0.05934365913002195, "2022_44_25_5": 0.023737463652008784, "2022_44_30": 0.04747492730401757, "2022_44_30_2": 0.011868731826004392, "2022_44_30_5": 0.011868731826004392, "2022_44_30_10": 0.09494985460803514, "2022_45_11": 0.005934365913002196, "2022_45_12": 0.04747492730401757, "2022_45_13": 0.1246216841730461, "2022_45_15": 2.148240460506795, "2023_2_10": 0.07121239095602634, "2023_2_12": 0.34419322295412735, "2023_2_301": 0.011868731826004392, "2023_6_8": 0.07714675686902854, "2023_6_9": 0.005934365913002196, "2023_6_11": 0.7952050323422941, "2023_7_5": 0.04747492730401757, "2023_7_10": 29.962613494748087, "2023_7_15": 0.017803097739006585, "2023_12_1": 0.04747492730401757, "2023_12_1_1": 0.16022787965105928, "2023_12_5": 16.942614681621265, "2023_12_5_3": 0.005934365913002196, "2023_12_5_4": 0.7180582754732657, "2023_12_8": 0.005934365913002196, "2023_12_9": 33.57664233576642, "2023_12_9_1": 11.856863094178387, "2023_12_10": 2.219452851462821, "2023_12_11": 0.5578303958222063}