{"2022_36_20": 0.11253657438667569, "2022_40_4": 0.011253657438667568, "2022_40_4_1": 0.0731487733513392, "2022_40_4_2": 0.06752194463200539, "2022_44_2": 0.12941706054467703, "2022_44_25_1": 0.07877560207067298, "2022_44_25_2": 0.18005851901868108, "2022_44_25_3": 0.7765023632680622, "2022_44_25_5": 1.8399729912221476, "2022_44_30": 0.5683097006527121, "2022_44_30_1": 0.0731487733513392, "2022_44_30_2": 0.1069097456673419, "2022_44_30_5": 2.4926851226648665, "2022_44_30_10": 26.716182759396805, "2022_45_10": 0.016880486158001348, "2022_45_11": 1.2435291469727665, "2022_45_12": 1.2379023182534323, "2023_2_0_5": 0.06189511591267162, "2023_2_10": 1.2153950033760974, "2023_2_11": 0.19131217645734863, "2023_2_12": 33.507765023632686, "2023_2_13": 0.016880486158001348, "2023_2_201": 0.11253657438667569, "2023_6_1": 0.8496511366194014, "2023_6_8": 26.958136394328157, "2023_6_9": 1.3616925500787758}