{"2022_45_13": 0.0325626831650928, "2022_45_15": 0.14653207424291761, "2023_2_12": 0.1302507326603712, "2023_2_301": 0.0108542277216976, "2023_6_8": 0.0108542277216976, "2023_6_11": 0.02713556930424401, "2023_7_10": 0.9009009009009009, "2023_7_15": 0.8249213068490175, "2023_7_20": 27.32551828937371, "2023_7_26": 0.4178877672853576, "2023_12_1": 0.0054271138608488, "2023_12_1_1": 0.0434169108867904, "2023_12_5": 0.13567784652122003, "2023_12_5_4": 0.0325626831650928, "2023_12_9": 0.09768804949527841, "2023_12_9_1": 0.03798979702594161, "2023_12_10": 0.16281341582546402, "2023_12_11": 0.23879300987734725, "2023_20_4_1": 0.18452187126885922, "2023_20_7": 0.5264300445023337, "2023_20_8": 0.4830131336155433, "2023_20_9": 12.79713448388147, "2023_26_1": 0.7000976880494952, "2023_26_3": 0.03798979702594161, "2023_26_6": 0.40703353956366, "2023_26_7": 21.811570606751328, "2023_26_8": 32.47042222945837}