{"2022_44_25_3": 0.17759360663016133, "2022_44_25_5": 0.06906418035617384, "2022_44_30": 0.18252676236988802, "2022_44_30_2": 0.024665778698633515, "2022_44_30_5": 0.1627941394109812, "2022_44_30_10": 1.2184894677124958, "2022_45_11": 0.03946524591781363, "2022_45_12": 0.8386364757535396, "2022_45_13": 1.3319520497262098, "2022_45_14": 0.024665778698633515, "2022_45_15": 28.400177593606628, "2023_2_0_5": 0.024665778698633515, "2023_2_10": 0.37985299195895617, "2023_2_11": 0.014799467219180108, "2023_2_12": 7.666124019535298, "2023_2_13": 0.019732622958906813, "2023_2_201": 0.009866311479453407, "2023_2_301": 0.04439840165754033, "2023_6_1": 0.03946524591781363, "2023_6_8": 7.942380740959992, "2023_6_9": 1.0754279512604215, "2023_6_11": 6.457500863302254, "2023_6_11_2": 0.03946524591781363, "2023_6_15": 0.004933155739726703, "2023_12_1": 7.182674757042079, "2023_12_1_1": 35.42005821123772, "2023_12_5": 1.208623156233042}