{"2024_8_4": 0.037206994915044034, "2024_8_7": 0.20463847203274216, "2024_8_8": 0.01240233163834801, "2024_8_9": 4.688081359295548, "2024_8_12": 0.04340816073421804, "2024_9_5": 0.006201165819174005, "2024_14_3": 0.22324196949026417, "2024_14_5": 0.031005829095870026, "2024_14_6": 1.7549299268262435, "2024_14_7": 0.6945305717474887, "2024_14_8": 2.0339823886890738, "2024_14_9": 21.0405556244574, "2024_14_11": 0.08681632146843608, "2024_15_10": 0.006201165819174005, "2024_15_15": 4.272603249410889, "2024_20_1": 6.374798462110877, "2024_20_3": 2.6665013022448223, "2024_20_6": 0.3410641200545703, "2024_20_6_1": 0.018603497457522017, "2024_20_6_2": 2.598288478233908, "2024_20_7": 18.299640332382488, "2024_20_8": 0.1364256480218281, "2024_20_9": 30.850799950390673, "2024_20_9_1": 0.02480466327669602, "2024_20_10": 3.0075654222993924, "2024_26_1": 0.08061515564926205, "2024_26_3_1": 0.46508743643805034}