{"2023_38_6": 6.5515272623465615, "2023_38_8": 0.1570082786183271, "2023_38_9": 3.439908649728804, "2023_38_9_1": 0.1903130649919117, "2023_44_1": 15.00142734798744, "2023_44_9_1": 0.004757826624797792, "2023_44_9_2": 0.009515653249595584, "2023_44_25": 0.004757826624797792, "2023_44_30_1": 0.19507089161670949, "2023_44_30_2": 0.49481396897897045, "2023_44_30_3": 0.009515653249595584, "2023_44_30_4": 0.342563516985441, "2023_44_30_5_1": 5.718907603006946, "2023_44_30_6": 1.1513940432010659, "2023_44_30_7": 0.9705966314587495, "2023_44_30_8": 35.82643448472738, "2023_44_30_9": 11.590065658007422, "2023_44_30_10": 0.004757826624797792, "2023_44_30_12": 0.02854695974878675, "2023_44_30_13": 0.342563516985441, "2024_2_2": 0.18555523836711393, "2024_2_2_1": 17.11390236939766, "2024_2_3": 0.666095727471691}