{"2023_6_11": 0.014042314173375769, "2023_7_10": 0.24808088372963866, "2023_7_15": 0.17786931286275975, "2023_7_20": 5.1675716158022835, "2023_7_26": 0.08425388504025462, "2023_7_30": 22.42089496348998, "2023_12_1": 0.004680771391125257, "2023_12_1_1": 0.0327653997378768, "2023_12_5": 0.07489234225800412, "2023_12_5_4": 0.009361542782250515, "2023_12_9": 0.07021157086687885, "2023_12_9_1": 0.023403856955626287, "2023_12_10": 0.07489234225800412, "2023_12_11": 0.08893465643137988, "2023_20_4_1": 0.13574237034263242, "2023_20_7": 0.20127316981838603, "2023_20_8": 0.2434001123385133, "2023_20_9": 5.958621980902452, "2023_26_1": 0.3557386257255195, "2023_26_3": 0.01872308556450103, "2023_26_6": 0.13574237034263242, "2023_26_7": 7.91518442239281, "2023_26_8": 20.70773263433814, "2023_26_9": 25.908069649878296, "2023_26_10": 1.4182737315109528, "2023_26_11": 1.5165699307245832, "2023_32_1": 6.0756412656805825, "2023_32_4": 0.9174311926605505}