{"2023_26_12": 0.7237750583305558, "2023_27_6": 0.07142517022998905, "2023_27_7": 9.913813627922481, "2023_27_12": 4.00457121089472, "2023_32_4": 0.09523356030665207, "2023_32_6": 0.1142802723679825, "2023_32_7": 0.18094376458263894, "2023_32_9": 1.2904147421551355, "2023_38_1": 0.004761678015332603, "2023_38_4": 0.014285034045997812, "2023_38_6": 8.013904099804773, "2023_38_8": 0.19999047664396932, "2023_38_9": 4.575972572734632, "2023_38_9_1": 0.4904528355792581, "2023_44_1": 23.056044950240466, "2023_44_25": 0.004761678015332603, "2023_44_30_1": 0.5809247178705776, "2023_44_30_2": 1.5142136088757678, "2023_44_30_3": 0.033331746107328225, "2023_44_30_4": 1.2380362839864771, "2023_44_30_5_1": 35.69830008094853, "2023_44_30_6": 8.042474167896767, "2023_44_30_7": 0.1238036283986477, "2023_44_30_10": 0.014285034045997812}