{"2024_27_25": 2.915667097250415, "2024_32": 0.03075598203850649, "2024_32_3": 5.1239466076151805, "2024_32_4_1": 0.22144307067724667, "2024_32_4_2": 0.024604785630805186, "2024_32_5_3": 0.018453589223103892, "2024_32_5_4": 0.024604785630805186, "2024_32_6": 2.460478563080519, "2024_32_7": 7.486006028172479, "2024_32_9": 0.036907178446207785, "2024_32_9_1": 0.012302392815402593, "2024_32_10": 16.220704927108322, "2024_32_20": 0.07996555330011686, "2024_32_20_1": 0.2091406778618441, "2024_33_5": 18.435135633880783, "2024_33_15": 0.39982776650058427, "2024_33_25": 0.2091406778618441, "2024_33_30": 0.012302392815402593, "2024_33_35": 8.174940025835024, "2024_33_40": 0.4551885341698959, "2024_38": 0.006151196407701297, "2024_38_2": 1.5131943162945192, "2024_38_4": 0.15377991019253243, "2024_38_6": 1.7592421726025709, "2024_38_7": 5.7452174447930116, "2024_39_5": 1.1687273174632464, "2024_44_1": 0.22144307067724667, "2024_44_3": 0.9657378360091037, "2024_44_3_1": 25.545918681183487, "2024_44_4": 0.07996555330011686, "2024_44_25_2": 0.28910623116196094}