{"2024_27_5": 0.26276029691913544, "2024_27_10": 0.748866846219536, "2024_27_25": 3.5078499638704588, "2024_32": 0.03284503711489193, "2024_32_3": 6.043486829140116, "2024_32_4_1": 0.28246731918807066, "2024_32_4_2": 0.026276029691913547, "2024_32_5_3": 0.01970702226893516, "2024_32_5_4": 0.026276029691913547, "2024_32_6": 2.975760362609209, "2024_32_7": 10.293634631807132, "2024_32_9": 0.04598305196084871, "2024_32_9_1": 0.04598305196084871, "2024_32_10": 24.055705182946856, "2024_32_20": 0.11167312619063258, "2024_32_20_1": 0.31531235630296256, "2024_33_5": 20.31793995927215, "2024_33_15": 1.1955593509820666, "2024_33_25": 0.3810024305327464, "2024_33_30": 0.026276029691913547, "2024_33_35": 8.047034093148524, "2024_38": 0.006569007422978387, "2024_38_2": 2.476515798462852, "2024_38_4": 0.26276029691913544, "2024_38_6": 4.578598173815935, "2024_38_7": 13.473034224528673, "2024_44_1": 0.4401234973395519}