{"2023_20_4_1": 0.020963261883549085, "2023_20_7": 0.015722446412661812, "2023_20_9": 0.031444892825323624, "2023_26_7": 0.010481630941774542, "2023_26_8": 0.06813060112153453, "2023_26_9": 0.06813060112153453, "2023_26_10": 0.005240815470887271, "2023_26_11": 0.005240815470887271, "2023_26_12": 0.7494366123368796, "2023_27_6": 0.10481630941774542, "2023_27_7": 19.37005398039935, "2023_27_12": 8.490121062837378, "2023_32_4": 0.14150201771395632, "2023_32_6": 0.11529794035951996, "2023_32_7": 0.2201142497772654, "2023_32_9": 2.0229547717624867, "2023_38_1": 0.005240815470887271, "2023_38_4": 0.010481630941774542, "2023_38_6": 12.048634767569837, "2023_38_8": 0.3301713746658981, "2023_38_9": 9.223835228761597, "2023_38_9_1": 0.1310203867721818, "2023_44_1": 46.80048215502333, "2023_44_25": 0.005240815470887271, "2023_44_25_1": 0.005240815470887271}