{"2023_38_6": 6.426686769694685, "2023_38_8": 0.155484357331323, "2023_38_9": 3.326422917451941, "2023_38_9_1": 0.1884658876743309, "2023_44_1": 14.511873350923482, "2023_44_9_1": 0.004711647191858273, "2023_44_9_2": 0.009423294383716547, "2023_44_25": 0.004711647191858273, "2023_44_30_1": 0.1743309460987561, "2023_44_30_2": 0.4617414248021107, "2023_44_30_3": 0.009423294383716547, "2023_44_30_4": 0.30625706747078774, "2023_44_30_5_1": 5.441952506596306, "2023_44_30_6": 1.0883905013192612, "2023_44_30_7": 0.9093479080286468, "2023_44_30_8": 34.73897474557104, "2023_44_30_9": 11.472860912174895, "2023_44_30_10": 0.004711647191858273, "2023_44_30_12": 0.023558235959291362, "2023_44_30_13": 0.3486618921975122, "2023_44_30_14": 0.018846588767433094, "2023_44_30_15": 0.004711647191858273, "2024_2_2": 0.13192612137203166, "2024_2_2_1": 17.013758009800224, "2024_2_3": 3.2227666792310585}