{"2023_12_9": 0.015888988930671047, "2023_12_9_1": 0.015888988930671047, "2023_12_11": 0.01059265928711403, "2023_20_4_1": 0.02118531857422806, "2023_20_7": 0.02118531857422806, "2023_20_9": 0.026481648217785085, "2023_26_1": 0.005296329643557015, "2023_26_3": 0.005296329643557015, "2023_26_7": 0.015888988930671047, "2023_26_8": 0.08474127429691224, "2023_26_9": 0.09533393358402628, "2023_26_10": 0.01059265928711403, "2023_26_11": 0.005296329643557015, "2023_26_12": 0.8791907208304646, "2023_27_6": 0.14829723001959644, "2023_27_7": 28.165881044436205, "2023_27_11": 0.015888988930671047, "2023_31_600": 0.026481648217785085, "2023_32_1": 0.005296329643557015, "2023_32_4": 0.23833483396006575, "2023_32_6": 0.7044118425930832, "2023_32_7": 1.022191621206504, "2023_32_9": 7.949790794979081, "2023_38_1": 0.005296329643557015, "2023_38_4": 0.21714951538583768, "2023_38_6": 37.291457020284945, "2023_38_8": 0.672633864731741, "2023_38_9": 15.820136645304808, "2023_44_1": 6.503892802288015}