{"2023_26_9": 0.07070469007777516, "2023_26_12": 0.7259014847984916, "2023_27_6": 0.07070469007777516, "2023_27_7": 9.3707282583078, "2023_27_12": 3.6672165920339372, "2023_32_4": 0.09427292010370021, "2023_32_6": 0.11312750412444024, "2023_32_7": 0.1838321942022154, "2023_32_9": 1.2444025453688425, "2023_38_1": 0.00471364600518501, "2023_38_4": 0.01414093801555503, "2023_38_6": 7.702097572472308, "2023_38_8": 0.1838321942022154, "2023_38_9": 4.336554324770209, "2023_38_9_1": 0.5043601225547961, "2023_44_1": 21.63092151779401, "2023_44_25": 0.00471364600518501, "2023_44_30_1": 0.48079189252887106, "2023_44_30_2": 1.3009662974310627, "2023_44_30_3": 0.02828187603111006, "2023_44_30_4": 1.1548432712703276, "2023_44_30_5_1": 37.95899127975489, "2023_44_30_6": 6.646240867310864, "2023_44_30_7": 2.49351873674287, "2023_44_30_10": 0.01414093801555503}