{"2023_44_1": 0.012945821736034691, "2023_44_30_5_1": 0.012945821736034691, "2023_44_30_8": 0.6213994433296652, "2023_44_30_9": 0.03883746520810408, "2023_44_30_13": 0.025891643472069382, "2023_44_30_14": 2.692730921095216, "2023_44_30_16": 0.006472910868017346, "2023_44_30_20": 0.012945821736034691, "2023_44_30_25": 1.9807107256133079, "2023_44_30_30": 0.38837465208104077, "2024_2_2_1": 0.006472910868017346, "2024_2_3": 0.012945821736034691, "2024_2_6": 0.04531037607612142, "2024_2_7": 10.550844714868274, "2024_2_8": 0.7702763932940642, "2024_2_12": 0.025891643472069382, "2024_2_13": 0.04531037607612142, "2024_3_6": 1.3269467279435558, "2024_3_10": 9.612272639005761, "2024_3_15": 9.884134895462488, "2024_3_20": 1.333419638811573, "2024_3_25": 22.383325781603986, "2024_8_3": 0.07767493041620815, "2024_8_4": 1.928927438669169, "2024_8_7": 5.929186355103888, "2024_8_8": 0.0841478412842255, "2024_8_9": 29.238138390834358, "2024_8_12": 0.12298530649232957, "2024_14_3": 0.8285325911062202}