{"2023_44_30_9": 0.020294953321607363, "2023_44_30_13": 0.013529968881071577, "2023_44_30_14": 0.4532539575158977, "2023_44_30_25": 0.07441482884589366, "2023_44_30_30": 0.14206467325125155, "2024_2_6": 0.04735489108375052, "2024_2_7": 0.4397239886348262, "2024_2_8": 0.013529968881071577, "2024_3_6": 0.14882965769178733, "2024_3_10": 0.6156135840887567, "2024_3_15": 3.477202002435395, "2024_3_20": 0.2638343931808957, "2024_3_25": 16.93952103910161, "2024_8_3": 0.006764984440535788, "2024_8_4": 0.06088485996482209, "2024_8_7": 0.24353943985928836, "2024_8_8": 0.013529968881071577, "2024_8_9": 7.617372480043297, "2024_8_12": 0.04735489108375052, "2024_9_5": 0.006764984440535788, "2024_14_3": 0.4058990664321473, "2024_14_5": 0.04735489108375052, "2024_14_6": 3.937220944391829, "2024_14_7": 1.8333107833851985, "2024_14_8": 5.824651603301313, "2024_14_9": 33.31078338519822, "2024_14_11": 0.12176971992964418, "2024_15_5": 0.033824922202678936, "2024_20_1": 23.839805168448116}