{"2024_15_15": 3.333111125924938, "2024_20_1": 0.6266248916738884, "2024_20_3": 0.18665422305179652, "2024_20_6": 0.013332444503699751, "2024_20_6_2": 0.1133257782814479, "2024_20_7": 2.3998400106659554, "2024_20_8": 0.0066662222518498754, "2024_20_9": 7.372841810545963, "2024_20_9_1": 0.0066662222518498754, "2024_20_10": 0.07332844477034864, "2024_20_15": 0.34664355709619354, "2024_21_5": 0.5199653356442903, "2024_26_1": 0.0066662222518498754, "2024_26_3_1": 1.9198720085327643, "2024_26_4": 0.019998666755549628, "2024_26_6": 0.9666022265182319, "2024_26_7": 22.05186320911939, "2024_26_8": 11.81254583027798, "2024_26_10": 5.552963135790947, "2024_26_11": 1.1599226718218785, "2024_26_20": 4.539697353509766, "2024_27_5": 1.8465435637624157, "2024_27_10": 4.599693353776415, "2024_32": 0.04666355576294913, "2024_32_3": 30.331311245916936, "2024_32_4_1": 0.06666222251849876, "2024_32_4_2": 0.039997333511099256, "2024_32_5_3": 0.039997333511099256}