{"2023_44_30_8": 0.08697542944118289, "2023_44_30_9": 0.021743857360295722, "2023_44_30_13": 0.01449590490686381, "2023_44_30_14": 0.5146046241936654, "2023_44_30_25": 0.1014713343480467, "2023_44_30_30": 0.18119881133579765, "2024_2_6": 0.02899180981372762, "2024_2_7": 0.48561281437993764, "2024_2_8": 0.01449590490686381, "2024_2_12": 0.007247952453431905, "2024_2_13": 0.007247952453431905, "2024_3_6": 0.2029426686960934, "2024_3_10": 0.8190186272378055, "2024_3_15": 4.580705950568965, "2024_3_20": 0.4131332898456186, "2024_3_25": 35.587446546350655, "2024_8_4": 0.06523157208088716, "2024_8_7": 0.30441400304414007, "2024_8_8": 0.01449590490686381, "2024_8_9": 10.661738058998333, "2024_8_12": 0.06523157208088716, "2024_9_5": 0.01449590490686381, "2024_14_3": 0.6088280060882801, "2024_14_5": 0.05073566717402335, "2024_14_6": 7.472638979488296, "2024_14_7": 3.790679133144887, "2024_14_8": 29.51366239037472, "2024_14_9": 3.9066463723997966, "2024_14_11": 0.4638689570196419}