{"2022_40_4_2": 0.06761325219743067, "2022_44_2": 0.11962344619545427, "2022_44_25_1": 0.06241223279762832, "2022_44_25_2": 0.1404275237946637, "2022_44_25_3": 0.6761325219743067, "2022_44_25_5": 0.8165600457689706, "2022_44_30": 0.4784937847818171, "2022_44_30_1": 0.04160815519841888, "2022_44_30_2": 0.07281427159723304, "2022_44_30_5": 1.5290997035418938, "2022_44_30_10": 12.414833307328234, "2022_45_10": 0.01040203879960472, "2022_45_11": 0.28605606698912983, "2022_45_12": 7.588287304311642, "2022_45_13": 10.20440006241223, "2022_45_14": 0.29125708638893216, "2023_2_0_5": 0.057211213397825963, "2023_2_10": 1.050605918760077, "2023_2_11": 0.15082956259426844, "2023_2_12": 27.903469079939665, "2023_2_13": 0.02080407759920944, "2023_2_201": 0.01560305819940708, "2023_2_301": 0.23404587299110619, "2023_6_1": 0.5565090757788524, "2023_6_8": 29.905861548863573, "2023_6_9": 5.305039787798408}