{"2024_20_10": 0.056127221702525716, "2024_20_15": 0.28063610851262855, "2024_21_5": 0.39289055191767996, "2024_26_3_1": 1.3532896788275643, "2024_26_4": 0.018709073900841904, "2024_26_6": 0.6922357343311505, "2024_26_7": 9.254755222949795, "2024_26_8": 6.90988462737761, "2024_26_10": 2.008107265357031, "2024_26_11": 0.28063610851262855, "2024_26_20": 1.6214530714062985, "2024_27_5": 0.3367633302151543, "2024_27_10": 1.3158715310258806, "2024_27_25": 5.724976613657623, "2024_32": 0.031181789834736514, "2024_32_3": 8.624883068288119, "2024_32_4_1": 0.4365450576863111, "2024_32_4_2": 0.03741814780168381, "2024_32_5_3": 0.024945431867789206, "2024_32_5_4": 0.06236357966947303, "2024_32_6": 5.700031181789834, "2024_32_7": 31.269098846273774, "2024_32_10": 22.388525101340814, "2024_32_20": 0.21203617087620827, "2024_32_20_1": 0.9479264109759898, "2024_38": 0.018709073900841904}