{"2023_44_30_9": 0.02122841777526182, "2023_44_30_13": 0.01415227851684121, "2023_44_30_14": 0.5094820266062836, "2023_44_30_25": 0.09198981035946786, "2023_44_30_30": 0.16982734220209456, "2024_2_6": 0.02830455703368242, "2024_2_7": 0.4528729125389187, "2024_2_8": 0.007076139258420605, "2024_2_12": 0.007076139258420605, "2024_3_6": 0.19813189923577695, "2024_3_10": 0.7217662043589018, "2024_3_15": 4.245683555052364, "2024_3_20": 0.37503538069629216, "2024_3_25": 34.87829040475517, "2024_8_4": 0.07076139258420606, "2024_8_7": 0.2759694310784036, "2024_8_8": 0.01415227851684121, "2024_8_9": 9.439569770733087, "2024_8_12": 0.05660911406736484, "2024_9_5": 0.007076139258420605, "2024_14_3": 0.5519388621568072, "2024_14_5": 0.04953297480894424, "2024_14_6": 7.040758562128503, "2024_14_7": 3.6371355788281914, "2024_14_8": 12.411548259269741, "2024_14_9": 23.49278233795641, "2024_14_11": 0.537786583639966, "2024_15_5": 0.007076139258420605, "2024_20_1": 0.6863855080667988}