{"2023_38_9": 0.02907188022385348, "2023_44_1": 0.03633985027981684, "2023_44_30_5_1": 0.021803910167890107, "2023_44_30_6": 0.01453594011192674, "2023_44_30_8": 0.8358165564357876, "2023_44_30_9": 0.043607820335780215, "2023_44_30_13": 0.021803910167890107, "2023_44_30_14": 3.5540373573660875, "2023_44_30_16": 0.021803910167890107, "2023_44_30_20": 0.021803910167890107, "2023_44_30_25": 3.2778544952394792, "2023_44_30_30": 0.45788211352569225, "2024_2_2_1": 0.00726797005596337, "2024_2_3": 0.03633985027981684, "2024_2_6": 0.06541173050367033, "2024_2_7": 17.15240933207355, "2024_2_7_1": 0.00726797005596337, "2024_2_8": 1.221018969401846, "2024_2_12": 0.043607820335780215, "2024_2_13": 0.11628752089541392, "2024_3_6": 2.7109528308743367, "2024_3_10": 26.288247692419503, "2024_3_15": 10.67664801221019, "2024_8_3": 0.12355549095137727, "2024_8_4": 3.2705865251835164, "2024_8_7": 14.165273639072606, "2024_8_8": 0.17443128134312086, "2024_8_9": 15.466240279090048, "2024_8_12": 0.13809143106330402}