{"2023_38_9": 0.019668261981249588, "2023_44_1": 0.013112174654166394, "2023_44_30_5_1": 0.013112174654166394, "2023_44_30_8": 0.63594047072707, "2023_44_30_9": 0.039336523962499176, "2023_44_30_13": 0.019668261981249588, "2023_44_30_14": 2.799449288664525, "2023_44_30_16": 0.013112174654166394, "2023_44_30_20": 0.019668261981249588, "2023_44_30_25": 2.1569527306103713, "2023_44_30_30": 0.4458139382416573, "2024_2_2_1": 0.006556087327083197, "2024_2_3": 0.013112174654166394, "2024_2_6": 0.045892611289582365, "2024_2_7": 11.34203107585393, "2024_2_8": 0.8129548285583164, "2024_2_12": 0.026224349308332787, "2024_2_13": 0.052448698616665575, "2024_3_6": 1.4620074739395528, "2024_3_10": 11.584606306956008, "2024_3_15": 28.407526388251487, "2024_3_20": 1.6980266177145475, "2024_3_25": 0.6752769946895691, "2024_8_3": 0.08522913525208155, "2024_8_4": 2.0782796826853733, "2024_8_7": 6.601979938372779, "2024_8_8": 0.10489739723333115, "2024_8_9": 28.53209204746607, "2024_8_12": 0.2950239297187438}