{"2023_38_6": 0.014681054099684353, "2023_38_9": 0.029362108199368707, "2023_44_1": 0.044043162299053064, "2023_44_30_5_1": 0.029362108199368707, "2023_44_30_6": 0.014681054099684353, "2023_44_30_8": 0.8882037730309035, "2023_44_30_9": 0.044043162299053064, "2023_44_30_13": 0.022021581149526532, "2023_44_30_14": 3.6702635249210886, "2023_44_30_16": 0.022021581149526532, "2023_44_30_20": 0.022021581149526532, "2023_44_30_25": 3.5161124568744024, "2023_44_30_30": 0.4771342582397415, "2024_2_2_1": 0.007340527049842177, "2024_2_3": 0.044043162299053064, "2024_2_6": 0.08074579754826396, "2024_2_7": 18.10173970491081, "2024_2_7_1": 0.007340527049842177, "2024_2_8": 1.2699111796226965, "2024_2_12": 0.044043162299053064, "2024_2_13": 0.1321294868971592, "2024_3_6": 3.1270645232327676, "2024_3_10": 33.69301915877559, "2024_3_15": 1.7250238567129115, "2024_8_3": 0.124788959847317, "2024_8_4": 3.428026132276297, "2024_8_7": 15.98032738750642, "2024_8_8": 0.19085370329589663, "2024_8_9": 13.14688394626734, "2024_8_12": 0.10276737869779047}