{"2022_44_30": 0.15842691393690883, "2022_44_30_2": 0.018638460463165744, "2022_44_30_5": 0.10717114766320301, "2022_44_30_10": 0.90862494757933, "2022_45_11": 0.03727692092633149, "2022_45_12": 0.6663249615581753, "2022_45_13": 1.0344345557056989, "2022_45_14": 0.023298075578957182, "2022_45_15": 28.209309911001355, "2023_2_0_5": 0.023298075578957182, "2023_2_10": 0.330832673221192, "2023_2_11": 0.013978845347374308, "2023_2_12": 5.069661245981083, "2023_2_13": 0.018638460463165744, "2023_2_201": 0.004659615115791436, "2023_2_301": 0.046596151157914364, "2023_6_1": 0.03261730581054005, "2023_6_8": 5.088299706444248, "2023_6_9": 0.9412422533898701, "2023_6_11": 3.6857555565910256, "2023_6_11_2": 0.027957690694748617, "2023_7_5": 0.5265365080844323, "2023_12_1": 1.910442197474489, "2023_12_1_1": 5.116257397138997, "2023_12_5": 44.66241088486092, "2023_12_5_3": 0.5311961232002237, "2023_12_8": 0.8061134150319185}