{"2023_12_9": 0.05475808659600267, "2023_12_9_1": 0.015645167598857906, "2023_12_10": 0.06649196229514609, "2023_12_11": 0.06258067039543162, "2023_20_4_1": 0.08995971369343295, "2023_20_7": 0.06258067039543162, "2023_20_8": 0.12125004889114875, "2023_20_9": 2.902178589588141, "2023_26_1": 0.16818555168772248, "2023_26_3": 0.011733875699143428, "2023_26_6": 0.05475808659600267, "2023_26_7": 2.104275042046388, "2023_26_8": 4.083388743301913, "2023_26_9": 5.096413345327963, "2023_26_10": 0.3168146438768725, "2023_26_11": 0.28552430867915674, "2023_26_12": 0.7822583799428953, "2023_27_6": 19.67770954746353, "2023_27_7": 2.6244768647084133, "2023_32_1": 0.3872178980717331, "2023_32_4": 3.387178785152736, "2023_32_6": 15.664724058356477, "2023_32_7": 25.560292564634103, "2023_32_9": 16.063675832127352, "2023_38": 0.003911291899714476, "2023_38_1": 0.3520162709743029}