{"2023_44_30_14": 0.07293946024799416, "2023_44_30_30": 0.07293946024799416, "2024_8_9": 0.03646973012399708, "2024_14_9": 0.03646973012399708, "2024_15_15": 0.03646973012399708, "2024_20_6_2": 0.03646973012399708, "2024_26_8": 0.25528811086797953, "2024_32_3": 0.03646973012399708, "2024_32_6": 0.07293946024799416, "2024_32_7": 0.437636761487965, "2024_32_10": 0.7658643326039387, "2024_33_5": 0.7658643326039387, "2024_33_35": 0.18234865061998543, "2024_33_40": 0.07293946024799416, "2024_38_2": 0.03646973012399708, "2024_38_6": 0.14587892049598833, "2024_38_7": 0.3282275711159737, "2024_39_5": 0.03646973012399708, "2024_39_15": 0.14587892049598833, "2024_44_1": 0.03646973012399708, "2024_44_3_1": 0.6199854121079504, "2024_44_4": 1.787016776075857, "2024_44_25_2": 18.198395331874544, "2024_44_25_3": 0.3282275711159737, "2024_44_25_4": 3.355215171407732, "2024_45_25_5": 14.00437636761488, "2024_45_25_6": 3.464624361779723, "2024_45_25_10": 0.5105762217359591, "2024_45_25_15": 8.38803792851933, "2024_45_32": 7.87746170678337, "2024_45_32_1": 13.967906637490884, "2024_45_32_2": 22.64770240700219, "2024_45_32_5": 0.7658643326039387, "2025_2": 0.47410649161196206}