{"2023_32_9": 0.02087246921310791, "2023_38_6": 0.013914979475405272, "2023_38_9": 0.027829958950810543, "2023_44_1": 0.013914979475405272, "2023_44_30_5_1": 0.02087246921310791, "2023_44_30_8": 0.7722813608849927, "2023_44_30_9": 0.04174493842621582, "2023_44_30_13": 0.02087246921310791, "2023_44_30_14": 3.2978501356710495, "2023_44_30_16": 0.02087246921310791, "2023_44_30_20": 0.02087246921310791, "2023_44_30_25": 2.6716760592778126, "2023_44_30_30": 0.459194322688374, "2024_2_2_1": 0.02087246921310791, "2024_2_3": 0.04174493842621582, "2024_2_6": 0.08348987685243164, "2024_2_7": 14.930772977109857, "2024_2_7_1": 0.006957489737702636, "2024_2_8": 1.0436234606553956, "2024_2_12": 0.03478744868851318, "2024_2_13": 0.09044736659013426, "2024_3_6": 1.9272246573436302, "2024_3_10": 16.00918388645377, "2024_3_15": 23.704167536352884, "2024_8_3": 0.11131983580324217, "2024_8_4": 2.82474083350727, "2024_8_7": 10.248382383635983, "2024_8_8": 0.153064774229458, "2024_8_9": 21.15772629235372, "2024_8_12": 0.20872469213107908}