{"2023_26_12": 0.45954225986664254, "2023_27_7": 0.027031897639214267, "2023_32_7": 0.018021265092809515, "2023_32_9": 0.027031897639214267, "2023_38_6": 0.009010632546404758, "2023_38_9": 0.054063795278428535, "2023_44_1": 0.04505316273202379, "2023_44_30_5_1": 0.018021265092809515, "2023_44_30_6": 0.009010632546404758, "2023_44_30_7": 0.009010632546404758, "2023_44_30_8": 2.4869345828077134, "2023_44_30_9": 0.018021265092809515, "2023_44_30_13": 0.054063795278428535, "2023_44_30_14": 8.31681384033159, "2023_44_30_16": 0.04505316273202379, "2023_44_30_20": 0.07208506037123806, "2023_44_30_25": 18.156424581005588, "2023_44_30_30": 0.30636150657776173, "2024_2_2_1": 0.03604253018561903, "2024_2_3": 0.027031897639214267, "2024_2_6": 0.07208506037123806, "2024_2_7": 47.29681023607857, "2024_2_7_1": 0.009010632546404758, "2024_2_8": 3.748423139304379, "2024_2_12": 0.14417012074247612, "2024_8_3": 0.5496485853306903, "2024_8_4": 17.985222562623896}