{"2022_36_6": 0.159188974068954, "2022_36_20": 0.24297264463156132, "2022_40_4": 0.025135101168782207, "2022_40_4_1": 0.11729713878765029, "2022_40_4_2": 0.12986468937204143, "2022_40_4_10": 0.025135101168782207, "2022_44_2": 0.17594570818147545, "2022_44_2_8": 0.0041891835281303675, "2022_44_25_1": 0.636755896275816, "2022_44_25_2": 1.5164844371831934, "2022_44_25_3": 5.642830212391605, "2022_44_25_5": 3.108374177872733, "2022_44_30": 4.021616187005153, "2022_44_30_1": 0.4608101880943405, "2022_44_30_2": 0.08797285409073773, "2022_44_30_5": 4.838506974990574, "2022_44_30_8": 0.01675673411252147, "2022_44_30_10": 23.59348163043023, "2022_45_10": 0.02094591764065184, "2022_45_11": 0.7456746680072055, "2023_2_0_5": 0.5822965104101211, "2023_2_10": 5.374722466591262, "2023_2_11": 0.7917556868166395, "2023_2_12": 45.25156047086424, "2023_2_13": 0.008378367056260735, "2023_2_201": 0.04189183528130368, "2023_6_1": 1.7008085124209291, "2023_6_8": 0.6786477315571195}