{"2023_20_4_1": 0.06495615459564792, "2023_20_7": 0.06134747934033415, "2023_20_8": 0.09743423189347189, "2023_20_9": 2.4178124210602285, "2023_26_1": 0.13712965970192342, "2023_26_3": 0.01082602576594132, "2023_26_6": 0.04691277831907906, "2023_26_7": 1.6130778391252567, "2023_26_8": 2.8905488795063325, "2023_26_9": 3.7241528634838144, "2023_26_10": 0.2056944895528851, "2023_26_11": 0.19486846378694378, "2023_26_12": 0.8444300097434231, "2023_27_6": 2.6487676374003097, "2023_27_7": 20.879795027245493, "2023_27_10": 0.003608675255313774, "2023_31_600": 0.03247807729782396, "2023_32_1": 0.27425931940384685, "2023_32_4": 2.0244668182310277, "2023_32_6": 6.816787557287718, "2023_32_7": 7.581826711414238, "2023_32_9": 11.728194579769765, "2023_38_1": 0.03608675255313774, "2023_38_4": 1.0573418498069358, "2023_38_6": 33.17816029735484, "2023_38_8": 1.4290354011042545}