{"2023_38_6": 6.408689110400603, "2023_38_8": 0.15516268572503294, "2023_38_9": 3.3054353958999445, "2023_38_9_1": 0.18807598269700967, "2023_44_1": 14.331389881512132, "2023_44_9_1": 0.004701899567425241, "2023_44_9_2": 0.009403799134850482, "2023_44_25": 0.004701899567425241, "2023_44_30_1": 0.1739702839947339, "2023_44_30_2": 0.4607861576076736, "2023_44_30_3": 0.009403799134850482, "2023_44_30_4": 0.30092157231521544, "2023_44_30_5_1": 5.388376904269326, "2023_44_30_6": 1.0767350009403802, "2023_44_30_7": 0.8933609178107957, "2023_44_30_8": 34.436712431822464, "2023_44_30_9": 11.326876057927404, "2023_44_30_10": 0.004701899567425241, "2023_44_30_12": 0.02350949783712621, "2023_44_30_13": 0.3526424675568931, "2023_44_30_14": 0.09873989091593008, "2023_44_30_15": 0.004701899567425241, "2024_2_2": 0.12695128832048153, "2024_2_2_1": 15.248260297160057, "2024_2_3": 5.595260485236036, "2024_2_6": 0.07052849351137862}