{"2024_26_7": 7.043150883289892, "2024_26_8": 5.438748913987836, "2024_26_10": 1.4132638285548798, "2024_26_11": 0.22009846510280912, "2024_26_20": 1.2684622067767157, "2024_27_5": 0.24326672458731538, "2024_27_10": 0.718216044019693, "2024_27_25": 3.3536055603822756, "2024_32": 0.028960324355632776, "2024_32_3": 5.682015638575151, "2024_32_4_1": 0.2838111786852013, "2024_32_4_2": 0.023168259484506223, "2024_32_5_3": 0.01737619461337967, "2024_32_5_4": 0.028960324355632776, "2024_32_6": 2.890240370692152, "2024_32_7": 11.844772661453808, "2024_32_9": 0.05212858384013901, "2024_32_9_1": 0.12163336229365769, "2024_32_10": 30.9064581523313, "2024_32_20": 0.09846510280915144, "2024_32_20_1": 0.31856356791196055, "2024_33_5": 11.155516941789747, "2024_33_15": 0.9614827686070084, "2024_33_25": 1.1178685201274254, "2024_33_30": 0.08688097306689833, "2024_38": 0.005792064871126556, "2024_38_2": 4.454097885896322, "2024_38_4": 0.4923255140457573, "2024_38_6": 9.730668983492615}