{"2023_2_12": 0.09768964001367657, "2023_6_11": 0.019537928002735308, "2023_7_10": 0.3028378840423973, "2023_7_15": 0.25399306403555905, "2023_7_20": 6.789429980950519, "2023_7_26": 0.10745860401504422, "2023_7_30": 21.0814243149514, "2023_12_1": 0.004884482000683827, "2023_12_1_1": 0.029306892004102966, "2023_12_5": 0.08792067601230888, "2023_12_5_4": 0.009768964001367654, "2023_12_9": 0.08303619401162507, "2023_12_9_1": 0.029306892004102966, "2023_12_10": 0.09280515801299272, "2023_12_11": 0.09280515801299272, "2023_20_4_1": 0.13676549601914714, "2023_20_7": 0.2491085820348752, "2023_20_8": 0.27841547403897815, "2023_20_9": 7.434181605040786, "2023_26_1": 0.4200654520588092, "2023_26_3": 0.019537928002735308, "2023_26_6": 0.17095687002393398, "2023_26_7": 10.140184633419624, "2023_26_8": 27.646168123870464, "2023_26_9": 21.687100083036196, "2023_26_10": 1.362770478190788, "2023_26_11": 1.3725394421921555}