{"2022_44_25_2": 0.016684277848840443, "2022_44_25_3": 0.05005283354652132, "2022_44_25_5": 0.0556142594961348, "2022_44_30": 0.08898281519381569, "2022_44_30_2": 0.016684277848840443, "2022_44_30_5": 0.011122851899226962, "2022_44_30_10": 0.1946499082364718, "2022_45_11": 0.022245703798453923, "2022_45_12": 0.10010566709304264, "2022_45_13": 0.2613870196318336, "2022_45_15": 30.387631388688057, "2023_2_0_5": 0.016684277848840443, "2023_2_10": 0.1946499082364718, "2023_2_11": 0.011122851899226962, "2023_2_12": 1.529392136143707, "2023_2_13": 0.016684277848840443, "2023_2_201": 0.005561425949613481, "2023_2_301": 0.011122851899226962, "2023_6_8": 0.41710694622101097, "2023_6_9": 0.038929981647294366, "2023_6_11": 0.6562482620543907, "2023_6_11_2": 0.005561425949613481, "2023_7_5": 0.928758133585451, "2023_12_1": 0.5728268728101885, "2023_12_1_1": 3.748401090039486, "2023_12_5": 39.63072131694567, "2023_12_5_3": 0.6951782437016851, "2023_12_5_4": 0.005561425949613481, "2023_12_8": 0.23357988988376618, "2023_12_9": 20.076747678104663}