{"2023_27_7": 7.149844375277901, "2023_27_12": 2.6589595375722546, "2023_32_4": 0.07558915073365942, "2023_32_6": 0.10226767452200979, "2023_32_7": 0.13339261894175192, "2023_32_9": 1.0626945309026234, "2023_38_1": 0.00444642063139173, "2023_38_4": 0.013339261894175189, "2023_38_6": 6.465095598043575, "2023_38_8": 0.15562472209871056, "2023_38_9": 3.4993330369052917, "2023_38_9_1": 0.20453534904401957, "2023_44_1": 15.784793241440642, "2023_44_9_1": 0.00889284126278346, "2023_44_25": 0.00444642063139173, "2023_44_30_1": 0.22676745220097824, "2023_44_30_2": 0.5780346820809248, "2023_44_30_3": 0.00889284126278346, "2023_44_30_4": 0.395731436193864, "2023_44_30_5_1": 7.234326367274344, "2023_44_30_6": 1.4450867052023122, "2023_44_30_7": 1.3561582925744777, "2023_44_30_8": 42.02312138728324, "2023_44_30_9": 9.390840373499334, "2023_44_30_10": 0.00444642063139173, "2023_44_30_12": 0.013339261894175189}