{"2022_36_6": 0.15948963317384374, "2022_36_20": 0.24343154537060357, "2022_40_4": 0.02518257365902795, "2022_40_4_1": 0.11751867707546378, "2022_40_4_2": 0.13010996390497775, "2022_40_4_10": 0.02518257365902795, "2022_44_2": 0.17208092000335767, "2022_44_2_8": 0.004197095609837991, "2022_44_25_1": 0.637958532695375, "2022_44_25_2": 1.5193486107613532, "2022_44_25_3": 5.703852933769831, "2022_44_25_5": 3.202383950306388, "2022_44_30": 4.046000167883825, "2022_44_30_1": 0.46168051708217916, "2022_44_30_2": 0.08813900780659784, "2022_44_30_5": 4.944178628389155, "2022_44_30_8": 0.016788382439351966, "2022_44_30_10": 23.927642071686392, "2022_45_10": 0.02098547804918996, "2022_45_11": 0.22244606732141362, "2023_2_0_5": 0.5875933853773189, "2023_2_10": 5.460421388399228, "2023_2_11": 0.8226307395282467, "2023_2_12": 45.194325526735504, "2023_2_13": 0.008394191219675983, "2023_2_201": 0.04197095609837992, "2023_6_1": 1.7837656341811468, "2023_6_8": 0.4323008478133132}