{"2023_32_6": 0.09197405363539549, "2023_32_7": 0.14038145028560362, "2023_32_9": 1.1278923419498499, "2023_38_1": 0.004840739665020814, "2023_38_4": 0.009681479330041627, "2023_38_6": 6.893213282989641, "2023_38_8": 0.16942588827572852, "2023_38_9": 3.6934843644108817, "2023_38_9_1": 0.20815180559589508, "2023_44_1": 16.293929712460063, "2023_44_9_1": 0.009681479330041627, "2023_44_9_2": 0.009681479330041627, "2023_44_25": 0.004840739665020814, "2023_44_30_1": 0.2275147642559783, "2023_44_30_2": 0.5663665408074354, "2023_44_30_3": 0.009681479330041627, "2023_44_30_4": 0.3872591732016652, "2023_44_30_5_1": 6.767354051699099, "2023_44_30_6": 1.3263626682157033, "2023_44_30_7": 1.2198663955852453, "2023_44_30_8": 47.68128570045502, "2023_44_30_9": 12.94897860393068, "2023_44_30_10": 0.004840739665020814, "2023_44_30_12": 0.019362958660083255, "2023_44_30_13": 0.18394810727079097}