{"2023_32_9": 1.1074572008898347, "2023_38_6": 6.794660992359029, "2023_38_8": 0.16442595995744272, "2023_38_9": 3.607699003772126, "2023_38_9_1": 0.19344230583228555, "2023_44_1": 15.88161330883064, "2023_44_9_1": 0.009672115291614276, "2023_44_9_2": 0.009672115291614276, "2023_44_25": 0.004836057645807138, "2023_44_30_1": 0.22245865170712836, "2023_44_30_2": 0.5464745139762066, "2023_44_30_3": 0.009672115291614276, "2023_44_30_4": 0.3772124963729568, "2023_44_30_5_1": 6.436792726569301, "2023_44_30_6": 1.2670471032014705, "2023_44_30_7": 1.146145662056292, "2023_44_30_8": 48.69426443563208, "2023_44_30_9": 13.241125834219947, "2023_44_30_10": 0.004836057645807138, "2023_44_30_12": 0.024180288229035694, "2023_44_30_13": 0.2563110552277783}