{"2024_20_6_2": 0.12225725500289557, "2024_20_7": 2.052634965574931, "2024_20_9": 6.569718808313493, "2024_20_10": 0.057911331317161065, "2024_20_15": 0.3217296184286726, "2024_21_5": 0.46972524290586193, "2024_26_1": 0.0064345923685734515, "2024_26_3_1": 1.6858632005662444, "2024_26_4": 0.01930377710572035, "2024_26_6": 0.8429316002831222, "2024_26_7": 13.94376166269867, "2024_26_8": 9.574673444437295, "2024_26_10": 3.07573515217811, "2024_26_11": 0.47615983527443545, "2024_26_20": 2.3872337687407503, "2024_27_5": 0.6305900521201983, "2024_27_10": 2.818351457435172, "2024_27_25": 17.27688050961972, "2024_32": 0.05147673894858761, "2024_32_3": 32.9386783347275, "2024_32_4_1": 3.017823820860949, "2024_32_4_2": 0.3217296184286726, "2024_32_5_3": 0.1737339939514832, "2024_32_5_4": 0.6756321987002124, "2024_32_6": 0.48902902001158227}