{"2024_3_15": 0.1252871163082063, "2024_3_25": 0.8978910002088117, "2024_8_7": 0.05568316280364725, "2024_8_9": 0.21577225586413307, "2024_14_3": 0.02088118605136772, "2024_14_6": 0.17400988376139764, "2024_14_7": 0.04872276745319134, "2024_14_8": 0.2505742326164126, "2024_14_9": 13.837265956706341, "2024_14_11": 0.006960395350455906, "2024_15_15": 4.816593582515487, "2024_20_1": 2.129880977239507, "2024_20_3": 1.419920651493005, "2024_20_6": 0.19489106981276536, "2024_20_6_1": 0.013920790700911812, "2024_20_6_2": 2.129880977239507, "2024_20_7": 13.983434259065916, "2024_20_8": 0.10440593025683859, "2024_20_9": 36.30542214797801, "2024_20_9_1": 0.02088118605136772, "2024_20_10": 0.4037029303264426, "2024_20_15": 0.6473167675923993, "2024_21_5": 2.8676828843878335, "2024_26_1": 0.06264355815410315, "2024_26_3_1": 11.331523630542213, "2024_26_4": 0.08352474420547087, "2024_26_6": 5.57527667571518, "2024_26_10": 2.276049279599081}