{"2022_44_25_2": 0.015004501350405122, "2022_44_25_3": 0.19505851755526663, "2022_44_25_5": 0.07002100630189058, "2022_44_30": 0.19505851755526663, "2022_44_30_2": 0.02500750225067521, "2022_44_30_5": 0.1800540162048615, "2022_44_30_10": 1.3003901170351109, "2022_45_11": 0.040012003601080336, "2022_45_12": 0.9202760828248476, "2022_45_13": 1.4154246273882167, "2022_45_14": 0.02500750225067521, "2022_45_15": 28.258477543262984, "2023_2_0_5": 0.020006001800540168, "2023_2_10": 0.41012303691107344, "2023_2_11": 0.020006001800540168, "2023_2_12": 10.608182454736422, "2023_2_13": 0.020006001800540168, "2023_2_201": 0.005001500450135042, "2023_2_301": 0.05001500450135042, "2023_6_1": 0.0850255076522957, "2023_6_8": 11.443433029908972, "2023_6_9": 1.1203361008302493, "2023_6_11": 9.717915374612385, "2023_6_11_2": 0.05501650495148545, "2023_6_15": 0.005001500450135042, "2023_12_1": 8.437531259377813, "2023_12_1_1": 25.2775832749825, "2023_12_5": 0.0850255076522957}