{"2023_44_1": 0.012831205491755949, "2023_44_30_5_1": 0.012831205491755949, "2023_44_30_8": 0.5838198498748958, "2023_44_30_9": 0.038493616475267854, "2023_44_30_13": 0.025662410983511897, "2023_44_30_14": 2.6368127285558476, "2023_44_30_16": 0.006415602745877974, "2023_44_30_20": 0.019246808237633927, "2023_44_30_25": 1.8926028100340029, "2023_44_30_30": 0.3977673702444344, "2024_2_2_1": 0.006415602745877974, "2024_2_3": 0.012831205491755949, "2024_2_6": 0.051324821967023794, "2024_2_7": 10.04683390004491, "2024_2_8": 0.757041124013601, "2024_2_12": 0.025662410983511897, "2024_2_13": 0.044909219221145824, "2024_3_6": 1.289536151921473, "2024_3_10": 9.001090652466798, "2024_3_15": 8.789375761852824, "2024_3_20": 0.994418425611086, "2024_3_25": 24.74497979085135, "2024_8_3": 0.07698723295053571, "2024_8_4": 1.8412779880669787, "2024_8_7": 5.632899210880861, "2024_8_8": 0.08340283569641366, "2024_8_9": 29.86463078206197, "2024_8_12": 0.10264964393404759, "2024_14_3": 1.0072496311028418}