{"2023_38_6": 6.210521462492509, "2023_38_8": 0.15215085988288998, "2023_38_9": 3.172114896952373, "2023_38_9_1": 0.17981465258886997, "2023_44_1": 13.58292221863618, "2023_44_9_2": 0.009221264235326664, "2023_44_25": 0.004610632117663332, "2023_44_30_1": 0.1613721241182166, "2023_44_30_2": 0.4333994190603532, "2023_44_30_3": 0.009221264235326664, "2023_44_30_4": 0.2720272949421366, "2023_44_30_5_1": 4.933376365899765, "2023_44_30_6": 0.972843376826963, "2023_44_30_7": 0.8483563096500532, "2023_44_30_8": 25.49679561067823, "2023_44_30_9": 7.685923740144775, "2023_44_30_10": 0.004610632117663332, "2023_44_30_12": 0.01844252847065333, "2023_44_30_13": 0.3550186730600766, "2023_44_30_14": 10.991746968509384, "2023_44_30_20": 0.013831896352989998, "2024_2_2": 0.10143390658859329, "2024_2_2_1": 11.503527133570016, "2024_2_3": 6.145972612845222, "2024_2_6": 6.740744156023792}