{"2024_27_5": 0.21795989537925026, "2024_27_10": 0.6663345373022793, "2024_27_25": 3.038983684144975, "2024_32": 0.031137127911321463, "2024_32_3": 5.311994021671442, "2024_32_4_1": 0.23041474654377886, "2024_32_4_2": 0.024909702329057173, "2024_32_5_3": 0.01868227674679288, "2024_32_5_4": 0.024909702329057173, "2024_32_6": 2.578154191057417, "2024_32_7": 8.045833852285467, "2024_32_9": 0.04359197907585005, "2024_32_9_1": 0.01868227674679288, "2024_32_10": 18.781915556109105, "2024_32_20": 0.0871839581517001, "2024_32_20_1": 0.2490970232905717, "2024_33_5": 19.074604558475528, "2024_33_15": 0.4608294930875577, "2024_33_25": 0.23664217212604313, "2024_33_30": 0.012454851164528586, "2024_33_35": 8.780670070992654, "2024_38": 0.006227425582264293, "2024_38_2": 1.7312243118694732, "2024_38_4": 0.1743679163034002, "2024_38_6": 1.999003611906838, "2024_38_7": 8.00846929879188, "2024_39_5": 1.0088429443268156, "2024_44_1": 0.3051438535309503, "2024_44_3": 1.1583011583011587, "2024_44_3_1": 17.673433802466064}