{"2023_20_4_1": 0.020836589050372452, "2023_20_7": 0.01562744178777934, "2023_20_9": 0.03646403083815179, "2023_26_7": 0.010418294525186226, "2023_26_8": 0.07292806167630358, "2023_26_9": 0.06771891441371047, "2023_26_10": 0.005209147262593113, "2023_26_11": 0.005209147262593113, "2023_26_12": 0.7553263530760014, "2023_27_6": 0.10418294525186225, "2023_27_7": 19.27905401885711, "2023_27_12": 8.522164921602334, "2023_32_4": 0.14064697609001406, "2023_32_6": 0.11460123977704847, "2023_32_7": 0.21878418502891075, "2023_32_9": 1.9690576652601968, "2023_38_1": 0.005209147262593113, "2023_38_4": 0.010418294525186226, "2023_38_6": 11.850810022399331, "2023_38_8": 0.32817627754336615, "2023_38_9": 9.178517476689066, "2023_38_9_1": 0.1875293014533521, "2023_44_1": 47.09069125384175, "2023_44_25": 0.005209147262593113, "2023_44_25_1": 0.005209147262593113}