{"2024_32_20": 0.10953825412874955, "2024_32_20_1": 0.26963262554769124, "2024_33_5": 18.773171553758, "2024_33_15": 0.5224132119986516, "2024_33_25": 0.2190765082574991, "2024_33_30": 0.016852039096730703, "2024_33_35": 7.406471183013144, "2024_33_40": 0.9184361307718232, "2024_38": 0.008426019548365351, "2024_38_2": 1.8621503201887424, "2024_38_4": 0.21065048870913375, "2024_38_6": 2.072800808897876, "2024_38_7": 5.695989214694977, "2024_39_5": 1.1290866194809572, "2024_39_15": 0.22750252780586447, "2024_44_1": 0.2527805864509605, "2024_44_3": 0.9100101112234579, "2024_44_3_1": 23.48331648129423, "2024_44_4": 0.7667677789012469, "2024_44_25_2": 14.534883720930228, "2024_44_25_3": 0.4465790360633636, "2024_44_25_4": 0.8678800134816311, "2024_45_25_5": 4.103471520053926, "2024_45_25_6": 1.0701044826423998, "2024_45_25_10": 0.1516683518705763, "2024_45_25_15": 1.8537243006403772, "2024_45_32": 4.137175598247388, "2024_45_32_1": 4.45736434108527, "2024_45_32_2": 3.522076171216717}