{"2024_2_7": 0.3467406380027739, "2024_2_8": 0.012608750472828143, "2024_3_6": 0.12608750472828142, "2024_3_10": 0.5232631446223679, "2024_3_15": 2.9000126087504725, "2024_3_20": 0.18913125709242212, "2024_3_25": 10.69852477619468, "2024_8_3": 0.0063043752364140716, "2024_8_4": 0.05043500189131257, "2024_8_7": 0.23326188374732065, "2024_8_8": 0.012608750472828143, "2024_8_9": 5.83785146891943, "2024_8_12": 0.044130626654898496, "2024_9_5": 0.0063043752364140716, "2024_14_3": 0.3026100113478754, "2024_14_5": 0.031521876182070356, "2024_14_6": 2.4397932164922453, "2024_14_7": 1.05283066448115, "2024_14_8": 3.2467532467532463, "2024_14_9": 29.37838860168957, "2024_14_11": 0.08195687807338292, "2024_15_5": 0.031521876182070356, "2024_20_1": 13.472449880216871, "2024_20_3": 11.347875425545327, "2024_20_6": 4.003278275122935, "2024_20_6_1": 0.031521876182070356, "2024_20_6_2": 13.59223300970874}