{"2024_8_9": 0.13643598878192983, "2024_8_12": 0.015159554309103315, "2024_14_3": 0.03031910861820663, "2024_14_6": 0.11369665731827486, "2024_14_7": 0.03031910861820663, "2024_14_8": 0.12885621162737818, "2024_14_9": 3.6989312514212087, "2024_14_11": 0.007579777154551657, "2024_15_15": 4.176457212157963, "2024_20_1": 0.8034563783824756, "2024_20_3": 0.28803153187296293, "2024_20_6": 0.015159554309103315, "2024_20_6_2": 0.19707420601834308, "2024_20_7": 3.304782839384522, "2024_20_8": 0.022739331463654967, "2024_20_9": 11.794133252482379, "2024_20_9_1": 0.022739331463654967, "2024_20_10": 0.13643598878192983, "2024_20_15": 0.4623664064276511, "2024_21_5": 0.8110361555370272, "2024_26_1": 0.015159554309103315, "2024_26_3_1": 3.7671492458121736, "2024_26_4": 0.022739331463654967, "2024_26_6": 1.8418858485560525, "2024_26_7": 48.593951337830674, "2024_26_8": 8.125521109679374, "2024_26_10": 7.3144849541423484, "2024_26_11": 0.39414841203668616, "2024_26_20": 3.61555370272114, "2024_32": 0.11369665731827486}