{"2022_44_30": 0.02840586297011703, "2022_44_30_2": 0.011362345188046812, "2022_44_30_5": 0.011362345188046812, "2022_44_30_10": 0.0908987615043745, "2022_45_12": 0.05113055334621066, "2022_45_13": 0.11362345188046812, "2022_45_15": 1.778207021929326, "2023_2_10": 0.06817407112828089, "2023_2_12": 0.30678332007726394, "2023_2_301": 0.011362345188046812, "2023_6_8": 0.05681172594023406, "2023_6_9": 0.005681172594023406, "2023_6_11": 0.573798431996364, "2023_7_5": 0.03976820815816384, "2023_7_10": 24.292694012044088, "2023_7_15": 5.794796045903873, "2023_12_1": 0.04544938075218725, "2023_12_1_1": 0.14202931485058515, "2023_12_5": 13.083740484035902, "2023_12_5_3": 0.005681172594023406, "2023_12_5_4": 0.5794796045903873, "2023_12_8": 0.005681172594023406, "2023_12_9": 22.230428360413587, "2023_12_9_1": 14.407453698443357, "2023_12_10": 2.0338597886603793, "2023_12_11": 1.9031928189978409, "2023_20_4_1": 12.32814452903079}