{"2023_6_11": 0.013964530093562355, "2023_7_10": 0.24205185495508075, "2023_7_15": 0.17688404785178982, "2023_7_20": 5.073779267327654, "2023_7_26": 0.08378718056137412, "2023_7_30": 22.422380486896618, "2023_12_1": 0.004654843364520784, "2023_12_1_1": 0.03258390355164549, "2023_12_5": 0.06516780710329098, "2023_12_5_4": 0.009309686729041568, "2023_12_9": 0.06982265046781176, "2023_12_9_1": 0.023274216822603923, "2023_12_10": 0.07447749383233254, "2023_12_11": 0.09309686729041569, "2023_20_4_1": 0.13499045757110273, "2023_20_7": 0.18619373458083138, "2023_20_8": 0.24670669831960154, "2023_20_9": 5.865102639296187, "2023_26_1": 0.35376809570357964, "2023_26_3": 0.018619373458083135, "2023_26_6": 0.13499045757110273, "2023_26_7": 7.71773029837546, "2023_26_8": 20.057720057720058, "2023_26_9": 26.262626262626267, "2023_26_10": 1.4290369129078808, "2023_26_11": 1.5221337801982961, "2023_32_1": 6.023367313689895, "2023_32_4": 1.6617790811339197}