{"2024_20_10": 0.05579319323042588, "2024_20_15": 0.2789659661521294, "2024_21_5": 0.3843531089207116, "2024_26_3_1": 1.3328373938379516, "2024_26_4": 0.018597731076808625, "2024_26_6": 0.6695183187651105, "2024_26_7": 9.032298059636723, "2024_26_8": 6.763374868266071, "2024_26_10": 1.9527617630649057, "2024_26_11": 0.2789659661521294, "2024_26_20": 1.5870063852210028, "2024_27_5": 0.32855991569028575, "2024_27_10": 1.2584464695307171, "2024_27_25": 5.343748062736346, "2024_32": 0.030996218461347712, "2024_32_3": 8.083813774719482, "2024_32_4_1": 0.42154857107432897, "2024_32_4_2": 0.030996218461347712, "2024_32_5_3": 0.02479697476907817, "2024_32_5_4": 0.0433947058458868, "2024_32_6": 5.145372264583721, "2024_32_7": 32.26706341826297, "2024_32_9": 0.48974025168929386, "2024_32_10": 22.968197879858653, "2024_32_20": 0.19837579815262535, "2024_32_20_1": 0.9918789907631268, "2024_38": 0.018597731076808625}