{"2023_44_30_13": 0.013894678338196471, "2023_44_30_14": 0.49326108100597466, "2023_44_30_25": 0.08336807002917881, "2023_44_30_30": 0.17368347922745586, "2024_2_6": 0.034736695845491175, "2024_2_7": 0.47241906349867996, "2024_2_8": 0.006947339169098236, "2024_2_12": 0.006947339169098236, "2024_3_6": 0.20147283590384882, "2024_3_10": 0.6738918994025287, "2024_3_15": 4.008614700569681, "2024_3_20": 0.3543142976240099, "2024_3_25": 34.66722245380019, "2024_8_3": 0.006947339169098236, "2024_8_4": 0.06252605252188412, "2024_8_7": 0.31263026260942056, "2024_8_8": 0.013894678338196471, "2024_8_9": 8.795331388078367, "2024_8_12": 0.055578713352785886, "2024_9_5": 0.006947339169098236, "2024_14_3": 0.4793664026677782, "2024_14_5": 0.04863137418368764, "2024_14_6": 6.711129637348893, "2024_14_7": 3.5709323329164935, "2024_14_8": 9.302487147422536, "2024_14_9": 21.488120050020843, "2024_14_11": 0.20842017507294702, "2024_15_5": 0.034736695845491175, "2024_20_1": 7.7115464776990414}