{"2024_27_5": 0.23774336567499843, "2024_27_10": 0.7196555933945897, "2024_27_25": 3.2962796376020043, "2024_32": 0.03212748184797276, "2024_32_3": 5.757244747156718, "2024_32_4_1": 0.25059435841418753, "2024_32_4_2": 0.025701985478378205, "2024_32_5_3": 0.019276489108783657, "2024_32_5_4": 0.025701985478378205, "2024_32_6": 2.8143674098824136, "2024_32_7": 9.182034312150614, "2024_32_9": 0.04497847458716186, "2024_32_9_1": 0.03212748184797276, "2024_32_10": 22.200089956949178, "2024_32_20": 0.10280794191351282, "2024_32_20_1": 0.29557283300134934, "2024_33_5": 22.052303540448502, "2024_33_15": 1.246546295701343, "2024_33_25": 0.3019983293709439, "2024_33_30": 0.012850992739189103, "2024_33_35": 8.706547580800619, "2024_38": 0.006425496369594551, "2024_38_2": 2.1525412838141746, "2024_38_4": 0.21204138019662025, "2024_38_6": 2.7565379425560628, "2024_38_7": 13.879072158324233, "2024_44_1": 0.8545910171560753, "2024_44_3": 2.782239928034441}