{"2023_6_11": 0.013988622586962604, "2023_7_10": 0.24246945817401844, "2023_7_15": 0.17718921943485963, "2023_7_20": 5.101184370045696, "2023_7_26": 0.08393173552177562, "2023_7_30": 22.409773384314093, "2023_12_1": 0.0046628741956542, "2023_12_1_1": 0.03264011936957941, "2023_12_5": 0.06994311293481302, "2023_12_5_4": 0.0093257483913084, "2023_12_9": 0.06994311293481302, "2023_12_9_1": 0.023314370978271003, "2023_12_10": 0.0746059871304672, "2023_12_11": 0.08859460971742981, "2023_20_4_1": 0.13522335167397184, "2023_20_7": 0.19117784202182225, "2023_20_8": 0.24713233236967266, "2023_20_9": 5.931175976872145, "2023_26_1": 0.35437843886971926, "2023_26_3": 0.0186514967826168, "2023_26_6": 0.13522335167397184, "2023_26_7": 7.814977151916441, "2023_26_8": 20.32546861885666, "2023_26_9": 26.000186514967826, "2023_26_10": 1.4221766296745315, "2023_26_11": 1.5200969877832697, "2023_32_1": 5.987130467219994, "2023_32_4": 1.5154341135876155}