{"2023_2_12": 0.24553865041434653, "2023_6_8": 0.05261542508878854, "2023_6_11": 0.07015390011838472, "2023_7_5": 0.021923093786995224, "2023_7_10": 3.0473100363923358, "2023_7_15": 1.587231990178454, "2023_7_20": 23.78655675888982, "2023_7_25": 0.004384618757399045, "2023_7_26": 0.289384837988337, "2023_12_1": 0.00876923751479809, "2023_12_1_1": 0.06576928136098567, "2023_12_5": 2.082693909764546, "2023_12_5_4": 0.2543078879291446, "2023_12_8": 0.004384618757399045, "2023_12_9": 3.71815670627439, "2023_12_9_1": 0.8900776077520058, "2023_12_10": 0.5393081071600825, "2023_12_11": 2.043232340947955, "2023_20_4_1": 7.278467137282414, "2023_20_6": 0.13153856272197134, "2023_20_7": 6.156004735388259, "2023_20_8": 4.17854167580129, "2023_20_9": 37.47095190073224, "2023_26_1": 5.936773797518306, "2023_26_3": 0.13592318147937038}