{"2023_12_9_1": 0.011185265277208159, "2023_12_10": 0.04101263934976325, "2023_12_11": 0.04846948286790202, "2023_20_4_1": 0.07456843518138773, "2023_20_7": 0.06338316990417958, "2023_20_8": 0.10812423101301222, "2023_20_9": 2.650907870698334, "2023_26_1": 0.15286529212184483, "2023_26_3": 0.011185265277208159, "2023_26_6": 0.052197904626971416, "2023_26_7": 1.834383505462138, "2023_26_8": 3.3294806308489617, "2023_26_9": 4.228030274784684, "2023_26_10": 0.2535326796167183, "2023_26_11": 0.21624846202602444, "2023_26_12": 0.838894895790612, "2023_27_6": 3.571828045188472, "2023_27_7": 19.589127922150556, "2023_31_600": 0.011185265277208159, "2023_32_1": 0.3392863800753142, "2023_32_4": 2.505499422094628, "2023_32_6": 11.714701166996013, "2023_32_7": 16.63994631072667, "2023_32_9": 26.624659781514488, "2023_38_1": 0.11558107453115098, "2023_38_4": 4.969986204839492, "2023_38_6": 0.0037284217590693868}