{"2024_14_7": 0.026599281819390874, "2024_14_8": 0.11969676818725894, "2024_14_9": 2.3540364410160923, "2024_15_15": 3.4845059183402047, "2024_20_1": 0.6516824045750765, "2024_20_3": 0.18619497273573613, "2024_20_6": 0.006649820454847718, "2024_20_6_2": 0.11969676818725894, "2024_20_7": 2.4205346455645698, "2024_20_8": 0.006649820454847718, "2024_20_9": 7.620694241255486, "2024_20_9_1": 0.006649820454847718, "2024_20_10": 0.09309748636786806, "2024_20_15": 0.3590903045617769, "2024_21_5": 0.5386354568426652, "2024_26_1": 0.006649820454847718, "2024_26_3_1": 1.988296315999468, "2024_26_4": 0.019949461364543158, "2024_26_6": 1.0307221705013965, "2024_26_7": 23.78640776699029, "2024_26_8": 15.899720707540896, "2024_26_10": 5.698896129804495, "2024_26_11": 1.13711929777896, "2024_26_20": 4.634924857028859, "2024_27_5": 1.8818991887219045, "2024_27_10": 2.4936826705678947, "2024_32": 0.06649820454847719, "2024_32_3": 23.360819257880035}