{"2024_3_25": 0.8391894657842673, "2024_8_7": 0.06822678583611928, "2024_8_9": 0.23197107184280558, "2024_14_3": 0.02046803575083578, "2024_14_6": 0.17738964317391012, "2024_14_7": 0.0477587500852835, "2024_14_8": 0.23879375042641748, "2024_14_9": 13.058606809033229, "2024_14_11": 0.00682267858361193, "2024_15_15": 4.803165722862798, "2024_20_1": 1.9990448249982948, "2024_20_3": 1.330422323804326, "2024_20_6": 0.18421232175752209, "2024_20_6_1": 0.01364535716722386, "2024_20_6_2": 1.992222146414683, "2024_20_7": 11.39387323463192, "2024_20_8": 0.07504946441973122, "2024_20_9": 32.12799345022857, "2024_20_9_1": 0.02046803575083578, "2024_20_10": 0.34795660776420834, "2024_20_15": 0.5662823224397902, "2024_21_5": 2.039980896499967, "2024_26_1": 0.04093607150167156, "2024_26_3_1": 8.610220372518254, "2024_26_4": 0.07504946441973122, "2024_26_6": 7.996179299993179, "2024_26_7": 8.378249300675447, "2024_26_10": 3.315821791635397}