{"2023_2_12": 0.10117873223048515, "2023_6_11": 0.02023574644609703, "2023_7_10": 0.6778975059442505, "2023_7_15": 0.470481104871756, "2023_7_20": 17.094146810340465, "2023_7_26": 0.2023574644609703, "2023_7_30": 10.43152729296302, "2023_12_1": 0.0050589366115242574, "2023_12_1_1": 0.0354125562806698, "2023_12_5": 0.0961197956189609, "2023_12_5_4": 0.02023574644609703, "2023_12_9": 0.0860019223959124, "2023_12_9_1": 0.030353619669145553, "2023_12_10": 0.0961197956189609, "2023_12_11": 0.12141447867658221, "2023_20_4_1": 0.15176809834572774, "2023_20_7": 0.333889816360601, "2023_20_8": 0.33894875297212523, "2023_20_9": 8.579956493145142, "2023_26_1": 0.5008347245409015, "2023_26_3": 0.02023574644609703, "2023_26_6": 0.2023574644609703, "2023_26_7": 14.063843780037438, "2023_26_8": 39.105580007082516, "2023_26_9": 4.765518288055851, "2023_26_10": 1.370971821723074, "2023_26_11": 1.0775534982546668}