{"2024_8_7": 0.06633939233116624, "2024_8_9": 0.19901817699349875, "2024_14_3": 0.019901817699349872, "2024_14_6": 0.16584848082791562, "2024_14_7": 0.046437574631816365, "2024_14_8": 0.2520896908584317, "2024_14_9": 12.047233647339791, "2024_14_11": 0.006633939233116624, "2024_15_15": 4.809605944009552, "2024_20_1": 1.9105744991375877, "2024_20_3": 1.2272787581265754, "2024_20_6": 0.16584848082791562, "2024_20_6_1": 0.013267878466233248, "2024_20_6_2": 1.6982884436778558, "2024_20_7": 9.075228870903542, "2024_20_8": 0.06633939233116624, "2024_20_9": 26.13108663924638, "2024_20_9_1": 0.019901817699349872, "2024_20_10": 0.3250630224227146, "2024_20_15": 0.49091150325063015, "2024_21_5": 1.1874751227278757, "2024_26_1": 0.039803635398699744, "2024_26_3_1": 4.451373225421254, "2024_26_4": 0.019901817699349872, "2024_26_6": 2.965370837203131, "2024_26_7": 27.67016054132944, "2024_26_10": 4.9290168502056515}