{"2023_26_12": 0.45454545454545453, "2023_27_7": 0.02782931354359926, "2023_32_6": 0.00927643784786642, "2023_32_7": 0.01855287569573284, "2023_32_9": 0.02782931354359926, "2023_38_6": 0.01855287569573284, "2023_38_9": 0.0463821892393321, "2023_44_1": 0.0463821892393321, "2023_44_30_5_1": 0.02782931354359926, "2023_44_30_6": 0.00927643784786642, "2023_44_30_8": 3.348794063079777, "2023_44_30_9": 0.00927643784786642, "2023_44_30_13": 0.06493506493506494, "2023_44_30_14": 10.398886827458256, "2023_44_30_16": 0.0463821892393321, "2023_44_30_20": 0.10204081632653061, "2023_44_30_25": 15.593692022263452, "2024_2_2_1": 0.02782931354359926, "2024_2_3": 0.02782931354359926, "2024_2_6": 0.07421150278293136, "2024_2_7": 48.03339517625233, "2024_2_7_1": 0.00927643784786642, "2024_2_8": 3.7940630797773656, "2024_8_3": 0.5565862708719852, "2024_8_4": 17.22634508348794}