{"2023_44_30_8": 0.07969859440660776, "2023_44_30_9": 0.02898130705694827, "2023_44_30_13": 0.014490653528474135, "2023_44_30_14": 0.5071728734965947, "2023_44_30_25": 0.10143457469931894, "2023_44_30_30": 0.1811331691059267, "2024_2_6": 0.02898130705694827, "2024_2_7": 0.48543689320388356, "2024_2_8": 0.014490653528474135, "2024_2_12": 0.007245326764237068, "2024_2_13": 0.007245326764237068, "2024_3_6": 0.20286914939863787, "2024_3_10": 0.8187219243587887, "2024_3_15": 4.564555861469353, "2024_3_20": 0.40573829879727574, "2024_3_25": 35.589045065932474, "2024_8_4": 0.06520794087813361, "2024_8_7": 0.3115490508621939, "2024_8_8": 0.014490653528474135, "2024_8_9": 10.636139689900016, "2024_8_12": 0.06520794087813361, "2024_9_5": 0.014490653528474135, "2024_14_3": 0.6086074481959137, "2024_14_5": 0.05071728734965947, "2024_14_6": 7.455441240399942, "2024_14_7": 3.7893058976959866, "2024_14_8": 28.95957107665556, "2024_14_9": 4.528329227648166, "2024_14_11": 0.4637009129111723}