{"2023_2_12": 0.23645935575979296, "2023_6_8": 0.053537967341839916, "2023_6_11": 0.07138395645578655, "2023_7_5": 0.0223074863924333, "2023_7_10": 3.2881234942446684, "2023_7_15": 1.7712144195592041, "2023_7_20": 23.579013116802, "2023_7_25": 0.004461497278486659, "2023_7_26": 0.2543053448737397, "2023_12_1": 0.008922994556973318, "2023_12_1_1": 0.07138395645578655, "2023_12_5": 2.1995181582939236, "2023_12_5_4": 0.2810743285446596, "2023_12_8": 0.004461497278486659, "2023_12_9": 3.921656107789775, "2023_12_9_1": 0.9770679039885787, "2023_12_10": 0.5621486570893192, "2023_12_11": 2.15044168823057, "2023_20_4_1": 8.124386544124206, "2023_20_6": 0.16953689658249307, "2023_20_7": 7.245471580262336, "2023_20_8": 5.1753368430445255, "2023_20_9": 34.03230124029624, "2023_26_1": 5.648255554564112, "2023_26_3": 0.14722941019005978}