{"2022_44_30_5": 0.01026588645929576, "2022_44_30_10": 0.05646237552612668, "2022_45_12": 0.030797659377887282, "2022_45_13": 0.0513294322964788, "2022_45_15": 1.0881839646853506, "2023_2_0_5": 0.00513294322964788, "2023_2_10": 0.0256647161482394, "2023_2_12": 0.17452006980802792, "2023_2_301": 0.01026588645929576, "2023_6_8": 0.05646237552612668, "2023_6_11": 0.12832358074119699, "2023_7_5": 0.030797659377887282, "2023_7_10": 6.313520172466893, "2023_7_15": 3.6033261472128117, "2023_7_20": 19.992813879478494, "2023_12_1": 0.015398829688943641, "2023_12_1_1": 0.07186120521507032, "2023_12_5": 3.808643876398727, "2023_12_5_4": 0.42090134483112623, "2023_12_8": 0.00513294322964788, "2023_12_9": 6.9192074735653435, "2023_12_9_1": 2.2944256236526024, "2023_12_10": 1.1087157376039423, "2023_12_11": 3.870239195154502, "2023_20_4_1": 48.77322656811416, "2023_20_6": 1.1343804537521816}