{"2024_26_10": 1.5789818515363954, "2024_26_11": 0.2489680927733735, "2024_26_20": 1.4151870536591757, "2024_27_5": 0.27517526043372864, "2024_27_10": 0.7993186136408309, "2024_27_25": 3.7148660158553364, "2024_32": 0.032758959575443884, "2024_32_3": 6.296272030400314, "2024_32_4_1": 0.3144860119242613, "2024_32_4_2": 0.026207167660355107, "2024_32_5_3": 0.01965537574526633, "2024_32_5_4": 0.032758959575443884, "2024_32_6": 3.138308327327524, "2024_32_7": 12.880822905064537, "2024_32_9": 0.05896612723579899, "2024_32_9_1": 0.16379479787721943, "2024_32_10": 30.374107318351566, "2024_32_20": 0.1113804625565092, "2024_32_20_1": 0.35379676341479394, "2024_33_5": 17.965013431173425, "2024_33_15": 1.0941492498198258, "2024_33_25": 1.2448404638668678, "2024_33_30": 0.11793225447159798, "2024_33_35": 0.2489680927733735, "2024_38": 0.006551791915088777, "2024_38_2": 4.776256306099718, "2024_38_4": 0.4586254340562143, "2024_38_6": 12.251850881216011}