{"2023_2_12": 0.23612750885478162, "2023_6_8": 0.05449096358187268, "2023_6_11": 0.09081827263645446, "2023_7_5": 0.022704568159113616, "2023_7_10": 3.5146671510307876, "2023_7_15": 1.93442920715648, "2023_7_20": 23.61275088547816, "2023_7_25": 0.004540913631822723, "2023_7_26": 0.01362274089546817, "2023_12_1": 0.009081827263645446, "2023_12_1_1": 0.07265461810916357, "2023_12_5": 2.3249477794932343, "2023_12_5_4": 0.295159386068477, "2023_12_8": 0.004540913631822723, "2023_12_9": 4.141313232222323, "2023_12_9_1": 1.048951048951049, "2023_12_10": 0.5812369448733086, "2023_12_11": 2.2205067659613116, "2023_20_4_1": 9.286168377077468, "2023_20_6": 0.1952592861683771, "2023_20_7": 9.395150304241213, "2023_20_8": 7.724094087730451, "2023_20_9": 27.935700662973396, "2023_26_1": 5.276541640178004, "2023_26_3": 0.004540913631822723}