{"2022_45_12": 0.03006915906585145, "2022_45_13": 0.05011526510975242, "2022_45_15": 0.9822591961511475, "2023_2_10": 0.02004610604390097, "2023_2_12": 0.15535732184023252, "2023_2_301": 0.010023053021950485, "2023_6_8": 0.0350806855768267, "2023_6_11": 0.1152651097524306, "2023_7_5": 0.03006915906585145, "2023_7_10": 5.48762152951789, "2023_7_15": 3.1322040693595268, "2023_7_20": 21.1937456149143, "2023_12_1": 0.010023053021950485, "2023_12_1_1": 0.0701613711536534, "2023_12_5": 3.2975844442217093, "2023_12_5_4": 0.3858875413450937, "2023_12_8": 0.005011526510975243, "2023_12_9": 6.114062343389796, "2023_12_9_1": 1.9043800741705923, "2023_12_10": 0.9622130901072464, "2023_12_11": 3.9540944171594665, "2023_20_4_1": 43.71554575523704, "2023_20_6": 1.1125588854365038, "2023_20_7": 7.221609702315325, "2023_26": 0.005011526510975243}