{"2023_2_12": 0.08503401360544219, "2023_6_11": 0.01889644746787604, "2023_7_10": 0.2503779289493575, "2023_7_15": 0.20313681027966743, "2023_7_20": 5.475245653817082, "2023_7_26": 0.08975812547241119, "2023_7_30": 22.179705215419503, "2023_12_1": 0.00472411186696901, "2023_12_1_1": 0.03306878306878307, "2023_12_5": 0.07558578987150416, "2023_12_5_4": 0.00944822373393802, "2023_12_9": 0.06613756613756613, "2023_12_9_1": 0.023620559334845047, "2023_12_10": 0.07558578987150416, "2023_12_11": 0.0992063492063492, "2023_20_4_1": 0.13699924414210127, "2023_20_7": 0.20786092214663643, "2023_20_8": 0.2503779289493575, "2023_20_9": 6.179138321995465, "2023_26_1": 0.36848072562358275, "2023_26_3": 0.01889644746787604, "2023_26_6": 0.14644746787603932, "2023_26_7": 8.333333333333332, "2023_26_8": 22.24584278155707, "2023_26_9": 26.209372637944067, "2023_26_10": 1.4077853363567647, "2023_26_11": 1.5211640211640212, "2023_32_1": 4.284769463340892}