{"2023_32_9": 0.03124023742580444, "2023_38_9": 0.03905029678225555, "2023_44_1": 0.046860356138706656, "2023_44_30_5_1": 0.023430178069353328, "2023_44_30_6": 0.01562011871290222, "2023_44_30_8": 1.0621680724773508, "2023_44_30_9": 0.054670415495157776, "2023_44_30_13": 0.03124023742580444, "2023_44_30_14": 4.279912527335208, "2023_44_30_16": 0.023430178069353328, "2023_44_30_20": 0.023430178069353328, "2023_44_30_25": 5.3889409559512655, "2023_44_30_30": 0.5388940955951266, "2024_2_2_1": 0.01562011871290222, "2024_2_3": 0.03124023742580444, "2024_2_6": 0.046860356138706656, "2024_2_7": 24.281474539206503, "2024_2_7_1": 0.00781005935645111, "2024_2_8": 1.7572633552014998, "2024_2_12": 0.054670415495157776, "2024_2_13": 0.18744142455482662, "2024_3_6": 4.08466104342393, "2024_3_10": 28.420805998125587, "2024_8_3": 0.17182130584192443, "2024_8_4": 5.006248047485162, "2024_8_7": 24.304904717275853, "2024_8_8": 0.07029053420805999}