{"2023_7_30": 0.07466973004020677, "2023_12_5": 0.011487650775416426, "2023_12_9": 0.011487650775416426, "2023_12_9_1": 0.01723147616312464, "2023_12_11": 0.011487650775416426, "2023_20_4_1": 0.01723147616312464, "2023_20_7": 0.028719126938541062, "2023_20_8": 0.005743825387708213, "2023_20_9": 0.03446295232624928, "2023_26_1": 0.005743825387708213, "2023_26_3": 0.005743825387708213, "2023_26_7": 0.011487650775416426, "2023_26_8": 0.08041355542791498, "2023_26_9": 0.09764503159103961, "2023_26_10": 0.011487650775416426, "2023_26_11": 0.005743825387708213, "2023_26_12": 0.9764503159103962, "2023_27_6": 0.15508328546812172, "2023_27_7": 28.31705916140149, "2023_27_11": 0.01723147616312464, "2023_31_600": 0.03446295232624928, "2023_32_1": 0.005743825387708213, "2023_32_4": 0.30442274554853527, "2023_32_6": 0.8328546812176908, "2023_32_7": 1.2751292360712232, "2023_32_9": 8.989086731763354, "2023_38_1": 0.005743825387708213, "2023_38_4": 0.30442274554853527, "2023_38_6": 55.824238943136116, "2023_38_8": 2.527283170591614}