{"2023_38_9": 2.986107906032215, "2023_38_9_1": 0.07846033137951725, "2023_44_1": 12.415193612405963, "2023_44_9_2": 0.009230627221119673, "2023_44_25": 0.004615313610559836, "2023_44_30_1": 0.1338440947062353, "2023_44_30_2": 0.396916970508146, "2023_44_30_3": 0.009230627221119673, "2023_44_30_4": 0.253842248580791, "2023_44_30_5_1": 4.324548853094567, "2023_44_30_6": 0.8261411362902109, "2023_44_30_7": 0.738450177689574, "2023_44_30_8": 19.675081921816588, "2023_44_30_9": 4.564545160843679, "2023_44_30_10": 0.004615313610559836, "2023_44_30_12": 0.013845940831679513, "2023_44_30_13": 0.3784557160659066, "2023_44_30_14": 12.74749619236627, "2023_44_30_16": 0.07384501776895738, "2023_44_30_20": 0.3784557160659066, "2024_2_2": 0.07846033137951725, "2024_2_2_1": 5.178381871048137, "2024_2_3": 1.3569022015045924, "2024_2_6": 2.3768865094383163, "2024_2_7": 28.859556006830662, "2024_2_8": 2.1368902016892046}