{"2024_2_6": 0.030048076923076924, "2024_2_7": 0.11268028846153848, "2024_2_8": 0.015024038461538462, "2024_3_6": 0.015024038461538462, "2024_3_10": 0.06009615384615385, "2024_3_15": 0.1201923076923077, "2024_3_25": 0.9540264423076924, "2024_8_7": 0.052584134615384616, "2024_8_9": 0.18780048076923078, "2024_14_3": 0.007512019230769231, "2024_14_5": 0.007512019230769231, "2024_14_6": 0.16526442307692307, "2024_14_7": 0.052584134615384616, "2024_14_8": 0.2854567307692308, "2024_14_9": 17.93118990384615, "2024_14_11": 0.007512019230769231, "2024_15_15": 5.093149038461539, "2024_20_1": 2.5691105769230766, "2024_20_3": 1.727764423076923, "2024_20_6": 0.27043269230769224, "2024_20_6_1": 0.015024038461538462, "2024_20_6_2": 2.629206730769231, "2024_20_7": 20.643028846153847, "2024_20_8": 0.1502403846153846, "2024_20_9": 38.04086538461539, "2024_20_9_1": 0.022536057692307692, "2024_20_10": 1.5625, "2024_20_15": 2.8545673076923075, "2024_26_1": 0.08263221153846154, "2024_26_3_1": 4.334435096153846}