{"2023_6_11": 0.013466804327333125, "2023_7_10": 0.21097993446155228, "2023_7_15": 0.14364591282488665, "2023_7_20": 4.412622884589487, "2023_7_26": 0.07182295641244332, "2023_7_30": 22.79032185662342, "2023_12_1": 0.004488934775777708, "2023_12_1_1": 0.031422543430443955, "2023_12_5": 0.07631189118822103, "2023_12_5_4": 0.008977869551555415, "2023_12_9": 0.07182295641244332, "2023_12_9_1": 0.01795573910311083, "2023_12_10": 0.08080082596399873, "2023_12_11": 0.08977869551555415, "2023_20_4_1": 0.13466804327333123, "2023_20_7": 0.16160165192799747, "2023_20_8": 0.22893567356466307, "2023_20_9": 5.2475647528841405, "2023_26_1": 0.3187143690802172, "2023_26_3": 0.013466804327333125, "2023_26_6": 0.12120123894599812, "2023_26_7": 5.934371773578129, "2023_26_8": 14.90775239035777, "2023_26_9": 19.042061318849036, "2023_26_10": 0.938187368137541, "2023_26_11": 0.8259639987430981, "2023_27_5": 0.008977869551555415, "2023_32_1": 2.594604300399515, "2023_32_4": 21.497508641199442}