{"2022_45_13": 0.03232509812976218, "2022_45_15": 0.7065342876933733, "2023_2_10": 0.013853613484183793, "2023_2_12": 0.19856845993996766, "2023_6_8": 0.05079658277534056, "2023_6_9": 0.004617871161394597, "2023_6_11": 0.08773955206649736, "2023_7_5": 0.023089355806972987, "2023_7_10": 3.8189794504733316, "2023_7_15": 2.1196028630801202, "2023_7_20": 23.167859616716694, "2023_7_25": 0.01847148464557839, "2023_12_1": 0.009235742322789195, "2023_12_1_1": 0.06465019625952435, "2023_12_5": 2.475178942507504, "2023_12_5_4": 0.3232509812976218, "2023_12_8": 0.004617871161394597, "2023_12_9": 4.377741861002078, "2023_12_9_1": 1.1683214038328331, "2023_12_10": 0.641884091433849, "2023_12_11": 2.6275686908335256, "2023_20_4_1": 13.715077349341954, "2023_20_6": 0.2770722696836759, "2023_20_7": 23.306395751558533, "2023_20_8": 20.76194874163011, "2023_26": 0.004617871161394597}