{"2022_44_25_2": 0.017422614553690687, "2022_44_25_3": 0.05226784366107206, "2022_44_25_5": 0.05807538184563563, "2022_44_30": 0.10453568732214412, "2022_44_30_2": 0.017422614553690687, "2022_44_30_5": 0.011615076369127127, "2022_44_30_10": 0.20907137464428824, "2022_45_11": 0.023230152738254253, "2022_45_12": 0.10453568732214412, "2022_45_13": 0.26133921830536033, "2022_45_15": 30.75672222544863, "2023_2_0_5": 0.023230152738254253, "2023_2_10": 0.2032638364597247, "2023_2_11": 0.011615076369127127, "2023_2_12": 1.631918229862361, "2023_2_13": 0.017422614553690687, "2023_2_201": 0.005807538184563563, "2023_2_301": 0.017422614553690687, "2023_6_1": 0.005807538184563563, "2023_6_8": 0.48783320750333925, "2023_6_9": 0.04065276729194494, "2023_6_11": 0.7259422730704455, "2023_6_11_2": 0.011615076369127127, "2023_7_5": 0.836285498577153, "2023_12_1": 0.6736744294093734, "2023_12_1_1": 4.605377780358905, "2023_12_5": 56.04855101922295, "2023_12_5_3": 0.7201347348858818, "2023_12_8": 0.8595156513154074, "2023_12_9": 1.4576920843254544}