{"2022_44_25_2": 0.017458100558659217, "2022_44_25_3": 0.05237430167597764, "2022_44_25_5": 0.058193668528864054, "2022_44_30": 0.10474860335195528, "2022_44_30_2": 0.017458100558659217, "2022_44_30_5": 0.01163873370577281, "2022_44_30_10": 0.20949720670391056, "2022_45_11": 0.02327746741154562, "2022_45_12": 0.1105679702048417, "2022_45_13": 0.26187150837988826, "2022_45_15": 30.796089385474858, "2023_2_0_5": 0.02327746741154562, "2023_2_10": 0.20367783985102417, "2023_2_11": 0.01163873370577281, "2023_2_12": 1.6236033519553075, "2023_2_13": 0.017458100558659217, "2023_2_201": 0.005819366852886405, "2023_2_301": 0.017458100558659217, "2023_6_1": 0.005819366852886405, "2023_6_8": 0.4946461824953444, "2023_6_9": 0.04073556797020483, "2023_6_11": 0.7390595903165735, "2023_6_11_2": 0.01163873370577281, "2023_7_5": 0.8030726256983238, "2023_12_1": 0.6808659217877094, "2023_12_1_1": 4.684590316573557, "2023_12_5": 56.51769087523277, "2023_12_5_3": 0.715782122905028, "2023_12_8": 0.9427374301675976, "2023_12_9": 0.7972532588454376}