{"2022_44_25_3": 0.05568238766078289, "2022_44_25_5": 0.03340943259646974, "2022_44_30": 0.10022829778940923, "2022_44_30_2": 0.01670471629823487, "2022_44_30_5": 0.011136477532156578, "2022_44_30_10": 0.13920596915195724, "2022_45_11": 0.01670471629823487, "2022_45_12": 0.07795534272509605, "2022_45_13": 0.21159307311097497, "2022_45_15": 19.00996714739128, "2023_2_10": 0.10022829778940923, "2023_2_11": 0.005568238766078289, "2023_2_12": 1.0746700818531099, "2023_2_201": 0.005568238766078289, "2023_2_301": 0.011136477532156578, "2023_6_8": 0.13363773038587895, "2023_6_9": 0.005568238766078289, "2023_6_11": 0.250570744473523, "2023_7_5": 0.31738960966646246, "2023_7_10": 12.244557046606158, "2023_12_1": 0.12250125285372238, "2023_12_1_1": 0.3229578484325408, "2023_12_5": 28.481541288490448, "2023_12_5_3": 0.11693301408764409, "2023_12_5_4": 0.6570521743972382, "2023_12_8": 0.12806949161980064, "2023_12_9": 34.723536945264215, "2023_12_9_1": 0.005568238766078289, "2023_12_10": 1.6203574809287822}