{"2024_2_8": 0.014451911265264829, "2024_3_10": 0.06503360069369174, "2024_3_15": 0.1083893344894862, "2024_3_25": 0.9104704097116844, "2024_8_7": 0.06503360069369174, "2024_8_9": 0.20955271334634004, "2024_14_3": 0.007225955632632414, "2024_14_5": 0.007225955632632414, "2024_14_6": 0.18064889081581037, "2024_14_7": 0.04335573379579449, "2024_14_8": 0.28903822530529655, "2024_14_9": 15.58638629958812, "2024_14_11": 0.007225955632632414, "2024_15_15": 4.848616229496351, "2024_20_1": 2.370113447503432, "2024_20_3": 1.5463545053833367, "2024_20_6": 0.22400462461160484, "2024_20_6_1": 0.014451911265264829, "2024_20_6_2": 2.33398366934027, "2024_20_7": 16.959317869788276, "2024_20_8": 0.11561529012211863, "2024_20_9": 37.36541657634222, "2024_20_9_1": 0.021677866897897247, "2024_20_10": 0.5274947611821663, "2024_20_15": 1.1633788568538188, "2024_21_5": 4.183828311294168, "2024_26_1": 0.06503360069369174, "2024_26_3_1": 10.71609220319387, "2024_26_4": 0.0505816894284269}