{"2023_44_1": 12.255863937949723, "2023_44_30_1": 0.12615643397813286, "2023_44_30_2": 0.3784693019343987, "2023_44_30_3": 0.009344921035417252, "2023_44_30_4": 0.24764040743855717, "2023_44_30_5_1": 4.1584898607606755, "2023_44_30_6": 0.7896458274927576, "2023_44_30_7": 0.7335763012802542, "2023_44_30_8": 18.69451453135221, "2023_44_30_9": 4.125782637136716, "2023_44_30_10": 0.004672460517708626, "2023_44_30_12": 0.014017381553125876, "2023_44_30_13": 0.3924866834875245, "2023_44_30_14": 12.139052425007007, "2023_44_30_16": 0.02803476310625175, "2023_44_30_20": 0.12615643397813286, "2023_44_30_25": 1.9484160358844969, "2024_2_2": 0.07943182880104664, "2024_2_2_1": 4.663115596673208, "2024_2_3": 1.1774600504625736, "2024_2_6": 1.8596392860480326, "2024_2_7": 32.53901504532287, "2024_2_7_1": 0.004672460517708626, "2024_2_8": 2.5231286795626575, "2024_8_3": 0.649472011961499, "2024_8_4": 0.3317446967573124}