{"2023_2_10": 0.013870908082115775, "2023_2_12": 0.24042907342334013, "2023_6_8": 0.05085999630109118, "2023_6_11": 0.09709635657481044, "2023_7_5": 0.023118180136859626, "2023_7_10": 3.7405215461438885, "2023_7_15": 2.099130756426854, "2023_7_20": 23.423340114666175, "2023_7_25": 0.018494544109487705, "2023_12_1": 0.013870908082115775, "2023_12_1_1": 0.07397817643795082, "2023_12_5": 2.552247087109303, "2023_12_5_4": 0.32827815794340676, "2023_12_8": 0.004623636027371926, "2023_12_9": 4.369336045866469, "2023_12_9_1": 1.137414462733494, "2023_12_10": 0.628814499722582, "2023_12_11": 2.4967634547808397, "2023_20_4_1": 12.955428148696136, "2023_20_6": 0.26354725356019976, "2023_20_7": 21.472165711115224, "2023_20_8": 23.728500092472725, "2023_20_9": 0.0924727205474385, "2023_26": 0.004623636027371926, "2023_26_1": 0.17107453301276124}