{"2023_27_6": 0.05400540054005401, "2023_27_7": 7.4572457245724575, "2023_27_12": 2.8082808280828084, "2023_32_4": 0.07650765076507651, "2023_32_6": 0.10351035103510352, "2023_32_7": 0.13951395139513956, "2023_32_9": 1.0891089108910894, "2023_38_1": 0.004500450045004501, "2023_38_4": 0.013501350135013503, "2023_38_6": 6.638163816381638, "2023_38_8": 0.16201620162016203, "2023_38_9": 3.5868586858685867, "2023_38_9_1": 0.21602160216021604, "2023_44_1": 16.593159315931597, "2023_44_9_1": 0.009000900090009001, "2023_44_25": 0.004500450045004501, "2023_44_30_1": 0.24752475247524752, "2023_44_30_2": 0.6255625562556256, "2023_44_30_3": 0.009000900090009001, "2023_44_30_4": 0.4320432043204321, "2023_44_30_5_1": 8.186318631863188, "2023_44_30_6": 1.6246624662466247, "2023_44_30_7": 1.5481548154815485, "2023_44_30_8": 45.28802880288029, "2023_44_30_9": 3.06930693069307, "2023_44_30_10": 0.004500450045004501, "2023_44_30_11": 0.009000900090009001}