{"2024_27_5": 0.23109513416356395, "2024_27_10": 0.7125433303376555, "2024_27_25": 3.273847733983822, "2024_32": 0.03209654641160611, "2024_32_3": 5.73244318911285, "2024_32_4_1": 0.2503530620105276, "2024_32_4_2": 0.02567723712928488, "2024_32_5_3": 0.019257927846963663, "2024_32_5_4": 0.02567723712928488, "2024_32_6": 2.8116574656566944, "2024_32_7": 9.128257799460775, "2024_32_9": 0.04493516497624854, "2024_32_9_1": 0.03209654641160611, "2024_32_10": 22.14019771472589, "2024_32_20": 0.10270894851713952, "2024_32_20_1": 0.2952882269867762, "2024_33_5": 22.14019771472589, "2024_33_15": 1.245346000770317, "2024_33_25": 0.3017075362690974, "2024_33_30": 0.01283861856464244, "2024_33_35": 8.73026062395686, "2024_38": 0.00641930928232122, "2024_38_2": 2.1312106817306455, "2024_38_4": 0.20541789703427904, "2024_38_6": 2.73462575426884, "2024_38_7": 13.87854666837848, "2024_44_1": 0.8537681345487224, "2024_44_3": 2.9015277956091916}