{"2023_44_30_13": 0.013546464372798698, "2023_44_30_14": 0.4538065564887564, "2023_44_30_25": 0.07450555405039284, "2023_44_30_30": 0.14223787591438633, "2024_2_6": 0.04741262530479545, "2024_2_7": 0.4402600921159577, "2024_2_8": 0.013546464372798698, "2024_2_12": 0.006773232186399349, "2024_3_6": 0.1490111081007857, "2024_3_10": 0.6163641289623408, "2024_3_15": 3.4814413438092653, "2024_3_20": 0.26415605526957464, "2024_3_25": 17.03467894879436, "2024_8_3": 0.006773232186399349, "2024_8_4": 0.06095908967759415, "2024_8_7": 0.2438363587103766, "2024_8_8": 0.013546464372798698, "2024_8_9": 7.6334326740720675, "2024_8_12": 0.04741262530479545, "2024_9_5": 0.006773232186399349, "2024_14_3": 0.40639393118396094, "2024_14_5": 0.04741262530479545, "2024_14_6": 3.942021132484421, "2024_14_7": 1.8490923868870226, "2024_14_8": 5.8520726090490385, "2024_14_9": 33.215930642102414, "2024_14_11": 0.1219181793551883, "2024_15_5": 0.03386616093199675, "2024_20_1": 23.780818206448114}