{"2023_44_30_8": 0.08162659542891065, "2023_44_30_9": 0.02226179875333927, "2023_44_30_13": 0.014841199168892844, "2023_44_30_14": 0.5417037696645889, "2023_44_30_25": 0.07420599584446423, "2023_44_30_30": 0.17067379044226771, "2024_2_3": 0.007420599584446422, "2024_2_6": 0.029682398337785687, "2024_2_7": 0.526862570495696, "2024_2_8": 0.02226179875333927, "2024_2_12": 0.007420599584446422, "2024_3_6": 0.23003858711783914, "2024_3_10": 0.8607895517957851, "2024_3_15": 4.971801721579103, "2024_3_20": 0.4526565746512319, "2024_3_25": 36.8284357376076, "2024_8_4": 0.06678539626001781, "2024_8_7": 0.3042445829623034, "2024_8_8": 0.014841199168892844, "2024_8_9": 12.600178094390028, "2024_8_12": 0.06678539626001781, "2024_9_5": 0.014841199168892844, "2024_14_3": 0.771742356782428, "2024_14_5": 0.051944197091124966, "2024_14_6": 8.043929949539923, "2024_14_7": 4.35589195607005, "2024_14_8": 27.74562184624518, "2024_14_9": 0.9795191451469278, "2024_14_11": 0.14099139210448206}