{"2023_12_5": 0.05938007204782076, "2023_12_9": 0.05542140057796604, "2023_12_9_1": 0.015834685879418865, "2023_12_10": 0.06729741498753018, "2023_12_11": 0.06333874351767546, "2023_20_4_1": 0.08709077233680378, "2023_20_7": 0.06729741498753018, "2023_20_8": 0.13063615850520569, "2023_20_9": 2.9848382882704567, "2023_26_1": 0.17022287320375284, "2023_26_3": 0.01187601440956415, "2023_26_6": 0.05542140057796604, "2023_26_7": 2.1772693084200943, "2023_26_8": 4.283282530382804, "2023_26_9": 5.439214599580381, "2023_26_10": 0.35232176081706984, "2023_26_11": 0.3206523890582321, "2023_26_12": 0.7798582795613793, "2023_27_6": 22.07751078737976, "2023_32_1": 0.40378448992518123, "2023_32_4": 3.626143066386921, "2023_32_6": 16.80851906100313, "2023_32_7": 28.8310043149519, "2023_32_9": 10.826966470052652, "2023_38": 0.003958671469854716, "2023_38_1": 0.3008590317089585}