{"2024_20_3": 0.17097264437689969, "2024_20_6_2": 0.12664640324214793, "2024_20_7": 1.9756838905775078, "2024_20_9": 6.389311043566363, "2024_20_10": 0.06332320162107397, "2024_20_15": 0.31661600810536983, "2024_21_5": 0.44326241134751776, "2024_26_1": 0.006332320162107397, "2024_26_3_1": 1.6337386018237083, "2024_26_4": 0.01899696048632219, "2024_26_6": 0.8232016210739617, "2024_26_7": 12.905268490374874, "2024_26_8": 9.314842958459979, "2024_26_10": 2.805217831813577, "2024_26_11": 0.44326241134751776, "2024_26_20": 2.1783181357649446, "2024_27_5": 0.5825734549138806, "2024_27_10": 2.1149949341438705, "2024_27_25": 19.465552178318134, "2024_32": 0.03799392097264438, "2024_32_3": 32.11119554204661, "2024_32_4_1": 2.9255319148936176, "2024_32_4_2": 0.29761904761904767, "2024_32_5_3": 0.06332320162107397, "2024_32_5_4": 0.8168693009118542, "2024_32_6": 1.9693515704154003}