{"2022_44_2": 0.06334665237306306, "2022_44_25_1": 0.029236916479875256, "2022_44_25_2": 0.08771074943962577, "2022_44_25_3": 0.3995711918916285, "2022_44_25_5": 0.3995711918916285, "2022_44_30": 0.3508429977585031, "2022_44_30_1": 0.01949127765325017, "2022_44_30_2": 0.03898255530650034, "2022_44_30_5": 0.7650326478900692, "2022_44_30_10": 5.696325894162363, "2022_45_10": 0.009745638826625085, "2022_45_11": 0.18516713770587662, "2022_45_12": 2.26098820777702, "2022_45_13": 3.177078257479778, "2022_45_14": 0.043855374719812885, "2022_45_15": 20.022414969301238, "2023_2_0_5": 0.0341097358931878, "2023_2_10": 0.799142383783257, "2023_2_11": 0.09745638826625086, "2023_2_12": 23.68677516811227, "2023_2_13": 0.01949127765325017, "2023_2_201": 0.004872819413312543, "2023_2_301": 0.21440405418575187, "2023_6_1": 0.3800799142383784, "2023_6_8": 23.296949615047264, "2023_6_9": 3.425592047558718, "2023_6_11": 14.394308546925252, "2023_6_11_2": 0.09745638826625086}