{"2023_44_30_14": 0.47707394646170154, "2023_44_30_25": 0.08613835144447388, "2023_44_30_30": 0.1523986217863769, "2024_2_6": 0.0463821892393321, "2024_2_7": 0.4041876490856082, "2024_2_8": 0.013252054068380597, "2024_3_6": 0.1457725947521866, "2024_3_10": 0.5897164060429365, "2024_3_15": 3.3196395441293403, "2024_3_20": 0.2451630002650411, "2024_3_25": 14.173071826133052, "2024_8_3": 0.006626027034190299, "2024_8_4": 0.05300821627352239, "2024_8_7": 0.2584150543334217, "2024_8_8": 0.013252054068380597, "2024_8_9": 7.069970845481049, "2024_8_12": 0.0463821892393321, "2024_9_5": 0.006626027034190299, "2024_14_3": 0.36443148688046645, "2024_14_5": 0.0463821892393321, "2024_14_6": 3.3660217333686715, "2024_14_7": 1.5438642989663398, "2024_14_8": 4.63821892393321, "2024_14_9": 30.042406573018816, "2024_14_11": 0.11926848661542538, "2024_15_5": 0.033130135170951494, "2024_20_1": 32.73919957593427}