{"2022_45_12": 0.011750190940602784, "2022_45_13": 0.03525057282180835, "2022_45_15": 0.1468773867575348, "2023_2_10": 0.023500381881205568, "2023_2_12": 0.22325362787145286, "2023_2_301": 0.011750190940602784, "2023_6_8": 0.029375477351506956, "2023_6_11": 0.047000763762411135, "2023_7_10": 1.0575171846542504, "2023_7_15": 0.9165148933670171, "2023_7_20": 27.59532342400564, "2023_7_26": 0.42300687386170016, "2023_12_1": 0.017625286410904176, "2023_12_1_1": 0.05875095470301391, "2023_12_5": 0.32313025086657654, "2023_12_5_4": 0.12337700487632922, "2023_12_9": 0.15862757769813757, "2023_12_9_1": 0.047000763762411135, "2023_12_10": 0.18212795957934316, "2023_12_11": 0.45825744668350854, "2023_20_4_1": 0.2996298689853709, "2023_20_6": 0.005875095470301392, "2023_20_7": 0.7167616473767698, "2023_20_8": 0.7402620292579754, "2023_20_9": 35.54432759532342, "2023_26_1": 0.9811409435403324, "2023_26_3": 0.05875095470301391, "2023_26_6": 1.216144762352388, "2023_26_7": 28.488337935491455, "2023_26_8": 0.05875095470301391}