{"2022_44_30_10": 0.02140525499010007, "2022_45_13": 0.03210788248515011, "2022_45_15": 0.1444854711831755, "2023_2_12": 0.11772890244555038, "2023_2_301": 0.010702627495050035, "2023_6_8": 0.010702627495050035, "2023_6_11": 0.02675656873762509, "2023_7_10": 0.8829667683416278, "2023_7_15": 0.7973457483812278, "2023_7_20": 27.243538288649866, "2023_7_26": 0.41740247230695143, "2023_12_1": 0.0053513137475250175, "2023_12_1_1": 0.04281050998020014, "2023_12_5": 0.12843152994060045, "2023_12_5_4": 0.02675656873762509, "2023_12_9": 0.0909723337079253, "2023_12_9_1": 0.03210788248515011, "2023_12_10": 0.16589072617327555, "2023_12_11": 0.22475517739605078, "2023_20_4_1": 0.1765933536683256, "2023_20_7": 0.4655642960346765, "2023_20_8": 0.4227537860544764, "2023_20_9": 12.110023010649115, "2023_26_1": 0.6314550222079521, "2023_26_3": 0.02675656873762509, "2023_26_6": 0.28361962861882595, "2023_26_7": 20.581152672981222, "2023_26_8": 34.87986300636807}