{"2023_2_12": 0.09778038525471791, "2023_6_11": 0.01955607705094358, "2023_7_10": 0.3128972328150973, "2023_7_15": 0.25911802092500247, "2023_7_20": 6.864183044881197, "2023_7_26": 0.10755842378018969, "2023_7_30": 20.993448714187934, "2023_12_1": 0.004889019262735895, "2023_12_1_1": 0.02933411557641537, "2023_12_5": 0.0880023467292461, "2023_12_5_4": 0.00977803852547179, "2023_12_9": 0.08311332746651022, "2023_12_9_1": 0.02933411557641537, "2023_12_10": 0.0880023467292461, "2023_12_11": 0.09778038525471791, "2023_20_4_1": 0.1368925393566051, "2023_20_7": 0.24933998239953067, "2023_20_8": 0.2786740979759461, "2023_20_9": 7.455754375672241, "2023_26_1": 0.42045565659528694, "2023_26_3": 0.01955607705094358, "2023_26_6": 0.17111567419575635, "2023_26_7": 10.213161239855287, "2023_26_8": 27.89185489390828, "2023_26_9": 21.350347120367655, "2023_26_10": 1.364036374303315, "2023_26_11": 1.364036374303315}