{"2023_2_12": 0.10160536476325951, "2023_2_301": 0.010160536476325952, "2023_6_11": 0.020321072952651904, "2023_7_10": 0.7722007722007722, "2023_7_15": 0.5232676285307865, "2023_7_20": 20.432838853891493, "2023_7_26": 0.24385287543182282, "2023_7_30": 6.944726681568788, "2023_12_1": 0.005080268238162976, "2023_12_1_1": 0.035561877667140834, "2023_12_5": 0.10160536476325951, "2023_12_5_4": 0.020321072952651904, "2023_12_9": 0.09144482828693355, "2023_12_9_1": 0.030481609428977853, "2023_12_10": 0.09144482828693355, "2023_12_11": 0.12192643771591141, "2023_20_4_1": 0.15240804714488929, "2023_20_7": 0.3505385084332453, "2023_20_8": 0.3403779719569194, "2023_20_9": 8.682178419020525, "2023_26_1": 0.5029465555781346, "2023_26_3": 0.020321072952651904, "2023_26_6": 0.20321072952651903, "2023_26_7": 14.290794553952448, "2023_26_8": 38.95041658199553, "2023_26_9": 4.658605974395448, "2023_26_10": 1.3818329607803295, "2023_26_11": 0.9195285511074985}