{"2024_8_12": 0.014874312063067077, "2024_14_3": 0.02231146809460062, "2024_14_6": 0.10412018444146956, "2024_14_7": 0.03718578015766769, "2024_14_8": 0.1264316525360702, "2024_14_9": 3.331845902127026, "2024_14_11": 0.007437156031533538, "2024_15_15": 4.149933065595715, "2024_20_1": 0.7957756953740889, "2024_20_3": 0.2677376171352074, "2024_20_6": 0.007437156031533538, "2024_20_6_2": 0.16361743269373785, "2024_20_7": 3.1979770935594223, "2024_20_8": 0.02231146809460062, "2024_20_9": 10.806187713818233, "2024_20_9_1": 0.02231146809460062, "2024_20_10": 0.1264316525360702, "2024_20_15": 0.47597798601814645, "2024_21_5": 0.7214041350587533, "2024_26_1": 0.014874312063067077, "2024_26_3_1": 3.235162873717089, "2024_26_4": 0.02231146809460062, "2024_26_6": 1.6584857950319793, "2024_26_7": 45.94674996281421, "2024_26_8": 12.39773910456641, "2024_26_10": 7.407407407407406, "2024_26_11": 0.7883385393425553, "2024_26_20": 3.911944072586642, "2024_27_5": 0.09668302840993602, "2024_32": 0.11899449650453661}