{"2022_44_30_10": 0.0213857998289136, "2022_45_13": 0.0320786997433704, "2022_45_15": 0.1443541488451668, "2023_2_12": 0.11762189905902481, "2023_2_301": 0.0106928999144568, "2023_6_8": 0.0106928999144568, "2023_6_11": 0.026732249786142002, "2023_7_10": 0.8768177929854577, "2023_7_15": 0.7912745936698033, "2023_7_20": 27.25085543199316, "2023_7_26": 0.41702309666381526, "2023_12_1": 0.0053464499572284, "2023_12_1_1": 0.0427715996578272, "2023_12_5": 0.1283147989734816, "2023_12_5_4": 0.026732249786142002, "2023_12_9": 0.09088964927288282, "2023_12_9_1": 0.0320786997433704, "2023_12_10": 0.16573994867408043, "2023_12_11": 0.22455089820359286, "2023_20_4_1": 0.17643284858853725, "2023_20_7": 0.46514114627887077, "2023_20_8": 0.4223695466210437, "2023_20_9": 12.077630453378958, "2023_26_1": 0.625534644995723, "2023_26_3": 0.026732249786142002, "2023_26_6": 0.2726689478186485, "2023_26_7": 20.487596236099233, "2023_26_8": 35.029940119760475}