{"2024_3_25": 0.8539478143002371, "2024_8_7": 0.06777363605557438, "2024_8_9": 0.20332090816672313, "2024_14_3": 0.020332090816672314, "2024_14_6": 0.16943409013893593, "2024_14_7": 0.047441545238902066, "2024_14_8": 0.2304303625889529, "2024_14_9": 12.788885123686885, "2024_14_11": 0.006777363605557438, "2024_15_15": 4.7780413419179935, "2024_20_1": 1.9925449000338868, "2024_20_3": 1.2809217214503559, "2024_20_6": 0.18298881735005082, "2024_20_6_1": 0.013554727211114876, "2024_20_6_2": 1.9247712639783123, "2024_20_7": 10.511690952219586, "2024_20_8": 0.07455099966113181, "2024_20_9": 28.817350050830225, "2024_20_9_1": 0.020332090816672314, "2024_20_10": 0.325313453066757, "2024_20_15": 0.5489664520501525, "2024_21_5": 2.0399864452727887, "2024_26_1": 0.04066418163334463, "2024_26_3_1": 6.0250762453405615, "2024_26_4": 0.054218908844459505, "2024_26_6": 6.363944425618434, "2024_26_7": 17.228058285327005, "2024_26_10": 3.3886818027787187}