{"2023_2_10": 0.018323408153916632, "2023_2_12": 0.2519468621163537, "2023_6_8": 0.054970224461749886, "2023_6_11": 0.0961978928080623, "2023_7_5": 0.022904260192395786, "2023_7_10": 3.605130554283097, "2023_7_15": 1.9926706367384335, "2023_7_20": 23.52267521759048, "2023_7_25": 0.004580852038479158, "2023_7_26": 0.013742556115437472, "2023_12_1": 0.009161704076958316, "2023_12_1_1": 0.06871278057718737, "2023_12_5": 2.4507558405863494, "2023_12_5_4": 0.3160787906550619, "2023_12_8": 0.004580852038479158, "2023_12_9": 4.2510306917086575, "2023_12_9_1": 1.0856619331195603, "2023_12_10": 0.6046724690792488, "2023_12_11": 2.3041685753550167, "2023_20_4_1": 11.598717361429227, "2023_20_6": 0.21530004580852038, "2023_20_7": 15.99175446633074, "2023_20_8": 22.432432432432435, "2023_20_9": 5.593220338983051, "2023_26": 0.004580852038479158, "2023_26_1": 3.4860284012826384}