{"2023_26_12": 0.7161876778991828, "2023_27_6": 0.05968230649159857, "2023_27_7": 8.392250482049398, "2023_27_12": 3.1631622440547242, "2023_32_4": 0.08263703975759802, "2023_32_6": 0.11018271967679738, "2023_32_7": 0.16527407951519604, "2023_32_9": 1.166100449912772, "2023_38_1": 0.004590946653199889, "2023_38_4": 0.013772839959599673, "2023_38_6": 7.1067854191534305, "2023_38_8": 0.16986502616839594, "2023_38_9": 3.893122761913507, "2023_38_9_1": 0.27086585253879353, "2023_44_1": 18.611697732072354, "2023_44_25": 0.004590946653199889, "2023_44_30_1": 0.30759342576439264, "2023_44_30_2": 0.8998255440271784, "2023_44_30_3": 0.013772839959599673, "2023_44_30_4": 0.6748691580203838, "2023_44_30_5_1": 27.554861812505738, "2023_44_30_6": 4.769993572674687, "2023_44_30_7": 9.921035717564962, "2023_44_30_8": 11.913506565053716, "2023_44_30_10": 0.013772839959599673}