{"2024_26_3_1": 1.1350938069752392, "2024_26_4": 0.01764394518614362, "2024_26_6": 0.5763688760806915, "2024_26_7": 7.610421690289948, "2024_26_8": 5.746044815620771, "2024_26_10": 1.5173792860083513, "2024_26_11": 0.24701523260601063, "2024_26_20": 1.3527024642710106, "2024_27_5": 0.2646591777921543, "2024_27_10": 0.8057401635005585, "2024_27_25": 3.7934482150208773, "2024_32": 0.02940657531023936, "2024_32_3": 6.24595659589484, "2024_32_4_1": 0.3175910133505851, "2024_32_4_2": 0.02352526024819149, "2024_32_5_3": 0.01764394518614362, "2024_32_5_4": 0.02940657531023936, "2024_32_6": 3.417044051049814, "2024_32_7": 15.961889078397926, "2024_32_9": 0.09998235605481383, "2024_32_9_1": 0.011762630124095745, "2024_32_10": 38.887255190260525, "2024_32_20": 0.12938893136505317, "2024_32_20_1": 0.41169205434335115, "2024_33_5": 0.0411692054343351, "2024_33_15": 0.7645709580662233, "2024_33_25": 0.8175027936246542, "2024_38": 0.005881315062047873, "2024_38_2": 8.563194730341703, "2024_38_4": 1.1586190672234309}