{"2024_27_5": 0.2185724099169425, "2024_27_10": 0.6806969337413352, "2024_27_25": 3.066258664834822, "2024_32": 0.03122462998813464, "2024_32_3": 5.34565665396865, "2024_32_4_1": 0.23106226191219634, "2024_32_4_2": 0.024979703990507713, "2024_32_5_3": 0.01873477799288078, "2024_32_5_4": 0.024979703990507713, "2024_32_6": 2.597889215012802, "2024_32_7": 8.124648722912632, "2024_32_9": 0.043714481983388495, "2024_32_9_1": 0.01873477799288078, "2024_32_10": 19.028289514769252, "2024_32_20": 0.08742896396677699, "2024_32_20_1": 0.256041965902704, "2024_33_5": 19.00955473677637, "2024_33_15": 0.48085930181727343, "2024_33_25": 0.23730718790982322, "2024_33_30": 0.012489851995253856, "2024_33_35": 8.76163117467058, "2024_38": 0.006244925997626928, "2024_38_2": 1.74857927933554, "2024_38_4": 0.17485792793355398, "2024_38_6": 2.004621245238244, "2024_38_7": 8.137138574907887, "2024_39_5": 0.9679635296321737, "2024_44_1": 0.3060013738837195, "2024_44_3": 1.1865359395491164, "2024_44_3_1": 17.16730156747642}