{"2024_32_7": 7.817197835237522, "2024_32_9": 0.040088194026859085, "2024_32_9_1": 0.013362731342286363, "2024_32_10": 15.661121133159616, "2024_32_20": 0.08685775372486136, "2024_32_20_1": 0.21380370147658181, "2024_33_5": 15.567582013763612, "2024_33_15": 0.42760740295316363, "2024_33_25": 0.19375960446315227, "2024_33_30": 0.013362731342286363, "2024_33_35": 6.146856417451726, "2024_33_40": 0.9888421193291909, "2024_38": 0.006681365671143182, "2024_38_2": 1.516670007349502, "2024_38_4": 0.16703414177857953, "2024_38_6": 1.7104296118126545, "2024_38_7": 5.171377029464823, "2024_39_5": 0.955435290973475, "2024_39_15": 0.6213670074163159, "2024_44_1": 0.21380370147658181, "2024_44_3": 0.7950825148660386, "2024_44_3_1": 19.34255361795951, "2024_44_4": 0.5345092536914545, "2024_44_25_2": 17.21787933453598, "2024_44_25_3": 2.47878666399412, "2024_44_25_4": 0.2338477984900113, "2024_45_25_5": 1.6703414177857954, "2024_45_25_6": 0.026725462684572727, "2024_45_32": 0.16703414177857953}