{"2023_6_11": 0.013391063696826315, "2023_7_10": 0.20086595545239475, "2023_7_15": 0.13837432486720527, "2023_7_20": 4.294067758782305, "2023_7_26": 0.07141900638307369, "2023_7_30": 22.91210998526983, "2023_12_1_1": 0.03124581529259474, "2023_12_5": 0.0758826942820158, "2023_12_5_4": 0.008927375797884211, "2023_12_9": 0.07141900638307369, "2023_12_9_1": 0.013391063696826315, "2023_12_10": 0.08034638218095791, "2023_12_11": 0.0892737579788421, "2023_20_4_1": 0.1339106369682632, "2023_20_7": 0.16069276436191582, "2023_20_8": 0.22764808284604737, "2023_20_9": 5.173414274873901, "2023_26_1": 0.3079944650270053, "2023_26_3": 0.013391063696826315, "2023_26_6": 0.12051957327143684, "2023_26_7": 5.767084765433201, "2023_26_8": 14.520376735258669, "2023_26_9": 19.1670758380574, "2023_26_10": 0.9329107708789001, "2023_26_11": 0.8213185734053475, "2023_27_5": 0.008927375797884211, "2023_32_1": 2.633575860375842, "2023_32_4": 22.010445029683527}