{"2023_6_8": 0.05559356825179609, "2023_6_11": 0.06414642490591857, "2023_7_5": 0.017105713308244952, "2023_7_10": 2.7754019842627433, "2023_7_15": 1.4154977762572696, "2023_7_20": 24.00786862812179, "2023_7_25": 0.004276428327061238, "2023_7_26": 0.3121792678754704, "2023_12_1": 0.012829284981183716, "2023_12_1_1": 0.07269928156004103, "2023_12_5": 1.9030106055422509, "2023_12_5_4": 0.23947998631542927, "2023_12_8": 0.008552856654122476, "2023_12_9": 3.378378378378377, "2023_12_9_1": 0.7825863838522065, "2023_12_10": 0.5217242559014709, "2023_12_11": 1.4881970578173107, "2023_20_4_1": 6.367601778994183, "2023_20_6": 0.10691070817653095, "2023_20_7": 5.0975025658569955, "2023_20_8": 3.1346219637358876, "2023_20_9": 35.259151556619905, "2023_26_1": 1.997092028737598, "2023_26_3": 0.07697570988710227, "2023_26_6": 1.4625384878549432, "2023_26_7": 9.438077317824153}