{"2024_14_6": 0.08534243652656281, "2024_14_7": 0.028447478842187613, "2024_14_8": 0.12801365478984425, "2024_14_9": 2.8163004053765737, "2024_15_15": 4.025318256169546, "2024_20_1": 0.7040751013441434, "2024_20_3": 0.22046796102695398, "2024_20_6_2": 0.14934926392148493, "2024_20_7": 2.908754711613683, "2024_20_8": 0.021335609131640704, "2024_20_9": 9.216983144868784, "2024_20_9_1": 0.021335609131640704, "2024_20_10": 0.10667804565820355, "2024_20_15": 0.39115283408007956, "2024_21_5": 0.6471801436597681, "2024_26_1": 0.007111869710546903, "2024_26_3_1": 2.460706919849228, "2024_26_4": 0.021335609131640704, "2024_26_6": 1.2872484176089893, "2024_26_7": 31.299338596116915, "2024_26_8": 26.861531896735645, "2024_26_10": 6.023753644833226, "2024_26_11": 1.0810041960031291, "2024_26_20": 4.338240523433611, "2024_27_5": 1.756631818505085, "2024_32": 0.12801365478984425, "2024_32_3": 3.264348197141028}