{"2024_32_9": 0.04281127363539065, "2024_32_9_1": 0.014270424545130217, "2024_32_10": 16.282554405993576, "2024_32_20": 0.0927577595433464, "2024_32_20_1": 0.22832679272208348, "2024_33_5": 16.11844452372458, "2024_33_15": 0.44951837317160176, "2024_33_25": 0.19265073135925792, "2024_33_30": 0.014270424545130217, "2024_33_35": 6.31466286122012, "2024_33_40": 0.8062789867998571, "2024_38": 0.007135212272565109, "2024_38_2": 1.584017124509454, "2024_38_4": 0.17838030681412773, "2024_38_6": 1.769532643596147, "2024_38_7": 4.91616125579736, "2024_39_5": 0.9775240813414198, "2024_39_15": 0.21405636817695323, "2024_44_1": 0.21405636817695323, "2024_44_3": 0.792008562254727, "2024_44_3_1": 20.05708169818052, "2024_44_4": 0.6136282554405993, "2024_44_25_2": 13.49268640742062, "2024_44_25_3": 0.4851944345344273, "2024_44_25_4": 0.65643952907599, "2024_45_25_5": 3.460577952194077, "2024_45_25_6": 0.7991437745272922, "2024_45_25_10": 0.2711380663574741, "2024_45_32": 8.176953264359614, "2024_45_32_1": 0.7777381377095968}