{"2023_20_4_1": 0.06830110000718959, "2023_20_7": 0.06470630526996908, "2023_20_8": 0.09705945790495363, "2023_20_9": 2.4013228844632972, "2023_26_1": 0.13660220001437917, "2023_26_3": 0.010784384211661514, "2023_26_6": 0.04673233158386656, "2023_26_7": 1.6032784528003452, "2023_26_8": 2.8362930476669783, "2023_26_9": 3.6846646056510184, "2023_26_10": 0.2013085052843482, "2023_26_11": 0.18692932633546624, "2023_26_12": 0.8375871737723775, "2023_27_6": 2.5882522107987636, "2023_27_7": 20.99000647063053, "2023_27_11": 0.010784384211661514, "2023_31_600": 0.025163563160543526, "2023_32_1": 0.2696096052915378, "2023_32_4": 1.959163131785175, "2023_32_6": 6.603637932274068, "2023_32_7": 7.26867495865986, "2023_32_9": 11.359551369616797, "2023_38_1": 0.03594794737220505, "2023_38_4": 0.9885685527356388, "2023_38_6": 34.229635487813646, "2023_38_8": 1.49543461068373}