{"2024_3_6": 0.11440958631902211, "2024_3_10": 0.45763834527608843, "2024_3_15": 2.613355813813453, "2024_3_20": 0.16258204371650511, "2024_3_25": 8.803516589390018, "2024_8_4": 0.04215090022279762, "2024_8_7": 0.22881917263804422, "2024_8_8": 0.01204311434937075, "2024_8_9": 5.040043355211658, "2024_8_12": 0.04215090022279762, "2024_9_5": 0.006021557174685375, "2024_14_3": 0.25290540133678574, "2024_14_5": 0.030107785873426877, "2024_14_6": 2.0292647678689715, "2024_14_7": 0.8008671042331548, "2024_14_8": 2.48690311314506, "2024_14_9": 26.561088697537187, "2024_14_11": 0.07828024327090986, "2024_15_10": 0.006021557174685375, "2024_15_15": 3.444330703920034, "2024_20_1": 8.327813572589873, "2024_20_3": 4.323478051424099, "2024_20_6": 0.8129102185825255, "2024_20_6_1": 0.030107785873426877, "2024_20_6_2": 5.058108026735715, "2024_20_7": 25.41097127717228, "2024_20_8": 0.18064671524056122, "2024_20_9": 2.6314204853375087, "2024_20_9_1": 0.01204311434937075}