{"2022_36_6": 0.158743420502966, "2022_36_20": 0.238115130754449, "2022_40_4": 0.025064750605731483, "2022_40_4_1": 0.11696883616008022, "2022_40_4_2": 0.12950121146294594, "2022_40_4_10": 0.025064750605731483, "2022_44_2": 0.17963071267440894, "2022_44_2_8": 0.004177458434288579, "2022_44_25_1": 0.634973682011864, "2022_44_25_2": 1.4997075779096, "2022_44_25_3": 5.581084468209542, "2022_44_25_5": 3.0495446570306632, "2022_44_30": 3.9769404294427275, "2022_44_30_1": 0.45534296933745516, "2022_44_30_2": 0.08772662712006016, "2022_44_30_5": 4.753947698220403, "2022_44_30_8": 0.016709833737154317, "2022_44_30_10": 23.468961483833244, "2022_45_10": 0.0208872921714429, "2022_45_11": 1.0443646085721447, "2023_2_0_5": 0.5806667223661126, "2023_2_10": 5.3179045868493615, "2023_2_11": 0.7853621856462529, "2023_2_12": 44.606901161333454, "2023_2_13": 0.008354916868577159, "2023_2_201": 0.04595204277717437, "2023_6_1": 1.5707243712925059, "2023_6_8": 1.6166764140696805}