{"2022_45_12": 0.03053435114503817, "2022_45_13": 0.05089058524173028, "2022_45_15": 1.0432569974554706, "2023_2_10": 0.02544529262086514, "2023_2_12": 0.16793893129770993, "2023_2_301": 0.010178117048346057, "2023_6_8": 0.05089058524173028, "2023_6_11": 0.12213740458015268, "2023_7_5": 0.03053435114503817, "2023_7_10": 6.005089058524173, "2023_7_15": 3.4249363867684477, "2023_7_20": 20.473282442748094, "2023_12_1": 0.015267175572519085, "2023_12_1_1": 0.07124681933842239, "2023_12_5": 3.6844783715012723, "2023_12_5_4": 0.3969465648854961, "2023_12_8": 0.005089058524173028, "2023_12_9": 6.646310432569974, "2023_12_9_1": 2.1475826972010177, "2023_12_10": 1.0585241730279897, "2023_12_11": 3.974554707379135, "2023_20_4_1": 48.31552162849873, "2023_20_6": 1.1806615776081424, "2023_20_7": 1.068702290076336}