{"2023_12_11": 0.05076694346738223, "2023_20_4_1": 0.06889799470573302, "2023_20_7": 0.06164557421039272, "2023_20_8": 0.0979076766870943, "2023_20_9": 2.454944337672698, "2023_26_1": 0.13779598941146604, "2023_26_3": 0.010878630743010478, "2023_26_6": 0.04714073321971207, "2023_26_7": 1.6390470319469121, "2023_26_8": 2.9517351416035096, "2023_26_9": 3.803894549805998, "2023_26_10": 0.21757261486020957, "2023_26_11": 0.19218914312651847, "2023_26_12": 0.8449069877071472, "2023_27_6": 2.7631722087246615, "2023_27_7": 20.709286724444283, "2023_31_600": 0.06889799470573302, "2023_32_1": 0.28647060956594256, "2023_32_4": 2.0633136309243207, "2023_32_6": 7.542517315153932, "2023_32_7": 8.035681908837072, "2023_32_9": 12.894803640715086, "2023_38_1": 0.04351452297204191, "2023_38_4": 1.1241251767777496, "2023_38_6": 31.761975559342925, "2023_38_8": 0.1269173586684556}