{"2023_2_12": 0.09885330170027674, "2023_6_11": 0.01977066034005535, "2023_7_10": 0.3262158956109133, "2023_7_15": 0.28667457493080256, "2023_7_20": 7.680901542111504, "2023_7_26": 0.11368129695531826, "2023_7_30": 20.161130881771445, "2023_12_1": 0.004942665085013838, "2023_12_1_1": 0.029655990510083028, "2023_12_5": 0.08896797153024909, "2023_12_5_4": 0.014827995255041514, "2023_12_9": 0.08402530644523525, "2023_12_9_1": 0.029655990510083028, "2023_12_10": 0.09391063661526293, "2023_12_11": 0.09885330170027674, "2023_20_4_1": 0.13839462238038747, "2023_20_7": 0.26690391459074725, "2023_20_8": 0.28667457493080256, "2023_20_9": 7.80446816923685, "2023_26_1": 0.4448398576512454, "2023_26_3": 0.01977066034005535, "2023_26_6": 0.17793594306049818, "2023_26_7": 10.88374851720047, "2023_26_8": 29.63127718465796, "2023_26_9": 18.525108738631864, "2023_26_10": 1.369118228548833, "2023_26_11": 1.3196915776986946}