{"2024_8_9": 0.13558300692979816, "2024_8_12": 0.01506477854775535, "2024_14_3": 0.022597167821633027, "2024_14_6": 0.09792106056040978, "2024_14_7": 0.022597167821633027, "2024_14_8": 0.1205182283820428, "2024_14_9": 3.585417294365773, "2024_14_11": 0.007532389273877675, "2024_15_15": 4.203073214823743, "2024_20_1": 0.8134980415787888, "2024_20_3": 0.27869840313347394, "2024_20_6": 0.007532389273877675, "2024_20_6_2": 0.18077734257306421, "2024_20_7": 3.2615245555890335, "2024_20_8": 0.022597167821633027, "2024_20_9": 11.471828864115698, "2024_20_9_1": 0.022597167821633027, "2024_20_10": 0.13558300692979816, "2024_20_15": 0.4745405242542935, "2024_21_5": 0.7833684844832782, "2024_26_1": 0.01506477854775535, "2024_26_3_1": 3.7210003012955712, "2024_26_4": 0.022597167821633027, "2024_26_6": 1.762579090087376, "2024_26_7": 47.36366375414281, "2024_26_8": 9.731846941849957, "2024_26_10": 7.35161193130461, "2024_26_11": 0.5573968062669479, "2024_26_20": 3.698403133473939, "2024_32": 0.1129858391081651}