{"2023_32_6": 0.038387715930902115, "2023_38_9_1": 0.038387715930902115, "2023_44_30_14": 0.038387715930902115, "2023_44_30_30": 0.038387715930902115, "2024_8_9": 0.038387715930902115, "2024_14_9": 0.038387715930902115, "2024_15_15": 0.038387715930902115, "2024_20_6_2": 0.038387715930902115, "2024_26_8": 0.11516314779270635, "2024_32_6": 0.07677543186180423, "2024_32_7": 0.3071017274472169, "2024_32_10": 0.5374280230326297, "2024_33_5": 0.4606525911708254, "2024_33_35": 0.34548944337811904, "2024_38_2": 0.038387715930902115, "2024_38_6": 0.15355086372360846, "2024_38_7": 0.4222648752399233, "2024_39_5": 0.038387715930902115, "2024_39_15": 0.07677543186180423, "2024_44_3_1": 0.4606525911708254, "2024_44_4": 1.6890595009596931, "2024_44_25_2": 17.005758157389636, "2024_44_25_3": 0.2303262955854127, "2024_44_25_4": 3.339731285988484, "2024_45_25_5": 14.011516314779273, "2024_45_25_6": 3.5316698656429946, "2024_45_25_10": 0.4222648752399233, "2024_45_25_15": 9.63531669865643, "2024_45_32": 5.566218809980807, "2024_45_32_1": 8.714011516314779, "2024_45_32_2": 24.14587332053743, "2024_45_32_5": 0.26871401151631485, "2024_45_32_6": 0.9596928982725529, "2025_2": 7.140115163147794}