{"2022_45_12": 0.03345760443552242, "2022_45_13": 0.04301691998852882, "2022_45_15": 0.7838638753465252, "2023_2_10": 0.014338973329509608, "2023_2_12": 0.12905075996558646, "2023_2_301": 0.009559315553006407, "2023_6_8": 0.03345760443552242, "2023_6_11": 0.07647452442405125, "2023_7_5": 0.028677946659019217, "2023_7_10": 4.3590478921709215, "2023_7_15": 2.4997610171111746, "2023_7_20": 22.61256094063665, "2023_7_25": 0.019118631106012814, "2023_12_1": 0.009559315553006407, "2023_12_1_1": 0.03823726221202563, "2023_12_5": 2.6527100659592775, "2023_12_5_4": 0.3584743332377402, "2023_12_8": 0.004779657776503203, "2023_12_9": 4.961284772010323, "2023_12_9_1": 1.3478634929739033, "2023_12_10": 0.7265079820284869, "2023_12_11": 2.977726794761495, "2023_20_4_1": 20.466494598986714, "2023_20_6": 0.7934231908995316, "2023_20_7": 34.90106108402639, "2023_20_8": 0.11471178663607687, "2023_26": 0.004779657776503203}