{"2023_38_6": 6.01742603013251, "2023_38_8": 0.14521691777092033, "2023_38_9": 3.06316935923035, "2023_38_9_1": 0.1588310038119441, "2023_44_1": 13.028680341259754, "2023_44_9_2": 0.00907605736068252, "2023_44_25": 0.00453802868034126, "2023_44_30_1": 0.1542929751316028, "2023_44_30_2": 0.4174986385913959, "2023_44_30_3": 0.00907605736068252, "2023_44_30_4": 0.263205663459793, "2023_44_30_5_1": 4.656017426030133, "2023_44_30_6": 0.9121437647485933, "2023_44_30_7": 0.8123071337810854, "2023_44_30_8": 22.63114902886186, "2023_44_30_9": 6.049192230894899, "2023_44_30_10": 0.00453802868034126, "2023_44_30_12": 0.01361408604102378, "2023_44_30_13": 0.3721183517879833, "2023_44_30_14": 12.170992920675259, "2023_44_30_20": 0.3040479215828644, "2024_2_2": 0.08168451624614267, "2024_2_2_1": 8.200217825376656, "2024_2_3": 2.568524233073153, "2024_2_6": 7.74641495734253, "2024_2_7": 10.206026502087493}