{"2022_40_4": 0.011127802815334112, "2022_40_4_1": 0.07789461970733878, "2022_40_4_2": 0.06676681689200467, "2022_44_2": 0.12796973237634232, "2022_44_25_1": 0.07789461970733878, "2022_44_25_2": 0.1780448450453458, "2022_44_25_3": 0.7678183942580536, "2022_44_25_5": 1.6524787180771154, "2022_44_30": 0.5675179435820397, "2022_44_30_1": 0.07233071829967172, "2022_44_30_2": 0.11127802815334112, "2022_44_30_5": 2.3479663940354976, "2022_44_30_10": 24.55349691203472, "2022_45_10": 0.016691704223001168, "2022_45_11": 0.7121793801813832, "2022_45_12": 4.2897679853112995, "2023_2_0_5": 0.06120291548433762, "2023_2_10": 1.19067490124075, "2023_2_11": 0.18360874645301284, "2023_2_12": 32.209425248984594, "2023_2_13": 0.022255605630668224, "2023_2_201": 0.11127802815334112, "2023_2_301": 0.005563901407667056, "2023_6_1": 0.7566905914427196, "2023_6_8": 27.886273855227284, "2023_6_9": 1.9418015912758022}