{"2022_44_30_10": 0.022107997568120263, "2022_45_13": 0.0331619963521804, "2022_45_15": 0.14370198419278174, "2023_2_10": 0.011053998784060132, "2023_2_12": 0.13817498480075166, "2023_2_301": 0.011053998784060132, "2023_6_8": 0.0165809981760902, "2023_6_11": 0.0331619963521804, "2023_7_10": 0.9451168960371413, "2023_7_15": 0.81799591002045, "2023_7_20": 27.34759299176477, "2023_7_26": 0.42005195379428517, "2023_12_1": 0.005526999392030066, "2023_12_1_1": 0.04421599513624053, "2023_12_5": 0.16028298236887192, "2023_12_5_4": 0.055269993920300665, "2023_12_9": 0.11053998784060133, "2023_12_9_1": 0.03868899574421047, "2023_12_10": 0.165809981760902, "2023_12_11": 0.2763499696015033, "2023_20_4_1": 0.23213397446526277, "2023_20_7": 0.5803349361631569, "2023_20_8": 0.5029569446747361, "2023_20_9": 13.706958492234566, "2023_26_1": 0.7350909191399989, "2023_26_3": 0.04421599513624053, "2023_26_6": 0.43663295197037527, "2023_26_7": 23.6942463936329, "2023_26_8": 29.27098878019123}