{"2023_12_9": 0.04919769906145927, "2023_12_9_1": 0.011353315168029064, "2023_12_10": 0.045413260672116255, "2023_12_11": 0.0529821374508023, "2023_20_4_1": 0.08325764456554648, "2023_20_7": 0.06055101422948835, "2023_20_8": 0.10974871329094765, "2023_20_9": 2.7172267635482896, "2023_26_1": 0.15894641235240692, "2023_26_3": 0.011353315168029064, "2023_26_6": 0.0529821374508023, "2023_26_7": 1.9111413866182254, "2023_26_8": 3.5157432636996675, "2023_26_9": 4.401301846805934, "2023_26_10": 0.2649106872540115, "2023_26_11": 0.23085074174992432, "2023_26_12": 0.8325764456554647, "2023_27_6": 4.4353617923100215, "2023_27_7": 18.464274901604604, "2023_32_1": 0.3405994550408719, "2023_32_4": 2.739933393884347, "2023_32_6": 12.583257644565546, "2023_32_7": 18.388586133817743, "2023_32_9": 23.48244020587345, "2023_38_1": 0.09461095973357554, "2023_38_4": 4.961398728428701}