{"2022_44_25_2": 0.019927265480994372, "2022_44_25_3": 0.18930902206944653, "2022_44_25_5": 0.0747272455537289, "2022_44_30": 0.19429083843969513, "2022_44_30_2": 0.02490908185124297, "2022_44_30_5": 0.17436357295870078, "2022_44_30_10": 1.2753449907836398, "2022_45_11": 0.039854530961988745, "2022_45_12": 0.8867633139042496, "2022_45_13": 1.3749813181886117, "2022_45_14": 0.02490908185124297, "2022_45_15": 28.341553330344247, "2023_2_0_5": 0.019927265480994372, "2023_2_10": 0.41349075873063323, "2023_2_11": 0.019927265480994372, "2023_2_12": 9.988541822348427, "2023_2_13": 0.019927265480994372, "2023_2_201": 0.004981816370248593, "2023_2_301": 0.04981816370248594, "2023_6_1": 0.08469087829422607, "2023_6_8": 10.362178050117073, "2023_6_9": 1.1059632341951877, "2023_6_11": 8.942360384596224, "2023_6_11_2": 0.04981816370248594, "2023_6_15": 0.004981816370248593, "2023_12_1": 8.299706072834157, "2023_12_1_1": 27.918098938873108, "2023_12_5": 0.09465451103472326}