{"2023_12_9": 0.04875487548754876, "2023_12_9_1": 0.011251125112511253, "2023_12_10": 0.04500450045004501, "2023_12_11": 0.04875487548754876, "2023_20_4_1": 0.07875787578757877, "2023_20_7": 0.06375637563756377, "2023_20_8": 0.10876087608760879, "2023_20_9": 2.696519651965197, "2023_26_1": 0.15376537653765376, "2023_26_3": 0.011251125112511253, "2023_26_6": 0.05250525052505251, "2023_26_7": 1.8639363936393643, "2023_26_8": 3.4390939093909396, "2023_26_9": 4.290429042904291, "2023_26_10": 0.2550255025502551, "2023_26_11": 0.2212721272127213, "2023_26_12": 0.8288328832883289, "2023_27_6": 3.8516351635163515, "2023_27_7": 19.243174317431745, "2023_31_600": 0.0075007500750075016, "2023_32_1": 0.3450345034503451, "2023_32_4": 2.602760276027603, "2023_32_6": 12.162466246624664, "2023_32_7": 17.390489048904893, "2023_32_9": 25.311281128112817, "2023_38_1": 0.12376237623762376, "2023_38_4": 4.744224422442245}