{"2024_27_5": 0.2297970126388357, "2024_27_10": 0.7085407889697434, "2024_27_25": 3.2107749265926215, "2024_32": 0.03191625175539385, "2024_32_3": 5.623643559300397, "2024_32_4_1": 0.24256351334099327, "2024_32_4_2": 0.025533001404315078, "2024_32_5_3": 0.019149751053236314, "2024_32_5_4": 0.025533001404315078, "2024_32_6": 2.7320311502617134, "2024_32_7": 8.917400740457042, "2024_32_9": 0.04468275245755139, "2024_32_9_1": 0.03191625175539385, "2024_32_10": 21.715817694369978, "2024_32_20": 0.10213200561726031, "2024_32_20_1": 0.2808630154474659, "2024_33_5": 22.552023490361293, "2024_33_15": 1.1872845653006512, "2024_33_25": 0.2872462657985446, "2024_33_30": 0.012766500702157539, "2024_33_35": 8.904634239754882, "2024_38": 0.006383250351078769, "2024_38_2": 2.049023362696285, "2024_38_4": 0.19788076088344186, "2024_38_6": 2.5596833907825864, "2024_38_7": 13.283543980594919, "2024_39_5": 0.07021575386186647, "2024_44_1": 0.8042895442359249, "2024_44_3": 2.8022469041235802, "2024_44_3_1": 1.3404825737265416}