{"2024_8_7": 0.07162857328905385, "2024_8_9": 0.21488571986716162, "2024_14_3": 0.019535065442469232, "2024_14_6": 0.1497688350589308, "2024_14_7": 0.04558181936576155, "2024_14_8": 0.22790909682880775, "2024_14_9": 11.323826268151334, "2024_14_11": 0.006511688480823078, "2024_15_15": 4.766555967962494, "2024_20_1": 1.7776909552647002, "2024_20_3": 1.1265221071823923, "2024_20_6": 0.1497688350589308, "2024_20_6_1": 0.013023376961646157, "2024_20_6_2": 1.5953636778016544, "2024_20_7": 8.087517093182264, "2024_20_8": 0.06511688480823079, "2024_20_9": 24.757439604089345, "2024_20_9_1": 0.026046753923292313, "2024_20_10": 0.27349091619456933, "2024_20_15": 0.4688415706192617, "2024_21_5": 0.8725662564302926, "2024_26_1": 0.032558442404115394, "2024_26_3_1": 3.8809663345705547, "2024_26_4": 0.019535065442469232, "2024_26_6": 2.2595559028456083, "2024_26_7": 31.998437194764605, "2024_26_10": 5.4958650778146785, "2024_26_20": 0.27349091619456933}