{"2024_2_7": 0.38767202946307416, "2024_2_8": 0.012922400982102471, "2024_3_6": 0.12922400982102475, "2024_3_10": 0.5104348387930476, "2024_3_15": 3.0626090327582864, "2024_3_20": 0.21321961620469082, "2024_3_25": 11.959682108935839, "2024_8_3": 0.0064612004910512355, "2024_8_4": 0.05815080441946114, "2024_8_7": 0.22614201718679328, "2024_8_8": 0.012922400982102471, "2024_8_9": 6.37720488466757, "2024_8_12": 0.04522840343735866, "2024_9_5": 0.0064612004910512355, "2024_14_3": 0.3295212250436131, "2024_14_5": 0.03876720294630742, "2024_14_6": 2.7201654067325705, "2024_14_7": 1.2405504942818375, "2024_14_8": 3.482587064676617, "2024_14_9": 29.24985462298895, "2024_14_11": 0.09691800736576854, "2024_15_5": 0.03230600245525619, "2024_20_1": 28.24836854687601, "2024_20_3": 11.248950054920204, "2024_20_6": 0.3036764230794081}