{"2023_44_30_9": 0.019996000799840027, "2023_44_30_13": 0.013330667199893355, "2023_44_30_14": 0.47323868559621407, "2023_44_30_25": 0.07998400319936011, "2023_44_30_30": 0.1466373391988269, "2024_2_6": 0.039992001599680055, "2024_2_7": 0.39325468239685396, "2024_2_8": 0.013330667199893355, "2024_3_6": 0.1466373391988269, "2024_3_10": 0.5865493567953076, "2024_3_15": 3.365993467973072, "2024_3_20": 0.25328267679797367, "2024_3_25": 14.677064587082583, "2024_8_3": 0.006665333599946677, "2024_8_4": 0.05998800239952009, "2024_8_7": 0.2599480103979204, "2024_8_8": 0.013330667199893355, "2024_8_9": 7.198560287942411, "2024_8_12": 0.04665733519962674, "2024_9_5": 0.006665333599946677, "2024_14_3": 0.3799240151969606, "2024_14_5": 0.04665733519962674, "2024_14_6": 3.505965473571952, "2024_14_7": 1.5930147303872557, "2024_14_8": 5.205625541558355, "2024_14_9": 33.579950676531354, "2024_14_11": 0.11331067119909352, "2024_15_5": 0.033326667999733384, "2024_20_1": 27.74111844297807}