{"2023_32_6": 0.03849114703618168, "2023_38_9_1": 0.03849114703618168, "2023_44_30_14": 0.03849114703618168, "2023_44_30_30": 0.03849114703618168, "2024_8_9": 0.03849114703618168, "2024_14_9": 0.03849114703618168, "2024_15_15": 0.03849114703618168, "2024_20_6_2": 0.03849114703618168, "2024_26_8": 0.11547344110854503, "2024_32_6": 0.07698229407236336, "2024_32_7": 0.30792917628945343, "2024_32_10": 0.5388760585065435, "2024_33_5": 0.4618937644341801, "2024_33_35": 0.3464203233256351, "2024_38_2": 0.03849114703618168, "2024_38_6": 0.15396458814472672, "2024_38_7": 0.4618937644341801, "2024_39_5": 0.03849114703618168, "2024_39_15": 0.11547344110854503, "2024_44_3_1": 0.4618937644341801, "2024_44_4": 1.6936104695919934, "2024_44_25_2": 17.0130869899923, "2024_44_25_3": 0.19245573518090836, "2024_44_25_4": 3.3102386451116237, "2024_45_25_5": 13.933795227097768, "2024_45_25_6": 3.541185527328714, "2024_45_25_10": 0.42340261739799834, "2024_45_25_15": 9.6612779060816, "2024_45_32": 5.619707467282525, "2024_45_32_1": 9.045419553502693, "2024_45_32_2": 23.90300230946882, "2024_45_32_5": 0.26943802925327176, "2024_45_32_6": 0.9622786759045419, "2025_2": 7.005388760585064}