{"2023_2_10": 0.010372368011617051, "2023_2_12": 0.10890986412197905, "2023_2_301": 0.010372368011617051, "2023_6_8": 0.010372368011617051, "2023_6_11": 0.020744736023234102, "2023_7_10": 0.8609065449642153, "2023_7_15": 0.7156933928015765, "2023_7_20": 25.65086609272897, "2023_7_26": 0.3474743283891712, "2023_7_30": 1.488434809667047, "2023_12_1": 0.0051861840058085255, "2023_12_1_1": 0.03630328804065969, "2023_12_5": 0.11928223213359612, "2023_12_5_4": 0.020744736023234102, "2023_12_9": 0.09853749611036199, "2023_12_9_1": 0.031117104034851153, "2023_12_10": 0.10890986412197905, "2023_12_11": 0.13484078415102171, "2023_20_4_1": 0.1607717041800643, "2023_20_7": 0.3889638004356395, "2023_20_8": 0.3682190644124054, "2023_20_9": 9.905611451094286, "2023_26_1": 0.5549216886215123, "2023_26_3": 0.025930920029042633, "2023_26_6": 0.21263354423814956, "2023_26_7": 16.756560522767348, "2023_26_8": 39.746914220516544, "2023_26_9": 0.7260657608131936, "2023_26_10": 1.3743387615392595}