{"2024_2_6": 0.04601327811739959, "2024_2_7": 0.4075461776112536, "2024_2_8": 0.013146650890685596, "2024_3_6": 0.131466508906856, "2024_3_10": 0.5455860119634522, "2024_3_15": 3.220929468217971, "2024_3_20": 0.22349306514165518, "2024_3_25": 12.903437849207917, "2024_8_3": 0.006573325445342798, "2024_8_4": 0.05258660356274238, "2024_8_7": 0.230066390586998, "2024_8_8": 0.013146650890685596, "2024_8_9": 6.717938605140341, "2024_8_12": 0.04601327811739959, "2024_9_5": 0.006573325445342798, "2024_14_3": 0.35495957404851114, "2024_14_5": 0.03943995267205679, "2024_14_6": 3.03030303030303, "2024_14_7": 1.373825018076645, "2024_14_8": 3.8848353381975937, "2024_14_9": 29.317031486228878, "2024_14_11": 0.11174653257082759, "2024_15_5": 0.032866627226714, "2024_20_1": 35.15414448169329, "2024_20_3": 2.1363307697364093}