{"2024_27_5": 0.26190008511752766, "2024_27_10": 0.7464152425849537, "2024_27_25": 3.4767236299351802, "2024_32": 0.03273751063969096, "2024_32_3": 5.9778694428075685, "2024_32_4_1": 0.28154259150134225, "2024_32_4_2": 0.02619000851175277, "2024_32_5_3": 0.019642506383814574, "2024_32_5_4": 0.02619000851175277, "2024_32_6": 2.939828455444248, "2024_32_7": 10.10279578340863, "2024_32_9": 0.04583251489556734, "2024_32_9_1": 0.03928501276762915, "2024_32_10": 23.741242715903883, "2024_32_20": 0.11130753617494926, "2024_32_20_1": 0.3142801021410332, "2024_33_5": 20.585346690237674, "2024_33_15": 1.1981928894126892, "2024_33_25": 0.37320762129247687, "2024_33_30": 0.02619000851175277, "2024_33_35": 8.171282655666865, "2024_38": 0.006547502127938192, "2024_38_2": 2.4094807830812544, "2024_38_4": 0.2357100766057749, "2024_38_6": 4.013618804426112, "2024_38_7": 14.286649643161137, "2024_44_1": 0.5499901787468081}