{"2024_2_8": 0.012563603241409635, "2024_3_6": 0.12563603241409635, "2024_3_10": 0.5088259312770902, "2024_3_15": 2.8645015390413966, "2024_3_20": 0.1758904453797349, "2024_3_25": 10.383818079025062, "2024_8_3": 0.0062818016207048175, "2024_8_4": 0.05025441296563854, "2024_8_7": 0.22614485834537346, "2024_8_8": 0.012563603241409635, "2024_8_9": 5.760412086186318, "2024_8_12": 0.04397261134493372, "2024_9_5": 0.0062818016207048175, "2024_14_3": 0.2952446761731264, "2024_14_5": 0.03140900810352409, "2024_14_6": 2.380802814247126, "2024_14_7": 1.0050882593127708, "2024_14_8": 3.1534644135938183, "2024_14_9": 29.430240593002065, "2024_14_11": 0.08166342106916262, "2024_15_10": 0.03140900810352409, "2024_20_1": 12.312331176581441, "2024_20_3": 10.063446196369116, "2024_20_6": 3.9009988064576917, "2024_20_6_1": 0.0376908097242289, "2024_20_6_2": 16.678183302971288, "2024_20_7": 0.4208807085872228}