{"2022_44_30_10": 0.02182572161292083, "2022_45_13": 0.032738582419381254, "2022_45_15": 0.14732362088721562, "2023_2_12": 0.13095432967752502, "2023_2_301": 0.010912860806460416, "2023_6_8": 0.016369291209690627, "2023_6_11": 0.027282152016151036, "2023_7_10": 0.9166803077426751, "2023_7_15": 0.818464560484531, "2023_7_20": 27.353085611393034, "2023_7_26": 0.4146887106454958, "2023_12_1": 0.005456430403230208, "2023_12_1_1": 0.04910787362907187, "2023_12_5": 0.1364107600807552, "2023_12_5_4": 0.04365144322584166, "2023_12_9": 0.10367217766137395, "2023_12_9_1": 0.03819501282261146, "2023_12_10": 0.16369291209690626, "2023_12_11": 0.25099579854858955, "2023_20_4_1": 0.19097506411305726, "2023_20_7": 0.5347301795165603, "2023_20_8": 0.4747094450810281, "2023_20_9": 13.068150815736349, "2023_26_1": 0.7093359524199269, "2023_26_3": 0.03819501282261146, "2023_26_6": 0.4092322802422655, "2023_26_7": 22.109455993888798, "2023_26_8": 31.783707098815956}