{"2023_32_7": 0.015781582892764143, "2023_32_9": 0.031563165785528285, "2023_38_9": 0.039453957231910364, "2023_44_1": 0.047344748678292435, "2023_44_30_5_1": 0.015781582892764143, "2023_44_30_6": 0.015781582892764143, "2023_44_30_8": 1.120492385386254, "2023_44_30_9": 0.047344748678292435, "2023_44_30_13": 0.031563165785528285, "2023_44_30_14": 4.489860332991399, "2023_44_30_16": 0.023672374339146218, "2023_44_30_20": 0.023672374339146218, "2023_44_30_25": 6.028564665035904, "2023_44_30_30": 0.560246192693127, "2024_2_2_1": 0.007890791446382071, "2024_2_3": 0.023672374339146218, "2024_2_6": 0.047344748678292435, "2024_2_7": 25.124279965280515, "2024_2_7_1": 0.007890791446382071, "2024_2_8": 1.8148820326678763, "2024_2_12": 0.055235540124674506, "2024_2_13": 0.18937899471316974, "2024_3_6": 4.489860332991399, "2024_3_10": 26.94705278939477, "2024_8_3": 0.18148820326678766, "2024_8_4": 5.29472106052237, "2024_8_7": 23.325179515505404}