{"2024_3_20": 0.1460877695319348, "2024_3_25": 7.403728159878456, "2024_8_4": 0.040904575468941745, "2024_8_7": 0.20452287734470873, "2024_8_8": 0.011687021562554783, "2024_8_9": 4.470285747677205, "2024_8_12": 0.040904575468941745, "2024_9_5": 0.005843510781277391, "2024_14_3": 0.2162098989072635, "2024_14_5": 0.029217553906386966, "2024_14_6": 1.7588967451644955, "2024_14_7": 0.701221293753287, "2024_14_8": 1.9926371764155908, "2024_14_9": 21.58592882603869, "2024_14_11": 0.08180915093788349, "2024_15_10": 0.005843510781277391, "2024_15_15": 3.9560567989247946, "2024_20_1": 6.270087068310641, "2024_20_3": 2.7464500672003744, "2024_20_6": 0.3447671360953662, "2024_20_6_1": 0.017530532343832176, "2024_20_6_2": 2.682171448606323, "2024_20_7": 17.99801320633437, "2024_20_8": 0.12271372640682524, "2024_20_9": 24.864138374335305, "2024_20_9_1": 0.017530532343832176, "2024_20_10": 2.208847075322854, "2024_26_1": 0.07596564015660612}