{"2024_3_6": 0.12260912211868565, "2024_3_10": 0.4904364884747426, "2024_3_15": 2.7219225110348217, "2024_3_20": 0.1716527709661599, "2024_3_25": 9.367336929867582, "2024_8_3": 0.006130456105934283, "2024_8_4": 0.04291319274153998, "2024_8_7": 0.23295733202550276, "2024_8_8": 0.012260912211868567, "2024_8_9": 5.370279548798432, "2024_8_12": 0.04291319274153998, "2024_9_5": 0.006130456105934283, "2024_14_3": 0.2758705247670427, "2024_14_5": 0.03065228052967141, "2024_14_6": 2.139529180971065, "2024_14_7": 0.8827856792545367, "2024_14_8": 2.7893575282000986, "2024_14_9": 29.279058361942134, "2024_14_11": 0.07969592937714567, "2024_15_10": 0.006130456105934283, "2024_15_15": 0.44139283962726833, "2024_20_1": 10.084600294261893, "2024_20_3": 6.228543403629231, "2024_20_6": 1.9249632172633646, "2024_20_6_1": 0.03065228052967141, "2024_20_6_2": 14.927660617949979, "2024_20_7": 11.972780774889653, "2024_20_8": 0.3187837175085827}