{"2023_44_30_8": 0.07886435331230285, "2023_44_30_9": 0.021508459994264414, "2023_44_30_13": 0.014338973329509612, "2023_44_30_14": 0.5233725265271008, "2023_44_30_25": 0.09320332664181247, "2023_44_30_30": 0.17206767995411532, "2024_2_6": 0.028677946659019224, "2024_2_7": 0.4588471465443076, "2024_2_8": 0.021508459994264414, "2024_2_12": 0.007169486664754806, "2024_2_13": 0.007169486664754806, "2024_3_6": 0.20074562661313455, "2024_3_10": 0.7456266131344997, "2024_3_15": 4.40206481215945, "2024_3_20": 0.4014912532262691, "2024_3_25": 35.087467737310014, "2024_8_4": 0.07169486664754807, "2024_8_7": 0.2724404932606826, "2024_8_8": 0.014338973329509612, "2024_8_9": 9.994264410668197, "2024_8_12": 0.06452537998279326, "2024_9_5": 0.014338973329509612, "2024_14_3": 0.5878979065098939, "2024_14_5": 0.05018640665328364, "2024_14_6": 7.269859478061372, "2024_14_7": 3.713794092342989, "2024_14_8": 20.67679954115286, "2024_14_9": 14.496702036134215, "2024_14_11": 0.5090335531975911}