{"2024_32": 0.031050114885425074, "2024_32_3": 5.079798795255543, "2024_32_4_1": 0.21735080419797553, "2024_32_4_2": 0.02484009190834006, "2024_32_5_3": 0.018630068931255045, "2024_32_5_4": 0.02484009190834006, "2024_32_6": 2.409488915108986, "2024_32_7": 7.2843569521207225, "2024_32_9": 0.03726013786251009, "2024_32_9_1": 0.01242004595417003, "2024_32_10": 14.804694777370674, "2024_32_20": 0.08073029870210519, "2024_32_20_1": 0.21114078122089047, "2024_33_5": 15.02204558156865, "2024_33_15": 0.397441470533441, "2024_33_25": 0.18009066633546544, "2024_33_30": 0.01242004595417003, "2024_33_35": 6.253493137924609, "2024_33_40": 1.7201763646525492, "2024_38": 0.006210022977085015, "2024_38_2": 1.4469353536608083, "2024_38_4": 0.15525057442712537, "2024_38_6": 1.6270260199962738, "2024_38_7": 5.073588772278457, "2024_39_5": 1.229584549462833, "2024_39_15": 0.16146059740421037, "2024_44_1": 0.1987207352667205, "2024_44_3": 0.7389927342731166, "2024_44_3_1": 18.642488977209215, "2024_44_4": 0.40986151648761093, "2024_44_25_2": 16.487611004160712}