{"2022_44_2": 0.10970379974070013, "2022_44_25_1": 0.054851899870350065, "2022_44_25_2": 0.12964994514810016, "2022_44_25_3": 0.5884112895183006, "2022_44_25_5": 0.5784382168146007, "2022_44_30": 0.4288421262591005, "2022_44_30_1": 0.034905754462950044, "2022_44_30_2": 0.06482497257405008, "2022_44_30_5": 1.2217014062032514, "2022_44_30_10": 9.11538845118181, "2022_45_10": 0.009973072703700011, "2022_45_11": 0.20943452677770025, "2022_45_12": 6.921312456367808, "2022_45_13": 12.620923506532364, "2022_45_14": 0.25431335394435034, "2022_45_15": 1.8300588411289522, "2023_2_0_5": 0.039892290814800044, "2023_2_10": 0.9723745886107511, "2023_2_11": 0.12466340879625014, "2023_2_12": 24.583624214620528, "2023_2_13": 0.019946145407400022, "2023_2_201": 0.0049865363518500055, "2023_2_301": 0.28423257205545027, "2023_6_1": 0.4088959808517005, "2023_6_8": 26.37379076493468, "2023_6_9": 5.589907250423856, "2023_6_11": 7.414979555200958, "2023_6_11_1": 0.009973072703700011}