{"2023_6_8": 0.056036898142161305, "2023_6_11": 0.0689684900211216, "2023_7_5": 0.0172421225052804, "2023_7_10": 2.840639682744946, "2023_7_15": 1.4569593516961938, "2023_7_20": 23.953618690460797, "2023_7_25": 0.0043105306263201, "2023_7_26": 0.31466873572136733, "2023_12_1": 0.012931591878960301, "2023_12_1_1": 0.0732790206474417, "2023_12_5": 1.9699124962282857, "2023_12_5_4": 0.2413897150739256, "2023_12_8": 0.0043105306263201, "2023_12_9": 3.5044613991982407, "2023_12_9_1": 0.823311349627139, "2023_12_10": 0.5258847364110523, "2023_12_11": 1.5431699642225956, "2023_20_4_1": 6.590801327643432, "2023_20_6": 0.11638432691064271, "2023_20_7": 5.426958058537005, "2023_20_8": 3.491529807319281, "2023_20_9": 40.08362429415061, "2023_26_1": 4.73296262769947, "2023_26_3": 0.12931591878960297, "2023_26_6": 2.0130178024914867, "2023_26_7": 0.0043105306263201}