{"2024_32_7": 7.672855526718574, "2024_32_9": 0.039928129367139145, "2024_32_9_1": 0.01330937645571305, "2024_32_10": 15.405603247487857, "2024_32_20": 0.08651094696213484, "2024_32_20_1": 0.2129500232914088, "2024_33_5": 15.39229387103214, "2024_33_15": 0.41924535835496113, "2024_33_25": 0.1863312703799827, "2024_33_30": 0.01330937645571305, "2024_33_35": 5.9958740932987284, "2024_33_40": 0.8052172755706395, "2024_38": 0.006654688227856525, "2024_38_2": 1.4973048512677178, "2024_38_4": 0.16636720569641314, "2024_38_6": 1.6703267451919876, "2024_38_7": 4.731483330005989, "2024_39_5": 0.9316563518999134, "2024_39_15": 0.27284221734211755, "2024_44_1": 0.2129500232914088, "2024_44_3": 0.7785985226592135, "2024_44_3_1": 18.972516137618957, "2024_44_4": 0.5323750582285219, "2024_44_25_2": 13.86171557862514, "2024_44_25_3": 1.1246423105077528, "2024_44_25_4": 0.4924469288613828, "2024_45_25_5": 2.655220602914753, "2024_45_25_6": 0.5789578758235177, "2024_45_32": 5.270513076462367}