{"2023_20_9": 0.030147723846849567, "2023_26_7": 0.010049241282283189, "2023_26_8": 0.07034468897598231, "2023_26_9": 0.07034468897598231, "2023_26_12": 0.7536930961712391, "2023_27_6": 0.08541855089940711, "2023_27_7": 18.560948648377046, "2023_27_12": 8.592101296352125, "2023_32_4": 0.13064013666968147, "2023_32_6": 0.12059089538739827, "2023_32_7": 0.20098482564566378, "2023_32_9": 1.7184202592704252, "2023_38_1": 0.005024620641141594, "2023_38_4": 0.010049241282283189, "2023_38_6": 10.491407898703649, "2023_38_8": 0.2763541352627877, "2023_38_9": 7.622349512611798, "2023_38_9_1": 0.4170435132147523, "2023_44_1": 47.211335544166424, "2023_44_25": 0.005024620641141594, "2023_44_30_1": 2.673098181087328, "2023_44_30_2": 0.9094563360466287, "2023_44_30_3": 0.030147723846849567, "2023_44_30_4": 0.005024620641141594}