{"2022_45_12": 0.033309540804187486, "2022_45_13": 0.04282655246252677, "2022_45_15": 0.7708779443254818, "2023_2_10": 0.014275517487508924, "2023_2_12": 0.13323816321674994, "2023_2_301": 0.009517011658339281, "2023_6_8": 0.033309540804187486, "2023_6_11": 0.07137758743754462, "2023_7_5": 0.028551034975017847, "2023_7_10": 4.273138234594338, "2023_7_15": 2.422079467047347, "2023_7_20": 22.740899357601716, "2023_7_25": 0.019034023316678562, "2023_12_1": 0.009517011658339281, "2023_12_1_1": 0.038068046633357125, "2023_12_5": 2.5933856768974546, "2023_12_5_4": 0.3521294313585534, "2023_12_8": 0.004758505829169641, "2023_12_9": 4.886985486557221, "2023_12_9_1": 1.3133476088508211, "2023_12_10": 0.7280513918629551, "2023_12_11": 2.9264810849393292, "2023_20_4_1": 19.59552700452058, "2023_20_6": 0.742326909350464, "2023_20_7": 35.27480371163455, "2023_20_8": 0.9374256483464193, "2023_26": 0.004758505829169641}