{"2023_26_12": 0.4550942695272593, "2023_27_7": 0.027862914460852612, "2023_32_6": 0.009287638153617536, "2023_32_7": 0.018575276307235072, "2023_32_9": 0.027862914460852612, "2023_38_6": 0.018575276307235072, "2023_38_9": 0.04643819076808768, "2023_44_1": 0.04643819076808768, "2023_44_30_5_1": 0.027862914460852612, "2023_44_30_6": 0.009287638153617536, "2023_44_30_8": 3.4828643076065764, "2023_44_30_9": 0.009287638153617536, "2023_44_30_13": 0.06501346707532275, "2023_44_30_14": 10.690071514813784, "2023_44_30_16": 0.04643819076808768, "2023_44_30_20": 0.1021640196897929, "2023_44_30_25": 15.148137828550201, "2024_2_2_1": 0.027862914460852612, "2024_2_3": 0.027862914460852612, "2024_2_6": 0.07430110522894029, "2024_2_7": 48.07281508312437, "2024_2_7_1": 0.009287638153617536, "2024_2_8": 3.80793164298319, "2024_8_3": 0.5572582892170522, "2024_8_4": 17.19141822234606}