{"2023_12_9": 0.05496231155778895, "2023_12_9_1": 0.015703517587939697, "2023_12_10": 0.06673994974874373, "2023_12_11": 0.06281407035175879, "2023_20_4_1": 0.09029522613065327, "2023_20_7": 0.06281407035175879, "2023_20_8": 0.12562814070351758, "2023_20_9": 2.920854271356784, "2023_26_1": 0.16881281407035179, "2023_26_3": 0.011777638190954775, "2023_26_6": 0.05496231155778895, "2023_26_7": 2.1278266331658293, "2023_26_8": 4.149654522613065, "2023_26_9": 5.154679648241206, "2023_26_10": 0.33762562814070357, "2023_26_11": 0.3062185929648241, "2023_26_12": 0.7812500000000002, "2023_27_6": 21.733668341708544, "2023_27_7": 0.4554020100502512, "2023_32_1": 0.3886620603015075, "2023_32_4": 3.4940326633165832, "2023_32_6": 16.084327889447238, "2023_32_7": 26.589981155778897, "2023_32_9": 14.411903266331658, "2023_38": 0.003925879396984924, "2023_38_1": 0.3454773869346734}