{"2023_20_7": 0.015393298783929397, "2023_20_9": 0.030786597567858794, "2023_26_7": 0.010262199189286263, "2023_26_8": 0.07183539432500384, "2023_26_9": 0.07183539432500384, "2023_26_10": 0.005131099594643132, "2023_26_11": 0.005131099594643132, "2023_26_12": 0.7594027400071834, "2023_27_6": 0.10262199189286264, "2023_27_7": 19.092821591667093, "2023_27_12": 8.640771717379035, "2023_32_4": 0.13853968905536454, "2023_32_6": 0.1128841910821489, "2023_32_7": 0.20524398378572528, "2023_32_9": 1.8523269536661706, "2023_38_1": 0.005131099594643132, "2023_38_4": 0.010262199189286263, "2023_38_6": 11.252501411052389, "2023_38_8": 0.3027348760839448, "2023_38_9": 9.056390784545126, "2023_38_9_1": 0.2924726768946585, "2023_44_1": 47.94499461234542, "2023_44_25": 0.005131099594643132, "2023_44_25_1": 0.005131099594643132, "2023_44_30": 0.010262199189286263}