{"2024_2_8": 0.02573009134182426, "2024_3_6": 0.1286504567091213, "2024_3_10": 0.5146018268364853, "2024_3_15": 3.023285732664351, "2024_3_20": 0.20584073073459408, "2024_3_25": 11.642866332175478, "2024_8_3": 0.006432522835456065, "2024_8_4": 0.057892705519104595, "2024_8_7": 0.2251382992409623, "2024_8_8": 0.01286504567091213, "2024_8_9": 6.233114627556928, "2024_8_12": 0.04502765984819246, "2024_9_5": 0.006432522835456065, "2024_14_3": 0.32162614177280324, "2024_14_5": 0.03859513701273639, "2024_14_6": 2.6244693168660747, "2024_14_7": 1.170719156053004, "2024_14_8": 3.3963720571208023, "2024_14_9": 29.319439084008746, "2024_14_11": 0.08362279686092887, "2024_15_5": 0.03216261417728033, "2024_20_1": 18.943779750418116, "2024_20_3": 19.25897336935546, "2024_20_6": 2.675929499549724, "2024_20_6_1": 0.006432522835456065}