{"2023_38_6": 0.013409319477036542, "2023_38_9": 0.02011397921555481, "2023_44_1": 0.02011397921555481, "2023_44_30_5_1": 0.013409319477036542, "2023_44_30_8": 0.6838752933288635, "2023_44_30_9": 0.0469326181696279, "2023_44_30_13": 0.02011397921555481, "2023_44_30_14": 2.9835735836406307, "2023_44_30_16": 0.02011397921555481, "2023_44_30_20": 0.02011397921555481, "2023_44_30_25": 2.353335568219913, "2023_44_30_30": 0.4559168622192424, "2024_2_2_1": 0.006704659738518271, "2024_2_3": 0.03352329869259136, "2024_2_6": 0.08045591686221924, "2024_2_7": 12.939993295340264, "2024_2_7_1": 0.006704659738518271, "2024_2_8": 0.9185383841770031, "2024_2_12": 0.03352329869259136, "2024_2_13": 0.06704659738518272, "2024_3_6": 1.6359369761984581, "2024_3_10": 13.027153871941, "2024_3_15": 28.018773047267846, "2024_3_20": 0.4156889037881329, "2024_8_3": 0.0938652363392558, "2024_8_4": 2.2929936305732483, "2024_8_7": 7.5829701642641645, "2024_8_8": 0.12738853503184716, "2024_8_9": 25.79282601407979, "2024_8_12": 0.27489104927924907}