{"2024_14_7": 0.034248921158983495, "2024_14_8": 0.1232961161723406, "2024_14_9": 2.5481197342283726, "2024_15_15": 3.904377012124119, "2024_20_1": 0.6507295020206865, "2024_20_3": 0.21234331118569766, "2024_20_6": 0.006849784231796699, "2024_20_6_2": 0.13699568463593398, "2024_20_7": 2.5618193026919656, "2024_20_8": 0.013699568463593399, "2024_20_9": 8.274539352010413, "2024_20_9_1": 0.006849784231796699, "2024_20_10": 0.1027467634769505, "2024_20_15": 0.3835879169806151, "2024_21_5": 0.5890814439345161, "2024_26_1": 0.006849784231796699, "2024_26_3_1": 2.1371326803205704, "2024_26_4": 0.0205493526953901, "2024_26_6": 1.1439139667100486, "2024_26_7": 26.823755051715874, "2024_26_8": 23.481060346599087, "2024_26_10": 5.925063360504145, "2024_26_11": 1.137064182478252, "2024_26_20": 4.630454140694569, "2024_27_5": 1.9179395849030758, "2024_27_10": 0.0890471950133571, "2024_32": 0.0821974107815604, "2024_32_3": 13.055688745804511}