{"2023_27_7": 0.015992323684631375, "2023_32_7": 0.015992323684631375, "2023_32_9": 0.03198464736926275, "2023_38_9": 0.047976971053894125, "2023_44_1": 0.047976971053894125, "2023_44_30_5_1": 0.015992323684631375, "2023_44_30_6": 0.015992323684631375, "2023_44_30_8": 1.2633935710858788, "2023_44_30_9": 0.047976971053894125, "2023_44_30_13": 0.03198464736926275, "2023_44_30_14": 4.797697105389413, "2023_44_30_16": 0.023988485526947063, "2023_44_30_20": 0.023988485526947063, "2023_44_30_25": 9.387494002878617, "2023_44_30_30": 0.7356468894930432, "2024_2_2_1": 0.007996161842315688, "2024_2_3": 0.015992323684631375, "2024_2_6": 0.03998080921157844, "2024_2_7": 27.059011674396288, "2024_2_7_1": 0.007996161842315688, "2024_2_8": 2.023028946105869, "2024_2_12": 0.055973132896209817, "2024_2_13": 0.1919078842155765, "2024_3_6": 5.981129058052134, "2024_3_10": 20.486166640012794, "2024_8_3": 0.17591556053094515, "2024_8_4": 5.781225011994243, "2024_8_7": 21.669598592675516}