{"2023_44_1": 0.013042060645582, "2023_44_30_5_1": 0.019563090968373, "2023_44_30_8": 0.580371698728399, "2023_44_30_9": 0.039126181936746, "2023_44_30_13": 0.019563090968373, "2023_44_30_14": 2.5236387349201173, "2023_44_30_16": 0.006521030322791, "2023_44_30_20": 0.019563090968373, "2023_44_30_25": 1.780241278121943, "2023_44_30_30": 0.39126181936746, "2024_2_2_1": 0.013042060645582, "2024_2_3": 0.013042060645582, "2024_2_6": 0.052168242582328, "2024_2_7": 9.52070427127486, "2024_2_8": 0.730355396152592, "2024_2_12": 0.026084121291164, "2024_2_13": 0.045647212259537, "2024_3_6": 1.2650798826214542, "2024_3_10": 8.699054450603194, "2024_3_15": 8.483860449951091, "2024_3_20": 0.9585914574502771, "2024_3_25": 25.908053472448643, "2024_8_3": 0.07173133355070099, "2024_8_4": 1.728073035539615, "2024_8_7": 5.373328985979784, "2024_8_8": 0.084773394196283, "2024_8_9": 30.466253668079553, "2024_8_12": 0.097815454841865, "2024_14_3": 1.0694489729377241}