{"2023_26_12": 0.29868082635028625, "2023_32_6": 0.01659337924168257, "2023_38_9": 0.01659337924168257, "2023_44_1": 0.01659337924168257, "2023_44_30_5_1": 0.008296689620841286, "2023_44_30_8": 0.09956027545009542, "2023_44_30_9": 0.008296689620841286, "2023_44_30_13": 0.01659337924168257, "2023_44_30_14": 0.7052186177715093, "2023_44_30_20": 0.008296689620841286, "2023_44_30_25": 0.08296689620841285, "2023_44_30_30": 0.19912055090019085, "2024_2_6": 0.04148344810420643, "2024_2_7": 0.6554384800464615, "2024_2_8": 0.03318675848336514, "2024_2_12": 0.008296689620841286, "2024_2_13": 0.008296689620841286, "2024_3_6": 0.3733510329378578, "2024_3_10": 1.2776902016095577, "2024_3_15": 7.259603418236124, "2024_3_20": 0.7632954451173982, "2024_3_25": 39.85729693852153, "2024_8_4": 0.15763710279598442, "2024_8_7": 0.3733510329378578, "2024_8_8": 0.01659337924168257, "2024_8_9": 25.039409275698997, "2024_8_12": 0.08296689620841285, "2024_14_3": 1.9082386127934958, "2024_14_5": 0.09126358582925413, "2024_14_6": 20.57579025968639}