{"2022_44_25_2": 0.01610478849044449, "2022_44_25_3": 0.059050891131629805, "2022_44_25_5": 0.026841314150740824, "2022_44_30": 0.05368262830148165, "2022_44_30_5": 0.010736525660296328, "2022_44_30_10": 0.10199699377281511, "2022_45_11": 0.005368262830148164, "2022_45_12": 0.059050891131629805, "2022_45_13": 0.13957483358385225, "2022_45_15": 5.851406484861499, "2023_2_10": 0.10199699377281511, "2023_2_11": 0.005368262830148164, "2023_2_12": 0.590508911316298, "2023_2_201": 0.005368262830148164, "2023_2_301": 0.010736525660296328, "2023_6_8": 0.13957483358385225, "2023_6_11": 0.6978741679192614, "2023_7_5": 0.1932574618853339, "2023_7_10": 25.434829289242, "2023_12_1": 0.0912604681125188, "2023_12_1_1": 0.3059909813184454, "2023_12_5": 25.46703886622289, "2023_12_5_3": 0.1073652566029633, "2023_12_5_4": 0.692505905089113, "2023_12_8": 0.08052394245222246, "2023_12_9": 37.61541765084819, "2023_12_9_1": 0.17178441056474125, "2023_12_10": 1.9325746188533388, "2023_12_11": 0.03220957698088898}