{"2024_32_9_1": 0.014226774790155071, "2024_32_10": 16.168729549011243, "2024_32_20": 0.09247403613600798, "2024_32_20_1": 0.22762839664248113, "2024_33_5": 15.976668089344145, "2024_33_15": 0.44814340588988477, "2024_33_25": 0.18494807227201596, "2024_33_30": 0.014226774790155071, "2024_33_35": 6.245554132878077, "2024_33_40": 0.8038127756437615, "2024_38": 0.0071133873950775355, "2024_38_2": 1.5791720017072126, "2024_38_4": 0.1778346848769384, "2024_38_6": 1.7570066865841512, "2024_38_7": 4.865556978233035, "2024_39_5": 0.9603072983354675, "2024_39_15": 0.20628823445724853, "2024_44_1": 0.21340162185232606, "2024_44_3": 0.7824726134585289, "2024_44_3_1": 19.910371318822026, "2024_44_4": 0.6259780907668232, "2024_44_25_2": 13.159766680893442, "2024_44_25_3": 0.43391663109972967, "2024_44_25_4": 0.6686584151372884, "2024_45_25_5": 3.5709204723289227, "2024_45_25_6": 0.8393797126191492, "2024_45_25_10": 0.28453549580310145, "2024_45_25_15": 0.3343292075686442, "2024_45_32": 4.260919049651444, "2024_45_32_1": 5.185659411011524}