{"2023_12_10": 0.03305178112376055, "2023_12_11": 0.051413881748071974, "2023_20_4_1": 0.07344840249724569, "2023_20_7": 0.058758721997796554, "2023_20_8": 0.09915534337128165, "2023_20_9": 2.5449871465295626, "2023_26_1": 0.14689680499449137, "2023_26_3": 0.011017260374586852, "2023_26_6": 0.04774146162320969, "2023_26_7": 1.7186926184355487, "2023_26_8": 3.1215571061329412, "2023_26_9": 4.006610356224752, "2023_26_10": 0.23136246786632392, "2023_26_11": 0.2056555269922879, "2023_26_12": 0.8446566287183254, "2023_27_6": 3.0554535438854202, "2023_27_7": 20.29012118986412, "2023_31_600": 0.040396621373485125, "2023_32_1": 0.30848329048843187, "2023_32_4": 2.313624678663239, "2023_32_6": 10.701432243848696, "2023_32_7": 14.71171502019831, "2023_32_9": 28.54572163055453, "2023_38_1": 0.07344840249724569, "2023_38_4": 2.008813808299669, "2023_38_6": 4.755784061696657}