{"2024_14_6": 0.11154489682097045, "2024_14_7": 0.027886224205242612, "2024_14_8": 0.12548800892359177, "2024_14_9": 2.6352481873954274, "2024_15_15": 3.9389291689905197, "2024_20_1": 0.6692693809258228, "2024_20_3": 0.21611823759063023, "2024_20_6": 0.006971556051310653, "2024_20_6_2": 0.13943112102621305, "2024_20_7": 2.718906860011155, "2024_20_8": 0.020914668153931962, "2024_20_9": 8.665644171779142, "2024_20_9_1": 0.006971556051310653, "2024_20_10": 0.10457334076965981, "2024_20_15": 0.38343558282208595, "2024_21_5": 0.6204684885666482, "2024_26_1": 0.006971556051310653, "2024_26_3_1": 2.293641940881205, "2024_26_4": 0.020914668153931962, "2024_26_6": 1.226993865030675, "2024_26_7": 27.628276631344118, "2024_26_8": 23.522030117122146, "2024_26_10": 5.967651979921919, "2024_26_11": 1.1015058561070832, "2024_26_20": 4.552426101505856, "2024_27_5": 1.847462353597323, "2024_32": 0.10457334076965981, "2024_32_3": 11.335750139431122}