{"2022_44_2": 0.1110438118312134, "2022_44_25_1": 0.0555219059156067, "2022_44_25_2": 0.13628104179285283, "2022_44_25_3": 0.6208358570563295, "2022_44_25_5": 0.6208358570563295, "2022_44_30": 0.4441752473248536, "2022_44_30_1": 0.035332121946295175, "2022_44_30_2": 0.06561679790026247, "2022_44_30_5": 1.2971936200282657, "2022_44_30_10": 9.514435695538058, "2022_45_10": 0.010094891984655765, "2022_45_11": 0.20694528568544318, "2022_45_12": 7.803351504138906, "2022_45_13": 13.007268322228954, "2022_45_14": 0.3280839895013124, "2023_2_0_5": 0.045427013930950944, "2023_2_10": 0.989299414496265, "2023_2_11": 0.13123359580052493, "2023_2_12": 25.156470825762167, "2023_2_13": 0.02018978396931153, "2023_2_201": 0.005047445992327882, "2023_2_301": 0.25741974560872205, "2023_6_1": 0.41389057137088636, "2023_6_8": 26.66060973147587, "2023_6_9": 5.481526347668081, "2023_6_11": 6.571774682010903, "2023_6_11_1": 0.010094891984655765}