{"2022_45_12": 0.030595074193054916, "2022_45_13": 0.05099179032175819, "2022_45_15": 1.0606292386925702, "2023_2_10": 0.025495895160879096, "2023_2_12": 0.16827290806180203, "2023_2_301": 0.010198358064351638, "2023_6_8": 0.05099179032175819, "2023_6_11": 0.1274794758043955, "2023_7_5": 0.030595074193054916, "2023_7_10": 6.103717301514456, "2023_7_15": 3.4878384580082606, "2023_7_20": 20.330426801284993, "2023_12_1": 0.015297537096527458, "2023_12_1_1": 0.07138850645046146, "2023_12_5": 3.717301514456172, "2023_12_5_4": 0.40793432257406553, "2023_12_8": 0.005099179032175819, "2023_12_9": 6.736015501504257, "2023_12_9_1": 2.1977461628677775, "2023_12_10": 1.0861251338534494, "2023_12_11": 3.9824588241293144, "2023_20_4_1": 48.901126918566106, "2023_20_6": 1.2289021467543726, "2023_20_7": 0.17337208709397783}