{"2023_12_9": 0.04854912798297045, "2023_12_9_1": 0.011203644919147028, "2023_12_10": 0.041080031370205765, "2023_12_11": 0.04854912798297045, "2023_20_4_1": 0.0784255144340292, "2023_20_7": 0.06348732120849981, "2023_20_8": 0.10830190088508794, "2023_20_9": 2.670202039063375, "2023_26_1": 0.15311648056167604, "2023_26_3": 0.011203644919147028, "2023_26_6": 0.0522836762893528, "2023_26_7": 1.8448668633528773, "2023_26_8": 3.3722971206632555, "2023_26_9": 4.249915972663106, "2023_26_10": 0.25394928483399926, "2023_26_11": 0.21660380177017588, "2023_26_12": 0.8365388206296448, "2023_27_6": 3.6859991783993724, "2023_27_7": 19.43085483810733, "2023_31_600": 0.011203644919147028, "2023_32_1": 0.33984389588079317, "2023_32_4": 2.5432273966463756, "2023_32_6": 11.849721776151172, "2023_32_7": 16.902565634686482, "2023_32_9": 26.16051088620831, "2023_38_1": 0.11950554580423497, "2023_38_4": 4.895992829667252}