{"2022_44_2": 0.06329113924050633, "2022_44_25_1": 0.02921129503407984, "2022_44_25_2": 0.08276533592989288, "2022_44_25_3": 0.3846153846153846, "2022_44_25_5": 0.3846153846153846, "2022_44_30": 0.3505355404089581, "2022_44_30_1": 0.01947419668938656, "2022_44_30_2": 0.03894839337877312, "2022_44_30_5": 0.7546251217137293, "2022_44_30_10": 5.6231742940603695, "2022_45_10": 0.00973709834469328, "2022_45_11": 0.18500486854917234, "2022_45_12": 2.210321324245375, "2022_45_13": 3.08666017526777, "2022_45_14": 0.043816942551119765, "2022_45_15": 20.253164556962027, "2023_2_0_5": 0.034079844206426485, "2023_2_10": 0.7935735150925024, "2023_2_11": 0.09737098344693282, "2023_2_12": 23.656280428432325, "2023_2_13": 0.01947419668938656, "2023_2_201": 0.00486854917234664, "2023_2_301": 0.21421616358325216, "2023_6_1": 0.37974683544303794, "2023_6_8": 23.203505355404086, "2023_6_9": 3.3106134371957157, "2023_6_11": 14.668938656280428, "2023_6_11_2": 0.09737098344693282}