{"2023_38_6": 6.418950739380241, "2023_38_8": 0.15541113308844312, "2023_38_9": 3.3201469341621936, "2023_38_9_1": 0.18837713101629466, "2023_44_1": 14.47207309032684, "2023_44_9_1": 0.004709428275407367, "2023_44_9_2": 0.009418856550814734, "2023_44_25": 0.004709428275407367, "2023_44_30_1": 0.17424884619007258, "2023_44_30_2": 0.46152397098992193, "2023_44_30_3": 0.009418856550814734, "2023_44_30_4": 0.30611283790147886, "2023_44_30_5_1": 5.415842516718472, "2023_44_30_6": 1.0878779316191018, "2023_44_30_7": 0.9089196571536219, "2023_44_30_8": 34.67552039182444, "2023_44_30_9": 11.415654139587458, "2023_44_30_10": 0.004709428275407367, "2023_44_30_12": 0.023547141377036833, "2023_44_30_13": 0.34849769238014516, "2023_44_30_14": 0.023547141377036833, "2023_44_30_15": 0.004709428275407367, "2024_2_2": 0.13186399171140628, "2024_2_2_1": 16.892719223886225, "2024_2_3": 3.54149006310634}