{"2022_44_25_2": 0.016017940092904054, "2022_44_25_3": 0.058732447007314864, "2022_44_25_5": 0.026696566821506756, "2022_44_30": 0.05339313364301351, "2022_44_30_5": 0.010678626728602703, "2022_44_30_10": 0.11212558065032836, "2022_45_11": 0.005339313364301351, "2022_45_12": 0.058732447007314864, "2022_45_13": 0.14416146083613646, "2022_45_15": 5.616957659245021, "2023_2_10": 0.10144695392172566, "2023_2_11": 0.005339313364301351, "2023_2_12": 0.5285920230658337, "2023_2_301": 0.010678626728602703, "2023_6_8": 0.13882214747183513, "2023_6_11": 0.731485930909285, "2023_7_5": 0.18153665438624594, "2023_7_10": 25.698115222382402, "2023_12_1": 0.09076832719312297, "2023_12_1_1": 0.2936622350365743, "2023_12_5": 24.774414010358267, "2023_12_5_3": 0.10144695392172566, "2023_12_5_4": 0.683432110630573, "2023_12_8": 0.08008970046452027, "2023_12_9": 37.67419509851034, "2023_12_9_1": 0.8062363180095039, "2023_12_10": 1.9435100646056918, "2023_12_11": 0.05339313364301351}