{"2024_26_6": 0.5586917301984521, "2024_26_7": 7.204795437350871, "2024_26_8": 5.5287202467555145, "2024_26_10": 1.4374672641564337, "2024_26_11": 0.2211488098702206, "2024_26_20": 1.3152534481755225, "2024_27_5": 0.2502473374847233, "2024_27_10": 0.7391026014083687, "2024_27_25": 3.4627247861258224, "2024_32": 0.029098527614502705, "2024_32_3": 5.848804050515044, "2024_32_4_1": 0.2968049816679276, "2024_32_4_2": 0.023278822091602168, "2024_32_5_3": 0.017459116568701628, "2024_32_5_4": 0.029098527614502705, "2024_32_6": 3.026246871908282, "2024_32_7": 13.944014432869697, "2024_32_9": 0.05819705522900541, "2024_32_9_1": 0.011639411045801084, "2024_32_10": 38.29948204620846, "2024_32_20": 0.10475469941220975, "2024_32_20_1": 0.3491823313740325, "2024_33_5": 2.9040330559273704, "2024_33_15": 0.9078740615724844, "2024_33_25": 1.0417272885991968, "2024_38": 0.005819705522900542, "2024_38_2": 5.755688762148637, "2024_38_4": 0.7041843682709655, "2024_38_6": 5.924460222312751}