{"2024_32_9": 0.042759407069555305, "2024_32_9_1": 0.014253135689851768, "2024_32_10": 16.241448118586092, "2024_32_20": 0.0926453819840365, "2024_32_20_1": 0.22805017103762829, "2024_33_5": 16.063283922462944, "2024_33_15": 0.4489737742303307, "2024_33_25": 0.19241733181299886, "2024_33_30": 0.014253135689851768, "2024_33_35": 6.29988597491448, "2024_33_40": 0.8124287343215507, "2024_38": 0.007126567844925884, "2024_38_2": 1.582098061573546, "2024_38_4": 0.1781641961231471, "2024_38_6": 1.7673888255416195, "2024_38_7": 4.888825541619156, "2024_39_5": 0.9692132269099202, "2024_39_15": 0.21379703534777655, "2024_44_1": 0.21379703534777655, "2024_44_3": 0.791049030786773, "2024_44_3_1": 20.018529076396806, "2024_44_4": 0.6271379703534777, "2024_44_25_2": 13.45496009122007, "2024_44_25_3": 0.44184720638540487, "2024_44_25_4": 0.6556442417331814, "2024_45_25_5": 3.506271379703535, "2024_45_25_6": 0.7981755986316992, "2024_45_25_10": 0.306442417331813, "2024_45_32": 5.615735461801597, "2024_45_32_1": 3.5133979475484605}