{"2023_2_12": 0.09048049907138435, "2023_6_11": 0.019048526120291443, "2023_7_10": 0.2571551026239345, "2023_7_15": 0.21905805038335163, "2023_7_20": 5.800276203628744, "2023_7_26": 0.09524263060145723, "2023_7_30": 21.934377827515593, "2023_12_1": 0.004762131530072861, "2023_12_1_1": 0.03333492071051002, "2023_12_5": 0.07619410448116577, "2023_12_5_4": 0.009524263060145722, "2023_12_9": 0.07143197295109292, "2023_12_9_1": 0.028572789180437166, "2023_12_10": 0.07143197295109292, "2023_12_11": 0.09524263060145723, "2023_20_4_1": 0.1333396828420401, "2023_20_7": 0.21429591885327873, "2023_20_8": 0.2523929710938616, "2023_20_9": 6.419353302538217, "2023_26_1": 0.3809705224058289, "2023_26_3": 0.019048526120291443, "2023_26_6": 0.15238820896233155, "2023_26_7": 8.795656936044573, "2023_26_8": 23.92971093861613, "2023_26_9": 26.539359017096054, "2023_26_10": 1.404828801371494, "2023_26_11": 1.48102290585266, "2023_32_1": 1.4714986427925139}