{"2022_45_13": 0.0347041471455839, "2022_45_15": 0.15038463763086357, "2023_2_10": 0.01735207357279195, "2023_2_12": 0.22557695644629527, "2023_2_301": 0.011568049048527967, "2023_6_8": 0.02892012262131991, "2023_6_11": 0.04627219619411187, "2023_7_10": 1.0122042917461969, "2023_7_15": 0.8791717276881255, "2023_7_20": 27.61293307883625, "2023_7_26": 0.4338018393197987, "2023_12_1": 0.01735207357279195, "2023_12_1_1": 0.05784024524263982, "2023_12_5": 0.31812134883451904, "2023_12_5_4": 0.1272485395338076, "2023_12_9": 0.1561686621551275, "2023_12_9_1": 0.04627219619411187, "2023_12_10": 0.17930476025218345, "2023_12_11": 0.4569379374168546, "2023_20_4_1": 0.2949852507374631, "2023_20_7": 0.642026722193302, "2023_20_8": 0.665162820290358, "2023_20_9": 20.701023772340793, "2023_26_1": 0.8907397767366534, "2023_26_3": 0.052056220718375845, "2023_26_6": 0.6362426976690381, "2023_26_7": 44.0337787032217, "2023_26_8": 0.27184915264040715}