{"2023_7_26": 0.03604325190228273, "2023_7_30": 20.40048057669203, "2023_12_1_1": 0.02803364036844213, "2023_12_5": 0.06407689227072487, "2023_12_9": 0.05606728073688426, "2023_12_9_1": 0.016019223067681217, "2023_12_10": 0.08009611533840608, "2023_12_11": 0.06407689227072487, "2023_20_4_1": 0.09611533840608728, "2023_20_7": 0.09611533840608728, "2023_20_8": 0.15218261914297157, "2023_20_9": 3.496195434521425, "2023_26_1": 0.20024028834601518, "2023_26_3": 0.01201441730076091, "2023_26_6": 0.06407689227072487, "2023_26_7": 2.8233880656788144, "2023_26_8": 5.955146175410491, "2023_26_9": 8.257909491389666, "2023_26_10": 0.8490188225871044, "2023_26_11": 0.6688025630756907, "2023_26_12": 0.5326391670004005, "2023_27_6": 5.078093712454945, "2023_32_1": 0.724869843812575, "2023_32_4": 7.008410092110531, "2023_32_6": 38.12975570684821, "2023_32_7": 5.106127352823387, "2023_38": 0.004004805766920304}