{"2024_2_6": 0.02972651605231867, "2024_2_7": 0.11890606420927469, "2024_2_8": 0.014863258026159336, "2024_3_6": 0.022294887039239, "2024_3_10": 0.05945303210463734, "2024_3_15": 0.10404280618311536, "2024_3_25": 0.9289536266349584, "2024_8_7": 0.044589774078478, "2024_8_9": 0.178359096313912, "2024_14_3": 0.007431629013079668, "2024_14_5": 0.007431629013079668, "2024_14_6": 0.15606420927467302, "2024_14_7": 0.044589774078478, "2024_14_8": 0.2824019024970274, "2024_14_9": 17.01843043995244, "2024_14_11": 0.007431629013079668, "2024_15_15": 4.90487514863258, "2024_20_1": 2.482164090368609, "2024_20_3": 1.6646848989298457, "2024_20_6": 0.24524375743162902, "2024_20_6_1": 0.014863258026159336, "2024_20_6_2": 2.563912009512485, "2024_20_7": 18.356123662306782, "2024_20_8": 0.12633769322235436, "2024_20_9": 35.31510107015458, "2024_20_9_1": 0.022294887039239, "2024_20_10": 0.7580261593341262, "2024_20_15": 4.637336504161714, "2024_26_1": 0.05945303210463734, "2024_26_3_1": 9.824613555291322}