{"2022_44_25_3": 0.06060939996694032, "2022_44_25_5": 0.022039781806160116, "2022_44_30": 0.027549727257700142, "2022_44_30_2": 0.011019890903080058, "2022_44_30_5": 0.011019890903080058, "2022_44_30_10": 0.09366907267618049, "2022_45_11": 0.005509945451540029, "2022_45_12": 0.055099454515400284, "2022_45_13": 0.11019890903080057, "2022_45_15": 1.5262548900765882, "2023_2_10": 0.06060939996694032, "2023_2_12": 0.27549727257700146, "2023_2_301": 0.011019890903080058, "2023_6_8": 0.06060939996694032, "2023_6_11": 0.24794754531930133, "2023_7_5": 0.0385696181607802, "2023_7_10": 14.80522342828806, "2023_7_15": 15.24050911895972, "2023_12_1": 0.04407956361232023, "2023_12_1_1": 0.11019890903080057, "2023_12_5": 9.129979613201828, "2023_12_5_4": 0.5234448178963027, "2023_12_8": 0.005509945451540029, "2023_12_9": 15.24050911895972, "2023_12_9_1": 10.827042812276156, "2023_12_10": 1.6364537991073884, "2023_12_11": 2.843131852994655, "2023_20_4_1": 26.976692930739986}