{"2024_26_7": 7.053845707992814, "2024_26_8": 5.448327827044571, "2024_26_10": 1.4142467976583784, "2024_26_11": 0.22025155045499334, "2024_26_20": 1.2693444618327248, "2024_27_5": 0.24343592418709792, "2024_27_10": 0.7245116791282676, "2024_27_25": 3.3443459108560827, "2024_32": 0.0289804671651307, "2024_32_3": 5.697559844664696, "2024_32_4_1": 0.28400857821828085, "2024_32_4_2": 0.023184373732104562, "2024_32_5_3": 0.017388280299078424, "2024_32_5_4": 0.0289804671651307, "2024_32_6": 2.909638903379123, "2024_32_7": 11.928360285167797, "2024_32_9": 0.05216484089723527, "2024_32_9_1": 0.1159218686605228, "2024_32_10": 31.959659189706137, "2024_32_20": 0.0985335883614444, "2024_32_20_1": 0.3187851388164377, "2024_33_5": 10.073610386599432, "2024_33_15": 0.9563554164493131, "2024_33_25": 1.1070538457079928, "2024_33_30": 0.05216484089723527, "2024_38": 0.0057960934330261405, "2024_38_2": 4.5499333449255195, "2024_38_4": 0.5042601286732742, "2024_38_6": 9.569350257926159}