{"2023_2_12": 0.09039440506208668, "2023_6_11": 0.019030401065702456, "2023_7_10": 0.25691041438698325, "2023_7_15": 0.2188496122555783, "2023_7_20": 5.766211522907845, "2023_7_26": 0.0951520053285123, "2023_7_30": 21.96108282982064, "2023_12_1": 0.004757600266425614, "2023_12_1_1": 0.0333032018649793, "2023_12_5": 0.07612160426280982, "2023_12_5_4": 0.009515200532851228, "2023_12_9": 0.07136400399638423, "2023_12_9_1": 0.028545601598553696, "2023_12_10": 0.07136400399638423, "2023_12_11": 0.09990960559493789, "2023_20_4_1": 0.1332128074599172, "2023_20_7": 0.21409201198915265, "2023_20_8": 0.2521528141205576, "2023_20_9": 6.365669156477473, "2023_26_1": 0.3806080213140492, "2023_26_3": 0.019030401065702456, "2023_26_6": 0.15224320852561965, "2023_26_7": 8.758742090489557, "2023_26_8": 23.768970931062373, "2023_26_9": 26.75674389837766, "2023_26_10": 1.4034920785955565, "2023_26_11": 1.4986440839240687, "2023_32_1": 1.4938864836576433}