{"2024_27_5": 0.2469456719521705, "2024_27_10": 0.7343384455419806, "2024_27_25": 3.3987522744996093, "2024_32": 0.03249285157265401, "2024_32_3": 5.887704704964906, "2024_32_4_1": 0.2729399532102937, "2024_32_4_2": 0.025994281258123204, "2024_32_5_3": 0.01949571094359241, "2024_32_5_4": 0.025994281258123204, "2024_32_6": 2.885365219651676, "2024_32_7": 9.741356901481673, "2024_32_9": 0.045489992201715616, "2024_32_9_1": 0.03249285157265401, "2024_32_10": 23.08942032752794, "2024_32_20": 0.11047569534702363, "2024_32_20_1": 0.31193137509747854, "2024_33_5": 21.198336365999477, "2024_33_15": 1.2087340785027294, "2024_33_25": 0.32492851572654013, "2024_33_30": 0.025994281258123204, "2024_33_35": 8.42214712763192, "2024_38": 0.006498570314530801, "2024_38_2": 2.3069924616584347, "2024_38_4": 0.23394853132310886, "2024_38_6": 3.275279438523524, "2024_38_7": 15.258643098518323, "2024_44_1": 0.8773069924616582}