{"2022_40_4": 0.016016229779509904, "2022_40_4_1": 0.08008114889754951, "2022_40_4_2": 0.06406491911803962, "2022_44_2": 0.12279109497624256, "2022_44_25_1": 0.06406491911803962, "2022_44_25_2": 0.1441460680155891, "2022_44_25_3": 0.7207303400779456, "2022_44_25_5": 1.3613795312583417, "2022_44_30": 0.5338743259836634, "2022_44_30_1": 0.05872617585820298, "2022_44_30_2": 0.11211360845656933, "2022_44_30_5": 2.0607548982969406, "2022_44_30_10": 22.230526933959744, "2022_45_10": 0.016016229779509904, "2022_45_11": 0.3576957984090545, "2022_45_12": 7.228658373818803, "2023_2_0_5": 0.05872617585820298, "2023_2_10": 1.1318135710853663, "2023_2_11": 0.16550104105493563, "2023_2_12": 29.229619347605567, "2023_2_13": 0.021354973039346536, "2023_2_201": 0.021354973039346536, "2023_2_301": 0.1388073247557525, "2023_6_1": 0.6086167316213762, "2023_6_8": 29.218941861085895, "2023_6_9": 4.233623405050451}