{"2024_2_8": 0.012600806451612902, "2024_3_6": 0.12600806451612903, "2024_3_10": 0.5166330645161291, "2024_3_15": 2.898185483870968, "2024_3_20": 0.18901209677419356, "2024_3_25": 10.559475806451612, "2024_8_3": 0.006300403225806451, "2024_8_4": 0.05040322580645161, "2024_8_7": 0.22681451612903228, "2024_8_8": 0.012600806451612902, "2024_8_9": 5.783770161290323, "2024_8_12": 0.044102822580645164, "2024_9_5": 0.006300403225806451, "2024_14_3": 0.29611895161290325, "2024_14_5": 0.03150201612903226, "2024_14_6": 2.400453629032258, "2024_14_7": 1.0269657258064515, "2024_14_8": 3.2006048387096775, "2024_14_9": 29.49848790322581, "2024_14_11": 0.08190524193548387, "2024_15_5": 0.018901209677419355, "2024_15_10": 0.012600806451612902, "2024_20_1": 12.676411290322582, "2024_20_3": 10.464969758064518, "2024_20_6": 4.044858870967742, "2024_20_6_1": 0.03780241935483871, "2024_20_6_2": 15.776209677419356}