{"2023_38_9": 3.1468365261206444, "2023_38_9_1": 0.13309882587821456, "2023_44_1": 13.309882587821459, "2023_44_9_2": 0.00950705899130104, "2023_44_25": 0.00475352949565052, "2023_44_30_1": 0.1568664733564672, "2023_44_30_2": 0.4278176546085468, "2023_44_30_3": 0.00950705899130104, "2023_44_30_4": 0.2709511812520797, "2023_44_30_5_1": 4.729761848172268, "2023_44_30_6": 0.9031706041735988, "2023_44_30_7": 0.812853543756239, "2023_44_30_8": 22.522222750392164, "2023_44_30_9": 5.604411275371963, "2023_44_30_10": 0.00475352949565052, "2023_44_30_12": 0.014260588486951564, "2023_44_30_13": 0.39454294813899315, "2023_44_30_14": 13.328896705804057, "2023_44_30_16": 0.0237676474782526, "2023_44_30_20": 0.34700765318248794, "2024_2_2": 0.08556353092170937, "2024_2_2_1": 7.0257165945714695, "2024_2_3": 2.020250035651471, "2024_2_6": 6.160574226363074, "2024_2_7": 18.26781385178495, "2024_2_8": 0.28521176973903123}