{"2023_38_6": 6.008700380641653, "2023_38_8": 0.14500634402755122, "2023_38_9": 3.0587275693311584, "2023_38_9_1": 0.15860068878013414, "2023_44_1": 12.97806779046583, "2023_44_9_2": 0.009062896501721951, "2023_44_25": 0.004531448250860976, "2023_44_30_1": 0.15406924052927318, "2023_44_30_2": 0.4168932390792098, "2023_44_30_3": 0.009062896501721951, "2023_44_30_4": 0.26282399854993654, "2023_44_30_5_1": 4.6447344571325, "2023_44_30_6": 0.910821098423056, "2023_44_30_7": 0.8111292369041144, "2023_44_30_8": 22.54395504803335, "2023_44_30_9": 5.940728656878738, "2023_44_30_10": 0.004531448250860976, "2023_44_30_12": 0.013594344752582924, "2023_44_30_13": 0.37157875657059997, "2023_44_30_14": 12.157875657059995, "2023_44_30_20": 0.30360703280768536, "2024_2_2": 0.08156606851549755, "2024_2_2_1": 8.070509334783397, "2024_2_3": 2.4696392967192313, "2024_2_6": 7.581112923690411, "2024_2_7": 10.889070146818923}