{"2024_20_7": 1.9138457702138272, "2024_20_9": 6.128046879870333, "2024_20_10": 0.062340253101427594, "2024_20_15": 0.311701265507138, "2024_21_5": 0.41767969577956493, "2024_26_1": 0.006234025310142759, "2024_26_3_1": 1.5647403528458326, "2024_26_4": 0.018702075930428278, "2024_26_6": 0.7854871890779878, "2024_26_7": 11.94439249423353, "2024_26_8": 8.434636244623155, "2024_26_10": 2.568418427778817, "2024_26_11": 0.3802755439187083, "2024_26_20": 2.044760301726825, "2024_27_5": 0.4924879995012781, "2024_27_10": 1.8265694158718286, "2024_27_25": 20.958793092699956, "2024_32": 0.037404151860856556, "2024_32_3": 19.013777195935415, "2024_32_4_1": 1.3340814163705508, "2024_32_4_2": 0.16208465806371175, "2024_32_5_3": 0.049872202481142075, "2024_32_5_4": 0.16208465806371175, "2024_32_6": 18.059971323483573, "2024_32_10": 0.5859983791534195, "2024_32_20": 0.7356149865968457}