{"2024_20_10": 0.05700171005130155, "2024_20_15": 0.29134207359554126, "2024_21_5": 0.39901197035911085, "2024_26_3_1": 1.3997086579264046, "2024_26_4": 0.019000570017100513, "2024_26_6": 0.7283551839888531, "2024_26_7": 9.918297548926471, "2024_26_8": 7.308885933244665, "2024_26_10": 2.0900627018810565, "2024_26_11": 0.2976755969345748, "2024_26_20": 1.7037177782000128, "2024_27_5": 0.35467730698587635, "2024_27_10": 1.4440433212996393, "2024_27_25": 7.068212046361393, "2024_32": 0.03166761669516752, "2024_32_3": 9.810627652162902, "2024_32_4_1": 0.5066818671226804, "2024_32_4_2": 0.044334663373234544, "2024_32_5_3": 0.025334093356134024, "2024_32_5_4": 0.06966875672936858, "2024_32_6": 7.6318956235353745, "2024_32_7": 27.221483311166004, "2024_32_10": 20.438279815061122, "2024_32_20": 0.2596744569003737, "2024_32_20_1": 0.8613591741085567, "2024_38": 0.019000570017100513}