{"2023_32_9": 0.030275507114744176, "2023_38_6": 0.015137753557372088, "2023_38_9": 0.03784438389343022, "2023_44_1": 0.04541326067211626, "2023_44_30_5_1": 0.03784438389343022, "2023_44_30_6": 0.015137753557372088, "2023_44_30_8": 0.9612473508931274, "2023_44_30_9": 0.05298213745080231, "2023_44_30_13": 0.02270663033605813, "2023_44_30_14": 3.9131092945806847, "2023_44_30_16": 0.02270663033605813, "2023_44_30_20": 0.02270663033605813, "2023_44_30_25": 4.24613987284287, "2023_44_30_30": 0.49954586739327894, "2024_2_2_1": 0.007568876778686044, "2024_2_3": 0.04541326067211626, "2024_2_6": 0.05298213745080231, "2024_2_7": 21.88919164396004, "2024_2_7_1": 0.007568876778686044, "2024_2_8": 1.4532243415077204, "2024_2_12": 0.04541326067211626, "2024_2_13": 0.19679079624583712, "2024_3_6": 3.413563427187406, "2024_3_10": 31.68331819557978, "2024_8_3": 0.15137753557372088, "2024_8_4": 4.336966394187103, "2024_8_7": 26.52891310929458, "2024_8_8": 0.26491068725401146}