{"2024_3_25": 7.173336408718717, "2024_8_4": 0.03459808557259831, "2024_8_7": 0.19605581824472382, "2024_8_8": 0.011532695190866105, "2024_8_9": 4.36512512974282, "2024_8_12": 0.040364433168031365, "2024_9_5": 0.0057663475954330525, "2024_14_3": 0.20758851343558987, "2024_14_5": 0.02883173797716527, "2024_14_6": 1.6376427171029866, "2024_14_7": 0.6458309306885018, "2024_14_8": 1.9086610540883402, "2024_14_9": 19.640179910044974, "2024_14_11": 0.08072886633606273, "2024_15_10": 0.0057663475954330525, "2024_15_15": 3.96724714565794, "2024_20_1": 5.979702456464075, "2024_20_3": 2.5025948564179448, "2024_20_6": 0.3229154653442509, "2024_20_6_1": 0.017299042786299155, "2024_20_6_2": 2.427632337677315, "2024_20_7": 17.126052358436166, "2024_20_8": 0.12685964709952713, "2024_20_9": 28.307000345980853, "2024_20_9_1": 0.02306539038173221, "2024_20_10": 2.7793795409987316, "2024_26_1": 0.07496251874062969, "2024_26_3_1": 0.3632798985122822}