{"2023_2_12": 0.25038436195914776, "2023_6_8": 0.05271249725455743, "2023_6_11": 0.07028332967274326, "2023_7_5": 0.02196354052273226, "2023_7_10": 3.0880737974961563, "2023_7_15": 1.612123874368548, "2023_7_20": 23.755765429387214, "2023_7_25": 0.0043927081045464535, "2023_7_26": 0.2899187349000658, "2023_12_1": 0.008785416209092907, "2023_12_1_1": 0.06589062156819678, "2023_12_5": 2.0953217658686576, "2023_12_5_4": 0.25916977816824066, "2023_12_8": 0.0043927081045464535, "2023_12_9": 3.742587305073577, "2023_12_9_1": 0.89171974522293, "2023_12_10": 0.5403030968592136, "2023_12_11": 2.060180101032286, "2023_20_4_1": 7.3797496156380396, "2023_20_6": 0.13617395124094, "2023_20_7": 6.2552163408741475, "2023_20_8": 4.300461234350976, "2023_20_9": 37.07006369426751, "2023_26_1": 5.9037996925104315, "2023_26_3": 0.1405666593454865}