{"2024_21_5": 0.3411335208570231, "2024_26_3_1": 1.2149141181399243, "2024_26_4": 0.017954395834580163, "2024_26_6": 0.6224190555987789, "2024_26_7": 8.097432521395653, "2024_26_8": 6.014722604584354, "2024_26_10": 1.6158956251122143, "2024_26_11": 0.257346340295649, "2024_26_20": 1.4483212639894665, "2024_27_5": 0.2693159375187024, "2024_27_10": 0.8737805972829014, "2024_27_25": 4.183374229457177, "2024_32": 0.029923993057633606, "2024_32_3": 6.714944042132981, "2024_32_4_1": 0.3531031180800765, "2024_32_4_2": 0.029923993057633606, "2024_32_5_3": 0.017954395834580163, "2024_32_5_4": 0.029923993057633606, "2024_32_6": 3.9260278891615283, "2024_32_7": 21.162247890358486, "2024_32_9": 0.49075348614519104, "2024_32_10": 37.07582739840804, "2024_32_20": 0.15560476389969471, "2024_32_20_1": 0.9396133820096951, "2024_33_15": 0.19151355556885505, "2024_33_25": 0.05984798611526721, "2024_38": 0.00598479861152672, "2024_38_2": 3.8601951044347347}