{"2024_3_25": 7.6554457788558254, "2024_8_4": 0.04141276696444419, "2024_8_7": 0.21297994438857007, "2024_8_8": 0.011832219132698338, "2024_8_9": 4.573152694787908, "2024_8_12": 0.04141276696444419, "2024_9_5": 0.005916109566349169, "2024_14_3": 0.2188960539549193, "2024_14_5": 0.029580547831745845, "2024_14_6": 1.8162456368691948, "2024_14_7": 0.7335975862272971, "2024_14_8": 2.1002188960539554, "2024_14_9": 24.800331302135717, "2024_14_11": 0.08282553392888838, "2024_15_10": 0.005916109566349169, "2024_15_15": 4.312843873868545, "2024_20_1": 6.62604271431107, "2024_20_3": 2.975803111873632, "2024_20_6": 0.36679879311364855, "2024_20_6_1": 0.023664438265396676, "2024_20_6_2": 2.9343903449091884, "2024_20_7": 19.150446666272263, "2024_20_8": 0.1301544104596817, "2024_20_9": 20.86020233094717, "2024_20_9_1": 0.017748328699047508, "2024_20_10": 0.20114772525587177, "2024_26_1": 0.07099331479619003}