{"2024_15_15": 3.0453898874951513, "2024_20_1": 0.5754558386137334, "2024_20_3": 0.17457649036596407, "2024_20_6_2": 0.12931591878960302, "2024_20_7": 2.230699599120652, "2024_20_9": 6.8666752877279205, "2024_20_9_1": 0.006465795939480151, "2024_20_10": 0.07112375533428165, "2024_20_15": 0.32328979697400756, "2024_21_5": 0.5107978792189318, "2024_26_1": 0.006465795939480151, "2024_26_3_1": 1.8362860468123627, "2024_26_4": 0.019397387818440453, "2024_26_6": 0.8987456355877409, "2024_26_7": 19.946980473296264, "2024_26_8": 10.772016035173932, "2024_26_10": 5.1467735678262, "2024_26_11": 0.8858140437087807, "2024_26_20": 4.105780421569896, "2024_27_5": 1.7392991077201607, "2024_27_10": 7.041251778093885, "2024_27_25": 0.1487133066080435, "2024_32": 0.051726367515841205, "2024_32_3": 32.82684598474073, "2024_32_4_1": 0.2521660416397259, "2024_32_4_2": 0.051726367515841205, "2024_32_5_3": 0.3362213888529678}