{"2022_44_30": 0.03450457185577089, "2022_44_30_2": 0.011501523951923632, "2022_44_30_5": 0.011501523951923632, "2022_44_30_10": 0.09201219161538905, "2022_45_12": 0.06325838173557997, "2022_45_13": 0.11501523951923633, "2022_45_15": 1.9035022140433608, "2023_2_10": 0.06900914371154178, "2023_2_12": 0.33929495658174713, "2023_2_301": 0.011501523951923632, "2023_6_8": 0.06900914371154178, "2023_6_9": 0.005750761975961816, "2023_6_11": 0.7878543907067689, "2023_7_5": 0.046006095807694526, "2023_7_10": 28.673299212145615, "2023_7_15": 1.3169244924952557, "2023_12_1": 0.046006095807694526, "2023_12_1_1": 0.1495198113750072, "2023_12_5": 14.928978089596875, "2023_12_5_3": 0.005750761975961816, "2023_12_5_4": 0.7073437230433033, "2023_12_8": 0.005750761975961816, "2023_12_9": 26.925067571453226, "2023_12_9_1": 17.361550405428723, "2023_12_10": 2.31180631433665, "2023_12_11": 0.9258726781298523, "2023_20_4_1": 3.0824084191155334}