{"2024_27_5": 0.2154376461898313, "2024_27_10": 0.6463129385694939, "2024_27_25": 2.948418072140834, "2024_32": 0.030776806598547327, "2024_32_3": 5.182814231195369, "2024_32_4_1": 0.22159300750954078, "2024_32_4_2": 0.024621445278837858, "2024_32_5_3": 0.018466083959128392, "2024_32_5_4": 0.024621445278837858, "2024_32_6": 2.499076695802043, "2024_32_7": 7.731133817555088, "2024_32_9": 0.036932167918256785, "2024_32_9_1": 0.012310722639418929, "2024_32_10": 17.358118921580694, "2024_32_20": 0.08617505847593251, "2024_32_20_1": 0.2400590914686691, "2024_33_5": 18.780007386433578, "2024_33_15": 0.42471993105995315, "2024_33_25": 0.2154376461898313, "2024_33_30": 0.012310722639418929, "2024_33_35": 8.654438015511507, "2024_33_40": 0.018466083959128392, "2024_38": 0.0061553613197094645, "2024_38_2": 1.6188600270835893, "2024_38_4": 0.16619475563215558, "2024_38_6": 1.8158315893142922, "2024_38_7": 6.481595469654067, "2024_39_5": 1.083343592268866, "2024_44_1": 0.2462144527883786, "2024_44_3": 1.083343592268866, "2024_44_3_1": 22.11621322171611}