{"2022_44_25_2": 0.01652710445130013, "2022_44_25_3": 0.0495813133539004, "2022_44_25_5": 0.0495813133539004, "2022_44_30": 0.09365359189070074, "2022_44_30_2": 0.01652710445130013, "2022_44_30_5": 0.011018069634200087, "2022_44_30_10": 0.19281621859850154, "2022_45_11": 0.022036139268400173, "2022_45_12": 0.10467166152490084, "2022_45_13": 0.253415601586602, "2022_45_15": 30.338254737769944, "2023_2_0_5": 0.01652710445130013, "2023_2_10": 0.18179814896430144, "2023_2_11": 0.011018069634200087, "2023_2_12": 1.4929484354341116, "2023_2_13": 0.01652710445130013, "2023_2_201": 0.005509034817100043, "2023_2_301": 0.011018069634200087, "2023_6_8": 0.374614367562803, "2023_6_9": 0.03305420890260026, "2023_6_11": 0.628029969149405, "2023_6_11_2": 0.005509034817100043, "2023_7_5": 0.9475539885412075, "2023_12_1": 0.5509034817100045, "2023_12_1_1": 3.547818422212428, "2023_12_5": 37.373292199206695, "2023_12_5_3": 0.6941383869546056, "2023_12_5_4": 0.011018069634200087, "2023_12_8": 0.2203613926840017, "2023_12_9": 22.553988541207577, "2023_12_10": 0.1762891141472014}