{"2023_38_9": 3.1217481789802286, "2023_38_9_1": 0.11824803708258438, "2023_44_1": 13.106612430233655, "2023_44_9_2": 0.00945984296660675, "2023_44_25": 0.004729921483303375, "2023_44_30_1": 0.1560874089490114, "2023_44_30_2": 0.42569293349730386, "2023_44_30_3": 0.00945984296660675, "2023_44_30_4": 0.26960552454829245, "2023_44_30_5_1": 4.6637025825371285, "2023_44_30_6": 0.8986850818276413, "2023_44_30_7": 0.7993567306782705, "2023_44_30_8": 21.899536467694634, "2023_44_30_9": 5.344811276132814, "2023_44_30_10": 0.004729921483303375, "2023_44_30_12": 0.014189764449910127, "2023_44_30_13": 0.39258348311418023, "2023_44_30_14": 13.267429760665973, "2023_44_30_16": 0.037839371866427, "2023_44_30_20": 0.35001418976444976, "2024_2_2": 0.08513858669946077, "2024_2_2_1": 6.394853845426164, "2024_2_3": 1.8399394570050136, "2024_2_6": 4.668432504020433, "2024_2_7": 20.84949389840128, "2024_2_8": 1.267618957525305}