{"2023_12_9": 0.015854560828665043, "2023_12_9_1": 0.015854560828665043, "2023_12_11": 0.010569707219110032, "2023_20_4_1": 0.021139414438220063, "2023_20_7": 0.021139414438220063, "2023_20_9": 0.026424268047775073, "2023_26_1": 0.005284853609555016, "2023_26_3": 0.005284853609555016, "2023_26_7": 0.015854560828665043, "2023_26_8": 0.08455765775288025, "2023_26_9": 0.09512736497199026, "2023_26_10": 0.010569707219110032, "2023_26_11": 0.005284853609555016, "2023_26_12": 0.8825705527956874, "2023_27_6": 0.1479759010675404, "2023_27_7": 28.15770003170912, "2023_27_11": 0.015854560828665043, "2023_31_600": 0.026424268047775073, "2023_32_1": 0.005284853609555016, "2023_32_4": 0.23253355882042062, "2023_32_6": 0.702885530070817, "2023_32_7": 1.019976746644118, "2023_32_9": 7.9219955607229675, "2023_38_1": 0.005284853609555016, "2023_38_4": 0.22196385160131063, "2023_38_6": 36.81429024416023, "2023_38_8": 0.6553218475848218, "2023_38_9": 16.324912799915445, "2023_44_1": 6.532079061409999}