{"2024_14_6": 0.09336397586900316, "2024_14_7": 0.03590922148807814, "2024_14_8": 0.12209135305946568, "2024_14_9": 2.8727377190462513, "2024_15_15": 4.05774202815283, "2024_20_1": 0.6966388968687159, "2024_20_3": 0.2298190175237001, "2024_20_6_2": 0.15800057454754382, "2024_20_7": 2.958919850617639, "2024_20_8": 0.021545532892846886, "2024_20_9": 9.415397874174088, "2024_20_9_1": 0.021545532892846886, "2024_20_10": 0.10772766446423442, "2024_20_15": 0.4021832806664752, "2024_21_5": 0.6535478310830221, "2024_26_1": 0.007181844297615628, "2024_26_3_1": 2.556736569951164, "2024_26_4": 0.021545532892846886, "2024_26_6": 1.3214593507612755, "2024_26_7": 32.25366274059178, "2024_26_8": 25.88336684860672, "2024_26_10": 6.047112898592358, "2024_26_11": 1.0700948003447286, "2024_26_20": 4.316288422866993, "2024_27_5": 1.7308244757253664, "2024_32": 0.11490950876185005, "2024_32_3": 2.8296466532605575}