{"2024_8_9": 0.22576275559569106, "2024_14_3": 0.019351093336773525, "2024_14_6": 0.14190801780300583, "2024_14_7": 0.04515255111913822, "2024_14_8": 0.21931239115009993, "2024_14_9": 10.946268464168222, "2024_14_11": 0.006450364445591173, "2024_15_15": 4.6120105785976895, "2024_20_1": 1.7093465780816608, "2024_20_3": 1.0901115913049084, "2024_20_6": 0.14190801780300583, "2024_20_6_1": 0.012900728891182347, "2024_20_6_2": 1.560988195833064, "2024_20_7": 7.6694833258079065, "2024_20_8": 0.06450364445591174, "2024_20_9": 23.556730955298967, "2024_20_9_1": 0.025801457782364694, "2024_20_10": 0.27091530671482933, "2024_20_15": 0.43217441785460864, "2024_21_5": 0.8385473779268525, "2024_26_1": 0.03225182222795587, "2024_26_3_1": 3.6960588273237422, "2024_26_4": 0.019351093336773525, "2024_26_6": 1.9996129781332639, "2024_26_7": 34.019222086047854, "2024_26_10": 5.676320712120233, "2024_26_11": 0.04515255111913822, "2024_26_20": 0.9224021157195379}