{"2024_21_5": 0.33843961524759525, "2024_26_3_1": 1.187507421921387, "2024_26_4": 0.017812611328820806, "2024_26_6": 0.6175038593991212, "2024_26_7": 7.90286189288683, "2024_26_8": 5.901911886949293, "2024_26_10": 1.561572259826624, "2024_26_11": 0.2553140957130982, "2024_26_20": 1.4250089063056643, "2024_27_5": 0.26718916993231207, "2024_27_10": 0.8312551953449709, "2024_27_25": 4.031587697423109, "2024_32": 0.02968768554803467, "2024_32_3": 6.543165894786843, "2024_32_4_1": 0.3325020781379883, "2024_32_4_2": 0.02968768554803467, "2024_32_5_3": 0.017812611328820806, "2024_32_5_4": 0.02968768554803467, "2024_32_6": 3.7465859161619757, "2024_32_7": 19.089181807386296, "2024_32_9": 0.2553140957130982, "2024_32_10": 37.810236313976965, "2024_32_20": 0.14250089063056645, "2024_32_20_1": 0.5700035625222658, "2024_33_15": 0.5996912480703004, "2024_33_25": 0.3087519296995606, "2024_38": 0.005937537109606935, "2024_38_2": 6.151288445552785}