{"2023_2_12": 0.10216069877917965, "2023_2_301": 0.010216069877917965, "2023_6_11": 0.02043213975583593, "2023_7_10": 0.7968534504776014, "2023_7_15": 0.5720999131634061, "2023_7_20": 22.107575215814478, "2023_7_26": 0.2707258517648261, "2023_7_30": 5.245951882310876, "2023_12_1": 0.005108034938958983, "2023_12_1_1": 0.035756244572712884, "2023_12_5": 0.10216069877917965, "2023_12_5_4": 0.02043213975583593, "2023_12_9": 0.09194462890126169, "2023_12_9_1": 0.0306482096337539, "2023_12_10": 0.10726873371813865, "2023_12_11": 0.1225928385350156, "2023_20_4_1": 0.1532410481687695, "2023_20_7": 0.3524544107881698, "2023_20_8": 0.3422383409102518, "2023_20_9": 8.857332584154875, "2023_26_1": 0.5056954589569393, "2023_26_3": 0.02043213975583593, "2023_26_6": 0.2043213975583593, "2023_26_7": 14.644736169995404, "2023_26_8": 38.91301016498953, "2023_26_9": 4.3724779077488884, "2023_26_10": 1.3944935383358024, "2023_26_11": 0.5976400878582009}