{"2023_38_6": 0.013498009043666055, "2023_38_9": 0.020247013565499086, "2023_44_1": 0.02699601808733211, "2023_44_30_5_1": 0.013498009043666055, "2023_44_30_8": 0.6883984612269689, "2023_44_30_9": 0.0472430316528312, "2023_44_30_13": 0.020247013565499086, "2023_44_30_14": 3.0640480529121947, "2023_44_30_16": 0.020247013565499086, "2023_44_30_20": 0.020247013565499086, "2023_44_30_25": 2.4161436188162235, "2023_44_30_30": 0.4589323074846459, "2024_2_2_1": 0.020247013565499086, "2024_2_3": 0.02699601808733211, "2024_2_6": 0.08098805426199635, "2024_2_7": 13.457515016535057, "2024_2_7_1": 0.006749004521833028, "2024_2_8": 0.9448606330566239, "2024_2_12": 0.03374502260916515, "2024_2_13": 0.07423904974016331, "2024_3_6": 1.6602551123709248, "2024_3_10": 13.471013025578724, "2024_3_15": 27.475197408382257, "2024_3_20": 0.25646217182965514, "2024_8_3": 0.10123506782749542, "2024_8_4": 2.368900587163393, "2024_8_7": 7.889586286022809, "2024_8_8": 0.12823108591482757, "2024_8_9": 24.930822703651206, "2024_8_12": 0.26321117635148816}