{"2024_20_6_2": 0.12220221250321583, "2024_20_7": 2.0517108309750447, "2024_20_9": 6.5603293028042176, "2024_20_10": 0.05788525855415486, "2024_20_15": 0.3215847697453048, "2024_21_5": 0.469513763828145, "2024_26_1": 0.006431695394906097, "2024_26_3_1": 1.6851041934653972, "2024_26_4": 0.01929508618471829, "2024_26_6": 0.8425520967326986, "2024_26_7": 13.905325443786982, "2024_26_8": 9.563931052225366, "2024_26_10": 3.0614870079753014, "2024_26_11": 0.4823771546179572, "2024_26_20": 2.379727296115256, "2024_27_5": 0.6303061487007975, "2024_27_10": 2.7849241059943397, "2024_27_25": 17.38487265243118, "2024_32": 0.051453563159248775, "2024_32_3": 32.83380499099562, "2024_32_4_1": 3.022896835605865, "2024_32_4_2": 0.31515307435039874, "2024_32_5_3": 0.1607923848726524, "2024_32_5_4": 0.6817597118600462, "2024_32_6": 0.604579367121173}