{"2023_12_9": 0.05005775895263766, "2023_12_9_1": 0.011551790527531768, "2023_12_10": 0.05775895263765884, "2023_12_11": 0.06160954948016943, "2023_20_4_1": 0.08471313053523297, "2023_20_7": 0.06160954948016943, "2023_20_8": 0.11166730843280706, "2023_20_9": 2.803234501347709, "2023_26_1": 0.16172506738544473, "2023_26_3": 0.011551790527531768, "2023_26_6": 0.05390835579514825, "2023_26_7": 1.9907585675779744, "2023_26_8": 3.754331921447825, "2023_26_9": 4.7400847131305355, "2023_26_10": 0.30034655371582597, "2023_26_11": 0.2579899884482094, "2023_26_12": 0.8009241432422025, "2023_27_6": 6.553715825953023, "2023_27_7": 16.080092414324216, "2023_32_1": 0.3581055063534848, "2023_32_4": 3.061224489795918, "2023_32_6": 14.297266076241819, "2023_32_7": 22.599152868694645, "2023_32_9": 21.36696187909126, "2023_38_1": 0.365806700038506, "2023_38_4": 0.0038505968425105895}