{"2022_44_30_10": 0.02178530581123033, "2022_45_13": 0.032677958716845486, "2022_45_15": 0.1470508142258047, "2023_2_12": 0.13071183486738194, "2023_2_301": 0.010892652905615165, "2023_6_8": 0.010892652905615165, "2023_6_11": 0.027231632264037908, "2023_7_10": 0.9149828440716737, "2023_7_15": 0.8223952943739448, "2023_7_20": 27.34055879309406, "2023_7_26": 0.41392081041337625, "2023_12_1": 0.005446326452807583, "2023_12_1_1": 0.04901693807526823, "2023_12_5": 0.14160448777299714, "2023_12_5_4": 0.04357061162246066, "2023_12_9": 0.10348020260334406, "2023_12_9_1": 0.03812428516965308, "2023_12_10": 0.16338979358422745, "2023_12_11": 0.24508469037634117, "2023_20_4_1": 0.19062142584826536, "2023_20_7": 0.5282936659223355, "2023_20_8": 0.4738304013942597, "2023_20_9": 12.984042263493276, "2023_26_1": 0.7080224388649856, "2023_26_3": 0.03812428516965308, "2023_26_6": 0.4084744839605687, "2023_26_7": 21.997712542889825, "2023_26_8": 32.00806056315016}