{"2024_27_5": 0.2291242362525459, "2024_27_10": 0.7001018329938902, "2024_27_25": 3.169551934826885, "2024_32": 0.03182281059063138, "2024_32_3": 5.5944501018329955, "2024_32_4_1": 0.24185336048879844, "2024_32_4_2": 0.025458248472505093, "2024_32_5_3": 0.01909368635437882, "2024_32_5_4": 0.025458248472505093, "2024_32_6": 2.7113034623217933, "2024_32_7": 8.725814663951121, "2024_32_9": 0.044551934826883924, "2024_32_9_1": 0.03182281059063138, "2024_32_10": 21.486761710794305, "2024_32_20": 0.09546843177189411, "2024_32_20_1": 0.2864052953156823, "2024_33_5": 22.606924643584527, "2024_33_15": 1.0756109979633404, "2024_33_25": 0.2736761710794298, "2024_33_30": 0.012729124236252547, "2024_33_35": 8.948574338085542, "2024_38": 0.006364562118126273, "2024_38_2": 1.9857433808553977, "2024_38_4": 0.19730142566191447, "2024_38_6": 2.4185336048879837, "2024_38_7": 11.717158859470473, "2024_39_5": 0.18457230142566197, "2024_44_1": 0.6555498981670062, "2024_44_3": 2.195773930753565, "2024_44_3_1": 4.3024439918533615}