{"2023_38_9_1": 0.07581860398995403, "2023_44_1": 12.704354831066672, "2023_44_25": 0.004738662749372127, "2023_44_30_1": 0.13268255698241957, "2023_44_30_2": 0.40278633369663075, "2023_44_30_3": 0.009477325498744254, "2023_44_30_4": 0.26062645121546696, "2023_44_30_5_1": 4.402217694166706, "2023_44_30_6": 0.8387433066388665, "2023_44_30_7": 0.7581860398995403, "2023_44_30_8": 20.01611145334786, "2023_44_30_9": 4.5965028668909635, "2023_44_30_10": 0.004738662749372127, "2023_44_30_12": 0.014215988248116382, "2023_44_30_13": 0.3885703454485144, "2023_44_30_14": 13.263517035492583, "2023_44_30_16": 0.07107994124058191, "2023_44_30_20": 0.3838316826991423, "2023_44_30_25": 0.004738662749372127, "2024_2_2": 0.08055726673932617, "2024_2_2_1": 5.141449083068758, "2024_2_3": 1.3505188835710562, "2024_2_6": 2.321944747192342, "2024_2_7": 30.498033454959007, "2024_2_8": 2.274558119698621}