{"2023_20_4_1": 0.06827900959499765, "2023_20_7": 0.06468537751105041, "2023_20_8": 0.09702806626657562, "2023_20_9": 2.4005462320767594, "2023_26_1": 0.1365580191899953, "2023_26_3": 0.010780896251841735, "2023_26_6": 0.046717217091314184, "2023_26_7": 1.5955726452725767, "2023_26_8": 2.8317820821504287, "2023_26_9": 3.676285621878031, "2023_26_10": 0.2012433967010457, "2023_26_11": 0.18686886836525674, "2023_26_12": 0.837316275559708, "2023_27_6": 2.573040572106227, "2023_27_7": 21.02634132317533, "2023_27_11": 0.010780896251841735, "2023_31_600": 0.025155424587630714, "2023_32_1": 0.26952240629604335, "2023_32_4": 1.9585294857512485, "2023_32_6": 6.576346713623458, "2023_32_7": 7.248355913321593, "2023_32_9": 11.323534696517768, "2023_38_1": 0.035936320839472444, "2023_38_4": 0.9846551910015451, "2023_38_6": 34.31559276961224, "2023_38_8": 1.498544579006001}