{"2024_2_6": 0.030125018828136764, "2024_2_7": 0.11296882060551289, "2024_2_8": 0.015062509414068382, "2024_3_10": 0.052718782949239346, "2024_3_15": 0.12050007531254706, "2024_3_25": 0.9640006025003764, "2024_8_7": 0.052718782949239346, "2024_8_9": 0.195812622382889, "2024_14_3": 0.007531254707034191, "2024_14_5": 0.007531254707034191, "2024_14_6": 0.16568760355475223, "2024_14_7": 0.045187528242205156, "2024_14_8": 0.316312697695436, "2024_14_9": 18.1277300798313, "2024_14_11": 0.007531254707034191, "2024_15_15": 5.098659436662149, "2024_20_1": 2.598282873926796, "2024_20_3": 1.7472510920319324, "2024_20_6": 0.2786564241602651, "2024_20_6_1": 0.015062509414068382, "2024_20_6_2": 2.6585329115830696, "2024_20_7": 20.959481849676155, "2024_20_8": 0.158156348847718, "2024_20_9": 37.91233619521013, "2024_20_9_1": 0.022593764121102578, "2024_20_10": 1.7020635637897272, "2024_20_15": 2.583220364512728, "2024_26_1": 0.08284380177737612, "2024_26_3_1": 3.961439975899985}