{"2024_32_7": 7.645381605994295, "2024_32_9": 0.03978516013526953, "2024_32_9_1": 0.013261720045089844, "2024_32_10": 15.29076321198859, "2024_32_20": 0.08620118029308399, "2024_32_20_1": 0.2121875207214375, "2024_33_5": 15.191300311650412, "2024_33_15": 0.4177441814203301, "2024_33_25": 0.18566408063125778, "2024_33_30": 0.013261720045089844, "2024_33_35": 5.927988860155159, "2024_33_40": 0.749287182547576, "2024_38": 0.006630860022544922, "2024_38_2": 1.4720509250049725, "2024_38_4": 0.16577150056362303, "2024_38_6": 1.6577150056362302, "2024_38_7": 4.628340295736356, "2024_39_5": 0.9150586831111991, "2024_39_15": 0.23871096081161716, "2024_44_1": 0.19892580067634763, "2024_44_3": 0.755918042570121, "2024_44_3_1": 18.85153504409521, "2024_44_4": 0.5304688018035938, "2024_44_25_2": 12.963331344075321, "2024_44_25_3": 0.6564551422319472, "2024_44_25_4": 0.5503613818712285, "2024_45_25_5": 2.9043166898746757, "2024_45_25_6": 0.6498242822094022, "2024_45_32": 7.081758504077976}