{"2023_26_12": 0.7116308584897109, "2023_27_6": 0.05439216752787599, "2023_27_7": 7.877798930287374, "2023_27_12": 2.9371770465053038, "2023_32_4": 0.08158825129181399, "2023_32_6": 0.09971897380110599, "2023_32_7": 0.14957846070165898, "2023_32_9": 1.1331701568307497, "2023_38_1": 0.004532680627322999, "2023_38_4": 0.013598041881968998, "2023_38_6": 6.8171516634937905, "2023_38_8": 0.167709183210951, "2023_38_9": 3.70320007252289, "2023_38_9_1": 0.23116671199347297, "2023_44_1": 17.45535309582087, "2023_44_9_1": 0.004532680627322999, "2023_44_25": 0.004532680627322999, "2023_44_30_1": 0.28555887952134895, "2023_44_30_2": 0.7206962197443568, "2023_44_30_3": 0.013598041881968998, "2023_44_30_4": 0.4940621883782069, "2023_44_30_5_1": 9.953766657601305, "2023_44_30_6": 2.0397062822953496, "2023_44_30_7": 2.1938174236243317, "2023_44_30_8": 42.838364608829664, "2023_44_30_10": 0.004532680627322999, "2023_44_30_11": 0.009065361254645998}