{"2023_44_30_5_1": 0.01922830406358159, "2023_44_30_8": 0.5704396872195874, "2023_44_30_9": 0.03845660812716318, "2023_44_30_13": 0.01922830406358159, "2023_44_30_14": 2.4163568773234205, "2023_44_30_20": 0.01922830406358159, "2023_44_30_25": 1.6536341494680171, "2023_44_30_30": 0.3653377772080503, "2024_2_2_1": 0.006409434687860531, "2024_2_3": 0.012818869375721062, "2024_2_6": 0.04486604281502372, "2024_2_7": 8.915523650813997, "2024_2_8": 0.7050378156646584, "2024_2_12": 0.025637738751442124, "2024_2_13": 0.04486604281502372, "2024_3_6": 1.1793359825663379, "2024_3_10": 7.902832970132036, "2024_3_15": 7.095244199461607, "2024_3_20": 0.7755415972311243, "2024_3_25": 28.778361748493786, "2024_8_3": 0.07050378156646583, "2024_8_4": 1.6087681066529933, "2024_8_7": 4.807076015895398, "2024_8_8": 0.07691321625432636, "2024_8_9": 30.778105371106268, "2024_8_12": 0.07691321625432636, "2024_14_3": 1.4869888475836435, "2024_14_5": 0.17305473657223436, "2024_14_6": 0.33329060376874764}