{"2023_12_9": 0.04904734955668743, "2023_12_9_1": 0.011318619128466328, "2023_12_10": 0.04527447651386531, "2023_12_11": 0.04904734955668743, "2023_20_4_1": 0.08300320694208642, "2023_20_7": 0.06413884172797586, "2023_20_8": 0.10941331824184117, "2023_20_9": 2.7051499717034524, "2023_26_1": 0.15468779475570651, "2023_26_3": 0.011318619128466328, "2023_26_6": 0.052820222599509546, "2023_26_7": 1.890209394453877, "2023_26_8": 3.5012261837389174, "2023_26_9": 4.365214110545181, "2023_26_10": 0.2641011129975477, "2023_26_11": 0.2263723825693266, "2023_26_12": 0.830032069420864, "2023_27_6": 4.1765704584040755, "2023_27_7": 18.754951895868707, "2023_32_1": 0.3471043199396341, "2023_32_4": 2.6976042256178085, "2023_32_6": 12.480664025655539, "2023_32_7": 18.090926240332017, "2023_32_9": 24.187889077532546, "2023_38_1": 0.12827768345595172, "2023_38_4": 4.723637049613282}