{"2024_14_7": 0.026576307222111486, "2024_14_8": 0.11959338249950169, "2024_14_9": 2.3586472659623943, "2024_15_15": 3.4084114012357976, "2024_20_1": 0.6511195269417314, "2024_20_3": 0.1860341505547804, "2024_20_6": 0.0066440768055278715, "2024_20_6_2": 0.11959338249950169, "2024_20_7": 2.4184439572121454, "2024_20_8": 0.0066440768055278715, "2024_20_9": 7.587535711912828, "2024_20_9_1": 0.0066440768055278715, "2024_20_10": 0.0930170752773902, "2024_20_15": 0.358780147498505, "2024_21_5": 0.5381702212477576, "2024_26_1": 0.0066440768055278715, "2024_26_3_1": 1.9865789648528338, "2024_26_4": 0.01993223041658361, "2024_26_6": 1.0231878280512923, "2024_26_7": 23.427014816291273, "2024_26_8": 15.38768188160255, "2024_26_10": 5.647465284698691, "2024_26_11": 1.136137133745266, "2024_26_20": 4.577768919008704, "2024_27_5": 1.860341505547804, "2024_27_10": 2.90346156401568, "2024_32": 0.059796691249750844, "2024_32_3": 24.078134343233007}