{"2024_32_7": 7.73075641452849, "2024_32_9": 0.03998667110963012, "2024_32_9_1": 0.013328890369876707, "2024_32_10": 15.481506164611794, "2024_32_20": 0.0866377874041986, "2024_32_20_1": 0.2132622459180273, "2024_33_5": 15.441519493502165, "2024_33_15": 0.4265244918360546, "2024_33_25": 0.1866044651782739, "2024_33_30": 0.013328890369876707, "2024_33_35": 6.024658447184271, "2024_33_40": 0.8130623125624792, "2024_38": 0.0066644451849383534, "2024_38_2": 1.5061646117960676, "2024_38_4": 0.16661112962345884, "2024_38_6": 1.679440186604465, "2024_38_7": 4.885038320559812, "2024_39_5": 0.9396867710763078, "2024_39_15": 0.3465511496167944, "2024_44_1": 0.2132622459180273, "2024_44_3": 0.7797400866377874, "2024_44_3_1": 19.113628790403197, "2024_44_4": 0.5398200599800065, "2024_44_25_2": 15.954681772742418, "2024_44_25_3": 2.0126624458513827, "2024_44_25_4": 0.41986004665111626, "2024_45_25_5": 2.4991669443518822, "2024_45_25_6": 0.52649116961013, "2024_45_32": 1.9393535488170608}