{"2023_2_12": 0.08451894633046908, "2023_6_11": 0.014086491055078181, "2023_7_10": 0.24886134197304785, "2023_7_15": 0.17842888669765697, "2023_7_20": 5.26834765459924, "2023_7_26": 0.08451894633046908, "2023_7_30": 22.341174813353994, "2023_12_1": 0.004695497018359394, "2023_12_1_1": 0.03286847912851576, "2023_12_5": 0.0751279522937503, "2023_12_5_4": 0.009390994036718787, "2023_12_9": 0.07043245527539091, "2023_12_9_1": 0.02347748509179697, "2023_12_10": 0.0751279522937503, "2023_12_11": 0.08921444334882848, "2023_20_4_1": 0.1361694135324224, "2023_20_7": 0.20190637178945395, "2023_20_8": 0.24886134197304785, "2023_20_9": 6.010236183500024, "2023_26_1": 0.36624876743203266, "2023_26_3": 0.018781988073437575, "2023_26_6": 0.1361694135324224, "2023_26_7": 8.033995398412923, "2023_26_8": 21.059304127341882, "2023_26_9": 26.003662487674323, "2023_26_10": 1.418040099544537, "2023_26_11": 1.5166455369300842, "2023_32_1": 6.249706531436353}