{"2023_32_9": 0.0207785011774484, "2023_38_6": 0.013852334118298934, "2023_38_9": 0.027704668236597868, "2023_44_1": 0.0207785011774484, "2023_44_30_5_1": 0.0207785011774484, "2023_44_30_8": 0.7480260423881424, "2023_44_30_9": 0.0415570023548968, "2023_44_30_13": 0.0207785011774484, "2023_44_30_14": 3.283003186036847, "2023_44_30_16": 0.0207785011774484, "2023_44_30_20": 0.0207785011774484, "2023_44_30_25": 2.6457958165950966, "2023_44_30_30": 0.4571270259038648, "2024_2_2_1": 0.0207785011774484, "2024_2_3": 0.034630835295747335, "2024_2_6": 0.09004017176894308, "2024_2_7": 14.66962183127857, "2024_2_7_1": 0.006926167059149467, "2024_2_8": 1.0319988918132705, "2024_2_12": 0.034630835295747335, "2024_2_13": 0.09004017176894308, "2024_3_6": 1.8769912730295057, "2024_3_10": 15.43150020778501, "2024_3_15": 24.53940989056656, "2024_8_3": 0.11081867294639147, "2024_8_4": 2.7635406566006373, "2024_8_7": 9.890566560465437, "2024_8_8": 0.1523756753012883, "2024_8_9": 21.692755229256132, "2024_8_12": 0.22163734589278294}