{"2023_27_7": 0.01716001716001716, "2023_32_7": 0.01716001716001716, "2023_32_9": 0.03432003432003432, "2023_38_9": 0.05148005148005148, "2023_44_1": 0.042900042900042894, "2023_44_30_5_1": 0.02574002574002574, "2023_44_30_6": 0.01716001716001716, "2023_44_30_8": 1.8018018018018014, "2023_44_30_9": 0.042900042900042894, "2023_44_30_13": 0.05148005148005148, "2023_44_30_14": 6.683826683826682, "2023_44_30_16": 0.02574002574002574, "2023_44_30_20": 0.060060060060060046, "2023_44_30_25": 19.62247962247962, "2023_44_30_30": 1.0210210210210209, "2024_2_2_1": 0.03432003432003432, "2024_2_3": 0.01716001716001716, "2024_2_6": 0.06864006864006864, "2024_2_7": 45.045045045045036, "2024_2_7_1": 0.00858000858000858, "2024_2_8": 3.5521235521235512, "2024_2_12": 0.11154011154011151, "2024_2_13": 0.5319605319605318, "2024_3_5": 0.00858000858000858, "2024_3_6": 0.8837408837408837, "2024_8_3": 0.3689403689403689, "2024_8_4": 11.051051051051049, "2024_8_7": 8.8030888030888}