{"2023_12_5": 0.06781824709777798, "2023_12_9": 0.055850321139346557, "2023_12_9_1": 0.019946543264052343, "2023_12_10": 0.07978617305620937, "2023_12_11": 0.06781824709777798, "2023_20_4_1": 0.10372202497307219, "2023_20_7": 0.08377548170901983, "2023_20_8": 0.1396258028483664, "2023_20_9": 3.043842502094387, "2023_26_1": 0.17154027207085012, "2023_26_3": 0.011967925958431404, "2023_26_6": 0.055850321139346557, "2023_26_7": 2.2380021542266726, "2023_26_8": 4.436111221925241, "2023_26_9": 6.031834683049428, "2023_26_10": 0.3949415566282363, "2023_26_11": 0.3510591614473212, "2023_26_12": 0.7579686440339889, "2023_27_6": 21.90529381258228, "2023_32_1": 0.41488809989228875, "2023_32_4": 4.069094825866678, "2023_32_6": 18.482466988470897, "2023_32_7": 35.68436589938964, "2023_32_9": 1.2127498304543824, "2023_38": 0.0039893086528104684, "2023_38_1": 0.1156899509315036}