{"2022_44_30_10": 0.028058361391694715, "2022_45_13": 0.03367003367003367, "2022_45_15": 0.14590347923681254, "2023_2_10": 0.011223344556677887, "2023_2_12": 0.202020202020202, "2023_2_301": 0.011223344556677887, "2023_6_8": 0.028058361391694715, "2023_6_11": 0.0505050505050505, "2023_7_10": 0.9876543209876542, "2023_7_15": 0.8305274971941637, "2023_7_20": 27.485970819304146, "2023_7_26": 0.42648709315375977, "2023_12_1": 0.016835016835016835, "2023_12_1_1": 0.05611672278338943, "2023_12_5": 0.3142536475869809, "2023_12_5_4": 0.12345679012345677, "2023_12_9": 0.16273849607182936, "2023_12_9_1": 0.061728395061728385, "2023_12_10": 0.17396184062850728, "2023_12_11": 0.4433221099887766, "2023_20_4_1": 0.3086419753086419, "2023_20_7": 0.6172839506172838, "2023_20_8": 0.5780022446689111, "2023_20_9": 15.819304152637484, "2023_26_1": 0.7744107744107742, "2023_26_3": 0.04489337822671155, "2023_26_6": 0.505050505050505, "2023_26_7": 33.45117845117844, "2023_26_8": 16.30751964085297}