{"2022_45_13": 0.03202732998825664, "2022_45_15": 0.13878509661577879, "2023_2_12": 0.11743354329027438, "2023_2_301": 0.010675776662752214, "2023_6_8": 0.010675776662752214, "2023_6_11": 0.026689441656880534, "2023_7_10": 0.8807515746770578, "2023_7_15": 0.7953453613750401, "2023_7_20": 27.24458204334365, "2023_7_26": 0.41635528984733633, "2023_12_1": 0.005337888331376107, "2023_12_1_1": 0.03736521831963275, "2023_12_5": 0.1334472082844027, "2023_12_5_4": 0.026689441656880534, "2023_12_9": 0.09074410163339383, "2023_12_9_1": 0.03202732998825664, "2023_12_10": 0.149460873278531, "2023_12_11": 0.22419130991779657, "2023_20_4_1": 0.17081242660403542, "2023_20_7": 0.4537205081669692, "2023_20_8": 0.41635528984733633, "2023_20_9": 11.786057435678444, "2023_26_1": 0.6191950464396285, "2023_26_3": 0.026689441656880534, "2023_26_6": 0.2668944165688054, "2023_26_7": 20.097149567631046, "2023_26_8": 35.60371517027864, "2023_26_10": 0.18682609159816377}