{"2023_26_12": 0.30397703284640715, "2023_32_6": 0.01688761293591151, "2023_38_9": 0.01688761293591151, "2023_44_1": 0.01688761293591151, "2023_44_30_5_1": 0.01688761293591151, "2023_44_30_8": 0.08443806467955756, "2023_44_30_9": 0.008443806467955756, "2023_44_30_13": 0.01688761293591151, "2023_44_30_14": 0.6839483239044162, "2023_44_30_20": 0.008443806467955756, "2023_44_30_25": 0.07599425821160179, "2023_44_30_30": 0.19420754876298238, "2024_2_6": 0.03377522587182302, "2024_2_7": 0.6586169045005489, "2024_2_8": 0.03377522587182302, "2024_2_12": 0.008443806467955756, "2024_2_13": 0.008443806467955756, "2024_3_6": 0.39685890399392043, "2024_3_10": 1.3341214219370094, "2024_3_15": 7.633201047032003, "2024_3_20": 0.827493033859664, "2024_3_25": 39.55923330237272, "2024_8_4": 0.16043232289115933, "2024_8_7": 0.3715274845900532, "2024_8_8": 0.01688761293591151, "2024_8_9": 25.956261082495992, "2024_8_12": 0.08443806467955756, "2024_14_3": 1.9336316811618681, "2024_14_5": 0.10132567761546908, "2024_14_6": 19.43764248923415}