{"2023_26_9": 0.07197351374694112, "2023_26_12": 0.7341298402187995, "2023_27_6": 0.07197351374694112, "2023_27_7": 10.364185979559522, "2023_27_12": 4.203253202821362, "2023_32_1": 0.004798234249796075, "2023_32_4": 0.09596468499592149, "2023_32_6": 0.11995585624490186, "2023_32_7": 0.18233290149225087, "2023_32_9": 1.3387073556931048, "2023_38_1": 0.004798234249796075, "2023_38_4": 0.0191929369991843, "2023_38_6": 8.257761143899046, "2023_38_8": 0.20632407274123124, "2023_38_9": 4.812628952545463, "2023_38_9_1": 0.4606304879804232, "2023_44_1": 24.31745117796651, "2023_44_25": 0.004798234249796075, "2023_44_30_1": 0.6909457319706347, "2023_44_30_2": 1.9816707451657791, "2023_44_30_3": 0.03358763974857253, "2023_44_30_4": 1.458663211938007, "2023_44_30_5_1": 32.98786046734802, "2023_44_30_6": 7.571613646178206, "2023_44_30_10": 0.004798234249796075}