{"2024_32_9_1": 0.014220705346985206, "2024_32_10": 16.147610921501705, "2024_32_20": 0.09243458475540386, "2024_32_20_1": 0.2275312855517633, "2024_33_5": 15.941410693970418, "2024_33_15": 0.447952218430034, "2024_33_25": 0.18486916951080773, "2024_33_30": 0.014220705346985206, "2024_33_35": 6.235779294653014, "2024_33_40": 0.8034698521046642, "2024_38": 0.007110352673492603, "2024_38_2": 1.5784982935153582, "2024_38_4": 0.1777588168373151, "2024_38_6": 1.7562571103526732, "2024_38_7": 4.856370875995448, "2024_39_5": 0.952787258248009, "2024_39_15": 0.20620022753128553, "2024_44_1": 0.21331058020477808, "2024_44_3": 0.7821387940841864, "2024_44_3_1": 19.9018771331058, "2024_44_4": 0.6257110352673491, "2024_44_25_2": 13.118600682593854, "2024_44_25_3": 0.42662116040955617, "2024_44_25_4": 0.6683731513083049, "2024_45_25_5": 3.576507394766779, "2024_45_25_6": 0.8390216154721272, "2024_45_25_10": 0.2773037542662115, "2024_45_25_15": 0.41240045506257106, "2024_45_32": 4.145335608646188, "2024_45_32_1": 5.3683162684869155}