{"2022_44_30_10": 0.0220799293442261, "2022_45_13": 0.03311989401633915, "2022_45_15": 0.14351954073746961, "2023_2_10": 0.01103996467211305, "2023_2_12": 0.1324795760653566, "2023_2_301": 0.01103996467211305, "2023_6_8": 0.016559947008169575, "2023_6_11": 0.03311989401633915, "2023_7_10": 0.9383969971296093, "2023_7_15": 0.8169573857363657, "2023_7_20": 27.362552439832193, "2023_7_26": 0.4195186575402958, "2023_12_1": 0.005519982336056525, "2023_12_1_1": 0.0441598586884522, "2023_12_5": 0.14351954073746961, "2023_12_5_4": 0.0441598586884522, "2023_12_9": 0.11039964672113049, "2023_12_9_1": 0.03863987635239567, "2023_12_10": 0.16559947008169576, "2023_12_11": 0.2704791344667697, "2023_20_4_1": 0.2263192757783175, "2023_20_7": 0.568558180613822, "2023_20_8": 0.5023183925811437, "2023_20_9": 13.590196511371163, "2023_26_1": 0.7286376683594613, "2023_26_3": 0.03863987635239567, "2023_26_6": 0.4305586222124089, "2023_26_7": 23.217045705453742, "2023_26_8": 29.93486420843453}