{"2024_2_7": 0.38639876352395675, "2024_2_8": 0.012879958784131892, "2024_3_6": 0.1287995878413189, "2024_3_10": 0.5151983513652756, "2024_3_15": 3.0461102524471926, "2024_3_20": 0.2125193199381762, "2024_3_25": 11.875321998969603, "2024_8_3": 0.006439979392065946, "2024_8_4": 0.057959814528593515, "2024_8_7": 0.2253992787223081, "2024_8_8": 0.012879958784131892, "2024_8_9": 6.3240597630087585, "2024_8_12": 0.04507985574446162, "2024_9_5": 0.006439979392065946, "2024_14_3": 0.32843894899536324, "2024_14_5": 0.03863987635239568, "2024_14_6": 2.6854714064914997, "2024_14_7": 1.2042761463163318, "2024_14_8": 3.458268933539413, "2024_14_9": 29.160226687274605, "2024_14_11": 0.09015971148892324, "2024_15_5": 0.032199896960329724, "2024_20_1": 23.963163317877385, "2024_20_3": 15.790829469345697, "2024_20_6": 0.3928387429160228}