{"2022_44_30_10": 0.02798298634430266, "2022_45_13": 0.0335795836131632, "2022_45_15": 0.14551152899037384, "2023_2_10": 0.011193194537721066, "2023_2_12": 0.20147750167897915, "2023_2_301": 0.011193194537721066, "2023_6_8": 0.02238638907544213, "2023_6_11": 0.04477277815088426, "2023_7_10": 0.9794045220505933, "2023_7_15": 0.8226997985224983, "2023_7_20": 27.468099395567496, "2023_7_26": 0.42534139243340047, "2023_12_1": 0.0167897918065816, "2023_12_1_1": 0.05596597268860532, "2023_12_5": 0.2686366689053056, "2023_12_5_4": 0.1231251399149317, "2023_12_9": 0.1511081262592344, "2023_12_9_1": 0.06156256995746585, "2023_12_10": 0.1734945153346765, "2023_12_11": 0.40855160062681883, "2023_20_4_1": 0.28542646071188715, "2023_20_7": 0.6100291023057981, "2023_20_8": 0.5652563241549138, "2023_20_9": 15.177971793149764, "2023_26_1": 0.7667338258338929, "2023_26_3": 0.04477277815088426, "2023_26_6": 0.49809715692858736, "2023_26_7": 32.46586075665995, "2023_26_8": 18.132975151108123}