{"2022_44_25_2": 0.03164723877841658, "2022_44_25_3": 0.23735429083812437, "2022_44_25_5": 0.08966717653884698, "2022_44_30": 0.22680521124531883, "2022_44_30_2": 0.021098159185611056, "2022_44_30_5": 0.19515797246690225, "2022_44_30_10": 1.672029115459676, "2022_45_10": 0.005274539796402764, "2022_45_11": 0.052745397964027635, "2022_45_12": 1.1234769766337886, "2022_45_13": 1.8513634685373699, "2022_45_14": 0.03164723877841658, "2022_45_15": 27.73353024948573, "2023_2_0_5": 0.021098159185611056, "2023_2_10": 0.46415950208344325, "2023_2_11": 0.026372698982013817, "2023_2_12": 16.134817237196053, "2023_2_13": 0.01582361938920829, "2023_2_201": 0.005274539796402764, "2023_2_301": 0.06329447755683316, "2023_6_1": 0.08966717653884698, "2023_6_8": 18.329025792499603, "2023_6_9": 1.3713803470647186, "2023_6_11": 17.110607099530565, "2023_6_11_2": 0.06856901735323592, "2023_6_15": 0.005274539796402764, "2023_12_1": 13.01756421752202, "2023_12_1_1": 0.005274539796402764}