{"2024_2_8": 0.014602803738317755, "2024_3_6": 0.014602803738317755, "2024_3_10": 0.07301401869158877, "2024_3_15": 0.10952102803738317, "2024_3_25": 0.9272780373831776, "2024_8_7": 0.05841121495327102, "2024_8_9": 0.21904205607476634, "2024_14_3": 0.007301401869158878, "2024_14_5": 0.007301401869158878, "2024_14_6": 0.17523364485981308, "2024_14_7": 0.036507009345794386, "2024_14_8": 0.27745327102803735, "2024_14_9": 16.07038551401869, "2024_14_11": 0.007301401869158878, "2024_15_15": 4.877336448598131, "2024_20_1": 2.4167640186915884, "2024_20_3": 1.5990070093457942, "2024_20_6": 0.23364485981308408, "2024_20_6_1": 0.014602803738317755, "2024_20_6_2": 2.4094626168224296, "2024_20_7": 17.45765186915888, "2024_20_8": 0.12412383177570092, "2024_20_9": 36.594626168224295, "2024_20_9_1": 0.021904205607476634, "2024_20_10": 0.5695093457943926, "2024_20_15": 2.1831191588785046, "2024_21_5": 3.066588785046729, "2024_26_1": 0.0657126168224299, "2024_26_3_1": 10.367990654205608}