{"2022_44_25_2": 0.025909420665353924, "2022_44_25_3": 0.22282101772204377, "2022_44_25_5": 0.07772826199606178, "2022_44_30": 0.21245724945590222, "2022_44_30_2": 0.02072753653228314, "2022_44_30_5": 0.1865478287905483, "2022_44_30_10": 1.5597471240543064, "2022_45_10": 0.005181884133070785, "2022_45_11": 0.05181884133070785, "2022_45_12": 1.067468131412582, "2022_45_13": 1.7048398797802886, "2022_45_14": 0.031091304798424712, "2022_45_15": 27.888900404186966, "2023_2_0_5": 0.02072753653228314, "2023_2_10": 0.47155145610944144, "2023_2_11": 0.025909420665353924, "2023_2_12": 16.001658202922584, "2023_2_13": 0.015545652399212356, "2023_2_201": 0.005181884133070785, "2023_2_301": 0.062182609596849424, "2023_6_1": 0.08809203026220336, "2023_6_8": 17.602860400041457, "2023_6_9": 1.285107265001555, "2023_6_11": 16.82039589594777, "2023_6_11_2": 0.072546377862991, "2023_6_15": 0.005181884133070785, "2023_12_1": 14.172453103948598, "2023_12_1_1": 0.2953673955850347}