{"2024_2_6": 0.04577856255313583, "2024_2_7": 0.4120070629782225, "2024_2_8": 0.013079589300895951, "2024_3_6": 0.1307958930089595, "2024_3_10": 0.5362631613367341, "2024_3_15": 3.1914197894186125, "2024_3_20": 0.22235301811523114, "2024_3_25": 12.602184291413248, "2024_8_3": 0.006539794650447976, "2024_8_4": 0.052318357203583805, "2024_8_7": 0.2288928127656792, "2024_8_8": 0.013079589300895951, "2024_8_9": 6.55941403439932, "2024_8_12": 0.04577856255313583, "2024_9_5": 0.006539794650447976, "2024_14_3": 0.3466091164737427, "2024_14_5": 0.03923876790268785, "2024_14_6": 2.969066771303381, "2024_14_7": 1.314498724740043, "2024_14_8": 3.7930808972598253, "2024_14_9": 29.26558106075469, "2024_14_11": 0.11771630370806356, "2024_15_5": 0.032698973252239874, "2024_20_1": 34.04617095023216, "2024_20_3": 4.008894120724609}