{"2024_26_10": 1.5984738850151294, "2024_26_11": 0.24996710959084328, "2024_26_20": 1.4208656755690037, "2024_27_5": 0.27627943691619516, "2024_27_10": 0.8222602289172475, "2024_27_25": 3.7495066438626488, "2024_32": 0.032890409156689907, "2024_32_3": 6.400473621891854, "2024_32_4_1": 0.322326009735561, "2024_32_4_2": 0.026312327325351922, "2024_32_5_3": 0.019734245494013942, "2024_32_5_4": 0.032890409156689907, "2024_32_6": 3.2232600973556105, "2024_32_7": 13.1627417445073, "2024_32_9": 0.05920273648204182, "2024_32_9_1": 0.15787396395211153, "2024_32_10": 31.732666754374417, "2024_32_20": 0.11182739113274566, "2024_32_20_1": 0.3552164188922509, "2024_33_5": 16.524141560321006, "2024_33_15": 1.0985396658334425, "2024_33_25": 1.2827259571109064, "2024_33_30": 0.11182739113274566, "2024_33_35": 0.032890409156689907, "2024_38": 0.006578081831337981, "2024_38_2": 4.880936718852782, "2024_38_4": 0.4867780555190106, "2024_38_6": 11.82081305091435}