{"2023_2_12": 0.0847697089573326, "2023_6_11": 0.018837713101629468, "2023_7_10": 0.2495996985965904, "2023_7_15": 0.18837713101629466, "2023_7_20": 5.38287651879062, "2023_7_26": 0.0847697089573326, "2023_7_30": 22.242629744748992, "2023_12_1": 0.004709428275407367, "2023_12_1_1": 0.03296599792785156, "2023_12_5": 0.07535085240651787, "2023_12_5_4": 0.009418856550814734, "2023_12_9": 0.07064142413111049, "2023_12_9_1": 0.023547141377036833, "2023_12_10": 0.07535085240651787, "2023_12_11": 0.09418856550814733, "2023_20_4_1": 0.1365734199868136, "2023_20_7": 0.20721484411792412, "2023_20_8": 0.2495996985965904, "2023_20_9": 6.0798719035509095, "2023_26_1": 0.36733540548177457, "2023_26_3": 0.018837713101629468, "2023_26_6": 0.1365734199868136, "2023_26_7": 8.180276914382596, "2023_26_8": 21.53150607516248, "2023_26_9": 25.576904963737405, "2023_26_10": 1.4175379108976174, "2023_26_11": 1.5211453329565794, "2023_32_1": 5.9385890552886895}