{"2024_2_6": 0.052158038857738946, "2024_2_7": 0.3911852914330421, "2024_2_8": 0.013039509714434737, "2024_3_6": 0.13039509714434735, "2024_3_10": 0.5215803885773894, "2024_3_15": 3.155561350893206, "2024_3_20": 0.22167166514539052, "2024_3_25": 12.41361324814187, "2024_8_3": 0.006519754857217368, "2024_8_4": 0.052158038857738946, "2024_8_7": 0.23471117485982526, "2024_8_8": 0.013039509714434737, "2024_8_9": 6.493675837788499, "2024_8_12": 0.04563828400052158, "2024_9_5": 0.006519754857217368, "2024_14_3": 0.3455470074325205, "2024_14_5": 0.039118529143304215, "2024_14_6": 2.894771156604511, "2024_14_7": 1.290911461729039, "2024_14_8": 3.7227800234711173, "2024_14_9": 29.33237710262094, "2024_14_11": 0.11735558742991263, "2024_15_5": 0.03259877428608684, "2024_20_1": 34.085278393532406, "2024_20_3": 4.387795018907289}