{"2024_3_25": 0.8406232914160745, "2024_8_7": 0.0683433570256971, "2024_8_9": 0.23236741388737014, "2024_14_3": 0.020503007107709133, "2024_14_6": 0.1708583925642428, "2024_14_7": 0.047840349917987975, "2024_14_8": 0.23236741388737014, "2024_14_9": 13.135593220338986, "2024_14_11": 0.006834335702569711, "2024_15_15": 4.804537998906507, "2024_20_1": 2.0229633679606343, "2024_20_3": 1.346364133406233, "2024_20_6": 0.1845270639693822, "2024_20_6_1": 0.013668671405139422, "2024_20_6_2": 2.0024603608529254, "2024_20_7": 11.536358665937673, "2024_20_8": 0.07517769272826681, "2024_20_9": 32.346910880262435, "2024_20_9_1": 0.020503007107709133, "2024_20_10": 0.35538545653362497, "2024_20_15": 0.5740841990158557, "2024_21_5": 2.0366320393657737, "2024_26_1": 0.04100601421541827, "2024_26_3_1": 9.062329141607437, "2024_26_4": 0.07517769272826681, "2024_26_6": 8.310552214324767, "2024_26_7": 7.135046473482778, "2024_26_10": 3.3009841443411703}