{"2023_12_9_1": 0.01487597158689427, "2023_12_10": 0.03718992896723568, "2023_12_11": 0.048346907657406374, "2023_20_4_1": 0.07437985793447136, "2023_20_7": 0.06322287924430064, "2023_20_8": 0.10413180110825988, "2023_20_9": 2.640484956673733, "2023_26_1": 0.15247870876566627, "2023_26_3": 0.011156978690170703, "2023_26_6": 0.05206590055412994, "2023_26_7": 1.8260255122912714, "2023_26_8": 3.3024656922905278, "2023_26_9": 4.198742980400908, "2023_26_10": 0.24917252408047905, "2023_26_11": 0.21570158800996694, "2023_26_12": 0.8404923946595262, "2023_27_6": 3.4846963442299823, "2023_27_7": 19.688348395254568, "2023_31_600": 0.01487597158689427, "2023_32_1": 0.33099036780839747, "2023_32_4": 2.4768492692178965, "2023_32_6": 11.58094388039719, "2023_32_7": 16.274312916062332, "2023_32_9": 27.025921380490164, "2023_38_1": 0.11528877979843061, "2023_38_4": 4.834690765740638, "2023_38_6": 0.3421473464985682}