{"2024_27_5": 0.21881838074398244, "2024_27_10": 0.6814629571741169, "2024_27_25": 3.075961237886839, "2024_32": 0.031259768677711776, "2024_32_3": 5.351672397624257, "2024_32_4_1": 0.23132228821506717, "2024_32_4_2": 0.025007814942169426, "2024_32_5_3": 0.01875586120662707, "2024_32_5_4": 0.025007814942169426, "2024_32_6": 2.6070647077211624, "2024_32_7": 8.183807439824943, "2024_32_9": 0.0437636761487965, "2024_32_9_1": 0.012503907471084713, "2024_32_10": 19.06220693966864, "2024_32_20": 0.087527352297593, "2024_32_20_1": 0.2563301031572366, "2024_33_5": 19.03094717099093, "2024_33_15": 0.4876523913723038, "2024_33_25": 0.23757424195060953, "2024_33_30": 0.012503907471084713, "2024_33_35": 8.758987183494842, "2024_38": 0.006251953735542356, "2024_38_2": 1.7693029071584865, "2024_38_4": 0.18130665833072832, "2024_38_6": 2.019381056580181, "2024_38_7": 8.190059393560487, "2024_39_5": 0.9628008752735229, "2024_44_1": 0.3000937793060331, "2024_44_3": 1.1691153485464207, "2024_44_3_1": 16.961550484526413}