{"2022_45_12": 0.02959601440339368, "2022_45_13": 0.04439402160509052, "2022_45_15": 0.9224091155724364, "2023_2_10": 0.019730676268929118, "2023_2_12": 0.1479800720169684, "2023_2_301": 0.009865338134464559, "2023_6_8": 0.03452868347062595, "2023_6_11": 0.09372071227741331, "2023_7_5": 0.02959601440339368, "2023_7_10": 5.041187786711389, "2023_7_15": 2.9053420805998127, "2023_7_20": 21.77773393183051, "2023_12_1": 0.009865338134464559, "2023_12_1_1": 0.04439402160509052, "2023_12_5": 3.0829181670201744, "2023_12_5_4": 0.3946135253785824, "2023_12_8": 0.004932669067232279, "2023_12_9": 5.642973412913728, "2023_12_9_1": 1.6475114684555818, "2023_12_10": 0.8780150939673458, "2023_12_11": 3.729097814827603, "2023_20_4_1": 34.148867952449066, "2023_20_6": 1.1246485473289598, "2023_20_7": 18.231144872490503, "2023_26": 0.004932669067232279}