{"2024_32_4_1": 0.2285191956124314, "2024_32_4_2": 0.02611647949856359, "2024_32_5_3": 0.019587359623922693, "2024_32_5_4": 0.02611647949856359, "2024_32_6": 2.520240271611386, "2024_32_7": 7.639070253329851, "2024_32_9": 0.03917471924784539, "2024_32_9_1": 0.013058239749281796, "2024_32_10": 15.41525202402716, "2024_32_20": 0.08487855837033167, "2024_32_20_1": 0.2219900757377905, "2024_33_5": 15.526247061896054, "2024_33_15": 0.41133455210237657, "2024_33_25": 0.18934447636458604, "2024_33_30": 0.013058239749281796, "2024_33_35": 6.294071559153826, "2024_33_40": 1.2209454165578477, "2024_38": 0.006529119874640898, "2024_38_2": 1.521284930791329, "2024_38_4": 0.16322799686602243, "2024_38_6": 1.6975711674066332, "2024_38_7": 5.2820579785844854, "2024_39_5": 1.0511882998171846, "2024_39_15": 1.260120135805693, "2024_44_1": 0.20893183598850873, "2024_44_3": 0.7769652650822668, "2024_44_3_1": 19.33925306868634, "2024_44_4": 0.47662575084878556, "2024_44_25_2": 17.276051188299814, "2024_44_25_3": 1.0511882998171846}