{"2023_38_6": 6.224315463822321, "2023_38_8": 0.1523756753012883, "2023_38_9": 3.181419402502655, "2023_38_9_1": 0.18469778824398578, "2023_44_1": 13.61684443828785, "2023_44_9_2": 0.00923488941219929, "2023_44_25": 0.004617444706099645, "2023_44_30_1": 0.16161056471348756, "2023_44_30_2": 0.4340398023733666, "2023_44_30_3": 0.00923488941219929, "2023_44_30_4": 0.27242923765987903, "2023_44_30_5_1": 4.968370503763218, "2023_44_30_6": 0.9788982776931247, "2023_44_30_7": 0.8496098259223345, "2023_44_30_8": 25.70069723415062, "2023_44_30_9": 7.840421110957196, "2023_44_30_10": 0.004617444706099645, "2023_44_30_12": 0.01846977882439858, "2023_44_30_13": 0.3555432423696726, "2023_44_30_14": 10.703236828738975, "2023_44_30_20": 0.013852334118298934, "2024_2_2": 0.10620122824029181, "2024_2_2_1": 11.677517661726, "2024_2_3": 6.011913007341737, "2024_2_6": 6.5198319250126975}