{"2023_38_9": 3.027629440445786, "2023_38_9_1": 0.08358486185279777, "2023_44_1": 12.588808915718596, "2023_44_9_2": 0.009287206872533087, "2023_44_25": 0.004643603436266543, "2023_44_30_1": 0.1393081030879963, "2023_44_30_2": 0.40399349895518927, "2023_44_30_3": 0.009287206872533087, "2023_44_30_4": 0.2600417924309264, "2023_44_30_5_1": 4.406779661016949, "2023_44_30_6": 0.8451358254005109, "2023_44_30_7": 0.7615509635477131, "2023_44_30_8": 20.14859530996053, "2023_44_30_9": 4.722544694683075, "2023_44_30_10": 0.004643603436266543, "2023_44_30_12": 0.013930810308799627, "2023_44_30_13": 0.38077548177385656, "2023_44_30_14": 12.737404225679128, "2023_44_30_16": 0.06965405154399815, "2023_44_30_20": 0.36684467146505684, "2024_2_2": 0.07894125841653123, "2024_2_2_1": 5.437659623868122, "2024_2_3": 1.4162990480612956, "2024_2_6": 2.5400510796377986, "2024_2_7": 27.545855583933132, "2024_2_8": 1.9967494775946135}