{"2022_36_6": 0.10761214318078839, "2022_36_20": 0.11327594019030357, "2022_40_4": 0.011327594019030357, "2022_40_4_1": 0.06796556411418216, "2022_40_4_2": 0.062301767104666964, "2022_44_2": 0.1302673312188491, "2022_44_25_1": 0.07929315813321251, "2022_44_25_2": 0.19256909832351607, "2022_44_25_3": 0.7985953783416402, "2022_44_25_5": 1.9030357951971, "2022_44_30": 0.5833710919800634, "2022_44_30_1": 0.07362936112369732, "2022_44_30_2": 0.10761214318078839, "2022_44_30_5": 2.5373810602628004, "2022_44_30_10": 26.812415043044858, "2022_45_10": 0.01699139102854554, "2022_45_11": 1.7614408699592206, "2022_45_12": 0.46443135478024467, "2023_2_0_5": 0.062301767104666964, "2023_2_10": 1.2177163570457636, "2023_2_11": 0.1982328953330313, "2023_2_12": 34.66810149524241, "2023_2_13": 0.01699139102854554, "2023_2_201": 0.10194834617127321, "2023_6_1": 0.883552333484368, "2023_6_8": 26.597190756683283, "2023_6_9": 0.43044857272315357}