{"2023_32_9": 1.1126160990712075, "2023_38_6": 6.806308049535604, "2023_38_8": 0.16447368421052633, "2023_38_9": 3.60874613003096, "2023_38_9_1": 0.19349845201238391, "2023_44_1": 15.953947368421053, "2023_44_9_1": 0.009674922600619194, "2023_44_9_2": 0.009674922600619194, "2023_44_25": 0.004837461300309597, "2023_44_30_1": 0.2225232198142415, "2023_44_30_2": 0.5466331269349844, "2023_44_30_3": 0.009674922600619194, "2023_44_30_4": 0.3821594427244582, "2023_44_30_5_1": 6.5208978328173375, "2023_44_30_6": 1.2770897832817338, "2023_44_30_7": 1.1561532507739938, "2023_44_30_8": 48.52457430340558, "2023_44_30_9": 13.225619195046443, "2023_44_30_10": 0.004837461300309597, "2023_44_30_12": 0.019349845201238388, "2023_44_30_13": 0.2467105263157895}