{"2023_44_1": 12.192622950819672, "2023_44_30_1": 0.1257451564828614, "2023_44_30_2": 0.37257824143070045, "2023_44_30_3": 0.009314456035767511, "2023_44_30_4": 0.24217585692995527, "2023_44_30_5_1": 4.11698956780924, "2023_44_30_6": 0.7824143070044708, "2023_44_30_7": 0.7311847988077497, "2023_44_30_8": 18.335506706408346, "2023_44_30_9": 4.075074515648286, "2023_44_30_10": 0.0046572280178837555, "2023_44_30_12": 0.013971684053651267, "2023_44_30_13": 0.3912071535022354, "2023_44_30_14": 12.034277198211624, "2023_44_30_16": 0.027943368107302535, "2023_44_30_20": 0.12108792846497764, "2023_44_30_25": 2.2960134128166914, "2024_2_2": 0.07917287630402384, "2024_2_2_1": 4.610655737704917, "2024_2_3": 1.1503353204172875, "2024_2_6": 1.8070044709388973, "2024_2_7": 32.181445603576755, "2024_2_7_1": 0.0046572280178837555, "2024_2_8": 2.426415797317436, "2024_8_3": 0.6054396423248882, "2024_8_4": 1.2621087928464978}