{"2023_26_12": 0.30130565785068625, "2023_32_6": 0.016739203213927016, "2023_38_9": 0.016739203213927016, "2023_44_1": 0.016739203213927016, "2023_44_30_5_1": 0.016739203213927016, "2023_44_30_8": 0.0920656176765986, "2023_44_30_9": 0.008369601606963508, "2023_44_30_13": 0.016739203213927016, "2023_44_30_14": 0.7197857381988617, "2023_44_30_20": 0.008369601606963508, "2023_44_30_25": 0.07532641446267156, "2023_44_30_30": 0.2008704385671242, "2024_2_6": 0.03347840642785403, "2024_2_7": 0.6444593237361901, "2024_2_8": 0.03347840642785403, "2024_2_12": 0.008369601606963508, "2024_2_13": 0.008369601606963508, "2024_3_6": 0.3933712755272849, "2024_3_10": 1.3056578506863072, "2024_3_15": 7.482423836625375, "2024_3_20": 0.8202209574824237, "2024_3_25": 39.588215600937396, "2024_8_3": 0.008369601606963508, "2024_8_4": 0.16739203213927015, "2024_8_7": 0.3933712755272849, "2024_8_8": 0.016739203213927016, "2024_8_9": 25.602611315701374, "2024_8_12": 0.08369601606963507, "2024_14_3": 1.925008369601607, "2024_14_5": 0.0920656176765986, "2024_14_6": 19.902912621359224}