{"2024_3_25": 0.8442265795206969, "2024_8_7": 0.06808278867102395, "2024_8_9": 0.21786492374727667, "2024_14_3": 0.020424836601307186, "2024_14_6": 0.1633986928104575, "2024_14_7": 0.047657952069716764, "2024_14_8": 0.23828976034858382, "2024_14_9": 13.031045751633986, "2024_14_11": 0.006808278867102396, "2024_15_15": 4.793028322440086, "2024_20_1": 1.981209150326797, "2024_20_3": 1.3139978213507624, "2024_20_6": 0.1838235294117647, "2024_20_6_1": 0.013616557734204792, "2024_20_6_2": 1.9675925925925923, "2024_20_7": 11.083877995642698, "2024_20_8": 0.07489106753812634, "2024_20_9": 30.698529411764703, "2024_20_9_1": 0.020424836601307186, "2024_20_10": 0.326797385620915, "2024_20_15": 0.5650871459694988, "2024_21_5": 2.0356753812636166, "2024_26_1": 0.04084967320261437, "2024_26_3_1": 7.448257080610022, "2024_26_4": 0.06808278867102395, "2024_26_6": 7.121459694989104, "2024_26_7": 12.288943355119825, "2024_26_10": 3.3360566448801734}