{"2024_27_5": 0.21986305672466863, "2024_27_10": 0.6847163766568252, "2024_27_25": 3.10321000062818, "2024_32": 0.031409008103524094, "2024_32_3": 5.440040203530373, "2024_32_4_1": 0.2324266599660783, "2024_32_4_2": 0.02512720648281927, "2024_32_5_3": 0.018845404862114456, "2024_32_5_4": 0.02512720648281927, "2024_32_6": 2.6383566806960235, "2024_32_7": 8.354796155537409, "2024_32_9": 0.04397261134493373, "2024_32_9_1": 0.018845404862114456, "2024_32_10": 19.630630064702558, "2024_32_20": 0.08794522268986746, "2024_32_20_1": 0.2638356680696024, "2024_33_5": 19.43589421446071, "2024_33_15": 0.5151077328977951, "2024_33_25": 0.25127206482819275, "2024_33_30": 0.012563603241409635, "2024_33_35": 8.863622086814498, "2024_38": 0.0062818016207048175, "2024_38_2": 1.821722470004397, "2024_38_4": 0.18845404862114454, "2024_38_6": 2.135812551039638, "2024_38_7": 9.46667504240216, "2024_39_5": 0.8606068220365602, "2024_44_1": 0.31409008103524094, "2024_44_3": 1.4259689678999938, "2024_44_3_1": 13.882781581757648}