{"2023_7_26": 0.026985350809560528, "2023_7_30": 6.133384734001543, "2023_12_1_1": 0.03084040092521203, "2023_12_5": 0.06168080185042406, "2023_12_9": 0.06168080185042406, "2023_12_9_1": 0.01927525057825752, "2023_12_10": 0.07710100231303008, "2023_12_11": 0.06553585196607557, "2023_20_4_1": 0.10023130300693908, "2023_20_7": 0.08095605242868159, "2023_20_8": 0.14263685427910566, "2023_20_9": 3.060909791827294, "2023_26_1": 0.18118735543562067, "2023_26_3": 0.011565150346954513, "2023_26_6": 0.05782575173477255, "2023_26_7": 2.3361603700848113, "2023_26_8": 4.653045489591366, "2023_26_9": 6.449498843484966, "2023_26_10": 0.6746337702390133, "2023_26_11": 0.44333076329992294, "2023_26_12": 0.6784888203546646, "2023_27_6": 19.683885890516578, "2023_32_1": 0.4780262143407865, "2023_32_4": 4.626060138781805, "2023_32_6": 18.12259059367772, "2023_32_7": 31.738627602158836, "2023_38_1": 0.0038550501156515036}