{"2023_27_6": 0.054340442874609436, "2023_27_7": 7.6620024453199305, "2023_27_12": 2.8709867318751985, "2023_32_4": 0.07698229407236337, "2023_32_6": 0.09962414527011729, "2023_32_7": 0.14943621790517594, "2023_32_9": 1.100393968210841, "2023_38_1": 0.004528370239550786, "2023_38_4": 0.013585110718652359, "2023_38_6": 6.720101435493367, "2023_38_8": 0.16302132862382832, "2023_38_9": 3.6362813023592815, "2023_38_9_1": 0.22189014173798854, "2023_44_1": 17.05837069238781, "2023_44_9_1": 0.009056740479101572, "2023_44_25": 0.004528370239550786, "2023_44_30_1": 0.26264547389394566, "2023_44_30_2": 0.6701987954535165, "2023_44_30_3": 0.009056740479101572, "2023_44_30_4": 0.46189376443418023, "2023_44_30_5_1": 8.898247520717295, "2023_44_30_6": 1.7796495041434588, "2023_44_30_7": 1.7660643934248064, "2023_44_30_8": 45.74559615994204, "2023_44_30_9": 0.5479327989856451, "2023_44_30_10": 0.004528370239550786, "2023_44_30_11": 0.009056740479101572}