{"2023_12_9": 0.04857452453013488, "2023_12_9_1": 0.011209505660800357, "2023_12_10": 0.04110152075626798, "2023_12_11": 0.04857452453013488, "2023_20_4_1": 0.0784665396256025, "2023_20_7": 0.06352053207786869, "2023_20_8": 0.10835855472107012, "2023_20_9": 2.6715988491574185, "2023_26_1": 0.15319657736427153, "2023_26_3": 0.011209505660800357, "2023_26_6": 0.05231102641706833, "2023_26_7": 1.8458319321451255, "2023_26_8": 3.385270709561708, "2023_26_9": 4.2521391473302685, "2023_26_10": 0.25408212831147475, "2023_26_11": 0.21671710944214023, "2023_26_12": 0.8332399207861598, "2023_27_6": 3.729028883159585, "2023_27_7": 19.38497178941075, "2023_31_600": 0.011209505660800357, "2023_32_1": 0.34002167171094416, "2023_32_4": 2.552030788775548, "2023_32_6": 11.915704517430779, "2023_32_7": 16.993610581773343, "2023_32_9": 25.99484362739603, "2023_38_1": 0.11583155849493705, "2023_38_4": 4.887344468108957}