{"2024_27_5": 0.23020846655582555, "2024_27_10": 0.7098094385471286, "2024_27_25": 3.2293132114081082, "2024_32": 0.03197339813275354, "2024_32_3": 5.6592914694973775, "2024_32_4_1": 0.2429978258089269, "2024_32_4_2": 0.025578718506202837, "2024_32_5_3": 0.019184038879652126, "2024_32_5_4": 0.025578718506202837, "2024_32_6": 2.762501598669906, "2024_32_7": 8.971735516050645, "2024_32_9": 0.044762757385854966, "2024_32_9_1": 0.03197339813275354, "2024_32_10": 21.83143624504412, "2024_32_20": 0.10231487402481135, "2024_32_20_1": 0.28136590356823116, "2024_33_5": 22.451720168819538, "2024_33_15": 1.253357206803939, "2024_33_25": 0.28776058319478187, "2024_33_30": 0.012789359253101418, "2024_33_35": 8.86302596239928, "2024_38": 0.006394679626550709, "2024_38_2": 2.065481519375879, "2024_38_4": 0.2046297480496227, "2024_38_6": 2.6090292876326893, "2024_38_7": 13.505563371275095, "2024_39_5": 0.006394679626550709, "2024_44_1": 0.8121243125719398, "2024_44_3": 2.864816472694718, "2024_44_3_1": 0.8568870699577948}