{"2024_27_10": 0.6195178801447588, "2024_27_25": 2.9197080291970807, "2024_32": 0.030669201987364288, "2024_32_3": 5.121756731889837, "2024_32_4_1": 0.22081825430902294, "2024_32_4_2": 0.024535361589891436, "2024_32_5_3": 0.018401521192418578, "2024_32_5_4": 0.024535361589891436, "2024_32_6": 2.4596699993866165, "2024_32_7": 7.569159050481508, "2024_32_9": 0.036803042384837156, "2024_32_9_1": 0.012267680794945718, "2024_32_10": 16.659510519536287, "2024_32_20": 0.08587376556462002, "2024_32_20_1": 0.22081825430902294, "2024_33_5": 18.438324234803414, "2024_33_15": 0.40483346623320865, "2024_33_25": 0.21468441391155005, "2024_33_30": 0.012267680794945718, "2024_33_35": 8.200944611421212, "2024_33_40": 0.41096730663068165, "2024_38": 0.006133840397472859, "2024_38_2": 1.5641293013555788, "2024_38_4": 0.1533460099368215, "2024_38_6": 1.7726798748696562, "2024_38_7": 5.949825185548673, "2024_39_5": 1.11635895234006, "2024_44_1": 0.23921977550144147, "2024_44_3": 1.048886707967859, "2024_44_3_1": 24.437220143531867, "2024_44_4": 0.006133840397472859}