{"2022_45_12": 0.029616466755516067, "2022_45_13": 0.04442470013327411, "2022_45_15": 0.92798262500617, "2023_2_10": 0.01974431117034405, "2023_2_12": 0.14808233377758034, "2023_2_301": 0.009872155585172024, "2023_6_8": 0.03455254454810208, "2023_6_11": 0.09378547805913422, "2023_7_5": 0.029616466755516067, "2023_7_10": 5.059479737400662, "2023_7_15": 2.922158053210919, "2023_7_20": 21.738486598548796, "2023_12_1": 0.009872155585172024, "2023_12_1_1": 0.04442470013327411, "2023_12_5": 3.094920775951429, "2023_12_5_4": 0.39488622340688084, "2023_12_8": 0.004936077792586012, "2023_12_9": 5.6666173058887415, "2023_12_9_1": 1.663458216101486, "2023_12_10": 0.8786218470803101, "2023_12_11": 3.7218026556098525, "2023_20_4_1": 34.320548891850535, "2023_20_6": 1.1204896589170246, "2023_20_7": 18.016683942938943, "2023_26": 0.004936077792586012}