{"2022_44_2": 0.10962726729120988, "2022_44_25_1": 0.05481363364560494, "2022_44_25_2": 0.12955949770779351, "2022_44_25_3": 0.5929838548933627, "2022_44_25_5": 0.5780346820809249, "2022_44_30": 0.42854295395654785, "2022_44_30_1": 0.03488140322902133, "2022_44_30_2": 0.05979669124975086, "2022_44_30_5": 1.2158660554116008, "2022_44_30_10": 9.099063185170422, "2022_45_10": 0.009966115208291808, "2022_45_11": 0.20928841937412795, "2022_45_12": 6.811839744867451, "2022_45_13": 12.55730516244768, "2022_45_14": 0.2541359378114411, "2022_45_15": 2.0081722144707994, "2023_2_0_5": 0.039864460833167234, "2023_2_10": 0.9667131752043056, "2023_2_11": 0.1245764401036476, "2023_2_12": 24.546541758022727, "2023_2_13": 0.019932230416583617, "2023_2_201": 0.004983057604145904, "2023_2_301": 0.2840342834363165, "2023_6_1": 0.4036276659358183, "2023_6_8": 26.340442495515248, "2023_6_9": 5.615905919872435, "2023_6_11": 7.489535579031295, "2023_6_11_1": 0.009966115208291808}