{"2024_27_25": 2.8751839136831787, "2024_32": 0.03065228052967141, "2024_32_3": 5.082148111819521, "2024_32_4_1": 0.22069641981363416, "2024_32_4_2": 0.024521824423737126, "2024_32_5_3": 0.018391368317802848, "2024_32_5_4": 0.024521824423737126, "2024_32_6": 2.4153997057381074, "2024_32_7": 7.381069151544876, "2024_32_9": 0.036782736635605696, "2024_32_9_1": 0.006130456105934282, "2024_32_10": 15.97596861206474, "2024_32_20": 0.07969592937714566, "2024_32_20_1": 0.2084355076017656, "2024_33_5": 18.489455615497793, "2024_33_15": 0.39847964688572834, "2024_33_25": 0.20230505149583128, "2024_33_30": 0.012260912211868563, "2024_33_35": 8.10446297204512, "2024_33_40": 0.4720451201569398, "2024_38": 0.006130456105934282, "2024_38_2": 1.4835703776360962, "2024_38_4": 0.15326140264835705, "2024_38_6": 1.7103972535556646, "2024_38_7": 5.6768023540951456, "2024_39_5": 1.189308484551251, "2024_44_1": 0.22682687591956846, "2024_44_3": 0.9379597842079453, "2024_44_3_1": 25.484306032368814, "2024_44_4": 0.1042177538008828, "2024_44_25_2": 0.9686120647376166}