{"2023_32_6": 0.038417210910487894, "2023_38_9_1": 0.038417210910487894, "2023_44_30_14": 0.038417210910487894, "2023_44_30_30": 0.038417210910487894, "2024_8_9": 0.038417210910487894, "2024_14_9": 0.038417210910487894, "2024_15_15": 0.038417210910487894, "2024_20_6_2": 0.038417210910487894, "2024_26_8": 0.11525163273146369, "2024_32_6": 0.07683442182097579, "2024_32_7": 0.30733768728390315, "2024_32_10": 0.5378409527468306, "2024_33_5": 0.46100653092585475, "2024_33_35": 0.3457548981943911, "2024_38_2": 0.038417210910487894, "2024_38_6": 0.15366884364195157, "2024_38_7": 0.46100653092585475, "2024_39_5": 0.038417210910487894, "2024_39_15": 0.11525163273146369, "2024_44_3_1": 0.46100653092585475, "2024_44_4": 1.6903572800614675, "2024_44_25_2": 17.01882443334614, "2024_44_25_3": 0.19208605455243946, "2024_44_25_4": 3.342297349212447, "2024_45_25_5": 13.983864771417592, "2024_45_25_6": 3.534383403764886, "2024_45_25_10": 0.42258932001536686, "2024_45_25_15": 9.64271993853246, "2024_45_32": 5.64733000384172, "2024_45_32_1": 8.874375720322703, "2024_45_32_2": 23.895505186323472, "2024_45_32_5": 0.2689204763734153, "2024_45_32_6": 0.9604302727621975, "2025_2": 7.10718401844026}