{"2023_44_1": 11.941056910569104, "2023_44_30_1": 0.12472283813747227, "2023_44_30_2": 0.364929785661493, "2023_44_30_3": 0.009238728750923873, "2023_44_30_4": 0.23558758314855877, "2023_44_30_5_1": 4.0003695491500375, "2023_44_30_6": 0.7621951219512196, "2023_44_30_7": 0.7113821138211383, "2023_44_30_8": 16.906873614190687, "2023_44_30_9": 3.8571692535107163, "2023_44_30_10": 0.004619364375461937, "2023_44_30_12": 0.01385809312638581, "2023_44_30_13": 0.37878787878787873, "2023_44_30_14": 10.11178861788618, "2023_44_30_16": 0.02771618625277162, "2023_44_30_20": 0.11548410938654842, "2023_44_30_25": 5.1413525498891355, "2024_2_2": 0.07852919438285293, "2024_2_2_1": 4.4253510716925355, "2024_2_3": 1.0947893569844789, "2024_2_6": 1.6629711751662972, "2024_2_7": 28.025683665927563, "2024_2_7_1": 0.004619364375461937, "2024_2_8": 2.046378418329638, "2024_8_3": 0.28178122690317814, "2024_8_4": 7.672764227642276}