{"2022_44_25_5": 0.03386960203217612, "2022_44_30": 0.1072537397685577, "2022_44_30_2": 0.01693480101608806, "2022_44_30_5": 0.01693480101608806, "2022_44_30_10": 0.1354784081287045, "2022_45_11": 0.02257973468811741, "2022_45_12": 0.0846740050804403, "2022_45_13": 0.22015241320914475, "2022_45_15": 21.315269545582836, "2023_2_10": 0.10160880609652836, "2023_2_11": 0.005644933672029353, "2023_2_12": 1.0725373976855772, "2023_2_13": 0.011289867344058705, "2023_2_301": 0.011289867344058705, "2023_6_8": 0.1354784081287045, "2023_6_9": 0.005644933672029353, "2023_6_11": 0.24837708156929153, "2023_6_11_2": 0.005644933672029353, "2023_7_5": 0.36692068868190797, "2023_7_10": 9.918148461755575, "2023_12_1": 0.1354784081287045, "2023_12_1_1": 0.3386960203217612, "2023_12_5": 29.596387242449897, "2023_12_5_3": 0.12418854078464577, "2023_12_5_4": 0.6435224386113462, "2023_12_8": 0.12983347445667512, "2023_12_9": 33.632514817950884, "2023_12_9_1": 0.005644933672029353, "2023_12_10": 1.5580016934801015}