{"2022_44_2": 0.08833055255667875, "2022_44_25_1": 0.044165276278339376, "2022_44_25_2": 0.11286681715575618, "2022_44_25_3": 0.5201688095004416, "2022_44_25_5": 0.47600353322210215, "2022_44_30": 0.3876729806654234, "2022_44_30_1": 0.02453626459907743, "2022_44_30_2": 0.03925802335852389, "2022_44_30_5": 0.9470998135243889, "2022_44_30_10": 6.909412111100205, "2022_45_10": 0.009814505839630972, "2022_45_11": 0.18647561095298848, "2022_45_12": 3.278044950436745, "2022_45_13": 5.7071351457454105, "2022_45_14": 0.06379428795760132, "2022_45_15": 15.065266463833543, "2023_2_0_5": 0.03925802335852389, "2023_2_10": 0.8636765138875256, "2023_2_11": 0.11286681715575618, "2023_2_12": 23.92776523702031, "2023_2_13": 0.019629011679261944, "2023_2_201": 0.004907252919815486, "2023_2_301": 0.22573363431151236, "2023_6_1": 0.37785847482579243, "2023_6_8": 25.262538031210124, "2023_6_9": 4.971047207773088, "2023_6_11": 10.261065855334182, "2023_6_11_2": 0.07360879379723229}