{"2024_26_20": 1.3863577193439212, "2024_27_5": 0.26685758916948715, "2024_27_10": 0.7485029940119761, "2024_27_25": 3.488674824264515, "2024_32": 0.0325436084353033, "2024_32_3": 6.053111168966416, "2024_32_4_1": 0.2798750325436085, "2024_32_4_2": 0.02603488674824265, "2024_32_5_3": 0.019526165061181985, "2024_32_5_4": 0.02603488674824265, "2024_32_6": 2.9614683676126012, "2024_32_7": 10.628742514970062, "2024_32_9": 0.04556105180942464, "2024_32_9_1": 0.0650872168706066, "2024_32_10": 24.07576152043739, "2024_32_20": 0.11064826868003128, "2024_32_20_1": 0.31892736266597244, "2024_33_5": 19.708409268419686, "2024_33_15": 1.1715699036709193, "2024_33_25": 0.39052330122363976, "2024_33_30": 0.02603488674824265, "2024_33_35": 7.76490497266337, "2024_38": 0.006508721687060662, "2024_38_2": 2.733663108565478, "2024_38_4": 0.26685758916948715, "2024_38_6": 5.311116896641501, "2024_38_7": 11.780786253579798, "2024_44_1": 0.30590991929185113}