{"2023_27_7": 0.015845349389954046, "2023_32_7": 0.015845349389954046, "2023_32_9": 0.03169069877990809, "2023_38_9": 0.03961337347488511, "2023_44_1": 0.04753604816986214, "2023_44_30_5_1": 0.015845349389954046, "2023_44_30_6": 0.015845349389954046, "2023_44_30_8": 1.1646331801616223, "2023_44_30_9": 0.04753604816986214, "2023_44_30_13": 0.03169069877990809, "2023_44_30_14": 4.571383299001742, "2023_44_30_16": 0.02376802408493107, "2023_44_30_20": 0.02376802408493107, "2023_44_30_25": 6.353985105371572, "2023_44_30_30": 0.5704325780383456, "2024_2_2_1": 0.007922674694977023, "2024_2_3": 0.02376802408493107, "2024_2_6": 0.04753604816986214, "2024_2_7": 25.68531136111551, "2024_2_7_1": 0.007922674694977023, "2024_2_8": 1.8776739027095546, "2024_2_12": 0.05545872286483916, "2024_2_13": 0.19014419267944857, "2024_3_6": 4.68230074473142, "2024_3_10": 25.986372999524637, "2024_8_3": 0.18222151798447153, "2024_8_4": 5.434954840754238, "2024_8_7": 22.84899382031373}