{"2023_44_1": 0.013010668748373666, "2023_44_30_5_1": 0.013010668748373666, "2023_44_30_8": 0.6245120999219359, "2023_44_30_9": 0.039032006245120994, "2023_44_30_13": 0.026021337496747333, "2023_44_30_14": 2.7257351027842827, "2023_44_30_16": 0.013010668748373666, "2023_44_30_20": 0.013010668748373666, "2023_44_30_25": 2.0166536559979185, "2023_44_30_30": 0.3968253968253968, "2024_2_2_1": 0.006505334374186833, "2024_2_3": 0.013010668748373666, "2024_2_6": 0.052042674993494666, "2024_2_7": 10.857403070517824, "2024_2_8": 0.7871454592766068, "2024_2_12": 0.026021337496747333, "2024_2_13": 0.052042674993494666, "2024_3_6": 1.3596148842050482, "2024_3_10": 9.940150923757482, "2024_3_15": 11.631537861046057, "2024_3_20": 1.9320843091334896, "2024_3_25": 19.470465781941193, "2024_8_3": 0.07806401249024199, "2024_8_4": 1.9646109810044234, "2024_8_7": 6.128024980483997, "2024_8_8": 0.08456934686442884, "2024_8_9": 29.176424668227945, "2024_8_12": 0.16263335935467083, "2024_14_3": 0.3968253968253968}