{"2023_26_12": 0.7159575932810134, "2023_27_6": 0.05966313277341778, "2023_27_7": 8.398733305796503, "2023_27_12": 3.1529670934875402, "2023_32_4": 0.08261049153242463, "2023_32_6": 0.11014732204323284, "2023_32_7": 0.16522098306484925, "2023_32_9": 1.1657258249575477, "2023_38_1": 0.004589471751801368, "2023_38_4": 0.013768415255404105, "2023_38_6": 7.104502271788518, "2023_38_8": 0.16981045481665064, "2023_38_9": 3.8918720455275606, "2023_38_9_1": 0.26618936160447937, "2023_44_1": 18.578181651291942, "2023_44_25": 0.004589471751801368, "2023_44_30_1": 0.30749460737069173, "2023_44_30_2": 0.885768048097664, "2023_44_30_3": 0.013768415255404105, "2023_44_30_4": 0.6654734040111984, "2023_44_30_5_1": 27.137546468401492, "2023_44_30_6": 4.72715590435541, "2023_44_30_7": 9.78475377484052, "2023_44_30_8": 12.57974207168755, "2023_44_30_10": 0.013768415255404105}