{"2023_12_9": 0.04869825810076793, "2023_12_9_1": 0.011238059561715677, "2023_12_10": 0.04495223824686271, "2023_12_11": 0.04869825810076793, "2023_20_4_1": 0.07866641693200974, "2023_20_7": 0.06368233751638884, "2023_20_8": 0.10863457576325154, "2023_20_9": 2.693388274957857, "2023_26_1": 0.15358681401011426, "2023_26_3": 0.011238059561715677, "2023_26_6": 0.05244427795467315, "2023_26_7": 1.861771867390897, "2023_26_8": 3.423862146469377, "2023_26_9": 4.277954673159768, "2023_26_10": 0.25472935006555536, "2023_26_11": 0.21726915152650308, "2023_26_12": 0.8278703877130549, "2023_27_6": 3.80595617156771, "2023_27_7": 19.29949428731972, "2023_31_600": 0.007492039707810452, "2023_32_1": 0.34463382655928076, "2023_32_4": 2.588499719048511, "2023_32_6": 12.069675969282638, "2023_32_7": 17.235437347817946, "2023_32_9": 25.532871324218014, "2023_38_1": 0.11987263532496724, "2023_38_4": 4.817381532122121}