{"2022_44_2": 0.11146577494046711, "2022_44_25_1": 0.055732887470233555, "2022_44_25_2": 0.1367989056087551, "2022_44_25_3": 0.6333282667071997, "2022_44_25_5": 0.628261640573542, "2022_44_30": 0.45092972589552616, "2022_44_30_1": 0.04053300906926078, "2022_44_30_2": 0.06586613973754876, "2022_44_30_5": 1.3122561686173178, "2022_44_30_10": 9.7025890459543, "2022_45_10": 0.010133252267315195, "2022_45_11": 0.22799817601459188, "2022_45_12": 7.777271115164411, "2022_45_13": 12.843897248822008, "2022_45_14": 0.3293306986877438, "2023_2_0_5": 0.045599635202918376, "2023_2_10": 0.9829254699295739, "2023_2_11": 0.13173227947509752, "2023_2_12": 25.60672847950549, "2023_2_13": 0.02026650453463039, "2023_2_201": 0.010133252267315195, "2023_2_301": 0.24319805441556466, "2023_6_1": 0.4205299690935806, "2023_6_8": 26.893651517454526, "2023_6_9": 5.411156710746313, "2023_6_11": 5.897552819577443, "2023_6_11_1": 0.010133252267315195}