{"2022_44_25_3": 0.05456728145803775, "2022_44_25_5": 0.021826912583215105, "2022_44_30": 0.027283640729018874, "2022_44_30_2": 0.010913456291607553, "2022_44_30_5": 0.010913456291607553, "2022_44_30_10": 0.09276437847866419, "2022_45_11": 0.005456728145803776, "2022_45_12": 0.05456728145803775, "2022_45_13": 0.10367783477027175, "2022_45_15": 1.4514896867838043, "2023_2_10": 0.07093746589544908, "2023_2_12": 0.2564662228527775, "2023_2_301": 0.010913456291607553, "2023_6_8": 0.06002400960384154, "2023_6_11": 0.22918258212375858, "2023_7_5": 0.03819709702062644, "2023_7_10": 14.405762304921968, "2023_7_15": 15.660809778456839, "2023_12_1": 0.04365382516643021, "2023_12_1_1": 0.10367783477027175, "2023_12_5": 8.605260285932555, "2023_12_5_4": 0.512932445705555, "2023_12_8": 0.005456728145803776, "2023_12_9": 13.958310596966058, "2023_12_9_1": 9.800283749863583, "2023_12_10": 1.5824511622830952, "2023_12_11": 2.957546655025647, "2023_20_4_1": 29.864673141984067}