{"2024_32_5_3": 0.019565642731363724, "2024_32_5_4": 0.0260875236418183, "2024_32_6": 2.5044022696145567, "2024_32_7": 7.643644427052762, "2024_32_9": 0.03913128546272745, "2024_32_9_1": 0.01304376182090915, "2024_32_10": 15.352507663210071, "2024_32_20": 0.08478445183590949, "2024_32_20_1": 0.2087001891345464, "2024_33_5": 15.359029544120526, "2024_33_15": 0.4174003782690928, "2024_33_25": 0.1891345464031827, "2024_33_30": 0.01304376182090915, "2024_33_35": 6.117524294006391, "2024_33_40": 1.1152416356877324, "2024_38": 0.006521880910454575, "2024_38_2": 1.5195982521359161, "2024_38_4": 0.16304702276136437, "2024_38_6": 1.6696015130763713, "2024_38_7": 5.295767299289115, "2024_39_5": 0.9717602556577318, "2024_39_15": 1.5261201330463707, "2024_44_1": 0.2087001891345464, "2024_44_3": 0.7761038283440945, "2024_44_3_1": 19.089545424900543, "2024_44_4": 0.5087067110154568, "2024_44_25_2": 16.813408987151895, "2024_44_25_3": 2.197873866823192, "2024_45_25_5": 0.1500032609404552}