{"2024_3_20": 0.14972749595735763, "2024_3_25": 7.947535485416542, "2024_8_4": 0.04192369886806013, "2024_8_7": 0.22758579385518357, "2024_8_8": 0.01197819967658861, "2024_8_9": 4.683476073546146, "2024_8_12": 0.04192369886806013, "2024_9_5": 0.005989099838294305, "2024_14_3": 0.2215966940168893, "2024_14_5": 0.029945499191471523, "2024_14_6": 1.8626100497095288, "2024_14_7": 0.7546265796250825, "2024_14_8": 2.192010540815715, "2024_14_9": 26.63352698089477, "2024_14_11": 0.08384739773612027, "2024_15_10": 0.005989099838294305, "2024_15_15": 4.431933880337785, "2024_20_1": 6.959334012097982, "2024_20_3": 3.1862011139725697, "2024_20_6": 0.4372042881954843, "2024_20_6_1": 0.029945499191471523, "2024_20_6_2": 3.2401030125172188, "2024_20_7": 19.883811463137093, "2024_20_8": 0.137749296280769, "2024_20_9": 16.69761034916452, "2024_20_9_1": 0.017967299514882917, "2024_26_1": 0.08384739773612027}