{"2024_32_6": 2.5029331247555726, "2024_32_7": 7.632642419502019, "2024_32_9": 0.03910833007430582, "2024_32_9_1": 0.013036110024768606, "2024_32_10": 15.297875114065961, "2024_32_20": 0.08473471516099594, "2024_32_20_1": 0.2085777603962977, "2024_33_5": 15.258766783991653, "2024_33_15": 0.4171555207925954, "2024_33_25": 0.1890235953591448, "2024_33_30": 0.013036110024768606, "2024_33_35": 6.042236996480249, "2024_33_40": 0.9972624168947983, "2024_38": 0.006518055012384303, "2024_38_2": 1.4861165428236212, "2024_38_4": 0.16295137530960757, "2024_38_6": 1.675140138182766, "2024_38_7": 5.214444009907442, "2024_39_5": 0.9581540868204926, "2024_39_15": 1.1015512970929473, "2024_44_1": 0.2085777603962977, "2024_44_3": 0.7756485464737322, "2024_44_3_1": 18.941467865988784, "2024_44_4": 0.5279624560031285, "2024_44_25_2": 16.881762482075345, "2024_44_25_3": 2.385608134532655, "2024_44_25_4": 0.06518055012384304, "2024_45_25_5": 0.8538652066223438, "2024_45_32": 0.05866249511145874}