{"2024_14_8": 0.12004001333777929, "2024_14_9": 2.3741247082360792, "2024_15_15": 3.6212070690230087, "2024_20_1": 0.6668889629876628, "2024_20_3": 0.1933977992664222, "2024_20_6": 0.0066688896298766264, "2024_20_6_2": 0.12004001333777929, "2024_20_7": 2.4474824941647224, "2024_20_8": 0.0066688896298766264, "2024_20_9": 7.675891963987998, "2024_20_9_1": 0.0066688896298766264, "2024_20_10": 0.1000333444481494, "2024_20_15": 0.36012004001333786, "2024_21_5": 0.5401800600200067, "2024_26_1": 0.0066688896298766264, "2024_26_3_1": 1.9939979993331116, "2024_26_4": 0.020006668889629882, "2024_26_6": 1.053684561520507, "2024_26_7": 24.65488496165389, "2024_26_8": 16.712237412470827, "2024_26_10": 5.741913971323776, "2024_26_11": 1.1337112370790265, "2024_26_20": 4.694898299433145, "2024_27_5": 1.933977992664222, "2024_27_10": 1.4871623874624877, "2024_32": 0.0733577859286429, "2024_32_3": 22.247415805268428, "2024_32_5_2": 0.0066688896298766264}