{"2022_36_6": 0.15784008307372793, "2022_36_20": 0.2367601246105919, "2022_40_4": 0.024922118380062305, "2022_40_4_1": 0.1163032191069574, "2022_40_4_2": 0.12876427829698855, "2022_40_4_10": 0.024922118380062305, "2022_44_2": 0.17860851505711317, "2022_44_2_8": 0.004153686396677051, "2022_44_25_1": 0.6230529595015575, "2022_44_25_2": 1.4745586708203529, "2022_44_25_3": 5.474558670820353, "2022_44_25_5": 2.9366562824506746, "2022_44_30": 3.896157840083074, "2022_44_30_1": 0.4402907580477674, "2022_44_30_2": 0.0913811007268951, "2022_44_30_5": 4.614745586708203, "2022_44_30_8": 0.016614745586708203, "2022_44_30_10": 23.368639667705086, "2022_45_10": 0.016614745586708203, "2022_45_11": 1.3707165109034267, "2023_2_0_5": 0.5649013499480788, "2023_2_10": 5.179646936656282, "2023_2_11": 0.7227414330218068, "2023_2_12": 40.44859813084112, "2023_2_13": 0.012461059190031152, "2023_2_201": 0.05399792315680165, "2023_6_1": 1.208722741433022, "2023_6_8": 6.6126687435098646}