{"2023_26_8": 0.08902517434096638, "2023_26_9": 0.0840793313220238, "2023_26_12": 0.7468222958603291, "2023_27_6": 0.09397101735990897, "2023_27_7": 14.649587022107912, "2023_27_12": 6.37024580839804, "2023_32_1": 0.004945843018942577, "2023_32_4": 0.10386270339779412, "2023_32_6": 0.18794203471981794, "2023_32_7": 0.1928878777387605, "2023_32_9": 1.5777239230426823, "2023_38_1": 0.004945843018942577, "2023_38_4": 0.01483752905682773, "2023_38_6": 9.560314555616001, "2023_38_8": 0.24234630792818626, "2023_38_9": 6.113061971413025, "2023_38_9_1": 0.42039665661011905, "2023_44_1": 34.695088777882184, "2023_44_25": 0.004945843018942577, "2023_44_30": 0.004945843018942577, "2023_44_30_1": 3.1702853751421913, "2023_44_30_2": 14.713882981354164, "2023_44_30_3": 0.128591918492507, "2023_44_30_4": 6.785696621989215, "2023_44_30_5_1": 0.039566744151540614}