{"2023_2_12": 0.24444444444444444, "2023_6_8": 0.05333333333333334, "2023_6_11": 0.07111111111111112, "2023_7_5": 0.022222222222222223, "2023_7_10": 3.2133333333333334, "2023_7_15": 1.7333333333333336, "2023_7_20": 23.622222222222224, "2023_7_25": 0.004444444444444445, "2023_7_26": 0.26222222222222225, "2023_12_1": 0.00888888888888889, "2023_12_1_1": 0.07111111111111112, "2023_12_5": 2.1644444444444444, "2023_12_5_4": 0.27999999999999997, "2023_12_8": 0.004444444444444445, "2023_12_9": 3.8933333333333335, "2023_12_9_1": 0.9555555555555555, "2023_12_10": 0.5599999999999999, "2023_12_11": 2.12, "2023_20_4_1": 7.826666666666666, "2023_20_6": 0.16, "2023_20_7": 6.831111111111111, "2023_20_8": 4.791111111111112, "2023_20_9": 35.24444444444445, "2023_26_1": 5.7155555555555555, "2023_26_3": 0.14666666666666667}