{"2024_32_7": 7.785628582855619, "2024_32_9": 0.03999466737768297, "2024_32_9_1": 0.013331555792560993, "2024_32_10": 15.504599386748433, "2024_32_20": 0.08665511265164644, "2024_32_20_1": 0.21330489268097588, "2024_33_5": 15.451273163578191, "2024_33_15": 0.42660978536195177, "2024_33_25": 0.1866417810958539, "2024_33_30": 0.013331555792560993, "2024_33_35": 6.039194774030129, "2024_33_40": 0.8132249033462204, "2024_38": 0.006665777896280496, "2024_38_2": 1.5064658045593922, "2024_38_4": 0.1666444474070124, "2024_38_6": 1.6864418077589656, "2024_38_7": 4.946007199040127, "2024_39_5": 0.9398746833755498, "2024_39_15": 0.3666177842954273, "2024_44_1": 0.21330489268097588, "2024_44_3": 0.779896013864818, "2024_44_3_1": 19.190774563391546, "2024_44_4": 0.5399280095987201, "2024_44_25_2": 16.237834955339288, "2024_44_25_3": 2.1197173710171975, "2024_44_25_4": 0.41327822956939075, "2024_45_25_5": 2.4663378216237835, "2024_45_25_6": 0.4799360085321957, "2024_45_32": 1.3664844687375017}