{"2022_45_12": 0.029673590504451043, "2022_45_13": 0.04451038575667657, "2022_45_15": 0.9446092977250248, "2023_2_10": 0.019782393669634028, "2023_2_12": 0.14342235410484672, "2023_2_301": 0.009891196834817014, "2023_6_8": 0.03461918892185955, "2023_6_11": 0.09396636993076163, "2023_7_5": 0.029673590504451043, "2023_7_10": 5.089020771513353, "2023_7_15": 2.9426310583580624, "2023_7_20": 21.686449060336304, "2023_12_1": 0.009891196834817014, "2023_12_1_1": 0.04451038575667657, "2023_12_5": 3.1107814045499507, "2023_12_5_4": 0.3956478733926806, "2023_12_8": 0.004945598417408507, "2023_12_9": 5.707220573689417, "2023_12_9_1": 1.6913946587537094, "2023_12_10": 0.8803165182987143, "2023_12_11": 3.773491592482691, "2023_20_4_1": 34.51533135509397, "2023_20_6": 1.1275964391691398, "2023_20_7": 17.66567754698319, "2023_26": 0.004945598417408507}