{"2023_44_1": 0.012949174490126255, "2023_44_30_5_1": 0.01942376173518938, "2023_44_30_8": 0.5827128520556814, "2023_44_30_9": 0.03884752347037876, "2023_44_30_13": 0.01942376173518938, "2023_44_30_14": 2.4927160893493037, "2023_44_30_16": 0.006474587245063127, "2023_44_30_20": 0.01942376173518938, "2023_44_30_25": 1.7222402071867915, "2023_44_30_30": 0.37552606021366136, "2024_2_2_1": 0.006474587245063127, "2024_2_3": 0.012949174490126255, "2024_2_6": 0.045322110715441885, "2024_2_7": 9.200388475234703, "2024_2_8": 0.7251537714470702, "2024_2_12": 0.02589834898025251, "2024_2_13": 0.045322110715441885, "2024_3_6": 1.2172224020718678, "2024_3_10": 8.34574295888637, "2024_3_15": 7.834250566526384, "2024_3_20": 0.8546455163483329, "2024_3_25": 27.296859825186143, "2024_8_3": 0.07122045969569439, "2024_8_4": 1.670443509226287, "2024_8_7": 5.063127225639366, "2024_8_8": 0.07769504694075752, "2024_8_9": 30.644221430883782, "2024_8_12": 0.09064422143088377, "2024_14_3": 1.4567821301392037, "2024_14_5": 0.02589834898025251}