{"2023_6_8": 0.051170525777152365, "2023_6_11": 0.06396315722144043, "2023_7_5": 0.01705684192571745, "2023_7_10": 2.7461515500405094, "2023_7_15": 1.390132616945972, "2023_7_20": 24.033090273335887, "2023_7_25": 0.004264210481429363, "2023_7_26": 0.31128736514434346, "2023_12_1": 0.012792631444288091, "2023_12_1_1": 0.07249157818429917, "2023_12_5": 1.8719884013474901, "2023_12_5_4": 0.23453157647861494, "2023_12_8": 0.004264210481429363, "2023_12_9": 3.3260841755149024, "2023_12_9_1": 0.7803505181015733, "2023_12_10": 0.5244978892158116, "2023_12_11": 1.4754168265745595, "2023_20_4_1": 6.251332565775446, "2023_20_6": 0.10660526203573406, "2023_20_7": 4.989126263272354, "2023_20_8": 3.0446462837405655, "2023_20_9": 34.34821542791352, "2023_26_1": 1.5905505095731525, "2023_26_3": 0.07675578866572853, "2023_26_6": 1.3432263016502493, "2023_26_7": 11.330007249157816}