{"2023_38_9": 0.019655375745266334, "2023_44_1": 0.013103583830177554, "2023_44_30_5_1": 0.013103583830177554, "2023_44_30_8": 0.6355238157636114, "2023_44_30_9": 0.03931075149053267, "2023_44_30_13": 0.019655375745266334, "2023_44_30_14": 2.791063355827819, "2023_44_30_16": 0.013103583830177554, "2023_44_30_20": 0.019655375745266334, "2023_44_30_25": 2.1489877481491186, "2023_44_30_30": 0.4455218502260368, "2024_2_2_1": 0.006551791915088777, "2024_2_3": 0.013103583830177554, "2024_2_6": 0.045862543405621445, "2024_2_7": 11.30839284544323, "2024_2_8": 0.8124221974710084, "2024_2_12": 0.026207167660355107, "2024_2_13": 0.052414335320710215, "2024_3_6": 1.4610495970647974, "2024_3_10": 11.518050186726072, "2024_3_15": 28.375810784249495, "2024_3_20": 1.7231212736683488, "2024_3_25": 0.7993186136408309, "2024_8_3": 0.0851732948961541, "2024_8_4": 2.076918037083143, "2024_8_7": 6.591102666579308, "2024_8_8": 0.0851732948961541, "2024_8_9": 28.565812749787074, "2024_8_12": 0.29483063617899496}