{"2023_2_12": 0.0846740050804403, "2023_6_11": 0.014112334180073382, "2023_7_10": 0.2493179038479631, "2023_7_15": 0.18346034434095398, "2023_7_20": 5.315645874494308, "2023_7_26": 0.0846740050804403, "2023_7_30": 22.31160033869602, "2023_12_1": 0.004704111393357794, "2023_12_1_1": 0.032928779753504556, "2023_12_5": 0.0752657822937247, "2023_12_5_4": 0.009408222786715588, "2023_12_9": 0.07056167090036691, "2023_12_9_1": 0.023520556966788966, "2023_12_10": 0.0752657822937247, "2023_12_11": 0.08937811647379809, "2023_20_4_1": 0.136419230407376, "2023_20_7": 0.20698090130774294, "2023_20_8": 0.2493179038479631, "2023_20_9": 6.03537491767805, "2023_26_1": 0.36692068868190797, "2023_26_3": 0.018816445573431175, "2023_26_6": 0.136419230407376, "2023_26_7": 8.133408599115626, "2023_26_8": 21.351961614451024, "2023_26_9": 25.74089754445385, "2023_26_10": 1.4206416407940539, "2023_26_11": 1.524132091447925, "2023_32_1": 6.054191363251482}