{"2023_32_7": 0.016359918200408996, "2023_32_9": 0.03271983640081799, "2023_38_9": 0.049079754601226995, "2023_44_1": 0.049079754601226995, "2023_44_30_5_1": 0.024539877300613498, "2023_44_30_6": 0.024539877300613498, "2023_44_30_7": 0.008179959100204498, "2023_44_30_8": 1.4314928425357876, "2023_44_30_9": 0.040899795501022504, "2023_44_30_13": 0.03271983640081799, "2023_44_30_14": 5.619631901840491, "2023_44_30_16": 0.024539877300613498, "2023_44_30_20": 0.049079754601226995, "2023_44_30_25": 15.8200408997955, "2023_44_30_30": 1.0061349693251533, "2024_2_2_1": 0.024539877300613498, "2024_2_3": 0.016359918200408996, "2024_2_6": 0.049079754601226995, "2024_2_7": 32.703476482617596, "2024_2_7_1": 0.008179959100204498, "2024_2_8": 2.7811860940695294, "2024_2_12": 0.05725971370143149, "2024_2_13": 0.21267893660531695, "2024_3_6": 8.032719836400817, "2024_3_10": 8.319018404907975, "2024_8_3": 0.19631901840490798, "2024_8_4": 7.075664621676891, "2024_8_7": 16.29447852760736}