{"2023_44_30_13": 0.014114326040931541, "2023_44_30_14": 0.5010585744530697, "2023_44_30_25": 0.08468595624558925, "2023_44_30_30": 0.1693719124911785, "2024_2_6": 0.03528581510232885, "2024_2_7": 0.4587155963302751, "2024_2_8": 0.0070571630204657705, "2024_2_12": 0.0070571630204657705, "2024_3_6": 0.19054340155257582, "2024_3_10": 0.7198306280875086, "2024_3_15": 4.191954834156668, "2024_3_20": 0.37402964008468587, "2024_3_25": 34.87649964714184, "2024_8_3": 0.0070571630204657705, "2024_8_4": 0.0705716302046577, "2024_8_7": 0.27522935779816504, "2024_8_8": 0.014114326040931541, "2024_8_9": 9.343683839096679, "2024_8_12": 0.056457304163726164, "2024_9_5": 0.0070571630204657705, "2024_14_3": 0.5363443895553985, "2024_14_5": 0.0494001411432604, "2024_14_6": 7.000705716302045, "2024_14_7": 3.6344389555398724, "2024_14_8": 11.48200423429781, "2024_14_9": 22.773465067043045, "2024_14_11": 0.47988708539167246, "2024_15_5": 0.021171489061397313, "2024_20_1": 2.6182074805928006}