{"2023_44_30_13": 0.013651877133105799, "2023_44_30_14": 0.4641638225255971, "2023_44_30_25": 0.07508532423208189, "2023_44_30_30": 0.1638225255972696, "2024_2_6": 0.0409556313993174, "2024_2_7": 0.43686006825938556, "2024_2_8": 0.006825938566552899, "2024_2_12": 0.006825938566552899, "2024_3_6": 0.1569965870307167, "2024_3_10": 0.6416382252559726, "2024_3_15": 3.706484641638225, "2024_3_20": 0.3071672354948805, "2024_3_25": 25.48805460750853, "2024_8_3": 0.006825938566552899, "2024_8_4": 0.07508532423208189, "2024_8_7": 0.2593856655290102, "2024_8_8": 0.013651877133105799, "2024_8_9": 7.836177474402728, "2024_8_12": 0.054607508532423195, "2024_9_5": 0.006825938566552899, "2024_14_3": 0.4163822525597269, "2024_14_5": 0.0477815699658703, "2024_14_6": 4.880546075085323, "2024_14_7": 2.5870307167235493, "2024_14_8": 6.600682593856655, "2024_14_9": 22.696245733788388, "2024_14_11": 0.10238907849829351, "2024_15_5": 0.0341296928327645, "2024_20_1": 22.873720136518767}