{"2023_7_10": 0.1515710130678792, "2023_7_15": 0.10241284666748596, "2023_7_20": 2.8716562205563063, "2023_7_26": 0.04506165253369382, "2023_7_30": 23.800745565523734, "2023_12_1_1": 0.028675597066896066, "2023_12_5": 0.07373724960058989, "2023_12_5_4": 0.0040965138666994375, "2023_12_9": 0.05735119413379213, "2023_12_9_1": 0.01638605546679775, "2023_12_10": 0.07783376346728933, "2023_12_11": 0.07373724960058989, "2023_20_4_1": 0.10650936053418539, "2023_20_7": 0.1187989021342837, "2023_20_8": 0.18434312400147473, "2023_20_9": 3.8834951456310676, "2023_26_1": 0.2212117488017697, "2023_26_3": 0.012289541600098316, "2023_26_6": 0.08602679120068821, "2023_26_7": 4.035066158698948, "2023_26_8": 10.044652001147023, "2023_26_9": 15.124329195854324, "2023_26_10": 0.8807504813403793, "2023_26_11": 0.7373724960058989, "2023_26_12": 0.04506165253369382, "2023_27_6": 0.34001065093605337, "2023_32_1": 1.364139117610913, "2023_32_4": 12.928597763303426, "2023_32_6": 22.584080947114003}