{"2022_40_4_2": 0.06807351940095303, "2022_44_2": 0.12043776509399381, "2022_44_25_1": 0.06283709483164894, "2022_44_25_2": 0.14138346337121013, "2022_44_25_3": 0.6912080431481383, "2022_44_25_5": 1.0263392155835995, "2022_44_30": 0.49746033408388746, "2022_44_30_1": 0.05236424569304078, "2022_44_30_2": 0.07854636853956118, "2022_44_30_5": 1.8118029009792116, "2022_44_30_10": 16.735612923495836, "2022_45_10": 0.010472849138608157, "2022_45_11": 0.3194218987275488, "2022_45_12": 7.545687804367178, "2022_45_13": 5.513955071477195, "2022_45_14": 0.2461119547572917, "2023_2_0_5": 0.05760067026234487, "2023_2_10": 1.0839398858459444, "2023_2_11": 0.1518563125098183, "2023_2_12": 28.234801277687595, "2023_2_13": 0.020945698277216315, "2023_2_201": 0.020945698277216315, "2023_2_301": 0.2146934073414672, "2023_6_1": 0.5707702780541447, "2023_6_8": 29.648635911399694, "2023_6_9": 5.074095407655652}