{"2024_2_7": 0.33661638199725713, "2024_2_8": 0.012467273407305822, "2024_3_6": 0.11843909736940529, "2024_3_10": 0.49245729958858, "2024_3_15": 2.8425383368657275, "2024_3_20": 0.1745418277022815, "2024_3_25": 10.191996010472508, "2024_8_3": 0.006233636703652911, "2024_8_4": 0.04986909362922329, "2024_8_7": 0.22441092133150478, "2024_8_8": 0.012467273407305822, "2024_8_9": 5.6726094003241485, "2024_8_12": 0.04363545692557037, "2024_9_5": 0.006233636703652911, "2024_14_3": 0.2929809250716868, "2024_14_5": 0.031168183518264555, "2024_14_6": 2.306445580351577, "2024_14_7": 0.98491459917716, "2024_14_8": 3.1105847151228025, "2024_14_9": 29.3354943273906, "2024_14_11": 0.08103727714748783, "2024_15_10": 0.031168183518264555, "2024_20_1": 11.60703154220172, "2024_20_3": 8.272035905747414, "2024_20_6": 3.048248348086273, "2024_20_6_1": 0.037401820221917466, "2024_20_6_2": 16.799650916344593, "2024_20_7": 3.8773220296721105}