{"2023_32_9": 1.1168052601044285, "2023_38_6": 6.8120286211564505, "2023_38_8": 0.16437826339199382, "2023_38_9": 3.6211564494295105, "2023_38_9_1": 0.19338619222587508, "2023_44_1": 15.983368787468578, "2023_44_9_1": 0.009669309611293753, "2023_44_9_2": 0.009669309611293753, "2023_44_25": 0.004834654805646876, "2023_44_30_1": 0.22239412105975628, "2023_44_30_2": 0.5463159930380971, "2023_44_30_3": 0.009669309611293753, "2023_44_30_4": 0.38193772964610323, "2023_44_30_5_1": 6.531618642428931, "2023_44_30_6": 1.290852833107716, "2023_44_30_7": 1.1651518081608974, "2023_44_30_8": 48.370721330497005, "2023_44_30_9": 13.30980467994585, "2023_44_30_10": 0.004834654805646876, "2023_44_30_12": 0.019338619222587505, "2023_44_30_13": 0.2320634306710501}