{"2023_38_6": 0.01334846158980177, "2023_38_9": 0.02002269238470266, "2023_44_1": 0.02002269238470266, "2023_44_30_5_1": 0.01334846158980177, "2023_44_30_8": 0.6740973102849894, "2023_44_30_9": 0.046719615564306205, "2023_44_30_13": 0.02002269238470266, "2023_44_30_14": 2.9366615497563897, "2023_44_30_16": 0.02002269238470266, "2023_44_30_20": 0.02002269238470266, "2023_44_30_25": 2.3092838550357064, "2023_44_30_30": 0.4471734632583594, "2024_2_2_1": 0.006674230794900885, "2024_2_3": 0.02002269238470266, "2024_2_6": 0.06674230794900887, "2024_2_7": 12.287258893412531, "2024_2_7_1": 0.006674230794900885, "2024_2_8": 0.8676500033371152, "2024_2_12": 0.033371153974504436, "2024_2_13": 0.06674230794900887, "2024_3_6": 1.6084896215711137, "2024_3_10": 12.667690048721884, "2024_3_15": 28.10518587732763, "2024_3_20": 0.8809984649269169, "2024_8_3": 0.08676500033371151, "2024_8_4": 2.2425415470866974, "2024_8_7": 7.348328105185875, "2024_8_8": 0.11346192351331508, "2024_8_9": 26.756991256757658, "2024_8_12": 0.29366615497563897}