{"2024_20_10": 0.056635831602794035, "2024_20_15": 0.2894720281920585, "2024_21_5": 0.39645082121955827, "2024_26_3_1": 1.3844314391794097, "2024_26_4": 0.018878610534264678, "2024_26_6": 0.7048014599458813, "2024_26_7": 9.609212761940721, "2024_26_8": 7.148700522308225, "2024_26_10": 2.05776854823485, "2024_26_11": 0.2831791580139702, "2024_26_20": 1.680196337549556, "2024_27_5": 0.3461078597948524, "2024_27_10": 1.390724309357498, "2024_27_25": 6.343213139512932, "2024_32": 0.03146435089044113, "2024_32_3": 9.319740733748663, "2024_32_4_1": 0.47825813353470525, "2024_32_4_2": 0.037757221068529356, "2024_32_5_3": 0.025171480712352902, "2024_32_5_4": 0.0692215719589705, "2024_32_6": 6.664149518595432, "2024_32_7": 29.073060222767598, "2024_32_10": 21.4335158265685, "2024_32_20": 0.23912906676735263, "2024_32_20_1": 0.8998804354666163, "2024_38": 0.018878610534264678}