{"2023_20_9": 0.024912805181863475, "2023_26_8": 0.07473841554559044, "2023_26_9": 0.07473841554559044, "2023_26_12": 0.7573492775286499, "2023_27_6": 0.08470353761833582, "2023_27_7": 15.201793721973095, "2023_27_12": 6.771300448430494, "2023_32_4": 0.11958146487294469, "2023_32_6": 0.11459890383657201, "2023_32_7": 0.18933731938216247, "2023_32_9": 1.6442451420029895, "2023_38_1": 0.004982561036372696, "2023_38_4": 0.009965122072745391, "2023_38_6": 9.725959142999502, "2023_38_8": 0.25411061285500747, "2023_38_9": 6.497259591429996, "2023_38_9_1": 0.4185351270553064, "2023_44_1": 36.950672645739914, "2023_44_25": 0.004982561036372696, "2023_44_30_1": 3.0742401594419535, "2023_44_30_2": 13.248629795714997, "2023_44_30_3": 0.11459890383657201, "2023_44_30_4": 4.638764324862979}