{"2023_44_1": 12.088014111967317, "2023_44_30_1": 0.1253365518521957, "2023_44_30_2": 0.3713675610435428, "2023_44_30_3": 0.009284189026088569, "2023_44_30_4": 0.23674682016525855, "2023_44_30_5_1": 4.071116887939838, "2023_44_30_6": 0.7752297836783957, "2023_44_30_7": 0.7241667440349085, "2023_44_30_8": 17.565685637359575, "2023_44_30_9": 3.992201281218085, "2023_44_30_10": 0.004642094513044284, "2023_44_30_12": 0.013926283539132854, "2023_44_30_13": 0.39457803360876426, "2023_44_30_14": 11.173521492897596, "2023_44_30_16": 0.027852567078265708, "2023_44_30_20": 0.11605236282610713, "2023_44_30_25": 3.7693807445919596, "2024_2_2": 0.07891560672175285, "2024_2_2_1": 4.5492526227834, "2024_2_3": 1.13731315569585, "2024_2_6": 1.72221706433943, "2024_2_7": 29.403026645622504, "2024_2_7_1": 0.004642094513044284, "2024_2_8": 2.1492897595395037, "2024_8_3": 0.3203045214000556, "2024_8_4": 5.175935382044377}