{"2024_26_4": 0.01767617251944379, "2024_26_6": 0.5656375206222013, "2024_26_7": 7.453452745698798, "2024_26_8": 5.697619608767382, "2024_26_10": 1.4847984916332786, "2024_26_11": 0.23568230025925052, "2024_26_20": 1.3433891114777279, "2024_27_5": 0.26514258779165684, "2024_27_10": 0.7777515908555267, "2024_27_25": 3.6236153664859763, "2024_32": 0.029460287532406315, "2024_32_3": 6.121847749234033, "2024_32_4_1": 0.31227904784350696, "2024_32_4_2": 0.023568230025925053, "2024_32_5_3": 0.01767617251944379, "2024_32_5_4": 0.029460287532406315, "2024_32_6": 3.2759839736035823, "2024_32_7": 15.472543012019798, "2024_32_9": 0.07659674758425643, "2024_32_9_1": 0.011784115012962526, "2024_32_10": 39.6535470186189, "2024_32_20": 0.10605703511666276, "2024_32_20_1": 0.38298373792128215, "2024_33_5": 0.5774216356351639, "2024_33_15": 0.8543483384397832, "2024_33_25": 0.9368371435305209, "2024_38": 0.005892057506481263, "2024_38_2": 7.97195380626915, "2024_38_4": 1.16662738628329, "2024_38_6": 1.5083667216592034}