{"2023_7_26": 0.040325832728445844, "2023_7_30": 20.614565690781514, "2023_12_1_1": 0.028228082909912088, "2023_12_5": 0.06452133236551334, "2023_12_9": 0.056456165819824176, "2023_12_9_1": 0.020162916364222922, "2023_12_10": 0.08065166545689169, "2023_12_11": 0.06452133236551334, "2023_20_4_1": 0.09678199854827003, "2023_20_7": 0.10081458182111462, "2023_20_8": 0.165335914186628, "2023_20_9": 3.5527058633760795, "2023_26_1": 0.20969433018791844, "2023_26_3": 0.012097749818533754, "2023_26_6": 0.06855391563835794, "2023_26_7": 2.9236228728123237, "2023_26_8": 6.141624324542303, "2023_26_9": 8.472457456246472, "2023_26_10": 0.8589402371158966, "2023_26_11": 0.661343656746512, "2023_26_12": 0.4355189934672151, "2023_27_6": 4.835067344140657, "2023_32_1": 0.7419953222034036, "2023_32_4": 7.290910557303009, "2023_32_6": 39.51931607387693, "2023_32_7": 2.939753205903702, "2023_38": 0.004032583272844584}