{"2023_32_9": 1.1166972831866961, "2023_38_6": 6.8017016339553305, "2023_38_8": 0.16436237068548776, "2023_38_9": 3.611137967707628, "2023_38_9_1": 0.19336749492410324, "2023_44_1": 15.962486705984722, "2023_44_9_1": 0.00966837474620516, "2023_44_9_2": 0.00966837474620516, "2023_44_25": 0.00483418737310258, "2023_44_30_1": 0.2223726191627187, "2023_44_30_2": 0.5462631731605916, "2023_44_30_3": 0.00966837474620516, "2023_44_30_4": 0.38190080247510383, "2023_44_30_5_1": 6.526152953688483, "2023_44_30_6": 1.2907280286183889, "2023_44_30_7": 1.165039156917722, "2023_44_30_8": 48.42405491636855, "2023_44_30_9": 13.2988494634052, "2023_44_30_10": 0.00483418737310258, "2023_44_30_12": 0.01933674949241032, "2023_44_30_13": 0.23687518128202642}