{"2023_2_12": 0.1013736124486796, "2023_6_11": 0.020274722489735924, "2023_7_10": 0.755233412742663, "2023_7_15": 0.517005423488266, "2023_7_20": 19.53469511886056, "2023_7_26": 0.2230219473870951, "2023_7_30": 7.861523645395104, "2023_12_1": 0.005068680622433981, "2023_12_1_1": 0.035480764357037856, "2023_12_5": 0.09630493182624562, "2023_12_5_4": 0.020274722489735924, "2023_12_9": 0.08616757058137767, "2023_12_9_1": 0.03041208373460388, "2023_12_10": 0.09630493182624562, "2023_12_11": 0.12164833493841552, "2023_20_4_1": 0.15206041867301942, "2023_20_7": 0.3497389629479446, "2023_20_8": 0.3396016017030766, "2023_20_9": 8.63196310000507, "2023_26_1": 0.501799381620964, "2023_26_3": 0.020274722489735924, "2023_26_6": 0.2027472248973592, "2023_26_7": 14.21258046530488, "2023_26_8": 38.99842870900704, "2023_26_9": 4.678392214506564, "2023_26_10": 1.3837498099244767, "2023_26_11": 1.0238734857316638}