{"2024_15_15": 3.2972085385878502, "2024_20_1": 0.6042692939244665, "2024_20_3": 0.1970443349753695, "2024_20_6": 0.013136288998357967, "2024_20_6_2": 0.11165845648604272, "2024_20_7": 2.3382594417077183, "2024_20_8": 0.0065681444991789835, "2024_20_9": 7.218390804597702, "2024_20_9_1": 0.0065681444991789835, "2024_20_10": 0.07224958949096881, "2024_20_15": 0.3415435139573071, "2024_21_5": 0.5123152709359607, "2024_26_1": 0.0065681444991789835, "2024_26_3_1": 1.8850574712643682, "2024_26_4": 0.019704433497536953, "2024_26_6": 0.9326765188834155, "2024_26_7": 21.701149425287362, "2024_26_8": 11.42857142857143, "2024_26_10": 5.543513957307063, "2024_26_11": 1.1494252873563222, "2024_26_20": 4.51888341543514, "2024_27_5": 1.8522167487684733, "2024_27_10": 4.814449917898195, "2024_32": 0.04597701149425288, "2024_32_3": 31.20525451559935, "2024_32_4_1": 0.07224958949096881, "2024_32_4_2": 0.04597701149425288, "2024_32_5_3": 0.05911330049261084}