{"2023_12_9_1": 0.014806588932074772, "2023_12_10": 0.03331482509716824, "2023_12_11": 0.05182306126226171, "2023_20_4_1": 0.07033129742735517, "2023_20_7": 0.06292800296131777, "2023_20_8": 0.09994447529150471, "2023_20_9": 2.5948547103461035, "2023_26_1": 0.15176753655376643, "2023_26_3": 0.011104941699056077, "2023_26_6": 0.048121414029243, "2023_26_7": 1.7767906718489725, "2023_26_8": 3.2389413288913564, "2023_26_9": 4.112530075883767, "2023_26_10": 0.24060707014621502, "2023_26_11": 0.20729224504904684, "2023_26_12": 0.8476772163612806, "2023_27_6": 3.3129742735517302, "2023_27_7": 19.922265408106604, "2023_31_600": 0.022209883398112154, "2023_32_1": 0.3183416620396076, "2023_32_4": 2.4060707014621507, "2023_32_6": 11.24560429391079, "2023_32_7": 15.74680732926152, "2023_32_9": 27.962243198223202, "2023_38_1": 0.1147510642235795, "2023_38_4": 4.860262816953544, "2023_38_6": 0.5256339070886543}