{"2024_3_6": 0.11640017153709489, "2024_3_10": 0.483979660601605, "2024_3_15": 2.7200882190773754, "2024_3_20": 0.1715370948967714, "2024_3_25": 9.336519022238559, "2024_8_3": 0.006126324817741837, "2024_8_4": 0.04288427372419285, "2024_8_7": 0.23280034307418979, "2024_8_8": 0.012252649635483674, "2024_8_9": 5.37278686515959, "2024_8_12": 0.04288427372419285, "2024_9_5": 0.006126324817741837, "2024_14_3": 0.2756846167983826, "2024_14_5": 0.030631624088709185, "2024_14_6": 2.138087361391901, "2024_14_7": 0.8821907737548245, "2024_14_8": 2.775225142437052, "2024_14_9": 29.308337928076945, "2024_14_11": 0.07964222263064387, "2024_15_10": 0.006126324817741837, "2024_15_15": 0.4533480365128958, "2024_20_1": 10.071678000367578, "2024_20_3": 6.199840715554738, "2024_20_6": 1.911413343135453, "2024_20_6_1": 0.030631624088709185, "2024_20_6_2": 14.942106230472337, "2024_20_7": 12.032101942044966, "2024_20_8": 0.3185688905225755}