{"2023_12_9": 0.04888504493663746, "2023_12_9_1": 0.011281164216147107, "2023_12_10": 0.04512465686458843, "2023_12_11": 0.04888504493663746, "2023_20_4_1": 0.07896814951302976, "2023_20_7": 0.06392659722483361, "2023_20_8": 0.10905125408942204, "2023_20_9": 2.6999586357312073, "2023_26_1": 0.15417591095401048, "2023_26_3": 0.011281164216147107, "2023_26_6": 0.052645433008686494, "2023_26_7": 1.8726732598804197, "2023_26_8": 3.4633174143571623, "2023_26_9": 4.32820667092844, "2023_26_10": 0.2632271650434325, "2023_26_11": 0.2218628962508931, "2023_26_12": 0.8310457639228367, "2023_27_6": 3.97473019215583, "2023_27_7": 19.042605196856318, "2023_31_600": 0.00752077614409807, "2023_32_1": 0.3497160907005603, "2023_32_4": 2.6435528146504716, "2023_32_6": 12.285187831384201, "2023_32_7": 17.647501222126124, "2023_32_9": 24.886248260820516, "2023_38_1": 0.13537397059376527, "2023_38_4": 4.723047418493589}