{"2022_40_4_2": 0.021956306949171143, "2022_44_2": 0.049401690635635064, "2022_44_25_2": 0.032934460423756716, "2022_44_25_3": 0.23603029970358982, "2022_44_25_5": 0.1097815347458557, "2022_44_30": 0.23603029970358982, "2022_44_30_1": 0.005489076737292786, "2022_44_30_2": 0.021956306949171143, "2022_44_30_5": 0.2799429136019321, "2022_44_30_10": 2.102316390383137, "2022_45_10": 0.005489076737292786, "2022_45_11": 0.06037984411022064, "2022_45_12": 1.5314524097046873, "2022_45_13": 2.2889449994510915, "2022_45_14": 0.043912613898342286, "2022_45_15": 26.665934789768357, "2023_2_0_5": 0.021956306949171143, "2023_2_10": 0.5104841365682291, "2023_2_11": 0.049401690635635064, "2023_2_12": 17.877922933362605, "2023_2_13": 0.016467230211878358, "2023_2_301": 0.08233615105939178, "2023_6_1": 0.09880338127127013, "2023_6_8": 23.301130749807875, "2023_6_9": 1.7565045559336911, "2023_6_11": 22.307607860357884, "2023_6_11_2": 0.2744538368646393, "2023_6_15": 0.005489076737292786, "2023_12_1": 0.005489076737292786}