{"2024_32_4_1": 0.22841480127912286, "2024_32_4_2": 0.026104548717614046, "2024_32_5_3": 0.019578411538210532, "2024_32_5_4": 0.026104548717614046, "2024_32_6": 2.519088951249755, "2024_32_7": 7.635580499902106, "2024_32_9": 0.039156823076421064, "2024_32_9_1": 0.013052274358807023, "2024_32_10": 15.382105331854074, "2024_32_20": 0.08483978333224565, "2024_32_20_1": 0.22188866409971936, "2024_33_5": 15.512628075442144, "2024_33_15": 0.4111466423024212, "2024_33_25": 0.1892579782027018, "2024_33_30": 0.013052274358807023, "2024_33_35": 6.2650916922273705, "2024_33_40": 1.1877569666514387, "2024_38": 0.006526137179403512, "2024_38_2": 1.5205899628010178, "2024_38_4": 0.16315342948508774, "2024_38_6": 1.690269529465509, "2024_38_7": 5.273118840958036, "2024_39_5": 1.024603537166351, "2024_39_15": 1.344384258957123, "2024_44_1": 0.2023102525615088, "2024_44_3": 0.7766103243490177, "2024_44_3_1": 19.284735365137376, "2024_44_4": 0.4894602884552633, "2024_44_25_2": 16.857012334399265, "2024_44_25_3": 1.5923774717744568}