{"2024_27_25": 2.7855153203342615, "2024_32": 0.03027734043841588, "2024_32_3": 4.9654838319002055, "2024_32_4_1": 0.2119413830689112, "2024_32_4_2": 0.024221872350732705, "2024_32_5_3": 0.01816640426304953, "2024_32_5_4": 0.024221872350732705, "2024_32_6": 2.3495216180210723, "2024_32_7": 7.133341407290781, "2024_32_9": 0.03633280852609906, "2024_32_9_1": 0.012110936175366353, "2024_32_10": 14.557345282790354, "2024_32_20": 0.0787210851398813, "2024_32_20_1": 0.205885914981228, "2024_33_5": 14.938839772314397, "2024_33_15": 0.39360542569940643, "2024_33_25": 0.17560857454281212, "2024_33_30": 0.012110936175366353, "2024_33_35": 6.334019619716602, "2024_33_40": 1.6168099794114081, "2024_38": 0.006055468087683176, "2024_38_2": 1.4230350006055463, "2024_38_4": 0.15138670219207942, "2024_38_6": 1.5986435751483588, "2024_38_7": 5.007872108513987, "2024_39_5": 1.1989826813612687, "2024_44_1": 0.19983044689354484, "2024_44_3": 0.7266561705219812, "2024_44_3_1": 18.578176093011987, "2024_44_4": 0.3633280852609906, "2024_44_25_2": 14.841952282911466}