{"2023_2_12": 0.2441839815308116, "2023_6_8": 0.053276505061267986, "2023_6_11": 0.07103534008169066, "2023_7_5": 0.022198543775528327, "2023_7_10": 3.187710886165868, "2023_7_15": 1.7181672882258925, "2023_7_20": 23.65476824720298, "2023_7_25": 0.004439708755105666, "2023_7_26": 0.26638252530633993, "2023_12_1": 0.008879417510211332, "2023_12_1_1": 0.07103534008169066, "2023_12_5": 2.1621381637364587, "2023_12_5_4": 0.27526194281655125, "2023_12_8": 0.004439708755105666, "2023_12_9": 3.8803054519623514, "2023_12_9_1": 0.954537382347718, "2023_12_10": 0.5549635943882082, "2023_12_11": 2.108861658675191, "2023_20_4_1": 7.751731486414492, "2023_20_6": 0.1509500976735926, "2023_20_7": 6.743917599005505, "2023_20_8": 4.6572544841058425, "2023_20_9": 35.58426567217191, "2023_26_1": 5.722784585331202, "2023_26_3": 0.14651038891848694}