{"2023_32_9": 0.02103491796381994, "2023_38_6": 0.014023278642546625, "2023_38_9": 0.02804655728509325, "2023_44_1": 0.014023278642546625, "2023_44_30_5_1": 0.02103491796381994, "2023_44_30_8": 0.7923152433038841, "2023_44_30_9": 0.04206983592763988, "2023_44_30_13": 0.02103491796381994, "2023_44_30_14": 3.3515635955686434, "2023_44_30_16": 0.02103491796381994, "2023_44_30_20": 0.02103491796381994, "2023_44_30_25": 2.776609171224232, "2023_44_30_30": 0.4557565558827653, "2024_2_2_1": 0.02103491796381994, "2024_2_3": 0.035058196606366554, "2024_2_6": 0.07011639321273311, "2024_2_7": 15.341466834946008, "2024_2_7_1": 0.007011639321273313, "2024_2_8": 1.0797924554760903, "2024_2_12": 0.04206983592763988, "2024_2_13": 0.1051745898190997, "2024_3_6": 2.0053288458841676, "2024_3_10": 16.729771420558126, "2024_3_15": 22.52138549992988, "2024_8_3": 0.112186229140373, "2024_8_4": 2.9378768756135183, "2024_8_7": 10.699761604263074, "2024_8_8": 0.14724442574673954, "2024_8_9": 20.375823867620245, "2024_8_12": 0.18931426167437942}