{"2023_44_1": 0.015183723048891587, "2023_44_30_8": 0.09110233829334953, "2023_44_30_9": 0.022775584573337383, "2023_44_30_13": 0.015183723048891587, "2023_44_30_14": 0.5769814758578803, "2023_44_30_25": 0.07591861524445793, "2023_44_30_30": 0.18979653811114486, "2024_2_2_1": 0.007591861524445793, "2024_2_3": 0.007591861524445793, "2024_2_6": 0.022775584573337383, "2024_2_7": 0.5845733373823261, "2024_2_8": 0.022775584573337383, "2024_2_12": 0.007591861524445793, "2024_3_6": 0.26571515335560275, "2024_3_10": 1.0173094442757362, "2024_3_15": 5.4129972669298505, "2024_3_20": 0.5314303067112055, "2024_3_25": 39.12845429699362, "2024_8_4": 0.08351047676890373, "2024_8_7": 0.35681749164895227, "2024_8_8": 0.015183723048891587, "2024_8_9": 18.01548739750987, "2024_8_12": 0.06832675372001214, "2024_9_5": 0.015183723048891587, "2024_14_3": 0.9945338597023989, "2024_14_5": 0.053143030671120556, "2024_14_6": 10.674157303370785, "2024_14_7": 5.701488004858791, "2024_14_8": 16.026419678105068}