{"2024_20_10": 0.057478605185847485, "2024_20_15": 0.312939072678503, "2024_21_5": 0.4023502363009324, "2024_26_3_1": 1.4369651296461874, "2024_26_4": 0.01915953506194916, "2024_26_6": 0.7408353557287009, "2024_26_7": 10.212032188018902, "2024_26_8": 7.491378209222123, "2024_26_10": 2.1522544386256226, "2024_26_11": 0.3001660493038702, "2024_26_20": 1.7626772256993228, "2024_27_5": 0.3576446544897177, "2024_27_10": 1.4880572231447182, "2024_27_25": 9.228509388172181, "2024_32": 0.031932558436581944, "2024_32_3": 10.869842891812489, "2024_32_4_1": 0.5492400051092093, "2024_32_4_2": 0.051092093498531096, "2024_32_5_3": 0.025546046749265548, "2024_32_5_4": 0.07663814024779664, "2024_32_6": 11.534040107293396, "2024_32_7": 21.79716438881083, "2024_32_10": 17.95887086473368, "2024_32_20": 0.34487163111508495, "2024_32_20_1": 0.7791544258525993, "2024_38": 0.01915953506194916}