{"2023_12_9": 0.05481812130467128, "2023_12_9_1": 0.015662320372763223, "2023_12_10": 0.06656486158424371, "2023_12_11": 0.0626492814910529, "2023_20_4_1": 0.09005834214338855, "2023_20_7": 0.0626492814910529, "2023_20_8": 0.12138298288891498, "2023_20_9": 2.9053604291475783, "2023_26_1": 0.16836994400720465, "2023_26_3": 0.011746740279572418, "2023_26_6": 0.05481812130467128, "2023_26_7": 2.114413250323035, "2023_26_8": 4.0917811973843925, "2023_26_9": 5.113747601707193, "2023_26_10": 0.3210775676416461, "2023_26_11": 0.28975292689611964, "2023_26_12": 0.7831160186381612, "2023_27_6": 20.098672618348402, "2023_27_7": 2.153569051254943, "2023_32_1": 0.3876424292258898, "2023_32_4": 3.418301421355574, "2023_32_6": 15.760209875092995, "2023_32_7": 25.764517013195505, "2023_32_9": 15.732800814440658, "2023_38": 0.003915580093190806, "2023_38_1": 0.35240220838717257}