{"2024_20_15": 0.2624671916010498, "2024_21_5": 0.3662332906061161, "2024_26_3_1": 1.269608740767869, "2024_26_4": 0.0183116645303058, "2024_26_6": 0.6348043703839344, "2024_26_7": 8.68583287554172, "2024_26_8": 6.37245925654642, "2024_26_10": 1.7640236830861258, "2024_26_11": 0.27467496795458707, "2024_26_20": 1.5198681560153815, "2024_27_5": 0.2990905206616615, "2024_27_10": 1.0010376609900504, "2024_27_25": 4.663370567051211, "2024_32": 0.030519440883843, "2024_32_3": 7.465055240187998, "2024_32_4_1": 0.38454495513642184, "2024_32_4_2": 0.030519440883843, "2024_32_5_3": 0.024415552707074406, "2024_32_5_4": 0.0366233290606116, "2024_32_6": 4.480253921748154, "2024_32_7": 25.886589757675637, "2024_32_9": 0.5188304950253311, "2024_32_10": 32.558139534883715, "2024_32_20": 0.17090886894952084, "2024_32_20_1": 1.043764878227431, "2024_38": 0.012207776353537203, "2024_38_2": 0.22584386254043826}