{"2024_32_7": 7.654517692358762, "2024_32_9": 0.039832702648874736, "2024_32_9_1": 0.013277567549624912, "2024_32_10": 15.309035384717523, "2024_32_20": 0.08630418907256193, "2024_32_20_1": 0.2124410807939986, "2024_33_5": 15.229369979419772, "2024_33_15": 0.41824337781318466, "2024_33_25": 0.18588594569474876, "2024_33_30": 0.013277567549624912, "2024_33_35": 5.94835026223196, "2024_33_40": 0.7833764854278699, "2024_38": 0.006638783774812456, "2024_38_2": 1.48708756555799, "2024_38_4": 0.1659695943703114, "2024_38_6": 1.6596959437031138, "2024_38_7": 4.667064993693157, "2024_39_5": 0.9161521609241189, "2024_39_15": 0.23899621589324838, "2024_44_1": 0.19916351324437367, "2024_44_3": 0.7700989178782449, "2024_44_3_1": 18.874062271791807, "2024_44_4": 0.5311027019849964, "2024_44_25_2": 13.118236739029413, "2024_44_25_3": 0.7037110801301203, "2024_44_25_4": 0.5311027019849964, "2024_45_25_5": 2.8679545907189805, "2024_45_25_6": 0.6174068910575584, "2024_45_32": 6.751643098984267}