{"2023_26_9": 0.07185972980741592, "2023_26_12": 0.7329692440356423, "2023_27_6": 0.07185972980741592, "2023_27_7": 10.280732011114305, "2023_27_12": 4.1630736801762955, "2023_32_1": 0.004790648653827728, "2023_32_4": 0.09581297307655456, "2023_32_6": 0.11976621634569319, "2023_32_7": 0.18204464884545365, "2023_32_9": 1.3270096771102806, "2023_38_1": 0.004790648653827728, "2023_38_4": 0.01916259461531091, "2023_38_6": 8.225543738622207, "2023_38_8": 0.2059978921145923, "2023_38_9": 4.781067356520072, "2023_38_9_1": 0.4599022707674619, "2023_44_1": 24.092172080099644, "2023_44_25": 0.004790648653827728, "2023_44_30_1": 0.6850627574973651, "2023_44_30_2": 1.9114688128772637, "2023_44_30_3": 0.0335345405767941, "2023_44_30_4": 1.4228226501868353, "2023_44_30_5_1": 33.40040241448692, "2023_44_30_6": 7.698572386701158, "2023_44_30_10": 0.004790648653827728}