{"2023_32_6": 0.09189398336235248, "2023_32_7": 0.14025923776359062, "2023_32_9": 1.1269104275488488, "2023_38_1": 0.0048365254401238145, "2023_38_4": 0.009673050880247629, "2023_38_6": 6.882375701296187, "2023_38_8": 0.1692783904043335, "2023_38_9": 3.6709228090539754, "2023_38_9_1": 0.2031340684852002, "2023_44_1": 16.25556200425614, "2023_44_9_1": 0.009673050880247629, "2023_44_9_2": 0.009673050880247629, "2023_44_25": 0.0048365254401238145, "2023_44_30_1": 0.2273166956858193, "2023_44_30_2": 0.5562004256142387, "2023_44_30_3": 0.009673050880247629, "2023_44_30_4": 0.38692203520990515, "2023_44_30_5_1": 6.717933836331978, "2023_44_30_6": 1.325207970593925, "2023_44_30_7": 1.2042948345908295, "2023_44_30_8": 47.74134261946217, "2023_44_30_9": 13.03443606113368, "2023_44_30_10": 0.0048365254401238145, "2023_44_30_12": 0.019346101760495258, "2023_44_30_13": 0.19346101760495257}