{"2023_6_8": 0.05100956429330499, "2023_6_11": 0.06376195536663123, "2023_7_5": 0.017003188097768327, "2023_7_10": 2.6992561105207225, "2023_7_15": 1.3602550478214663, "2023_7_20": 24.06376195536663, "2023_7_25": 0.004250797024442082, "2023_7_26": 0.31030818278427197, "2023_12_1": 0.012752391073326248, "2023_12_1_1": 0.0722635494155154, "2023_12_5": 1.8363443145589797, "2023_12_5_4": 0.22529224229543035, "2023_12_8": 0.004250797024442082, "2023_12_9": 3.2901168969181716, "2023_12_9_1": 0.773645058448459, "2023_12_10": 0.518597236981934, "2023_12_11": 1.441020191285866, "2023_20_4_1": 6.159404888416578, "2023_20_6": 0.10626992561105207, "2023_20_7": 4.841657810839531, "2023_20_8": 2.9585547290116896, "2023_20_9": 33.900106269925615, "2023_26_1": 1.436769394261424, "2023_26_3": 0.06801275239107331, "2023_26_6": 1.2624867162592985, "2023_26_7": 12.522848034006376}