{"2024_27_5": 0.22900763358778622, "2024_27_10": 0.6997455470737912, "2024_27_25": 3.16793893129771, "2024_32": 0.03180661577608142, "2024_32_3": 5.585241730279898, "2024_32_4_1": 0.24173027989821882, "2024_32_4_2": 0.02544529262086514, "2024_32_5_3": 0.019083969465648856, "2024_32_5_4": 0.02544529262086514, "2024_32_6": 2.7035623409669207, "2024_32_7": 8.702290076335878, "2024_32_9": 0.044529262086513983, "2024_32_9_1": 0.03180661577608142, "2024_32_10": 21.444020356234095, "2024_32_20": 0.09541984732824427, "2024_32_20_1": 0.27989821882951654, "2024_33_5": 22.519083969465647, "2024_33_15": 1.0496183206106868, "2024_33_25": 0.27353689567430023, "2024_33_30": 0.01272264631043257, "2024_33_35": 8.944020356234095, "2024_38": 0.006361323155216285, "2024_38_2": 1.9910941475826973, "2024_38_4": 0.19720101781170482, "2024_38_6": 2.3918575063613225, "2024_38_7": 11.26590330788804, "2024_39_5": 0.21628498727735368, "2024_44_1": 0.5979643765903306, "2024_44_3": 1.9974554707379133, "2024_44_3_1": 5.209923664122137}