{"2022_44_25_2": 0.019911394295385534, "2022_44_25_3": 0.18915824580616258, "2022_44_25_5": 0.07466772860769577, "2022_44_30": 0.19413609438000895, "2022_44_30_2": 0.024889242869231918, "2022_44_30_5": 0.17422470008462346, "2022_44_30_10": 1.269351386330828, "2022_45_11": 0.03982278859077107, "2022_45_12": 0.8761013489969636, "2022_45_13": 1.3689083578077557, "2022_45_14": 0.024889242869231918, "2022_45_15": 28.34884762805515, "2023_2_0_5": 0.019911394295385534, "2023_2_10": 0.4081835830554034, "2023_2_11": 0.019911394295385534, "2023_2_12": 9.681915476131216, "2023_2_13": 0.019911394295385534, "2023_2_201": 0.004977848573846384, "2023_2_301": 0.049778485738463836, "2023_6_1": 0.08462342575538852, "2023_6_8": 10.124943999203545, "2023_6_9": 1.1050823833938972, "2023_6_11": 8.731146398526558, "2023_6_11_2": 0.044800637164617456, "2023_6_15": 0.004977848573846384, "2023_12_1": 8.228383692568073, "2023_12_1_1": 28.771964756832098, "2023_12_5": 0.09457912290308129}