{"2023_6_11": 0.013446884805020171, "2023_7_10": 0.2061855670103093, "2023_7_15": 0.14343343792021518, "2023_7_20": 4.374719856566562, "2023_7_26": 0.07171671896010759, "2023_7_30": 22.832810398924252, "2023_12_1": 0.004482294935006724, "2023_12_1_1": 0.03137606454504707, "2023_12_5": 0.07619901389511431, "2023_12_5_4": 0.008964589870013449, "2023_12_9": 0.07171671896010759, "2023_12_9_1": 0.017929179740026897, "2023_12_10": 0.08068130883012103, "2023_12_11": 0.08964589870013448, "2023_20_4_1": 0.13446884805020173, "2023_20_7": 0.16136261766024207, "2023_20_8": 0.22859704168534295, "2023_20_9": 5.22635589421784, "2023_26_1": 0.31376064545047067, "2023_26_3": 0.013446884805020171, "2023_26_6": 0.12102196324518155, "2023_26_7": 5.880770954728822, "2023_26_8": 14.782608695652174, "2023_26_9": 19.081129538323626, "2023_26_10": 0.9367996414164054, "2023_26_11": 0.8247422680412372, "2023_27_5": 0.008964589870013449, "2023_32_1": 2.61317794710892, "2023_32_4": 21.649484536082475}