{"2022_40_4_1": 0.011027182003638971, "2022_44_25_2": 0.016540773005458455, "2022_44_25_3": 0.06064950102001433, "2022_44_25_5": 0.027567955009097426, "2022_44_30": 0.08821745602911177, "2022_44_30_2": 0.016540773005458455, "2022_44_30_10": 0.12129900204002866, "2022_45_11": 0.011027182003638971, "2022_45_12": 0.06064950102001433, "2022_45_13": 0.15438054805094556, "2022_45_15": 9.880355075260516, "2023_2_10": 0.10475822903457019, "2023_2_11": 0.0055135910018194855, "2023_2_12": 1.058609472349341, "2023_2_201": 0.0055135910018194855, "2023_2_301": 0.011027182003638971, "2023_6_8": 0.13232618404366764, "2023_6_11": 0.2756795500909742, "2023_7_5": 0.2811931410927937, "2023_7_10": 21.370678723052322, "2023_12_1": 0.10475822903457019, "2023_12_1_1": 0.3197882781055301, "2023_12_5": 27.634118101119252, "2023_12_5_3": 0.1102718200363897, "2023_12_5_4": 0.6671445112201577, "2023_12_8": 0.09924463803275073, "2023_12_9": 35.55163477973204, "2023_12_9_1": 0.03859513701273639, "2023_12_10": 1.7808898935876938}