{"2024_26_4": 0.017641870038224056, "2024_26_6": 0.5645398412231698, "2024_26_7": 7.3860629226698045, "2024_26_8": 5.668920905615996, "2024_26_10": 1.4819170832108206, "2024_26_11": 0.22934431049691273, "2024_26_20": 1.3349014995589534, "2024_27_5": 0.2646280505733608, "2024_27_10": 0.7703616583357837, "2024_27_25": 3.6048221111437817, "2024_32": 0.02940311673037342, "2024_32_3": 6.092325786533373, "2024_32_4_1": 0.3116730373419583, "2024_32_4_2": 0.02352249338429874, "2024_32_5_3": 0.017641870038224056, "2024_32_5_4": 0.02940311673037342, "2024_32_6": 3.199059100264629, "2024_32_7": 15.207291972949136, "2024_32_9": 0.07644810349897091, "2024_32_9_1": 0.01176124669214937, "2024_32_10": 39.35901205527786, "2024_32_20": 0.10585122022934432, "2024_32_20_1": 0.3645986474566305, "2024_33_5": 1.0937959423698915, "2024_33_15": 0.8879741252572774, "2024_33_25": 0.9526609820640989, "2024_38": 0.005880623346074685, "2024_38_2": 7.627168479858865, "2024_38_4": 1.099676565715966, "2024_38_6": 2.181711261393708}