{"2023_32_7": 0.01616422856219187, "2023_32_9": 0.03232845712438374, "2023_38_9": 0.04849268568657561, "2023_44_1": 0.04849268568657561, "2023_44_30_5_1": 0.01616422856219187, "2023_44_30_6": 0.024246342843287805, "2023_44_30_7": 0.008082114281095934, "2023_44_30_8": 1.3416309706619252, "2023_44_30_9": 0.04849268568657561, "2023_44_30_13": 0.03232845712438374, "2023_44_30_14": 5.188717368463591, "2023_44_30_16": 0.024246342843287805, "2023_44_30_20": 0.024246342843287805, "2023_44_30_25": 13.594116220803363, "2023_44_30_30": 0.9860179422937041, "2024_2_2_1": 0.008082114281095934, "2024_2_3": 0.01616422856219187, "2024_2_6": 0.04849268568657561, "2024_2_7": 29.11177564050756, "2024_2_7_1": 0.008082114281095934, "2024_2_8": 2.3114846843934376, "2024_2_12": 0.05657479996767154, "2024_2_13": 0.20205285702739836, "2024_3_6": 7.128424795926615, "2024_3_10": 13.626444677927745, "2024_8_3": 0.1858886284652065, "2024_8_4": 6.231310110724966, "2024_8_7": 19.631455588782025}