{"2023_38_6": 6.243925017357093, "2023_38_8": 0.15274242073594074, "2023_38_9": 3.1983337190465164, "2023_38_9_1": 0.18514232816477663, "2023_44_1": 13.672760934968755, "2023_44_9_1": 0.004628558204119416, "2023_44_9_2": 0.009257116408238833, "2023_44_25": 0.004628558204119416, "2023_44_30_1": 0.16199953714417956, "2023_44_30_2": 0.4350844711872251, "2023_44_30_3": 0.009257116408238833, "2023_44_30_4": 0.27308493404304557, "2023_44_30_5_1": 4.99884286044897, "2023_44_30_6": 0.990511455681555, "2023_44_30_7": 0.8562832677620921, "2023_44_30_8": 26.054154130988195, "2023_44_30_9": 7.91946308724832, "2023_44_30_10": 0.004628558204119416, "2023_44_30_12": 0.02314279102059708, "2023_44_30_13": 0.3563989817171951, "2023_44_30_14": 10.358713260819254, "2023_44_30_20": 0.009257116408238833, "2024_2_2": 0.11108539689886598, "2024_2_2_1": 11.862994677158065, "2024_2_3": 5.901411710252256, "2024_2_6": 6.202267993520017}