{"2023_26_9": 0.08880118401578689, "2023_26_12": 0.7449432659102123, "2023_27_6": 0.08880118401578689, "2023_27_7": 14.208189442525901, "2023_27_12": 6.156882091761224, "2023_32_1": 0.00986679822397632, "2023_32_4": 0.10853478046373953, "2023_32_6": 0.18746916625555007, "2023_32_7": 0.20720276270350269, "2023_32_9": 1.5638875185002468, "2023_38_1": 0.00493339911198816, "2023_38_4": 0.014800197335964481, "2023_38_6": 9.467192895905281, "2023_38_8": 0.24173655648741985, "2023_38_9": 5.929945732609768, "2023_38_9_1": 0.4292057227429699, "2023_44_1": 33.68524913665515, "2023_44_25": 0.00493339911198816, "2023_44_30": 0.00493339911198816, "2023_44_30_1": 3.078441045880612, "2023_44_30_2": 14.089787863838184, "2023_44_30_3": 0.11840157868771585, "2023_44_30_4": 6.788357178095709, "2023_44_30_5_1": 2.1608288110508145, "2023_44_30_6": 0.61667488899852}