{"2024_3_10": 0.06419400855920115, "2024_3_15": 0.12125534950071329, "2024_3_25": 0.891583452211127, "2024_8_7": 0.05706134094151213, "2024_8_9": 0.2211126961483595, "2024_14_3": 0.021398002853067047, "2024_14_5": 0.007132667617689016, "2024_14_6": 0.18544935805991442, "2024_14_7": 0.049928673323823114, "2024_14_8": 0.2639087018544936, "2024_14_9": 15.007132667617693, "2024_14_11": 0.007132667617689016, "2024_15_15": 4.814550641940086, "2024_20_1": 2.2967189728958637, "2024_20_3": 1.5192582025677606, "2024_20_6": 0.2211126961483595, "2024_20_6_1": 0.014265335235378032, "2024_20_6_2": 2.2681883024251075, "2024_20_7": 16.362339514978604, "2024_20_8": 0.11412268188302425, "2024_20_9": 38.252496433666195, "2024_20_9_1": 0.021398002853067047, "2024_20_10": 0.5064194008559202, "2024_20_15": 0.848787446504993, "2024_21_5": 4.621968616262483, "2024_26_1": 0.07132667617689016, "2024_26_3_1": 10.877318116975749, "2024_26_4": 0.07132667617689016, "2024_26_6": 0.2211126961483595}