{"2023_6_11": 0.012624668602449188, "2023_7_10": 0.15991246896435637, "2023_7_15": 0.11362201742204268, "2023_7_20": 3.231915162226992, "2023_7_26": 0.06312334301224594, "2023_7_30": 23.83958254429155, "2023_12_1_1": 0.02945756007238144, "2023_12_5": 0.07574801161469513, "2023_12_5_4": 0.008416445734966124, "2023_12_9": 0.067331565879729, "2023_12_9_1": 0.01683289146993225, "2023_12_10": 0.07574801161469513, "2023_12_11": 0.07995623448217819, "2023_20_4_1": 0.12624668602449188, "2023_20_7": 0.13045490889197492, "2023_20_8": 0.18937002903673783, "2023_20_9": 4.24609687329041, "2023_26_1": 0.24407692631401762, "2023_26_3": 0.012624668602449188, "2023_26_6": 0.1009973488195935, "2023_26_7": 4.734250725918446, "2023_26_8": 12.43529857341245, "2023_26_9": 19.395699196229437, "2023_26_10": 0.9342254765812399, "2023_26_11": 0.7406472246770189, "2023_27_6": 0.008416445734966124, "2023_32_1": 2.4576021546101083, "2023_32_4": 23.511341160627868, "2023_32_6": 2.958380675840593}