{"2022_44_30": 0.02809462268921728, "2022_44_30_2": 0.011237849075686913, "2022_44_30_5": 0.011237849075686913, "2022_44_30_10": 0.0899027926054953, "2022_45_12": 0.05057032084059109, "2022_45_13": 0.11237849075686912, "2022_45_15": 1.623869191436759, "2023_2_10": 0.06180816991627801, "2023_2_12": 0.2921840759678597, "2023_2_301": 0.011237849075686913, "2023_6_8": 0.05618924537843456, "2023_6_9": 0.005618924537843456, "2023_6_11": 0.35399224588413775, "2023_7_5": 0.03933247176490419, "2023_7_10": 16.379165027813674, "2023_7_15": 13.8225543630949, "2023_12_1": 0.04495139630274765, "2023_12_1_1": 0.12361633983255602, "2023_12_5": 12.282969039725796, "2023_12_5_3": 0.005618924537843456, "2023_12_5_4": 0.5394167556329718, "2023_12_8": 0.005618924537843456, "2023_12_9": 20.767545091869412, "2023_12_9_1": 14.2102601562061, "2023_12_10": 1.7924369275720622, "2023_12_11": 2.4948024948024945, "2023_20_4_1": 14.783390459066132}