{"2023_44_30_5_1": 0.02528285190569496, "2023_44_30_8": 0.5435813159724416, "2023_44_30_9": 0.03792427785854244, "2023_44_30_13": 0.01896213892927122, "2023_44_30_14": 2.357625940206055, "2023_44_30_20": 0.01896213892927122, "2023_44_30_25": 1.5928196700587822, "2023_44_30_30": 0.3602806396561532, "2024_2_2_1": 0.01264142595284748, "2024_2_3": 0.01264142595284748, "2024_2_6": 0.05056570381138992, "2024_2_7": 8.558245370077742, "2024_2_8": 0.6636748625244927, "2024_2_12": 0.01896213892927122, "2024_2_13": 0.04424499083496618, "2024_3_6": 1.1061247708741546, "2024_3_10": 7.338347765627962, "2024_3_15": 6.402882245117249, "2024_3_20": 0.7268819922887301, "2024_3_25": 30.52272296315024, "2024_8_3": 0.0632071297642374, "2024_8_4": 1.5043296883888502, "2024_8_7": 4.475064787308008, "2024_8_8": 0.05688641678781365, "2024_8_9": 29.82744453574363, "2024_8_12": 0.0632071297642374, "2024_14_3": 1.55489539220024, "2024_14_5": 0.20226281524555967, "2024_14_6": 1.8393274761393081}