{"2024_3_25": 0.3788171627367608, "2024_8_7": 0.04638577502899111, "2024_8_9": 0.17008117510630075, "2024_14_3": 0.023192887514495556, "2024_14_6": 0.09277155005798222, "2024_14_7": 0.015461925009663705, "2024_14_8": 0.11596443757247779, "2024_14_9": 4.398917665249324, "2024_14_11": 0.007730962504831853, "2024_15_15": 4.398917665249324, "2024_20_1": 0.8581368380363356, "2024_20_3": 0.28604561267877854, "2024_20_6_2": 0.2010050251256282, "2024_20_7": 3.5330498647081563, "2024_20_8": 0.023192887514495556, "2024_20_9": 13.846153846153847, "2024_20_9_1": 0.023192887514495556, "2024_20_10": 0.15461925009663707, "2024_20_15": 0.5025125628140704, "2024_21_5": 0.9045226130653268, "2024_26_1": 0.023192887514495556, "2024_26_3_1": 4.1128720525705456, "2024_26_4": 0.023192887514495556, "2024_26_6": 2.048705063780441, "2024_26_7": 52.083494395052185, "2024_26_8": 1.6930807885581756, "2024_26_10": 7.1202164669501355, "2024_26_11": 0.24739080015461928, "2024_26_20": 2.6671820641669894}