{"2023_38_9": 3.102490466550539, "2023_38_9_1": 0.09886540181724024, "2023_44_1": 12.97490701944353, "2023_44_9_2": 0.009415752554022879, "2023_44_25": 0.0047078762770114396, "2023_44_30_1": 0.15065204086436607, "2023_44_30_2": 0.4190009886540182, "2023_44_30_3": 0.009415752554022879, "2023_44_30_4": 0.2683489477896521, "2023_44_30_5_1": 4.590179370086154, "2023_44_30_6": 0.8803728638011392, "2023_44_30_7": 0.7862153382609104, "2023_44_30_8": 21.392589802739984, "2023_44_30_9": 5.122169389388446, "2023_44_30_10": 0.0047078762770114396, "2023_44_30_12": 0.01412362883103432, "2023_44_30_13": 0.39075373099194954, "2023_44_30_14": 13.403323760651572, "2023_44_30_16": 0.05649451532413728, "2023_44_30_20": 0.353090720775858, "2024_2_2": 0.08474177298620593, "2024_2_2_1": 6.073160397344758, "2024_2_3": 1.6618803257850385, "2024_2_6": 4.204133515371216, "2024_2_7": 22.324749305588252, "2024_2_8": 1.6195094392919354}