{"2024_14_7": 0.02762049440684988, "2024_14_8": 0.12429222483082447, "2024_14_9": 2.5756111034387517, "2024_15_15": 3.9152050821709707, "2024_20_1": 0.6559867421626847, "2024_20_3": 0.2140588316530866, "2024_20_6": 0.00690512360171247, "2024_20_6_2": 0.1450075956359619, "2024_20_7": 2.603231597845601, "2024_20_8": 0.02071537080513741, "2024_20_9": 8.424250794089213, "2024_20_9_1": 0.00690512360171247, "2024_20_10": 0.10357685402568706, "2024_20_15": 0.38668692169589836, "2024_21_5": 0.600745753348985, "2024_26_1": 0.00690512360171247, "2024_26_3_1": 2.2027344289462776, "2024_26_4": 0.02071537080513741, "2024_26_6": 1.1669658886894076, "2024_26_7": 27.061179395111168, "2024_26_8": 23.380748515398423, "2024_26_10": 5.9176909266675874, "2024_26_11": 1.1048197762739953, "2024_26_20": 4.578096947935368, "2024_27_5": 1.9196243612760666, "2024_27_10": 0.02071537080513741, "2024_32": 0.09667173042397459, "2024_32_3": 12.71233255075266}