{"2024_2_7": 0.3592276605298608, "2024_2_8": 0.02565911860927577, "2024_3_6": 0.12829559304637886, "2024_3_10": 0.5067675925331965, "2024_3_15": 3.0149464365899035, "2024_3_20": 0.21168772852652512, "2024_3_25": 11.662069407915839, "2024_8_3": 0.006414779652318943, "2024_8_4": 0.05773301687087049, "2024_8_7": 0.22451728783116298, "2024_8_8": 0.012829559304637885, "2024_8_9": 6.235165822054014, "2024_8_12": 0.0449034575662326, "2024_9_5": 0.006414779652318943, "2024_14_3": 0.32073898261594713, "2024_14_5": 0.03848867791391365, "2024_14_6": 2.6364744371030855, "2024_14_7": 1.1803194560266854, "2024_14_8": 3.387003656424402, "2024_14_9": 29.193662197703507, "2024_14_11": 0.08339213548014626, "2024_15_5": 0.032073898261594715, "2024_20_1": 19.796010007056257, "2024_20_3": 18.904355635383922, "2024_20_6": 1.9308486753480019}