{"2023_12_11": 0.05083330307541484, "2023_20_4_1": 0.06898805417377728, "2023_20_7": 0.061726153734432306, "2023_20_8": 0.0980356559311572, "2023_20_9": 2.4654151991576194, "2023_26_1": 0.13797610834755455, "2023_26_3": 0.010892850659017466, "2023_26_6": 0.047202352855742355, "2023_26_7": 1.6520823499509822, "2023_26_8": 2.9773791801314404, "2023_26_9": 3.848807232852838, "2023_26_10": 0.21785701318034933, "2023_26_11": 0.1960713118623144, "2023_26_12": 0.8460114011836899, "2023_27_6": 2.7885697687084714, "2023_27_7": 20.692785301913514, "2023_31_600": 0.06898805417377728, "2023_32_1": 0.29410696779347156, "2023_32_4": 2.0914273265313534, "2023_32_6": 8.307614102610653, "2023_32_7": 8.28582840129262, "2023_32_9": 13.783087033876765, "2023_38_1": 0.047202352855742355, "2023_38_4": 1.1764278711738863, "2023_38_6": 29.726589448458668, "2023_38_8": 0.058095203514759816}