{"2023_38_9": 2.9936246881640955, "2023_38_9_1": 0.07853645015245311, "2023_44_1": 12.450337244756538, "2023_44_9_2": 0.009239582370876838, "2023_44_25": 0.004619791185438419, "2023_44_30_1": 0.13859373556315255, "2023_44_30_2": 0.40192183313314245, "2023_44_30_3": 0.009239582370876838, "2023_44_30_4": 0.25870830638455145, "2023_44_30_5_1": 4.337983923126674, "2023_44_30_6": 0.826942622193477, "2023_44_30_7": 0.7484061720410239, "2023_44_30_8": 19.73112815300749, "2023_44_30_9": 4.582832855954912, "2023_44_30_10": 0.004619791185438419, "2023_44_30_12": 0.013859373556315257, "2023_44_30_13": 0.3788228772059503, "2023_44_30_14": 12.773722627737227, "2023_44_30_16": 0.0739166589670147, "2023_44_30_20": 0.37420308602051194, "2024_2_2": 0.07853645015245311, "2024_2_2_1": 5.257322369028921, "2024_2_3": 1.3628383997043336, "2024_2_6": 2.42539037235517, "2024_2_7": 28.559549108380306, "2024_2_8": 2.1251039453016727}