{"2022_45_12": 0.03000150007500375, "2022_45_13": 0.05000250012500624, "2022_45_15": 0.9700485024251212, "2023_2_10": 0.0200010000500025, "2023_2_12": 0.15500775038751938, "2023_2_301": 0.01000050002500125, "2023_6_8": 0.03500175008750438, "2023_6_11": 0.11000550027501373, "2023_7_5": 0.03000150007500375, "2023_7_10": 5.405270263513175, "2023_7_15": 3.085154257712886, "2023_7_20": 21.321066053302665, "2023_12_1": 0.01000050002500125, "2023_12_1_1": 0.07000350017500875, "2023_12_5": 3.2601630081504065, "2023_12_5_4": 0.38501925096254813, "2023_12_8": 0.005000250012500625, "2023_12_9": 6.0353017650882546, "2023_12_9_1": 1.8800940047002348, "2023_12_10": 0.945047252362618, "2023_12_11": 3.975198759937997, "2023_20_4_1": 43.74718735936796, "2023_20_6": 1.12005600280014, "2023_20_7": 7.340367018350917, "2023_26": 0.005000250012500625}