{"2022_44_25_3": 0.054707587942447636, "2022_44_25_5": 0.02188303517697905, "2022_44_30": 0.027353793971223818, "2022_44_30_2": 0.010941517588489526, "2022_44_30_5": 0.010941517588489526, "2022_44_30_10": 0.09300289950216097, "2022_45_11": 0.005470758794244763, "2022_45_12": 0.054707587942447636, "2022_45_13": 0.10941517588489527, "2022_45_15": 1.4771048744460857, "2023_2_10": 0.06564910553093715, "2023_2_12": 0.2625964221237486, "2023_2_301": 0.010941517588489526, "2023_6_8": 0.06017834673669239, "2023_6_11": 0.23524262815252478, "2023_7_5": 0.03829531155971334, "2023_7_10": 14.481098528365887, "2023_7_15": 15.564308769626347, "2023_12_1": 0.0437660703539581, "2023_12_1_1": 0.1039444170906505, "2023_12_5": 8.780567864762844, "2023_12_5_4": 0.5197220854532525, "2023_12_8": 0.005470758794244763, "2023_12_9": 14.207560588653648, "2023_12_9_1": 10.02790086985065, "2023_12_10": 1.5974615679194708, "2023_12_11": 2.899502160949724, "2023_20_4_1": 29.230264237649767}