{"2022_44_25_3": 0.15420943568984632, "2022_44_25_5": 0.06746662811430777, "2022_44_30": 0.1686665702857694, "2022_44_30_2": 0.01927617946123079, "2022_44_30_5": 0.1493903908245386, "2022_44_30_10": 1.0842850946942317, "2022_45_11": 0.03855235892246158, "2022_45_12": 0.7421329092573854, "2022_45_13": 1.1903040817310013, "2022_45_14": 0.024095224326538486, "2022_45_15": 28.576936051274643, "2023_2_0_5": 0.024095224326538486, "2023_2_10": 0.36624740976338493, "2023_2_11": 0.01445713459592309, "2023_2_12": 6.645462869259314, "2023_2_13": 0.01927617946123079, "2023_2_201": 0.004819044865307698, "2023_2_301": 0.04337140378776927, "2023_6_1": 0.033733314057153886, "2023_6_8": 6.163558382728544, "2023_6_9": 1.0216375114452316, "2023_6_11": 4.496168859332082, "2023_6_11_2": 0.03855235892246158, "2023_6_15": 0.004819044865307698, "2023_12_1": 3.190207700833695, "2023_12_1_1": 21.55076863765602, "2023_12_5": 24.1675099995181}