{"2024_8_4": 0.03693898910299821, "2024_8_7": 0.21547743643415626, "2024_8_8": 0.012312996367666069, "2024_8_9": 4.617373637874777, "2024_8_12": 0.04309548728683125, "2024_9_5": 0.0061564981838330346, "2024_14_3": 0.22163393461798925, "2024_14_5": 0.030782490919165177, "2024_14_6": 1.7176629932894167, "2024_14_7": 0.6710583020378008, "2024_14_8": 2.0070184079295696, "2024_14_9": 20.334913501200518, "2024_14_11": 0.0861909745736625, "2024_15_15": 4.284922735947792, "2024_20_1": 6.24884565659053, "2024_20_3": 2.598042233577541, "2024_20_6": 0.33860740011081697, "2024_20_6_1": 0.018469494551499106, "2024_20_6_2": 2.5303207535553778, "2024_20_7": 17.42288986024749, "2024_20_8": 0.12928646186049375, "2024_20_9": 30.677830450040016, "2024_20_9_1": 0.018469494551499106, "2024_20_10": 1.9947054115619034, "2024_20_15": 1.1143261712737793, "2024_26_1": 0.0677214800221634, "2024_26_3_1": 2.55494674629071}