{"2024_8_4": 0.013337779259753251, "2024_8_7": 0.06668889629876625, "2024_8_9": 0.20006668889629878, "2024_14_3": 0.020006668889629875, "2024_14_6": 0.16672224074691563, "2024_14_7": 0.053351117039013005, "2024_14_8": 0.25341780593531177, "2024_14_9": 12.25075025008336, "2024_14_11": 0.006668889629876626, "2024_15_15": 4.80160053351117, "2024_20_1": 1.9273091030343446, "2024_20_3": 1.2470823607869288, "2024_20_6": 0.16672224074691563, "2024_20_6_1": 0.013337779259753251, "2024_20_6_2": 1.7539179726575524, "2024_20_7": 9.309769923307769, "2024_20_8": 0.06668889629876625, "2024_20_9": 26.402134044681556, "2024_20_9_1": 0.020006668889629875, "2024_20_10": 0.3134378126042014, "2024_20_15": 0.5001667222407469, "2024_21_5": 1.3804601533844614, "2024_26_1": 0.04001333777925975, "2024_26_3_1": 4.668222740913638, "2024_26_4": 0.020006668889629875, "2024_26_6": 3.581193731243747, "2024_26_7": 26.07535845281761, "2024_26_10": 4.681560520173391}