{"2024_32_20": 0.11014148945183429, "2024_32_20_1": 0.2711175124968228, "2024_33_5": 18.9782258747776, "2024_33_15": 0.5337626027281199, "2024_33_25": 0.22028297890366857, "2024_33_30": 0.016944844531051426, "2024_33_35": 7.430314326866052, "2024_33_40": 0.9489112937388797, "2024_38": 0.008472422265525713, "2024_38_2": 1.8808777429467083, "2024_38_4": 0.21181055663814283, "2024_38_6": 2.092688299584851, "2024_38_7": 5.769719562823012, "2024_39_5": 1.12683216131492, "2024_39_15": 0.24570024570024565, "2024_44_1": 0.25417266796577137, "2024_44_3": 0.9319664492078285, "2024_44_3_1": 23.705837498940944, "2024_44_4": 0.7540455816317886, "2024_44_25_2": 15.267304922477335, "2024_44_25_3": 0.4914004914004913, "2024_44_25_4": 0.8302973820215198, "2024_45_25_5": 4.244683555028383, "2024_45_25_6": 1.00821824959756, "2024_45_25_10": 0.22875540116919424, "2024_45_25_15": 0.9828009828009826, "2024_45_32": 4.659832246039143, "2024_45_32_1": 6.667796322968736, "2024_45_32_2": 0.12708633398288569}