{"2022_44_30": 0.015611990008326398, "2022_44_30_5": 0.010407993338884263, "2022_44_30_10": 0.05724396336386345, "2022_45_12": 0.036427976686094925, "2022_45_13": 0.05724396336386345, "2022_45_15": 1.139675270607827, "2023_2_10": 0.026019983347210656, "2023_2_12": 0.1821398834304746, "2023_2_301": 0.010407993338884263, "2023_6_8": 0.05724396336386345, "2023_6_11": 0.14050791007493757, "2023_7_5": 0.031223980016652796, "2023_7_10": 6.895295587010825, "2023_7_15": 4.0799333888426315, "2023_7_20": 18.96856786011657, "2023_12_1": 0.020815986677768527, "2023_12_1_1": 0.07285595337218985, "2023_12_5": 4.1007493755204, "2023_12_5_4": 0.43193172356369697, "2023_12_8": 0.005203996669442132, "2023_12_9": 7.368859283930059, "2023_12_9_1": 2.534346378018318, "2023_12_10": 1.1813072439633638, "2023_12_11": 3.7364696086594504, "2023_20_4_1": 48.83950874271441}