{"2024_20_7": 1.9102373887240356, "2024_20_9": 5.996538081107814, "2024_20_10": 0.061819980217606325, "2024_20_15": 0.30909990108803165, "2024_21_5": 0.42655786350148367, "2024_26_1": 0.0061819980217606325, "2024_26_3_1": 1.5145895153313553, "2024_26_4": 0.0185459940652819, "2024_26_6": 0.7727497527200792, "2024_26_7": 11.393422354104848, "2024_26_8": 8.067507418397627, "2024_26_10": 2.454253214638971, "2024_26_11": 0.3461918892185955, "2024_26_20": 1.934965380811078, "2024_27_5": 0.4574678536102868, "2024_27_10": 1.7247774480712166, "2024_27_25": 21.500989119683485, "2024_32": 0.030909990108803163, "2024_32_3": 15.62809099901088, "2024_32_4_1": 0.927299703264095, "2024_32_4_2": 0.0741839762611276, "2024_32_5_3": 0.04327398615232444, "2024_32_5_4": 0.1298219584569733, "2024_32_6": 22.73120672601385, "2024_32_10": 0.7294757665677547, "2024_32_20": 0.809841740850643}