{"2024_27_5": 0.2301054650047938, "2024_27_10": 0.7094918504314477, "2024_27_25": 3.227868328539469, "2024_32": 0.031959092361776915, "2024_32_3": 5.637583892617449, "2024_32_4_1": 0.24288910194950455, "2024_32_4_2": 0.025567273889421538, "2024_32_5_3": 0.01917545541706615, "2024_32_5_4": 0.025567273889421538, "2024_32_6": 2.7484819431128154, "2024_32_7": 8.97411313518696, "2024_32_9": 0.044742729306487684, "2024_32_9_1": 0.031959092361776915, "2024_32_10": 21.828060083093636, "2024_32_20": 0.10226909555768615, "2024_32_20_1": 0.28124001278363686, "2024_33_5": 22.448066474912107, "2024_33_15": 1.2527964205816553, "2024_33_25": 0.2876318312559923, "2024_33_30": 0.012783636944710769, "2024_33_35": 8.85906040268456, "2024_38": 0.0063918184723553845, "2024_38_2": 2.064557366570789, "2024_38_4": 0.2045381911153723, "2024_38_6": 2.5950782997762856, "2024_38_7": 13.403643336529242, "2024_39_5": 0.0063918184723553845, "2024_44_1": 0.8117609459891336, "2024_44_3": 2.8571428571428568, "2024_44_3_1": 1.0290827740492168}