{"2024_3_6": 0.1240463933511133, "2024_3_10": 0.47757861440178623, "2024_3_15": 2.803448489735161, "2024_3_20": 0.17366495069155866, "2024_3_25": 9.81827203374062, "2024_8_3": 0.006202319667555665, "2024_8_4": 0.04961855734044532, "2024_8_7": 0.22328350803200395, "2024_8_8": 0.01240463933511133, "2024_8_9": 5.5076598647894315, "2024_8_12": 0.043416237672889664, "2024_9_5": 0.006202319667555665, "2024_14_3": 0.2853067047075606, "2024_14_5": 0.031011598337778324, "2024_14_6": 2.23283508032004, "2024_14_7": 0.948954909136017, "2024_14_8": 2.8840786454133847, "2024_14_9": 29.560255535570306, "2024_14_11": 0.08063015567822365, "2024_15_10": 0.018606959002666998, "2024_15_15": 0.018606959002666998, "2024_20_1": 10.872666377225082, "2024_20_3": 7.759101904112138, "2024_20_6": 2.741425293059604, "2024_20_6_1": 0.037213918005333996, "2024_20_6_2": 17.490541462506975, "2024_20_7": 5.544873782794765, "2024_20_8": 0.2480927867022266}