{"2023_6_11": 0.012726424298986126, "2023_7_10": 0.16968565731981503, "2023_7_15": 0.12302210155686588, "2023_7_20": 3.3470495906333517, "2023_7_26": 0.06363212149493064, "2023_7_30": 23.76871844907309, "2023_12_1_1": 0.02969499003096763, "2023_12_5": 0.07635854579391677, "2023_12_5_4": 0.008484282865990752, "2023_12_9": 0.06787426292792602, "2023_12_9_1": 0.016968565731981505, "2023_12_10": 0.07635854579391677, "2023_12_11": 0.08060068722691213, "2023_20_4_1": 0.12726424298986128, "2023_20_7": 0.13574852585585204, "2023_20_8": 0.19513850591778728, "2023_20_9": 4.3651635345522415, "2023_26_1": 0.2502863445467271, "2023_26_3": 0.012726424298986126, "2023_26_6": 0.1060535358248844, "2023_26_7": 4.840283375047724, "2023_26_8": 12.730666440419123, "2023_26_9": 19.441734187417808, "2023_26_10": 0.9502396809909641, "2023_26_11": 0.7466168922071861, "2023_27_6": 0.008484282865990752, "2023_32_1": 2.5155898697662575, "2023_32_4": 23.573579943155305, "2023_32_6": 2.159249989394646}