{"2023_7_26": 0.040288465412352446, "2023_7_30": 20.59546351879457, "2023_12_1_1": 0.028201925788646713, "2023_12_5": 0.0644615446597639, "2023_12_9": 0.056403851577293426, "2023_12_9_1": 0.020144232706176223, "2023_12_10": 0.08057693082470489, "2023_12_11": 0.0644615446597639, "2023_20_4_1": 0.09669231698964588, "2023_20_7": 0.10072116353088112, "2023_20_8": 0.16518270819064504, "2023_20_9": 3.54135610974578, "2023_26_1": 0.20950002014423272, "2023_26_3": 0.012086539623705735, "2023_26_6": 0.06849039120099916, "2023_26_7": 2.9007695096893764, "2023_26_8": 6.115789049595102, "2023_26_9": 8.424318117722898, "2023_26_10": 0.8541154667418718, "2023_26_11": 0.6607308327625802, "2023_26_12": 0.4834615849482294, "2023_27_6": 4.8467023891059995, "2023_32_1": 0.7372789170460499, "2023_32_4": 7.2358083880585, "2023_32_6": 38.97103259336852, "2023_32_7": 3.6219330405704846, "2023_38": 0.004028846541235244}