{"2024_27_5": 0.220208883855543, "2024_27_10": 0.6857933811501195, "2024_27_25": 3.1143827859569653, "2024_32": 0.03145841197936328, "2024_32_3": 5.454888637221593, "2024_32_4_1": 0.23279224864728829, "2024_32_4_2": 0.02516672958349063, "2024_32_5_3": 0.018875047187617965, "2024_32_5_4": 0.02516672958349063, "2024_32_6": 2.6550899710582607, "2024_32_7": 8.399395998489997, "2024_32_9": 0.0440417767711086, "2024_32_9_1": 0.018875047187617965, "2024_32_10": 19.80621618220712, "2024_32_20": 0.0880835535422172, "2024_32_20_1": 0.27054234302252417, "2024_33_5": 19.63634075751856, "2024_33_15": 0.5285013212533032, "2024_33_25": 0.2516672958349062, "2024_33_30": 0.012583364791745315, "2024_33_35": 8.934189002139172, "2024_38": 0.006291682395872657, "2024_38_2": 1.830879577198943, "2024_38_4": 0.19504215427205235, "2024_38_6": 2.1328803322008305, "2024_38_7": 9.575940606518184, "2024_39_5": 0.8179187114634454, "2024_44_1": 0.32087580218950545, "2024_44_3": 1.4533786334465835, "2024_44_3_1": 13.21253303133258}