{"2023_38_6": 6.280238183848157, "2023_38_8": 0.15351693338295494, "2023_38_9": 3.21455154447339, "2023_38_9_1": 0.18608113137327872, "2023_44_1": 13.770003721622622, "2023_44_9_1": 0.0046520282843319685, "2023_44_9_2": 0.009304056568663937, "2023_44_25": 0.0046520282843319685, "2023_44_30_1": 0.1628209899516189, "2023_44_30_2": 0.43729065872720496, "2023_44_30_3": 0.009304056568663937, "2023_44_30_4": 0.27446966877558615, "2023_44_30_5_1": 5.056754745068849, "2023_44_30_6": 1.0001860811313732, "2023_44_30_7": 0.8606252326014139, "2023_44_30_8": 26.367696315593598, "2023_44_30_9": 8.094529214737625, "2023_44_30_10": 0.0046520282843319685, "2023_44_30_12": 0.02326014142165984, "2023_44_30_13": 0.3582061778935616, "2023_44_30_14": 10.011164867882396, "2023_44_30_15": 0.0046520282843319685, "2024_2_2": 0.11164867882396722, "2024_2_2_1": 11.992928917007815, "2024_2_3": 5.721994789728321, "2024_2_6": 5.88481577967994}