{"2023_44_1": 0.012979427607242522, "2023_44_30_5_1": 0.012979427607242522, "2023_44_30_8": 0.6230125251476408, "2023_44_30_9": 0.03893828282172755, "2023_44_30_13": 0.025958855214485044, "2023_44_30_14": 2.7127003699136867, "2023_44_30_16": 0.006489713803621261, "2023_44_30_20": 0.012979427607242522, "2023_44_30_25": 1.9923421377117267, "2023_44_30_30": 0.3893828282172756, "2024_2_2_1": 0.006489713803621261, "2024_2_3": 0.012979427607242522, "2024_2_6": 0.05191771042897009, "2024_2_7": 10.753455772600427, "2024_2_8": 0.7852553702381724, "2024_2_12": 0.025958855214485044, "2024_2_13": 0.04542799662534882, "2024_3_6": 1.349860471153222, "2024_3_10": 9.79297812966448, "2024_3_15": 10.695048348367838, "2024_3_20": 1.6094490232980725, "2024_3_25": 20.99422415471478, "2024_8_3": 0.0778765656434551, "2024_8_4": 1.940424427282757, "2024_8_7": 6.048413264975014, "2024_8_8": 0.09085599325069764, "2024_8_9": 29.229670971510153, "2024_8_12": 0.1297942760724252, "2024_14_3": 0.5321565318969433}