{"2023_12_5": 0.05932370970931382, "2023_12_9": 0.055368795728692896, "2023_12_9_1": 0.015819655922483685, "2023_12_10": 0.06723353767055566, "2023_12_11": 0.06327862368993474, "2023_20_4_1": 0.08700810757366027, "2023_20_7": 0.06723353767055566, "2023_20_8": 0.1305121613604904, "2023_20_9": 2.9740953134269326, "2023_26_1": 0.17006130116669962, "2023_26_3": 0.011864741941862765, "2023_26_6": 0.055368795728692896, "2023_26_7": 2.163337947399644, "2023_26_8": 4.263397271109354, "2023_26_9": 5.354953529760728, "2023_26_10": 0.34407751631402017, "2023_26_11": 0.3203480324302946, "2023_26_12": 0.7791180541823215, "2023_27_6": 22.088194581767844, "2023_32_1": 0.403401226023334, "2023_32_4": 3.598971722365038, "2023_32_6": 16.685782084239666, "2023_32_7": 28.605892821831127, "2023_32_9": 11.326873640498318, "2023_38": 0.003954913980620921, "2023_38_1": 0.30452837650781095}