{"2022_44_2": 0.1100715465052284, "2022_44_25_1": 0.0550357732526142, "2022_44_25_2": 0.13008455496072446, "2022_44_25_3": 0.5903837494371341, "2022_44_25_5": 0.58538049732326, "2022_44_30": 0.4352829339070396, "2022_44_30_1": 0.035022764797118126, "2022_44_30_2": 0.06504227748036223, "2022_44_30_5": 1.2458097763546305, "2022_44_30_10": 9.22599689798369, "2022_45_10": 0.010006504227748035, "2022_45_11": 0.21013658878270874, "2022_45_12": 7.489868414469404, "2022_45_13": 13.028468504527943, "2022_45_14": 0.3102016310601891, "2022_45_15": 0.6754390353729923, "2023_2_0_5": 0.04002601691099214, "2023_2_10": 0.9756341622054335, "2023_2_11": 0.12508130284685043, "2023_2_12": 24.701055686196025, "2023_2_13": 0.02001300845549607, "2023_2_201": 0.0050032521138740176, "2023_2_301": 0.27517886626307103, "2023_6_1": 0.4052634212237955, "2023_6_8": 26.422174413368687, "2023_6_9": 5.563616350627909, "2023_6_11": 7.254715565117327, "2023_6_11_1": 0.010006504227748035}