{"2023_44_1": 0.012953367875647671, "2023_44_30_5_1": 0.012953367875647671, "2023_44_30_8": 0.6217616580310882, "2023_44_30_9": 0.03886010362694301, "2023_44_30_13": 0.025906735751295342, "2023_44_30_14": 2.700777202072539, "2023_44_30_16": 0.0064766839378238355, "2023_44_30_20": 0.012953367875647671, "2023_44_30_25": 1.9818652849740932, "2023_44_30_30": 0.3886010362694301, "2024_2_2_1": 0.0064766839378238355, "2024_2_3": 0.012953367875647671, "2024_2_6": 0.04533678756476685, "2024_2_7": 10.563471502590675, "2024_2_8": 0.7707253886010365, "2024_2_12": 0.025906735751295342, "2024_2_13": 0.04533678756476685, "2024_3_6": 1.3277202072538863, "2024_3_10": 9.611398963730572, "2024_3_15": 9.954663212435234, "2024_3_20": 1.3536269430051815, "2024_3_25": 22.292746113989644, "2024_8_3": 0.07772020725388602, "2024_8_4": 1.9300518134715026, "2024_8_7": 5.952072538860105, "2024_8_8": 0.08419689119170985, "2024_8_9": 29.22279792746114, "2024_8_12": 0.12305699481865286, "2024_14_3": 0.7966321243523318}