{"2024_8_4": 0.013339558460614954, "2024_8_7": 0.06669779230307477, "2024_8_9": 0.20009337690922432, "2024_14_3": 0.020009337690922432, "2024_14_6": 0.16674448075768694, "2024_14_7": 0.053358233842459815, "2024_14_8": 0.2534516107516841, "2024_14_9": 12.259054225305144, "2024_14_11": 0.006669779230307477, "2024_15_15": 4.802241045821384, "2024_20_1": 1.9342359767891688, "2024_20_3": 1.247248716067498, "2024_20_6": 0.16674448075768694, "2024_20_6_1": 0.013339558460614954, "2024_20_6_2": 1.7608217168011742, "2024_20_7": 9.33102114320016, "2024_20_8": 0.06669779230307477, "2024_20_9": 26.4923631027813, "2024_20_9_1": 0.020009337690922432, "2024_20_10": 0.31347962382445144, "2024_20_15": 0.5002334422730608, "2024_21_5": 1.3873140799039552, "2024_26_1": 0.040018675381844865, "2024_26_3_1": 4.675515240445542, "2024_26_4": 0.020009337690922432, "2024_26_6": 3.708397252050957, "2024_26_7": 25.80537584205963, "2024_26_10": 4.675515240445542}