{"2022_44_30": 0.02852741484566669, "2022_44_30_2": 0.011410965938266677, "2022_44_30_5": 0.011410965938266677, "2022_44_30_10": 0.09128772750613341, "2022_45_12": 0.05705482969133338, "2022_45_13": 0.11410965938266676, "2022_45_15": 1.8314600330918016, "2023_2_10": 0.06846579562960006, "2023_2_12": 0.3252125292406003, "2023_2_301": 0.011410965938266677, "2023_6_8": 0.06276031266046672, "2023_6_9": 0.005705482969133338, "2023_6_11": 0.7816511667712676, "2023_7_5": 0.045643863753066706, "2023_7_10": 27.99680492953729, "2023_7_15": 2.053973868888002, "2023_12_1": 0.045643863753066706, "2023_12_1_1": 0.14263707422833347, "2023_12_5": 14.223769042049412, "2023_12_5_3": 0.005705482969133338, "2023_12_5_4": 0.6161921606664006, "2023_12_8": 0.005705482969133338, "2023_12_9": 24.613453528841223, "2023_12_9_1": 16.363325155474413, "2023_12_10": 2.1338506304558686, "2023_12_11": 1.5747132994808015, "2023_20_4_1": 6.778113767330406}