{"2023_32_9": 0.029969281486476367, "2023_38_6": 0.014984640743238183, "2023_38_9": 0.03746160185809546, "2023_44_1": 0.04495392222971454, "2023_44_30_5_1": 0.03746160185809546, "2023_44_30_6": 0.014984640743238183, "2023_44_30_8": 0.9365400464523863, "2023_44_30_9": 0.04495392222971454, "2023_44_30_13": 0.02247696111485727, "2023_44_30_14": 3.8285757098973554, "2023_44_30_16": 0.02247696111485727, "2023_44_30_20": 0.02247696111485727, "2023_44_30_25": 3.8810219524986893, "2023_44_30_30": 0.47950850378362186, "2024_2_2_1": 0.007492320371619092, "2024_2_3": 0.03746160185809546, "2024_2_6": 0.06743088334457183, "2024_2_7": 21.143328088709076, "2024_2_7_1": 0.007492320371619092, "2024_2_8": 1.3860792687495316, "2024_2_12": 0.04495392222971454, "2024_2_13": 0.19480032966209634, "2024_3_6": 3.281636322769162, "2024_3_10": 32.73394770360381, "2024_8_3": 0.14235408706076272, "2024_8_4": 3.9334681951000228, "2024_8_7": 23.16625458904623, "2024_8_8": 0.25473889263504906, "2024_8_9": 4.180714767363453}