{"2022_44_25_3": 0.060813799203892085, "2022_44_25_5": 0.022114108801415303, "2022_44_30": 0.027642636001769135, "2022_44_30_2": 0.011057054400707651, "2022_44_30_5": 0.011057054400707651, "2022_44_30_10": 0.09398496240601506, "2022_45_11": 0.005528527200353826, "2022_45_12": 0.049756744803184434, "2022_45_13": 0.11057054400707654, "2022_45_15": 1.5535161432994251, "2023_2_10": 0.060813799203892085, "2023_2_12": 0.27642636001769133, "2023_2_301": 0.011057054400707651, "2023_6_8": 0.060813799203892085, "2023_6_11": 0.24878372401592216, "2023_7_5": 0.03869969040247679, "2023_7_10": 14.960194604157454, "2023_7_15": 15.098407784166302, "2023_12_1": 0.049756744803184434, "2023_12_1_1": 0.11057054400707654, "2023_12_5": 9.387439186200798, "2023_12_5_4": 0.5196815568332597, "2023_12_8": 0.005528527200353826, "2023_12_9": 15.64573197700133, "2023_12_9_1": 11.316895179124282, "2023_12_10": 1.658558160106148, "2023_12_11": 2.8306059265811587, "2023_20_4_1": 25.77399380804954}