{"2024_8_9": 0.18488560203374163, "2024_8_12": 0.015407133502811803, "2024_14_3": 0.023110700254217704, "2024_14_6": 0.09244280101687082, "2024_14_7": 0.015407133502811803, "2024_14_8": 0.11555350127108852, "2024_14_9": 4.067483244742316, "2024_14_11": 0.007703566751405901, "2024_15_15": 4.313997380787304, "2024_20_1": 0.8396887759032431, "2024_20_3": 0.2850319698020184, "2024_20_6": 0.015407133502811803, "2024_20_6_2": 0.2002927355365534, "2024_20_7": 3.505122871889685, "2024_20_8": 0.023110700254217704, "2024_20_9": 12.988213542870348, "2024_20_9_1": 0.023110700254217704, "2024_20_10": 0.14636776827671208, "2024_20_15": 0.48532470533857175, "2024_21_5": 0.9013173099144903, "2024_26_1": 0.023110700254217704, "2024_26_3_1": 4.021261844233879, "2024_26_4": 0.023110700254217704, "2024_26_6": 1.9798166551113165, "2024_26_7": 51.61389723441954, "2024_26_8": 3.2817194360989137, "2024_26_10": 7.164317078807487, "2024_26_11": 0.36206763731607733, "2024_26_20": 3.1969802018334494, "2024_32": 0.08473923426546491}