{"2023_32_6": 0.03886513797123979, "2023_38_9_1": 0.03886513797123979, "2023_44_30_14": 0.03886513797123979, "2023_44_30_30": 0.03886513797123979, "2024_8_9": 0.03886513797123979, "2024_14_9": 0.03886513797123979, "2024_15_15": 0.03886513797123979, "2024_20_6_2": 0.03886513797123979, "2024_26_8": 0.11659541391371939, "2024_32_6": 0.07773027594247958, "2024_32_7": 0.31092110376991833, "2024_32_10": 0.582977069568597, "2024_33_5": 0.5052467936261174, "2024_33_35": 0.2720559657986785, "2024_38_2": 0.03886513797123979, "2024_38_6": 0.15546055188495916, "2024_38_7": 0.38865137971239794, "2024_39_5": 0.03886513797123979, "2024_39_15": 0.11659541391371939, "2024_44_3_1": 0.4275165176836378, "2024_44_4": 1.6712009327633108, "2024_44_25_2": 17.25612125923047, "2024_44_25_3": 0.19432568985619897, "2024_44_25_4": 3.3424018655266217, "2024_45_25_5": 13.991449669646327, "2024_45_25_6": 3.536727555382821, "2024_45_25_10": 0.4275165176836378, "2024_45_25_15": 9.638554216867469, "2024_45_32": 5.752040419743489, "2024_45_32_1": 10.843373493975902, "2024_45_32_2": 24.52390205985231, "2024_45_32_5": 0.2720559657986785, "2024_45_32_6": 0.8938981733385153, "2025_2": 4.314030314807617}