{"2024_3_25": 0.8491710473109584, "2024_8_7": 0.06739452756436178, "2024_8_9": 0.20218358269308534, "2024_14_3": 0.020218358269308533, "2024_14_6": 0.16848631891090446, "2024_14_7": 0.05391562205148943, "2024_14_8": 0.2426202992317024, "2024_14_9": 12.636473918317833, "2024_14_11": 0.006739452756436178, "2024_15_15": 4.77827200431325, "2024_20_1": 1.9746596576357998, "2024_20_3": 1.2670171182100014, "2024_20_6": 0.19544412993664917, "2024_20_6_1": 0.013478905512872357, "2024_20_6_2": 1.927483488340747, "2024_20_7": 10.203531473244373, "2024_20_8": 0.07413398032079796, "2024_20_9": 28.319180482544816, "2024_20_9_1": 0.020218358269308533, "2024_20_10": 0.31675427955250035, "2024_20_15": 0.532416767758458, "2024_21_5": 2.0555330907130345, "2024_26_1": 0.040436716538617065, "2024_26_3_1": 5.526351260277665, "2024_26_4": 0.05391562205148943, "2024_26_6": 6.38226176034506, "2024_26_7": 18.627847418789592, "2024_26_10": 3.443860358538887}