{"2023_7_26": 0.03491620111731844, "2023_7_30": 7.018156424581005, "2023_12_1_1": 0.03103662321539417, "2023_12_5": 0.0659528243327126, "2023_12_9": 0.06207324643078834, "2023_12_9_1": 0.019397889509621354, "2023_12_10": 0.07759155803848541, "2023_12_11": 0.06983240223463688, "2023_20_4_1": 0.10086902545003104, "2023_20_7": 0.0814711359404097, "2023_20_8": 0.13966480446927376, "2023_20_9": 3.146337678460583, "2023_26_1": 0.18234016139044074, "2023_26_3": 0.011638733705772814, "2023_26_6": 0.06207324643078834, "2023_26_7": 2.409217877094972, "2023_26_8": 4.864990689013036, "2023_26_9": 6.70391061452514, "2023_26_10": 0.7177219118559902, "2023_26_11": 0.4655493482309125, "2023_26_12": 0.6517690875232776, "2023_27_6": 18.773277467411546, "2023_32_1": 0.5159838609559281, "2023_32_4": 5.008535071384234, "2023_32_6": 18.556021104903785, "2023_32_7": 30.22579143389199, "2023_38": 0.0038795779019242713}