{"2024_32_4_2": 0.026123301985370953, "2024_32_5_3": 0.019592476489028218, "2024_32_5_4": 0.026123301985370953, "2024_32_6": 2.507836990595612, "2024_32_7": 7.660658307210031, "2024_32_9": 0.039184952978056437, "2024_32_9_1": 0.013061650992685477, "2024_32_10": 15.419278996865204, "2024_32_20": 0.0849007314524556, "2024_32_20_1": 0.22204806687565307, "2024_33_5": 15.484587251828632, "2024_33_15": 0.41144200626959254, "2024_33_25": 0.1893939393939394, "2024_33_30": 0.013061650992685477, "2024_33_35": 6.197753396029258, "2024_33_40": 1.1755485893416928, "2024_38": 0.006530825496342738, "2024_38_2": 1.5151515151515151, "2024_38_4": 0.16327063740856845, "2024_38_6": 1.6849529780564265, "2024_38_7": 5.303030303030303, "2024_39_5": 1.0122779519331244, "2024_39_15": 1.449843260188088, "2024_44_1": 0.20245559038662486, "2024_44_3": 0.7771682340647857, "2024_44_3_1": 19.200626959247654, "2024_44_4": 0.49634273772204807, "2024_44_25_2": 16.705851619644722, "2024_44_25_3": 1.9919017763845348}