{"2022_44_25_2": 0.02568581115791637, "2022_44_25_3": 0.20034932703174765, "2022_44_25_5": 0.0770574334737491, "2022_44_30": 0.20034932703174765, "2022_44_30_2": 0.020548648926333093, "2022_44_30_5": 0.18493784033699784, "2022_44_30_10": 1.505188533853899, "2022_45_10": 0.005137162231583273, "2022_45_11": 0.04623446008424946, "2022_45_12": 1.0325696085482383, "2022_45_13": 1.6233432651803146, "2022_45_14": 0.03082297338949964, "2022_45_15": 28.028357135518338, "2023_2_0_5": 0.020548648926333093, "2023_2_10": 0.4520702763793281, "2023_2_11": 0.02568581115791637, "2023_2_12": 15.216274529949658, "2023_2_13": 0.01541148669474982, "2023_2_201": 0.005137162231583273, "2023_2_301": 0.06164594677899928, "2023_6_1": 0.08733175793691565, "2023_6_8": 17.296825233740883, "2023_6_9": 1.2380560978115691, "2023_6_11": 15.15976574540224, "2023_6_11_2": 0.05137162231583274, "2023_6_15": 0.005137162231583273, "2023_12_1": 12.267543409020858, "2023_12_1_1": 5.1166135826569406}