{"2023_12_9": 0.0536953937022974, "2023_12_9_1": 0.011506155793349442, "2023_12_10": 0.05753077896674721, "2023_12_11": 0.0536953937022974, "2023_20_4_1": 0.08821386108234572, "2023_20_7": 0.061366164231197035, "2023_20_8": 0.11122617266904464, "2023_20_9": 2.792160472519465, "2023_26_1": 0.1610861811068922, "2023_26_3": 0.011506155793349442, "2023_26_6": 0.0536953937022974, "2023_26_7": 1.9752234111916542, "2023_26_8": 3.6858052391362723, "2023_26_9": 4.686840793157673, "2023_26_10": 0.2876538948337361, "2023_26_11": 0.24546465692478814, "2023_26_12": 0.8054309055344612, "2023_27_6": 6.071414873624056, "2023_27_7": 16.645572047712196, "2023_32_1": 0.3566908295938328, "2023_32_4": 2.991600506270855, "2023_32_6": 13.972308518390674, "2023_32_7": 21.934568327388487, "2023_32_9": 22.35646070647797, "2023_38_1": 0.37586775591608185, "2023_38_4": 0.15341541057799257}