{"2023_32_9": 0.020817431128998677, "2023_38_6": 0.013878287419332452, "2023_38_9": 0.027756574838664904, "2023_44_1": 0.020817431128998677, "2023_44_30_5_1": 0.020817431128998677, "2023_44_30_8": 0.7563666643536185, "2023_44_30_9": 0.041634862257997354, "2023_44_30_13": 0.020817431128998677, "2023_44_30_14": 3.282214974672125, "2023_44_30_16": 0.020817431128998677, "2023_44_30_20": 0.020817431128998677, "2023_44_30_25": 2.6646311845118307, "2023_44_30_30": 0.4649226285476371, "2024_2_2_1": 0.020817431128998677, "2024_2_3": 0.03469571854833113, "2024_2_6": 0.09020886822566093, "2024_2_7": 14.738741239331063, "2024_2_7_1": 0.006939143709666226, "2024_2_8": 1.0339324127402676, "2024_2_12": 0.03469571854833113, "2024_2_13": 0.09020886822566093, "2024_3_6": 1.8805079453195472, "2024_3_10": 15.68246478384567, "2024_3_15": 24.196794115606128, "2024_8_3": 0.11102629935465962, "2024_8_4": 2.7825966275761562, "2024_8_7": 9.985427798209697, "2024_8_8": 0.15266116161265697, "2024_8_9": 21.559919505932964, "2024_8_12": 0.22205259870931923}