{"2023_44_1": 0.013069332810560023, "2023_44_30_5_1": 0.013069332810560023, "2023_44_30_8": 0.6273279749068812, "2023_44_30_9": 0.039207998431680074, "2023_44_30_13": 0.026138665621120046, "2023_44_30_14": 2.777233222244005, "2023_44_30_16": 0.013069332810560023, "2023_44_30_20": 0.013069332810560023, "2023_44_30_25": 2.0845585832843234, "2023_44_30_30": 0.43782264915376073, "2024_2_2_1": 0.0065346664052800115, "2024_2_3": 0.013069332810560023, "2024_2_6": 0.05227733124224009, "2024_2_7": 11.154675553812979, "2024_2_8": 0.8037639678494413, "2024_2_12": 0.026138665621120046, "2024_2_13": 0.05227733124224009, "2024_3_6": 1.4310919427563225, "2024_3_10": 10.912892896817619, "2024_3_15": 21.610141802260998, "2024_3_20": 2.0976279160948836, "2024_3_25": 7.972293014441615, "2024_8_3": 0.08495066326864015, "2024_8_4": 2.0388159184473635, "2024_8_7": 6.42357707639025, "2024_8_8": 0.09148532967392016, "2024_8_9": 28.84401751290597, "2024_8_12": 0.29405998823760054, "2024_14_3": 0.04574266483696008}