{"2024_14_7": 0.04058441558441558, "2024_14_8": 0.128517316017316, "2024_14_9": 2.47564935064935, "2024_15_15": 3.835227272727272, "2024_20_1": 0.669642857142857, "2024_20_3": 0.20968614718614714, "2024_20_6": 0.006764069264069262, "2024_20_6_2": 0.13528138528138525, "2024_20_7": 2.516233766233766, "2024_20_8": 0.013528138528138525, "2024_20_9": 8.008658008658008, "2024_20_9_1": 0.006764069264069262, "2024_20_10": 0.11498917748917747, "2024_20_15": 0.3720238095238095, "2024_21_5": 0.5817099567099565, "2024_26_1": 0.006764069264069262, "2024_26_3_1": 2.0630411255411247, "2024_26_4": 0.02029220779220779, "2024_26_6": 1.0957792207792205, "2024_26_7": 26.068722943722943, "2024_26_8": 23.78246753246753, "2024_26_10": 5.762987012987012, "2024_26_11": 1.1431277056277056, "2024_26_20": 4.673971861471861, "2024_27_5": 1.900703463203463, "2024_27_10": 0.4734848484848484, "2024_32": 0.08116883116883115, "2024_32_3": 13.812229437229433}