{"2022_44_25_5": 0.03516792685071215, "2022_44_30": 0.0996424594103511, "2022_44_30_2": 0.011722642283570716, "2022_44_30_5": 0.017583963425356074, "2022_44_30_10": 0.1406717074028486, "2022_45_11": 0.017583963425356074, "2022_45_12": 0.08791981712678038, "2022_45_13": 0.22859152452962897, "2022_45_15": 30.51403786413457, "2023_2_0_5": 0.005861321141785358, "2023_2_10": 0.1113651016939218, "2023_2_11": 0.005861321141785358, "2023_2_12": 1.0843444112302913, "2023_2_13": 0.011722642283570716, "2023_2_201": 0.005861321141785358, "2023_2_301": 0.011722642283570716, "2023_6_8": 0.14653302854463396, "2023_6_9": 0.005861321141785358, "2023_6_11": 0.2696207725221265, "2023_7_5": 1.0550378055213643, "2023_7_10": 0.005861321141785358, "2023_12_1": 0.14653302854463396, "2023_12_1_1": 0.3809858742160483, "2023_12_5": 33.47986636187797, "2023_12_5_3": 0.1699783131117754, "2023_12_5_4": 0.6037160776038919, "2023_12_8": 0.16411699196999002, "2023_12_9": 29.757927436844263, "2023_12_9_1": 0.005861321141785358, "2023_12_10": 1.4184397163120568}