{"2023_26_12": 0.30548216644649934, "2023_32_6": 0.016512549537648614, "2023_38_9": 0.016512549537648614, "2023_44_1": 0.016512549537648614, "2023_44_30_5_1": 0.008256274768824307, "2023_44_30_8": 0.09081902245706737, "2023_44_30_9": 0.008256274768824307, "2023_44_30_13": 0.016512549537648614, "2023_44_30_14": 0.7017833553500661, "2023_44_30_20": 0.008256274768824307, "2023_44_30_25": 0.06605019815059446, "2023_44_30_30": 0.1981505944517834, "2024_2_6": 0.041281373844121526, "2024_2_7": 0.6770145310435931, "2024_2_8": 0.03302509907529723, "2024_2_12": 0.008256274768824307, "2024_2_13": 0.008256274768824307, "2024_3_6": 0.35501981505944513, "2024_3_10": 1.263210039630119, "2024_3_15": 7.108652575957727, "2024_3_20": 0.726552179656539, "2024_3_25": 40.04293262879788, "2024_8_4": 0.1568692206076618, "2024_8_7": 0.3632760898282695, "2024_8_8": 0.016512549537648614, "2024_8_9": 24.727542932628797, "2024_8_12": 0.08256274768824305, "2024_14_3": 1.9071994715984146, "2024_14_5": 0.09081902245706737, "2024_14_6": 20.93791281373844}