{"2023_7_15": 0.09134233518665608, "2023_7_20": 2.545671167593328, "2023_7_26": 0.04368546465448769, "2023_7_30": 22.343129467831613, "2023_12_1_1": 0.023828435266084195, "2023_12_5": 0.06751389992057188, "2023_12_9": 0.05559968228752979, "2023_12_9_1": 0.019857029388403495, "2023_12_10": 0.07942811755361398, "2023_12_11": 0.06354249404289118, "2023_20_4_1": 0.09531374106433678, "2023_20_7": 0.10325655281969819, "2023_20_8": 0.17077045274027006, "2023_20_9": 3.594122319301033, "2023_26_1": 0.20651310563939637, "2023_26_3": 0.011914217633042097, "2023_26_6": 0.06751389992057188, "2023_26_7": 2.990468625893566, "2023_26_8": 6.405877680698968, "2023_26_9": 8.888006354249404, "2023_26_10": 0.8498808578236695, "2023_26_11": 0.7188244638602065, "2023_26_12": 0.26211278792692616, "2023_27_6": 2.287529785544083, "2023_32_1": 0.8220810166799047, "2023_32_4": 7.609213661636219, "2023_32_6": 38.4988085782367, "2023_32_7": 1.0841938046068307}