{"2023_20_4_1": 0.06818834338214183, "2023_20_7": 0.06459948320413438, "2023_20_8": 0.09689922480620156, "2023_20_9": 2.3973585989089865, "2023_26_1": 0.13637668676428366, "2023_26_3": 0.010766580534022395, "2023_26_6": 0.04665518231409704, "2023_26_7": 1.5862761986792995, "2023_26_8": 2.8280218202698824, "2023_26_9": 3.653459661211599, "2023_26_10": 0.19738730979041055, "2023_26_11": 0.18662072925638817, "2023_26_12": 0.8362044214757394, "2023_27_6": 2.5265575653172547, "2023_27_7": 21.084553545793856, "2023_27_11": 0.010766580534022395, "2023_31_600": 0.02512202124605225, "2023_32_1": 0.26916451335055985, "2023_32_4": 1.952339936836061, "2023_32_6": 6.4958369221935115, "2023_32_7": 7.1633649153029, "2023_32_9": 11.19724375538329, "2023_38_1": 0.03588860178007465, "2023_38_4": 0.9689922480620154, "2023_38_6": 34.63250071777203, "2023_38_8": 1.52885443583118}