{"2022_40_4": 0.01596678907871628, "2022_40_4_1": 0.0798339453935814, "2022_40_4_2": 0.06386715631486511, "2022_44_2": 0.12241204960349145, "2022_44_25_1": 0.06386715631486511, "2022_44_25_2": 0.14370110170844647, "2022_44_25_3": 0.7025387194635162, "2022_44_25_5": 1.3571770716908838, "2022_44_30": 0.5322263026238759, "2022_44_30_1": 0.058544893288626346, "2022_44_30_2": 0.11176752355101394, "2022_44_30_5": 2.0437490020756837, "2022_44_30_10": 22.183192293363145, "2022_45_10": 0.01596678907871628, "2022_45_11": 0.3459470967055193, "2022_45_12": 7.270211293842145, "2023_2_0_5": 0.058544893288626346, "2023_2_10": 1.1283197615626168, "2023_2_11": 0.16499015381340154, "2023_2_12": 29.011655756027473, "2023_2_13": 0.021289052104955034, "2023_2_201": 0.021289052104955034, "2023_2_301": 0.14902336473468525, "2023_6_1": 0.6067379849912186, "2023_6_8": 29.224546277077025, "2023_6_9": 4.50263452019799}