{"2022_44_25_2": 0.017354081101405686, "2022_44_25_3": 0.052062243304217055, "2022_44_25_5": 0.05784693700468562, "2022_44_30": 0.09833979290796557, "2022_44_30_2": 0.017354081101405686, "2022_44_30_5": 0.011569387400937122, "2022_44_30_10": 0.21403366691733677, "2022_45_11": 0.023138774801874245, "2022_45_12": 0.10412448660843411, "2022_45_13": 0.26031121652108524, "2022_45_15": 30.734077630589468, "2023_2_0_5": 0.023138774801874245, "2023_2_10": 0.20246427951639967, "2023_2_11": 0.011569387400937122, "2023_2_12": 1.6254989298316658, "2023_2_13": 0.017354081101405686, "2023_2_201": 0.005784693700468561, "2023_2_301": 0.017354081101405686, "2023_6_1": 0.005784693700468561, "2023_6_8": 0.48591427083935923, "2023_6_9": 0.04049285590327993, "2023_6_11": 0.7230867125585702, "2023_6_11_2": 0.005784693700468561, "2023_7_5": 0.8503499739688786, "2023_12_1": 0.659455081853416, "2023_12_1_1": 4.558338635969227, "2023_12_5": 55.97269624573381, "2023_12_5_3": 0.7173020188581016, "2023_12_8": 0.8503499739688786, "2023_12_9": 1.6370683172326028}