{"2023_32_9": 0.030023268032725356, "2023_38_6": 0.015011634016362678, "2023_38_9": 0.0375290850409067, "2023_44_1": 0.04503490204908804, "2023_44_30_5_1": 0.04503490204908804, "2023_44_30_6": 0.015011634016362678, "2023_44_30_8": 0.9532387600390302, "2023_44_30_9": 0.04503490204908804, "2023_44_30_13": 0.02251745102454402, "2023_44_30_14": 3.8204608571643024, "2023_44_30_16": 0.02251745102454402, "2023_44_30_20": 0.02251745102454402, "2023_44_30_25": 3.963071380319747, "2023_44_30_30": 0.48787810553178707, "2024_2_2_1": 0.007505817008181339, "2024_2_3": 0.0375290850409067, "2024_2_6": 0.06755235307363205, "2024_2_7": 21.30150866921864, "2024_2_7_1": 0.007505817008181339, "2024_2_8": 1.411093597538092, "2024_2_12": 0.04503490204908804, "2024_2_13": 0.19515124221271485, "2024_3_6": 3.3025594835997896, "2024_3_10": 32.50769346243339, "2024_8_3": 0.1501163401636268, "2024_8_4": 3.9930946483524727, "2024_8_7": 23.47068978458305, "2024_8_8": 0.23268032725362156, "2024_8_9": 3.7454026870824886}