{"2023_44_30_14": 0.07570022710068132, "2023_44_30_30": 0.07570022710068132, "2024_8_9": 0.03785011355034066, "2024_14_9": 0.03785011355034066, "2024_15_15": 0.03785011355034066, "2024_20_6_2": 0.03785011355034066, "2024_26_8": 0.2649507948523846, "2024_27_25": 0.03785011355034066, "2024_32_3": 0.03785011355034066, "2024_32_6": 0.07570022710068132, "2024_32_7": 0.4163512490537472, "2024_32_10": 0.7191521574564724, "2024_33_5": 0.7191521574564724, "2024_33_35": 0.15140045420136264, "2024_33_40": 0.07570022710068132, "2024_38_2": 0.03785011355034066, "2024_38_6": 0.15140045420136264, "2024_38_7": 0.34065102195306585, "2024_39_5": 0.03785011355034066, "2024_39_15": 0.15140045420136264, "2024_44_1": 0.03785011355034066, "2024_44_3_1": 0.4920514761544284, "2024_44_4": 1.7032551097653292, "2024_44_25_2": 18.849356548069643, "2024_44_25_3": 0.3785011355034065, "2024_44_25_4": 3.4065102195306585, "2024_45_25_5": 14.496593489780468, "2024_45_25_6": 3.557910673732022, "2024_45_25_10": 0.5677517032551098, "2024_45_25_15": 8.289174867524602, "2024_45_32": 8.66767600302801, "2024_45_32_1": 19.947009841029526, "2024_45_32_2": 16.010598031794096, "2024_45_32_5": 0.07570022710068132}