{"2023_20_4_1": 0.020864847947420582, "2023_20_7": 0.015648635960565437, "2023_20_9": 0.03651348390798602, "2023_26_7": 0.010432423973710291, "2023_26_8": 0.07302696781597204, "2023_26_9": 0.0678107558291169, "2023_26_10": 0.0052162119868551455, "2023_26_11": 0.0052162119868551455, "2023_26_12": 0.7563507380939961, "2023_27_6": 0.1043242397371029, "2023_27_7": 19.31563298732461, "2023_27_12": 8.497209326587033, "2023_32_4": 0.14083772364508895, "2023_32_6": 0.11475666371081321, "2023_32_7": 0.21908090344791614, "2023_32_9": 1.9978091909655211, "2023_38_1": 0.0052162119868551455, "2023_38_4": 0.010432423973710291, "2023_38_6": 11.913828177977154, "2023_38_8": 0.3286213551718742, "2023_38_9": 9.180533096865059, "2023_38_9_1": 0.17213499556621983, "2023_44_1": 46.99807000156487, "2023_44_25": 0.0052162119868551455, "2023_44_25_1": 0.0052162119868551455}