{"2023_26_12": 0.29060381013884407, "2023_32_6": 0.01614465611882467, "2023_38_9": 0.01614465611882467, "2023_44_1": 0.01614465611882467, "2023_44_30_8": 0.09686793671294802, "2023_44_30_9": 0.01614465611882467, "2023_44_30_13": 0.01614465611882467, "2023_44_30_14": 0.6780755569906362, "2023_44_30_20": 0.008072328059412335, "2023_44_30_25": 0.08072328059412336, "2023_44_30_30": 0.18566354536648372, "2024_2_6": 0.03228931223764934, "2024_2_7": 0.6377139166935745, "2024_2_8": 0.01614465611882467, "2024_2_12": 0.008072328059412335, "2024_3_6": 0.3228931223764934, "2024_3_10": 1.2027768808524382, "2024_3_15": 6.57087504036164, "2024_3_20": 0.6942202131094607, "2024_3_25": 40.4423635776558, "2024_8_4": 0.12915724895059735, "2024_8_7": 0.4197610590894414, "2024_8_8": 0.01614465611882467, "2024_8_9": 23.918308040038745, "2024_8_12": 0.08072328059412336, "2024_9_5": 0.008072328059412335, "2024_14_3": 1.8727801097836616, "2024_14_5": 0.08072328059412336, "2024_14_6": 18.832741362608978, "2024_14_7": 3.293509848240232}