{"2023_20_9": 0.030176532716390883, "2023_26_7": 0.010058844238796962, "2023_26_8": 0.07041190967157875, "2023_26_9": 0.07041190967157875, "2023_26_11": 0.005029422119398481, "2023_26_12": 0.7544133179097721, "2023_27_6": 0.08550017602977418, "2023_27_7": 18.578685309057988, "2023_27_12": 8.600311824171403, "2023_32_4": 0.1307649751043605, "2023_32_6": 0.12573555298496203, "2023_32_7": 0.20117688477593923, "2023_32_9": 1.7200623648342805, "2023_38_1": 0.005029422119398481, "2023_38_4": 0.010058844238796962, "2023_38_6": 10.511492229542826, "2023_38_8": 0.281647638686315, "2023_38_9": 7.7000452647990745, "2023_38_9_1": 0.4124126137906754, "2023_44_1": 47.50289191771865, "2023_44_25": 0.005029422119398481, "2023_44_30_1": 2.570034703012624, "2023_44_30_2": 0.6035306543278176, "2023_44_30_3": 0.015088266358195442}