{"2023_7_30": 5.58146647297194, "2023_12_1_1": 0.030583377934092826, "2023_12_5": 0.05734383362642404, "2023_12_9": 0.05734383362642404, "2023_12_9_1": 0.019114611208808013, "2023_12_10": 0.07645844483523205, "2023_12_11": 0.06498967810994725, "2023_20_4_1": 0.09557305604404007, "2023_20_7": 0.08028136707699365, "2023_20_8": 0.14144812294517928, "2023_20_9": 2.9933481152993346, "2023_26_1": 0.17203150087927213, "2023_26_3": 0.01146876672528481, "2023_26_6": 0.05734383362642404, "2023_26_7": 2.240232433672299, "2023_26_8": 4.446058567168744, "2023_26_9": 6.181665264928511, "2023_26_10": 0.5619695695389556, "2023_26_11": 0.4090526798684915, "2023_26_12": 0.6995947702423732, "2023_27_6": 20.211789892193593, "2023_32_1": 0.42816729107729956, "2023_32_4": 4.159339399036624, "2023_32_6": 17.849223946784925, "2023_32_7": 33.12179830262253, "2023_32_9": 0.24848994571450414, "2023_38_1": 0.0038229222417616032}