{"2022_45_12": 0.028907303912121804, "2022_45_13": 0.043360955868182706, "2022_45_15": 0.8238581614954714, "2023_2_10": 0.014453651956060902, "2023_2_12": 0.13490075158990172, "2023_2_301": 0.009635767970707268, "2023_6_8": 0.03854307188282907, "2023_6_11": 0.07708614376565814, "2023_7_5": 0.028907303912121804, "2023_7_10": 4.615532857968781, "2023_7_15": 2.6161110040470232, "2023_7_20": 22.28753131624591, "2023_7_25": 0.019271535941414536, "2023_12_1": 0.009635767970707268, "2023_12_1_1": 0.03854307188282907, "2023_12_5": 2.726922335710157, "2023_12_5_4": 0.36615918288687616, "2023_12_8": 0.009635767970707268, "2023_12_9": 5.140682212372328, "2023_12_9_1": 1.4020042397379073, "2023_12_10": 0.7756793216419349, "2023_12_11": 3.126806706494508, "2023_20_4_1": 22.253806128348433, "2023_20_6": 0.8527654654075931, "2023_20_7": 32.5544420890345, "2023_26": 0.004817883985353634}