{"2023_26_8": 0.09358683873510001, "2023_26_9": 0.09358683873510001, "2023_26_12": 0.738843463698158, "2023_27_6": 0.08866121564377896, "2023_27_7": 13.69815781696385, "2023_27_12": 5.920598955767907, "2023_32_1": 0.009851246182642107, "2023_32_4": 0.10836370800906317, "2023_32_6": 0.18717367747020003, "2023_32_7": 0.20687616983548424, "2023_32_9": 1.5417200275834897, "2023_38_1": 0.004925623091321054, "2023_38_4": 0.014776869273963157, "2023_38_6": 9.457196335336421, "2023_38_8": 0.24135553147473163, "2023_38_9": 5.866417101763374, "2023_38_9_1": 0.4334548320362527, "2023_44_1": 33.18884838932126, "2023_44_25": 0.004925623091321054, "2023_44_30_1": 2.8273076544182847, "2023_44_30_2": 11.900305388631665, "2023_44_30_3": 0.07880996946113686, "2023_44_30_4": 6.285095064525664, "2023_44_30_5_1": 5.708797162841101, "2023_44_30_6": 1.300364496108758}