{"2023_27_6": 0.054392167527875984, "2023_27_7": 7.673828302057838, "2023_27_12": 2.8827848789774277, "2023_32_4": 0.07705557066449098, "2023_32_6": 0.09971897380110598, "2023_32_7": 0.14957846070165898, "2023_32_9": 1.1059740730668117, "2023_38_1": 0.004532680627322999, "2023_38_4": 0.013598041881968996, "2023_38_6": 6.726498050947331, "2023_38_8": 0.16317650258362795, "2023_38_9": 3.639742543740368, "2023_38_9_1": 0.21756867011150394, "2023_44_1": 17.083673284380385, "2023_44_9_1": 0.009065361254645998, "2023_44_25": 0.004532680627322999, "2023_44_30_1": 0.26742815701205697, "2023_44_30_2": 0.6708367328438039, "2023_44_30_3": 0.009065361254645998, "2023_44_30_4": 0.46233342398694594, "2023_44_30_5_1": 8.961109600217569, "2023_44_30_6": 1.8312029734384914, "2023_44_30_7": 1.7677454446559695, "2023_44_30_8": 45.585169068987405, "2023_44_30_9": 0.525790952769468, "2023_44_30_10": 0.004532680627322999, "2023_44_30_11": 0.009065361254645998}