{"2023_7_20": 0.03288211760837398, "2023_7_30": 0.08768564695566396, "2023_12_9": 0.01644105880418699, "2023_12_9_1": 0.010960705869457995, "2023_20_4_1": 0.02192141173891599, "2023_20_7": 0.010960705869457995, "2023_20_9": 0.027401764673644986, "2023_26_3": 0.005480352934728997, "2023_26_7": 0.010960705869457995, "2023_26_8": 0.06028388228201897, "2023_26_9": 0.07124458815147697, "2023_26_10": 0.005480352934728997, "2023_26_11": 0.005480352934728997, "2023_26_12": 0.7727297637967885, "2023_27_6": 0.14796952923768292, "2023_27_7": 25.07809502931989, "2023_27_12": 2.8771852907327236, "2023_31_600": 0.005480352934728997, "2023_32_4": 0.15344988217241193, "2023_32_6": 0.13152847043349591, "2023_32_7": 0.26305694086699183, "2023_32_9": 2.3784731736723845, "2023_38_1": 0.005480352934728997, "2023_38_4": 0.01644105880418699, "2023_38_6": 16.452019510056445, "2023_38_8": 0.39458541130048774, "2023_38_9": 10.494875870006029, "2023_44_1": 40.46144571710418}