{"2023_32_6": 0.03840245775729647, "2023_38_9_1": 0.03840245775729647, "2023_44_30_14": 0.03840245775729647, "2023_44_30_30": 0.03840245775729647, "2024_8_9": 0.03840245775729647, "2024_14_9": 0.03840245775729647, "2024_15_15": 0.03840245775729647, "2024_20_6_2": 0.03840245775729647, "2024_26_8": 0.1152073732718894, "2024_32_6": 0.07680491551459294, "2024_32_7": 0.30721966205837176, "2024_32_10": 0.5376344086021506, "2024_33_5": 0.4608294930875576, "2024_33_35": 0.3456221198156682, "2024_38_2": 0.03840245775729647, "2024_38_6": 0.15360983102918588, "2024_38_7": 0.4608294930875576, "2024_39_5": 0.03840245775729647, "2024_39_15": 0.07680491551459294, "2024_44_3_1": 0.4608294930875576, "2024_44_4": 1.6897081413210446, "2024_44_25_2": 17.012288786482337, "2024_44_25_3": 0.2304147465437788, "2024_44_25_4": 3.341013824884792, "2024_45_25_5": 14.01689708141321, "2024_45_25_6": 3.5330261136712746, "2024_45_25_10": 0.42242703533026116, "2024_45_25_15": 9.639016897081412, "2024_45_32": 5.568356374807988, "2024_45_32_1": 8.832565284178187, "2024_45_32_2": 24.001536098310293, "2024_45_32_5": 0.2688172043010753, "2024_45_32_6": 0.9600614439324116, "2025_2": 7.104454685099845}