{"2023_44_30_8": 0.07960631060935015, "2023_44_30_9": 0.021710811984368222, "2023_44_30_13": 0.014473874656245478, "2023_44_30_14": 0.5065856129685918, "2023_44_30_25": 0.10131712259371836, "2023_44_30_30": 0.18092343320306853, "2024_2_6": 0.028947749312490955, "2024_2_7": 0.48487480098422364, "2024_2_8": 0.014473874656245478, "2024_2_12": 0.007236937328122739, "2024_2_13": 0.007236937328122739, "2024_3_6": 0.20263424518743672, "2024_3_10": 0.7960631060935015, "2024_3_15": 4.552033579389204, "2024_3_20": 0.40526849037487345, "2024_3_25": 35.482703719785796, "2024_8_4": 0.06513243595310467, "2024_8_7": 0.30395136778115517, "2024_8_8": 0.014473874656245478, "2024_8_9": 10.500796063106097, "2024_8_12": 0.06513243595310467, "2024_9_5": 0.014473874656245478, "2024_14_3": 0.6079027355623103, "2024_14_5": 0.05065856129685918, "2024_14_6": 7.425097698653932, "2024_14_7": 3.7849182226081934, "2024_14_8": 28.09379070777248, "2024_14_9": 5.7171804892169655, "2024_14_11": 0.4704009263279781}