{"2024_3_10": 0.05739704405223131, "2024_3_15": 0.11479408810446262, "2024_3_25": 0.911178074329172, "2024_8_7": 0.05739704405223131, "2024_8_9": 0.24393743722198308, "2024_14_3": 0.02152389151958674, "2024_14_5": 0.007174630506528914, "2024_14_6": 0.18654039316975177, "2024_14_7": 0.04304778303917348, "2024_14_8": 0.27263595924809875, "2024_14_9": 15.217391304347828, "2024_14_11": 0.007174630506528914, "2024_15_15": 4.835700961400487, "2024_20_1": 2.3461041756349545, "2024_20_3": 1.5353709283971875, "2024_20_6": 0.22241354570239633, "2024_20_6_1": 0.014349261013057828, "2024_20_6_2": 2.2887071315827234, "2024_20_7": 16.602094992107904, "2024_20_8": 0.11479408810446262, "2024_20_9": 37.946620749031425, "2024_20_9_1": 0.02152389151958674, "2024_20_10": 0.5093987659635528, "2024_20_15": 0.9327019658487586, "2024_21_5": 4.520017219113216, "2024_26_1": 0.07174630506528915, "2024_26_3_1": 10.833692064858658, "2024_26_4": 0.06457167455876023}