{"2023_44_1": 0.012839442768183862, "2023_44_30_5_1": 0.012839442768183862, "2023_44_30_8": 0.5841946459523657, "2023_44_30_9": 0.03851832830455158, "2023_44_30_13": 0.025678885536367723, "2023_44_30_14": 2.657764653014059, "2023_44_30_16": 0.006419721384091931, "2023_44_30_20": 0.012839442768183862, "2023_44_30_25": 1.9066572510753035, "2023_44_30_30": 0.3916030044296077, "2024_2_2_1": 0.006419721384091931, "2024_2_3": 0.012839442768183862, "2024_2_6": 0.051357771072735446, "2024_2_7": 10.07896257302433, "2024_2_8": 0.7575271233228478, "2024_2_12": 0.025678885536367723, "2024_2_13": 0.04493804968864351, "2024_3_6": 1.283944276818386, "2024_3_10": 9.135263529562817, "2024_3_15": 8.904153559735507, "2024_3_20": 1.033575142838801, "2024_3_25": 24.40778070231752, "2024_8_3": 0.07703665660910317, "2024_8_4": 1.836040315850292, "2024_8_7": 5.662194260769082, "2024_8_8": 0.08345637799319511, "2024_8_9": 29.851704436027475, "2024_8_12": 0.10271554214547089, "2024_14_3": 0.9950568145342491}