{"2023_20_4_1": 0.02539102173471461, "2023_20_7": 0.015234613040828767, "2023_20_9": 0.030469226081657533, "2023_26_7": 0.010156408693885843, "2023_26_8": 0.0710948608572009, "2023_26_9": 0.0710948608572009, "2023_26_10": 0.005078204346942922, "2023_26_11": 0.005078204346942922, "2023_26_12": 0.7515742433475525, "2023_27_6": 0.09140767824497259, "2023_27_7": 18.784277879341868, "2023_27_12": 8.663416615884625, "2023_32_4": 0.15234613040828765, "2023_32_6": 0.12187690432663013, "2023_32_7": 0.20312817387771687, "2023_32_9": 1.7773715214300225, "2023_38_1": 0.005078204346942922, "2023_38_4": 0.010156408693885843, "2023_38_6": 10.918139345927285, "2023_38_8": 0.2945358521226895, "2023_38_9": 8.287629494210847, "2023_38_9_1": 0.36055250863294747, "2023_44_1": 48.46638228722324, "2023_44_25": 0.005078204346942922, "2023_44_30_1": 0.8734511476741826}