{"2023_12_10": 0.033146729522687095, "2023_12_11": 0.05156157925751326, "2023_20_4_1": 0.07365939893930465, "2023_20_7": 0.06261048909840897, "2023_20_8": 0.09944018856806128, "2023_20_9": 2.555981143193872, "2023_26_1": 0.1473187978786093, "2023_26_3": 0.0110489098408957, "2023_26_6": 0.04787860931054803, "2023_26_7": 1.7309958750736594, "2023_26_8": 3.1636711844431358, "2023_26_9": 4.036535061873895, "2023_26_10": 0.23939304655274013, "2023_26_11": 0.20624631703005303, "2023_26_12": 0.8470830878020036, "2023_27_6": 3.1378903948143786, "2023_27_7": 20.160577489687682, "2023_31_600": 0.036829699469652324, "2023_32_1": 0.31305244549204475, "2023_32_4": 2.335002946375958, "2023_32_6": 10.886859163229229, "2023_32_7": 15.114908662345314, "2023_32_9": 28.657189157336475, "2023_38_1": 0.11785503830288745, "2023_38_4": 3.9776075427224513, "2023_38_6": 1.9556570418385388}