{"2023_2_12": 0.10813037433705783, "2023_2_301": 0.010298130889243603, "2023_6_8": 0.010298130889243603, "2023_6_11": 0.020596261778487206, "2023_7_10": 0.82899953658411, "2023_7_15": 0.6951238350239433, "2023_7_20": 25.441532361876323, "2023_7_26": 0.3398383193450389, "2023_7_30": 1.7300859893929252, "2023_12_1": 0.005149065444621802, "2023_12_1_1": 0.036043458112352614, "2023_12_5": 0.12357757067092323, "2023_12_5_4": 0.020596261778487206, "2023_12_9": 0.10298130889243601, "2023_12_9_1": 0.030894392667730808, "2023_12_10": 0.10813037433705783, "2023_12_11": 0.13387570156016682, "2023_20_4_1": 0.15962102878327583, "2023_20_7": 0.38103084290201333, "2023_20_8": 0.35528551567890426, "2023_20_9": 9.592708923330417, "2023_26_1": 0.5406518716852892, "2023_26_3": 0.020596261778487206, "2023_26_6": 0.21111168322949384, "2023_26_7": 16.168065496112458, "2023_26_8": 40.57463570361979, "2023_26_9": 0.7723598166932701, "2023_26_10": 1.4262911281602388, "2023_26_11": 0.051490654446218004}