{"2024_3_20": 0.15233684723660962, "2024_3_25": 8.354152702455671, "2024_8_4": 0.042654317226250696, "2024_8_7": 0.21936506002071787, "2024_8_8": 0.012186947778928772, "2024_8_9": 4.899153007129366, "2024_8_12": 0.042654317226250696, "2024_9_5": 0.006093473889464386, "2024_14_3": 0.23155200779964666, "2024_14_5": 0.030467369447321927, "2024_14_6": 1.962098592407532, "2024_14_7": 0.7921516056303701, "2024_14_8": 2.3398939735543243, "2024_14_9": 27.018463225885082, "2024_14_11": 0.08530863445250139, "2024_15_10": 0.006093473889464386, "2024_15_15": 4.143562244835782, "2024_20_1": 7.671683626835661, "2024_20_3": 3.5829626470050586, "2024_20_6": 0.6215343367253673, "2024_20_6_1": 0.030467369447321927, "2024_20_6_2": 3.7231125464627395, "2024_20_7": 20.35220279081105, "2024_20_8": 0.14014989945768083, "2024_20_9": 13.47876424349522, "2024_20_9_1": 0.012186947778928772, "2024_26_1": 0.04874779111571509}