{"2024_32_7": 7.648931935783467, "2024_32_9": 0.03980363539869973, "2024_32_9_1": 0.013267878466233245, "2024_32_10": 15.297863871566934, "2024_32_20": 0.0862412100305161, "2024_32_20_1": 0.21228605545973192, "2024_33_5": 15.198354783070183, "2024_33_15": 0.41793817168634717, "2024_33_25": 0.18575029852726543, "2024_33_30": 0.013267878466233245, "2024_33_35": 5.930741674406261, "2024_33_40": 0.7695369510415282, "2024_38": 0.0066339392331166225, "2024_38_2": 1.4727345097518902, "2024_38_4": 0.16584848082791556, "2024_38_6": 1.6584848082791555, "2024_38_7": 4.643757463181636, "2024_39_5": 0.9154836141700938, "2024_39_15": 0.23882181239219838, "2024_44_1": 0.19901817699349866, "2024_44_3": 0.7629030118084117, "2024_44_3_1": 18.866923178983676, "2024_44_4": 0.5307151386493297, "2024_44_25_2": 13.042324532307278, "2024_44_25_3": 0.6633939233116622, "2024_44_25_4": 0.5506169563486796, "2024_45_25_5": 2.885763566405731, "2024_45_25_6": 0.6434921056123123, "2024_45_32": 6.939100437839987}