{"2024_20_10": 0.05779975595658596, "2024_20_15": 0.3146875602080792, "2024_21_5": 0.41102048680238906, "2024_26_3_1": 1.4642604842335112, "2024_26_4": 0.019266585318861988, "2024_26_6": 0.7513968274356175, "2024_26_7": 10.3911116819729, "2024_26_8": 7.591034615631623, "2024_26_10": 2.2092351165628408, "2024_26_11": 0.3018431699955045, "2024_26_20": 1.7917924346541652, "2024_27_5": 0.3724873161646651, "2024_27_10": 1.5413268255089592, "2024_27_25": 9.710359000706442, "2024_32": 0.032110975531436645, "2024_32_3": 11.296641191959413, "2024_32_4_1": 0.584419754672147, "2024_32_4_2": 0.05137756085029863, "2024_32_5_3": 0.032110975531436645, "2024_32_5_4": 0.0834885363817353, "2024_32_6": 13.210455333633037, "2024_32_7": 19.497784342688334, "2024_32_10": 17.185794104424897, "2024_32_20": 0.4816646329715497, "2024_32_20_1": 0.5972641448847217, "2024_38": 0.019266585318861988}