{"2022_36_6": 0.10853421683994062, "2022_36_20": 0.11424654404204274, "2022_40_4": 0.011424654404204274, "2022_40_4_1": 0.06854792642522564, "2022_40_4_2": 0.0628355992231235, "2022_44_2": 0.13138352564834915, "2022_44_25_1": 0.07997258082942993, "2022_44_25_2": 0.19421912487147266, "2022_44_25_3": 0.8111504626985035, "2022_44_25_5": 1.9650405575231351, "2022_44_30": 0.5997943562207244, "2022_44_30_1": 0.07426025362732777, "2022_44_30_2": 0.10853421683994062, "2022_44_30_5": 2.5933965497543703, "2022_44_30_10": 26.882211813092656, "2022_45_10": 0.022849308808408547, "2022_45_11": 2.1535473551925053, "2023_2_0_5": 0.0628355992231235, "2023_2_10": 1.2509996572603679, "2023_2_11": 0.19993145207357477, "2023_2_12": 36.26756540614647, "2023_2_13": 0.01713698160630641, "2023_2_201": 0.09710956243573633, "2023_6_1": 0.9710956243573633, "2023_6_8": 24.962869873186335, "2023_6_9": 0.1885067976693705}