{"2023_27_7": 0.017201341704652966, "2023_32_7": 0.017201341704652966, "2023_32_9": 0.03440268340930593, "2023_38_9": 0.0516040251139589, "2023_44_1": 0.04300335426163242, "2023_44_30_5_1": 0.02580201255697945, "2023_44_30_6": 0.017201341704652966, "2023_44_30_8": 1.8233422206932148, "2023_44_30_9": 0.04300335426163242, "2023_44_30_13": 0.0516040251139589, "2023_44_30_14": 6.725724606519311, "2023_44_30_16": 0.02580201255697945, "2023_44_30_20": 0.060204695966285394, "2023_44_30_25": 19.532123505633443, "2023_44_30_30": 1.0234798314268516, "2024_2_2_1": 0.03440268340930593, "2024_2_3": 0.017201341704652966, "2024_2_6": 0.06880536681861187, "2024_2_7": 45.51475015051176, "2024_2_7_1": 0.008600670852326483, "2024_2_8": 3.5950804162724697, "2024_2_12": 0.12040939193257079, "2024_2_13": 0.5246409219919156, "2024_3_5": 0.008600670852326483, "2024_3_6": 0.5418422636965685, "2024_8_3": 0.3870301883546917, "2024_8_4": 11.636707663197733, "2024_8_7": 8.050227917777589}