{"2023_38_6": 0.013442667025137786, "2023_38_9": 0.02016400053770668, "2023_44_1": 0.02016400053770668, "2023_44_30_5_1": 0.013442667025137786, "2023_44_30_8": 0.6922973517945961, "2023_44_30_9": 0.04704933458798226, "2023_44_30_13": 0.02016400053770668, "2023_44_30_14": 3.0514854147062778, "2023_44_30_16": 0.02016400053770668, "2023_44_30_20": 0.02016400053770668, "2023_44_30_25": 2.372630729936819, "2023_44_30_30": 0.4570506788546847, "2024_2_2_1": 0.006721333512568893, "2024_2_3": 0.033606667562844465, "2024_2_6": 0.08065600215082672, "2024_2_7": 13.355289689474393, "2024_2_7_1": 0.006721333512568893, "2024_2_8": 0.9342653582470762, "2024_2_12": 0.033606667562844465, "2024_2_13": 0.07393466863825783, "2024_3_6": 1.646726710579379, "2024_3_10": 13.193977685172738, "2024_3_15": 27.73222207285926, "2024_3_20": 0.383116010216427, "2024_8_3": 0.09409866917596452, "2024_8_4": 2.3188600618362685, "2024_8_7": 7.682484204866245, "2024_8_8": 0.12770533673880896, "2024_8_9": 25.278935340771607, "2024_8_12": 0.2688533405027557}