{"2022_44_30_10": 0.028254972875226034, "2022_45_13": 0.033905967450271246, "2022_45_15": 0.14692585895117538, "2023_2_10": 0.016952983725135623, "2023_2_12": 0.20908679927667267, "2023_2_301": 0.011301989150090414, "2023_6_8": 0.028254972875226034, "2023_6_11": 0.05085895117540686, "2023_7_10": 0.9889240506329113, "2023_7_15": 0.8646021699819169, "2023_7_20": 27.49208860759494, "2023_7_26": 0.4238245931283906, "2023_12_1": 0.016952983725135623, "2023_12_1_1": 0.05650994575045207, "2023_12_5": 0.3051537070524412, "2023_12_5_4": 0.12432188065099457, "2023_12_9": 0.1525768535262206, "2023_12_9_1": 0.05650994575045207, "2023_12_10": 0.17518083182640143, "2023_12_11": 0.4464285714285714, "2023_20_4_1": 0.3108047016274864, "2023_20_7": 0.6159584086799276, "2023_20_8": 0.5820524412296565, "2023_20_9": 17.088607594936708, "2023_26_1": 0.7967902350813741, "2023_26_3": 0.05085895117540686, "2023_26_6": 0.5255424954792042, "2023_26_7": 37.228752260397826, "2023_26_8": 11.172016274864374}