{"2024_26_10": 1.5591362776436817, "2024_26_11": 0.24789614456259373, "2024_26_20": 1.409093874355796, "2024_27_5": 0.2739904755691825, "2024_27_10": 0.7828299301976643, "2024_27_25": 3.653206340922434, "2024_32": 0.032617913758236014, "2024_32_3": 6.230021527823078, "2024_32_4_1": 0.3066083893274186, "2024_32_4_2": 0.026094331006588815, "2024_32_5_3": 0.019570748254941612, "2024_32_5_4": 0.032617913758236014, "2024_32_6": 3.0921782242807745, "2024_32_7": 12.349142148868157, "2024_32_9": 0.05218866201317763, "2024_32_9_1": 0.1696131515428273, "2024_32_10": 29.088655489594878, "2024_32_20": 0.11742448952964968, "2024_32_20_1": 0.3392263030856546, "2024_33_5": 18.898819231521948, "2024_33_15": 1.1024854850283772, "2024_33_25": 1.1220562332833188, "2024_33_30": 0.11090090677800246, "2024_33_35": 0.9654902472437862, "2024_38": 0.006523582751647204, "2024_38_2": 4.416465522865157, "2024_38_4": 0.3718442168438906, "2024_38_6": 13.223302237588882}