{"2023_2_12": 0.23891229746752957, "2023_6_8": 0.05647017940141609, "2023_6_11": 0.06950175926328134, "2023_7_5": 0.017375439815820334, "2023_7_10": 2.9451370487815467, "2023_7_15": 1.5290387037921895, "2023_7_20": 23.882542026845055, "2023_7_25": 0.004343859953955084, "2023_7_26": 0.2953824768689457, "2023_12_1": 0.008687719907910167, "2023_12_1_1": 0.06950175926328134, "2023_12_5": 2.0242387385430693, "2023_12_5_4": 0.2519438773293948, "2023_12_8": 0.004343859953955084, "2023_12_9": 3.6097476217366746, "2023_12_9_1": 0.8557404109291517, "2023_12_10": 0.5256070544285651, "2023_12_11": 1.6506667825029318, "2023_20_4_1": 6.902393466834629, "2023_20_6": 0.1259719386646974, "2023_20_7": 5.746926719082576, "2023_20_8": 3.8052213196646534, "2023_20_9": 39.1294904652274, "2023_26_1": 5.560140741062507, "2023_26_3": 0.1346596585726076, "2023_26_6": 0.5560140741062507}