{"2024_20_6_2": 0.1406200063918184, "2024_20_7": 2.0134228187919456, "2024_20_9": 6.494087567913069, "2024_20_10": 0.05752636625119845, "2024_20_15": 0.3195909236177692, "2024_21_5": 0.4474272930648769, "2024_26_1": 0.006391818472355383, "2024_26_3_1": 1.6554809843400444, "2024_26_4": 0.01917545541706615, "2024_26_6": 0.8309364014061997, "2024_26_7": 13.314157877916264, "2024_26_8": 9.395973154362414, "2024_26_10": 2.8571428571428563, "2024_26_11": 0.4602109300095876, "2024_26_20": 2.2563119207414504, "2024_27_5": 0.5944391179290507, "2024_27_10": 2.281879194630872, "2024_27_25": 18.80472994566954, "2024_32": 0.05113454777884306, "2024_32_3": 32.464046021093, "2024_32_4_1": 3.0808565036752946, "2024_32_4_2": 0.30041546820070303, "2024_32_5_3": 0.06391818472355384, "2024_32_5_4": 0.8117609459891336, "2024_32_6": 1.2783636944710768}