{"2023_38_6": 0.013534546931041487, "2023_38_9": 0.020301820396562226, "2023_44_1": 0.027069093862082973, "2023_44_30_5_1": 0.013534546931041487, "2023_44_30_8": 0.6970291669486365, "2023_44_30_9": 0.047370914258645196, "2023_44_30_13": 0.020301820396562226, "2023_44_30_14": 3.133247614536104, "2023_44_30_16": 0.020301820396562226, "2023_44_30_20": 0.020301820396562226, "2023_44_30_25": 2.4429857210529886, "2023_44_30_30": 0.4601745956554105, "2024_2_2_1": 0.020301820396562226, "2024_2_3": 0.027069093862082973, "2024_2_6": 0.07444000812072818, "2024_2_7": 13.58191784530013, "2024_2_7_1": 0.006767273465520743, "2024_2_8": 0.9541855586384247, "2024_2_12": 0.033836367327603714, "2024_2_13": 0.07444000812072818, "2024_3_6": 1.6850510929146651, "2024_3_10": 13.669892400351898, "2024_3_15": 27.2112066048589, "2024_3_20": 0.16918183663801856, "2024_8_3": 0.10150910198281114, "2024_8_4": 2.4362184475874673, "2024_8_7": 8.21546998714218, "2024_8_8": 0.1285781958448941, "2024_8_9": 24.436624483995402, "2024_8_12": 0.2571563916897882}