{"2023_26_12": 0.4370247356000351, "2023_27_7": 0.0262214841360021, "2023_32_7": 0.0174809894240014, "2023_32_9": 0.0262214841360021, "2023_38_9": 0.0524429682720042, "2023_44_1": 0.0437024735600035, "2023_44_30_5_1": 0.0174809894240014, "2023_44_30_6": 0.0174809894240014, "2023_44_30_8": 1.9491303207761563, "2023_44_30_9": 0.0174809894240014, "2023_44_30_13": 0.0524429682720042, "2023_44_30_14": 7.1409841797045726, "2023_44_30_16": 0.0174809894240014, "2023_44_30_20": 0.061183462984004906, "2023_44_30_25": 19.10672144043353, "2023_44_30_30": 0.8827899659120708, "2024_2_2_1": 0.0349619788480028, "2024_2_3": 0.0174809894240014, "2024_2_6": 0.0699239576960056, "2024_2_7": 46.48195087841972, "2024_2_7_1": 0.0087404947120007, "2024_2_8": 3.705969757888297, "2024_2_12": 0.4982081985840399, "2024_2_13": 0.1048859365440084, "2024_3_5": 0.0087404947120007, "2024_8_3": 0.5506511668560442, "2024_8_4": 18.040381085569447, "2024_8_7": 0.611834629840049}