{"2022_45_12": 0.02942907592701589, "2022_45_13": 0.044143613890523827, "2022_45_15": 0.8975868157739847, "2023_2_10": 0.019619383951343924, "2023_2_12": 0.14224053364724343, "2023_2_301": 0.009809691975671962, "2023_6_8": 0.03433392191485187, "2023_6_11": 0.09319207376888365, "2023_7_5": 0.02942907592701589, "2023_7_10": 4.944084755738669, "2023_7_15": 2.825191288993525, "2023_7_20": 21.94428094957818, "2023_12_1": 0.009809691975671962, "2023_12_1_1": 0.044143613890523827, "2023_12_5": 2.991956052579949, "2023_12_5_4": 0.3874828330390425, "2023_12_8": 0.004904845987835981, "2023_12_9": 5.498332352364136, "2023_12_9_1": 1.5842652540710218, "2023_12_10": 0.8534432018834607, "2023_12_11": 3.5952521090837744, "2023_20_4_1": 33.10280557190504, "2023_20_6": 1.0986855012752599, "2023_20_7": 19.810672944869527, "2023_26": 0.004904845987835981}