{"2023_26_9": 0.07026748489249074, "2023_26_12": 0.7214128448962382, "2023_27_6": 0.06558298589965801, "2023_27_7": 9.078559048109803, "2023_27_12": 3.508689745631704, "2023_32_4": 0.09368997985665432, "2023_32_6": 0.11711247482081792, "2023_32_7": 0.18269546072047593, "2023_32_9": 1.2132852391436733, "2023_38_1": 0.004684498992832715, "2023_38_4": 0.014053496978498147, "2023_38_6": 7.523305382489342, "2023_38_8": 0.18269546072047593, "2023_38_9": 4.201995596570946, "2023_38_9_1": 0.5106103902187661, "2023_44_1": 20.738277041270432, "2023_44_25": 0.004684498992832715, "2023_44_30_1": 0.43097390734060986, "2023_44_30_2": 1.1570712512296808, "2023_44_30_3": 0.01873799597133086, "2023_44_30_4": 0.955637794537874, "2023_44_30_5_1": 35.57876985056448, "2023_44_30_6": 6.408394622195155, "2023_44_30_7": 7.204759450976718, "2023_44_30_10": 0.014053496978498147}