{"2023_32_7": 0.14015755642549899, "2023_32_9": 1.1212604514039919, "2023_38_4": 0.009666038374172346, "2023_38_6": 6.833889130539847, "2023_38_8": 0.16432265236092986, "2023_38_9": 3.6344304286888014, "2023_38_9_1": 0.19815378667053304, "2023_44_1": 16.06012275868735, "2023_44_9_1": 0.009666038374172346, "2023_44_9_2": 0.009666038374172346, "2023_44_25": 0.004833019187086173, "2023_44_30_1": 0.2223188826059639, "2023_44_30_2": 0.5461311681407375, "2023_44_30_3": 0.009666038374172346, "2023_44_30_4": 0.3818085157798076, "2023_44_30_5_1": 6.563240056063021, "2023_44_30_6": 1.3049151805132666, "2023_44_30_7": 1.1744236624619397, "2023_44_30_8": 48.15137016093953, "2023_44_30_9": 13.227973515054853, "2023_44_30_10": 0.004833019187086173, "2023_44_30_12": 0.019332076748344692, "2023_44_30_13": 0.2078198250447054}