{"2022_40_4_2": 0.016041922891823965, "2022_44_2": 0.04277846104486392, "2022_44_25_2": 0.03208384578364793, "2022_44_25_3": 0.24062884337735954, "2022_44_25_5": 0.1069461526121598, "2022_44_30": 0.21923961285492755, "2022_44_30_1": 0.00534730763060799, "2022_44_30_2": 0.02138923052243196, "2022_44_30_5": 0.20319768996310358, "2022_44_30_10": 1.7860007486230685, "2022_45_10": 0.00534730763060799, "2022_45_11": 0.05882038393668788, "2022_45_12": 1.2352280626704455, "2022_45_13": 1.951767285171916, "2022_45_14": 0.03208384578364793, "2022_45_15": 27.501203144216884, "2023_2_0_5": 0.02138923052243196, "2023_2_10": 0.48660499438532695, "2023_2_11": 0.03208384578364793, "2023_2_12": 16.956312496657937, "2023_2_13": 0.016041922891823965, "2023_2_301": 0.06951499919790385, "2023_6_1": 0.09090422972033582, "2023_6_8": 20.416020533661303, "2023_6_9": 1.4651622907865889, "2023_6_11": 18.982942088658362, "2023_6_11_2": 0.09090422972033582, "2023_6_15": 0.00534730763060799, "2023_12_1": 7.908667985669215}