{"2022_44_25_5": 0.07079144839303413, "2022_44_30": 0.15574118646467508, "2022_44_30_2": 0.018877719571475767, "2022_44_30_5": 0.13686346689319934, "2022_44_30_10": 0.9627636981452642, "2022_45_11": 0.037755439142951534, "2022_45_12": 0.7126339138232102, "2022_45_13": 1.0949077351455947, "2022_45_14": 0.02359714946434471, "2022_45_15": 28.637500589928745, "2023_2_0_5": 0.02359714946434471, "2023_2_10": 0.3397989522865638, "2023_2_11": 0.014158289678606828, "2023_2_12": 5.550049554013876, "2023_2_13": 0.018877719571475767, "2023_2_201": 0.004719429892868942, "2023_2_301": 0.04719429892868942, "2023_6_1": 0.03303600925008259, "2023_6_8": 5.417905517013546, "2023_6_9": 0.9722025579310021, "2023_6_11": 3.926565670866959, "2023_6_11_2": 0.028316579357213656, "2023_7_5": 0.02359714946434471, "2023_12_1": 2.2322903393270095, "2023_12_1_1": 8.60824012459295, "2023_12_5": 40.1623483883147, "2023_12_8": 0.7456699230732928}