{"2023_6_8": 0.05631118426752145, "2023_6_11": 0.06930607294464178, "2023_7_5": 0.017326518236160444, "2023_7_10": 2.902191804556874, "2023_7_15": 1.485748938750758, "2023_7_20": 23.936584943255653, "2023_7_25": 0.004331629559040111, "2023_7_26": 0.3075456986918479, "2023_12_1": 0.008663259118080222, "2023_12_1_1": 0.07363770250368189, "2023_12_5": 1.9968812267174914, "2023_12_5_4": 0.24690288486528636, "2023_12_8": 0.004331629559040111, "2023_12_9": 3.560599497530971, "2023_12_9_1": 0.8403361344537815, "2023_12_10": 0.5284588062028936, "2023_12_11": 1.5853764186086805, "2023_20_4_1": 6.7356839643073725, "2023_20_6": 0.1212856276531231, "2023_20_7": 5.574807242484623, "2023_20_8": 3.616910681798493, "2023_20_9": 39.552109503595254, "2023_26_1": 4.782119033180283, "2023_26_3": 0.1299488867712033, "2023_26_6": 1.8582690808282079, "2023_26_7": 0.004331629559040111}