{"2023_12_9": 0.01555451858764971, "2023_12_9_1": 0.01555451858764971, "2023_12_11": 0.01036967905843314, "2023_20_4_1": 0.02073935811686628, "2023_20_7": 0.02073935811686628, "2023_20_9": 0.02592419764608285, "2023_26_1": 0.00518483952921657, "2023_26_3": 0.00518483952921657, "2023_26_7": 0.01555451858764971, "2023_26_8": 0.07258775340903198, "2023_26_9": 0.1036967905843314, "2023_26_10": 0.01036967905843314, "2023_26_11": 0.00518483952921657, "2023_26_12": 0.8503136827915175, "2023_27_6": 0.15036034634728054, "2023_27_7": 27.96702442059418, "2023_27_11": 0.01555451858764971, "2023_31_600": 0.02592419764608285, "2023_32_1": 0.00518483952921657, "2023_32_4": 0.1970239021102297, "2023_32_6": 0.6377352620936383, "2023_32_7": 0.9384559547881992, "2023_32_9": 6.180328718826153, "2023_38_1": 0.00518483952921657, "2023_38_4": 0.2073935811686628, "2023_38_6": 30.714989371078964, "2023_38_8": 0.5444081505677398, "2023_38_9": 16.306320319386113, "2023_44_1": 14.927153004614505}