{"2022_44_25_3": 0.05778221358407313, "2022_44_25_5": 0.026264642538215057, "2022_44_30": 0.047276356568787106, "2022_44_30_2": 0.010505857015286023, "2022_44_30_5": 0.010505857015286023, "2022_44_30_10": 0.10505857015286023, "2022_45_11": 0.005252928507643011, "2022_45_12": 0.05778221358407313, "2022_45_13": 0.13657614119871833, "2022_45_15": 4.937752797184432, "2023_2_10": 0.09980564164521723, "2023_2_12": 0.47276356568787103, "2023_2_301": 0.010505857015286023, "2023_6_8": 0.13657614119871833, "2023_6_11": 0.7669275621158796, "2023_7_5": 0.15758785522929034, "2023_7_10": 26.343436465829704, "2023_7_15": 0.015758785522929038, "2023_12_1": 0.08404685612228818, "2023_12_1_1": 0.27315228239743666, "2023_12_5": 21.962494090455433, "2023_12_5_3": 0.09980564164521723, "2023_12_5_4": 0.6513631349477335, "2023_12_8": 0.06828807059935917, "2023_12_9": 34.280611440878296, "2023_12_9_1": 6.849818773966487, "2023_12_10": 1.9908599043967012, "2023_12_11": 0.34144035299679576}