{"2024_27_5": 0.26138665621120044, "2024_27_10": 0.7449519702019212, "2024_27_25": 3.4568385283931256, "2024_32": 0.032673332026400055, "2024_32_3": 5.95308109521009, "2024_32_4_1": 0.28099065542704044, "2024_32_4_2": 0.02613866562112004, "2024_32_5_3": 0.01960399921584003, "2024_32_5_4": 0.02613866562112004, "2024_32_6": 2.9275305495654447, "2024_32_7": 10.056851597725935, "2024_32_9": 0.04574266483696007, "2024_32_9_1": 0.03920799843168006, "2024_32_10": 23.498660393386917, "2024_32_20": 0.11108932888976017, "2024_32_20_1": 0.3136639874534405, "2024_33_5": 20.767169835979875, "2024_33_15": 1.202378618571522, "2024_33_25": 0.3594066522904006, "2024_33_30": 0.02613866562112004, "2024_33_35": 8.259818336273934, "2024_38": 0.00653466640528001, "2024_38_2": 2.3851532379272036, "2024_38_4": 0.2352479905900804, "2024_38_6": 3.9404038423838466, "2024_38_7": 14.382800758021302, "2024_44_1": 0.6403973077174411}