{"2024_20_7": 1.8250625648538121, "2024_20_9": 5.878044314228163, "2024_20_10": 0.061038881767686015, "2024_20_15": 0.3051944088384301, "2024_21_5": 0.4028566196667277, "2024_26_1": 0.0061038881767686015, "2024_26_3_1": 1.4466214978941585, "2024_26_4": 0.018311664530305805, "2024_26_6": 0.7385704693890007, "2024_26_7": 10.742843191112739, "2024_26_8": 7.697002990905206, "2024_26_10": 2.3561008362326805, "2024_26_11": 0.3235060733687359, "2024_26_20": 1.8250625648538121, "2024_27_5": 0.4333760605505707, "2024_27_10": 1.6175303668436793, "2024_27_25": 19.489714948422147, "2024_32": 0.030519440883843008, "2024_32_3": 13.806995055850576, "2024_32_4_1": 0.7874015748031495, "2024_32_4_2": 0.06714276994445462, "2024_32_5_3": 0.03662332906061161, "2024_32_5_4": 0.10986998718183483, "2024_32_6": 25.465421473478607, "2024_32_10": 3.662332906061161, "2024_32_20": 0.8667521211011414}