{"2024_32_7": 7.790387182910546, "2024_32_9": 0.04005340453938584, "2024_32_9_1": 0.013351134846461946, "2024_32_10": 15.580774365821092, "2024_32_20": 0.08678237650200266, "2024_32_20_1": 0.21361815754339114, "2024_33_5": 15.520694259012014, "2024_33_15": 0.4272363150867823, "2024_33_25": 0.18691588785046725, "2024_33_30": 0.013351134846461946, "2024_33_35": 6.1148197596795715, "2024_33_40": 0.8544726301735646, "2024_38": 0.006675567423230973, "2024_38_2": 1.5086782376502001, "2024_38_4": 0.16688918558077434, "2024_38_6": 1.6955941255006675, "2024_38_7": 5.060080106809078, "2024_39_5": 0.9546061415220294, "2024_39_15": 0.4606141522029372, "2024_44_1": 0.21361815754339114, "2024_44_3": 0.7877169559412549, "2024_44_3_1": 19.27903871829105, "2024_44_4": 0.5407209612817089, "2024_44_25_2": 16.755674232309744, "2024_44_25_3": 2.2029372496662214, "2024_44_25_4": 0.3471295060080106, "2024_45_25_5": 2.1895861148197593, "2024_45_25_6": 0.36715620827770357, "2024_45_32": 0.6208277703604804}