{"2024_20_3": 0.17202930869703725, "2024_20_6_2": 0.14017202930869702, "2024_20_7": 1.9878942338324306, "2024_20_9": 6.479770627588404, "2024_20_10": 0.06371455877668045, "2024_20_15": 0.3185727938834023, "2024_21_5": 0.44600191143676327, "2024_26_1": 0.006371455877668047, "2024_26_3_1": 1.650207072316024, "2024_26_4": 0.01911436763300414, "2024_26_6": 0.8282892640968461, "2024_26_7": 13.284485504937876, "2024_26_8": 9.42338324307104, "2024_26_10": 2.8416693214399484, "2024_26_11": 0.4587448231920993, "2024_26_20": 2.2363810130614845, "2024_27_5": 0.5925453966231283, "2024_27_10": 2.268238292449824, "2024_27_25": 18.78942338324307, "2024_32": 0.05097164702134437, "2024_32_3": 32.18859509397897, "2024_32_4_1": 2.9818413507486454, "2024_32_4_2": 0.2930869703727301, "2024_32_5_3": 0.06371455877668045, "2024_32_5_4": 0.8091748964638419, "2024_32_6": 1.6056068811723476}