{"2023_12_9": 0.04900113079532604, "2023_12_9_1": 0.011307953260459858, "2023_12_10": 0.04523181304183943, "2023_12_11": 0.04900113079532604, "2023_20_4_1": 0.0829249905767056, "2023_20_7": 0.0640784018092725, "2023_20_8": 0.10931021485111195, "2023_20_9": 2.702600829249906, "2023_26_1": 0.15454202789295135, "2023_26_3": 0.011307953260459858, "2023_26_6": 0.05277044854881267, "2023_26_7": 1.8808895589898227, "2023_26_8": 3.4866189219751225, "2023_26_9": 4.349792687523558, "2023_26_10": 0.2638522427440633, "2023_26_11": 0.2186204297022239, "2023_26_12": 0.8330192235205427, "2023_27_6": 4.112325669053902, "2023_27_7": 18.850358085186585, "2023_32_1": 0.34677723332076893, "2023_32_4": 2.6837542404824726, "2023_32_6": 12.427440633245384, "2023_32_7": 17.919336600075383, "2023_32_9": 24.444025631360724, "2023_38_1": 0.1356954391255183, "2023_38_4": 4.71541650961176}