{"2022_40_4_2": 0.06747288109202262, "2022_44_2": 0.11937509731665542, "2022_44_25_1": 0.06228265946955935, "2022_44_25_2": 0.14013598380650855, "2022_44_25_3": 0.6643483676752997, "2022_44_25_5": 0.8044843514818082, "2022_44_30": 0.46711994602169515, "2022_44_30_1": 0.04152177297970623, "2022_44_30_2": 0.07266310271448592, "2022_44_30_5": 1.505164270514351, "2022_44_30_10": 12.103596823584367, "2022_45_10": 0.010380443244926558, "2022_45_11": 0.2750817459905538, "2022_45_12": 7.598484455286242, "2022_45_13": 10.551720558467848, "2022_45_14": 0.29584263248040693, "2023_2_0_5": 0.05709243784709607, "2023_2_10": 1.0380443244926558, "2023_2_11": 0.1505164270514351, "2023_2_12": 27.829968339648104, "2023_2_13": 0.020760886489853116, "2023_2_201": 0.015570664867389837, "2023_2_301": 0.23875019463331085, "2023_6_1": 0.5553537136035709, "2023_6_8": 29.9787200913479, "2023_6_9": 5.335547827892252}