{"2022_36_6": 0.15770906827142564, "2022_36_20": 0.23241336376841676, "2022_40_4": 0.02490143183233037, "2022_40_4_1": 0.11620668188420838, "2022_40_4_2": 0.12450715916165184, "2022_40_4_10": 0.02490143183233037, "2022_44_2": 0.17846026146503427, "2022_44_2_8": 0.004150238638721727, "2022_44_25_1": 0.6225357958082591, "2022_44_25_2": 1.4691844781074914, "2022_44_25_3": 5.449263332641628, "2022_44_25_5": 2.9134675243826527, "2022_44_30": 3.888773604482258, "2022_44_30_1": 0.43992529570450317, "2022_44_30_2": 0.091305250051878, "2022_44_30_5": 4.598464411703674, "2022_44_30_8": 0.01660095455488691, "2022_44_30_10": 23.369993774642047, "2022_45_10": 0.01660095455488691, "2022_45_11": 1.4069308985266655, "2023_2_0_5": 0.5644324548661549, "2023_2_10": 5.1670471052085505, "2023_2_11": 0.7221415231375805, "2023_2_12": 39.85474164764475, "2023_2_13": 0.012450715916165185, "2023_2_201": 0.05395310230338246, "2023_6_1": 1.162066818842084, "2023_6_8": 7.316870720066405}