{"2023_26_12": 0.3050588933141259, "2023_38_9": 0.016947716295229214, "2023_44_1": 0.016947716295229214, "2023_44_30_5_1": 0.016947716295229214, "2023_44_30_8": 0.08473858147614609, "2023_44_30_9": 0.008473858147614607, "2023_44_30_13": 0.016947716295229214, "2023_44_30_14": 0.6355393610710955, "2023_44_30_20": 0.008473858147614607, "2023_44_30_25": 0.07626472332853147, "2023_44_30_30": 0.18642487924752138, "2024_2_6": 0.03389543259045843, "2024_2_7": 0.6101177866282518, "2024_2_8": 0.03389543259045843, "2024_2_12": 0.008473858147614607, "2024_2_13": 0.008473858147614607, "2024_3_6": 0.3982713329378866, "2024_3_10": 1.3473434454707227, "2024_3_15": 7.702737056181679, "2024_3_20": 0.8473858147614607, "2024_3_25": 39.3864926701127, "2024_8_4": 0.16947716295229218, "2024_8_7": 0.38979747479027194, "2024_8_8": 0.016947716295229214, "2024_8_9": 25.802898059486484, "2024_8_12": 0.08473858147614609, "2024_14_3": 1.9405135158037454, "2024_14_5": 0.10168629777137532, "2024_14_6": 19.744089483942037}