{"2024_3_20": 0.14751873487932965, "2024_3_25": 7.611966719773411, "2024_8_4": 0.041305245766212306, "2024_8_7": 0.2065262288310615, "2024_8_8": 0.011801498790346372, "2024_8_9": 4.549477783678527, "2024_8_12": 0.041305245766212306, "2024_9_5": 0.005900749395173186, "2024_14_3": 0.2183277276214079, "2024_14_5": 0.029503746975865934, "2024_14_6": 1.805629314922995, "2024_14_7": 0.7316929250014752, "2024_14_8": 2.088865285891308, "2024_14_9": 24.263881512952146, "2024_14_11": 0.08261049153242461, "2024_15_10": 0.005900749395173186, "2024_15_15": 4.266241812710215, "2024_20_1": 6.549831828642236, "2024_20_3": 2.9031687024252077, "2024_20_6": 0.3658464625007376, "2024_20_6_1": 0.023602997580692744, "2024_20_6_2": 2.897267953030035, "2024_20_7": 18.994512303062486, "2024_20_8": 0.1357172360889833, "2024_20_9": 21.667551779075943, "2024_20_9_1": 0.01770224818551956, "2024_20_10": 0.26553372278279336, "2024_26_1": 0.07080899274207823}