{"2023_7_30": 5.798380597874055, "2023_12_1_1": 0.030699566368625038, "2023_12_5": 0.05756168694117196, "2023_12_9": 0.05756168694117196, "2023_12_9_1": 0.019187228980390655, "2023_12_10": 0.07674891592156262, "2023_12_11": 0.06523657853332822, "2023_20_4_1": 0.0997735906980314, "2023_20_7": 0.07674891592156262, "2023_20_8": 0.14198549445489084, "2023_20_9": 3.027744733105645, "2023_26_1": 0.17652250661959398, "2023_26_3": 0.011512337388234392, "2023_26_6": 0.05756168694117196, "2023_26_7": 2.287117694462566, "2023_26_8": 4.5627230515368975, "2023_26_9": 6.3432979009171495, "2023_26_10": 0.648528339537204, "2023_26_11": 0.4297939291607506, "2023_26_12": 0.6830653517019072, "2023_27_6": 19.996930043363136, "2023_32_1": 0.4489811581411412, "2023_32_4": 4.363175870140834, "2023_32_6": 17.94005909666526, "2023_32_7": 32.58758970029548, "2023_32_9": 0.0076748915921562594, "2023_38_1": 0.0038374457960781297}