{"2023_20_9": 0.024923981855341212, "2023_26_8": 0.07477194556602362, "2023_26_9": 0.07477194556602362, "2023_26_12": 0.7576890484023727, "2023_27_6": 0.08474153830816011, "2023_27_7": 15.856637256368078, "2023_27_12": 7.1481979961118585, "2023_32_4": 0.11963511290563782, "2023_32_6": 0.11465031653456959, "2023_32_7": 0.18942226210059318, "2023_32_9": 1.6449828024525202, "2023_38_1": 0.004984796371068242, "2023_38_4": 0.009969592742136484, "2023_38_6": 9.775185683664823, "2023_38_8": 0.25920941129554864, "2023_38_9": 6.574946413439012, "2023_38_9_1": 0.41872289516973227, "2023_44_1": 37.36603359752754, "2023_44_25": 0.004984796371068242, "2023_44_30_1": 3.070634564578037, "2023_44_30_2": 11.938587308708438, "2023_44_30_3": 0.11465031653456959, "2023_44_30_4": 4.371666417426848}