{"2023_44_30_13": 0.014140271493212677, "2023_44_30_14": 0.5019796380090499, "2023_44_30_25": 0.09191176470588239, "2023_44_30_30": 0.16968325791855207, "2024_2_6": 0.028280542986425353, "2024_2_7": 0.45955882352941185, "2024_2_8": 0.007070135746606338, "2024_2_12": 0.007070135746606338, "2024_3_6": 0.1908936651583711, "2024_3_10": 0.7211538461538463, "2024_3_15": 4.220871040723983, "2024_3_20": 0.3747171945701359, "2024_3_25": 34.905260180995484, "2024_8_3": 0.007070135746606338, "2024_8_4": 0.07070135746606337, "2024_8_7": 0.27573529411764713, "2024_8_8": 0.014140271493212677, "2024_8_9": 9.417420814479641, "2024_8_12": 0.05656108597285071, "2024_9_5": 0.007070135746606338, "2024_14_3": 0.5514705882352943, "2024_14_5": 0.049490950226244355, "2024_14_6": 7.027714932126698, "2024_14_7": 3.6481900452488696, "2024_14_8": 12.111142533936656, "2024_14_9": 23.78393665158372, "2024_14_11": 0.5373303167420816, "2024_15_5": 0.007070135746606338, "2024_20_1": 0.7423642533936654}