{"2024_32_7": 7.785628582855621, "2024_32_9": 0.03999466737768298, "2024_32_9_1": 0.013331555792560996, "2024_32_10": 15.504599386748435, "2024_32_20": 0.08665511265164645, "2024_32_20_1": 0.21330489268097594, "2024_33_5": 15.451273163578193, "2024_33_15": 0.4266097853619519, "2024_33_25": 0.18664178109585391, "2024_33_30": 0.013331555792560996, "2024_33_35": 6.03919477403013, "2024_33_40": 0.819890681242501, "2024_38": 0.006665777896280498, "2024_38_2": 1.5064658045593922, "2024_38_4": 0.1666444474070124, "2024_38_6": 1.6864418077589656, "2024_38_7": 4.95933875483269, "2024_39_5": 0.93987468337555, "2024_39_15": 0.36661778429542735, "2024_44_1": 0.21330489268097594, "2024_44_3": 0.779896013864818, "2024_44_3_1": 19.19077456339155, "2024_44_4": 0.5399280095987202, "2024_44_25_2": 16.364484735368617, "2024_44_25_3": 2.1530462604986003, "2024_44_25_4": 0.40661245167311033, "2024_45_25_5": 2.4596720437275033, "2024_45_25_6": 0.47993600853219576, "2024_45_32": 1.1998400213304894}