{"2024_20_7": 1.7896141713176419, "2024_20_9": 5.787430235379763, "2024_20_10": 0.0545983984469789, "2024_20_15": 0.30332443581654944, "2024_21_5": 0.3882552778451833, "2024_26_1": 0.006066488716330989, "2024_26_3_1": 1.4256248483377822, "2024_26_4": 0.018199466148992968, "2024_26_6": 0.7340451346760497, "2024_26_7": 10.410094637223978, "2024_26_8": 7.55277845183208, "2024_26_10": 2.262800291191459, "2024_26_11": 0.3093909245328805, "2024_26_20": 1.7714147051686484, "2024_27_5": 0.40645474399417625, "2024_27_10": 1.5772870662460574, "2024_27_25": 19.437029847124485, "2024_32": 0.03033244358165494, "2024_32_3": 13.164280514438248, "2024_32_4_1": 0.7279786459597186, "2024_32_4_2": 0.06066488716330988, "2024_32_5_3": 0.036398932297985936, "2024_32_5_4": 0.10313030817762679, "2024_32_6": 26.58335355496239, "2024_32_10": 4.167677748119389, "2024_32_20": 0.8917738413006552}