{"2024_3_25": 0.8615426361847909, "2024_8_7": 0.06783800284919611, "2024_8_9": 0.21029780883250795, "2024_14_3": 0.020351400854758835, "2024_14_6": 0.16281120683807068, "2024_14_7": 0.04748660199443728, "2024_14_8": 0.23064920968726677, "2024_14_9": 12.89600434163218, "2024_14_11": 0.006783800284919611, "2024_15_15": 4.789363001153246, "2024_20_1": 1.9808696831965265, "2024_20_3": 1.2957058544196458, "2024_20_6": 0.18316260769282955, "2024_20_6_1": 0.013567600569839222, "2024_20_6_2": 1.9265992809171697, "2024_20_7": 10.582728444474593, "2024_20_8": 0.07462180313411572, "2024_20_9": 28.837935011193267, "2024_20_9_1": 0.020351400854758835, "2024_20_10": 0.3188386133912217, "2024_20_15": 0.5494878230784885, "2024_21_5": 2.0351400854758834, "2024_26_1": 0.04070280170951767, "2024_26_3_1": 6.329285665829998, "2024_26_4": 0.061054202564276495, "2024_26_6": 6.492096872668069, "2024_26_7": 16.599959297198293, "2024_26_10": 3.3647649413201273}