{"2023_26_7": 0.0145032632342277, "2023_26_8": 0.0725163161711385, "2023_26_9": 0.0725163161711385, "2023_26_12": 0.7299975827894609, "2023_27_6": 0.0773507372492144, "2023_27_7": 10.920957215373459, "2023_27_12": 4.452501812907904, "2023_32_4": 0.096688421561518, "2023_32_6": 0.1160261058738216, "2023_32_7": 0.18370800096688422, "2023_32_9": 1.3729755861735555, "2023_38_1": 0.0048344210780759, "2023_38_4": 0.0145032632342277, "2023_38_6": 8.542422044960118, "2023_38_8": 0.2078801063572637, "2023_38_9": 4.9891225525743295, "2023_38_9_1": 0.4496011602610587, "2023_44_1": 25.65143824027073, "2023_44_25": 0.0048344210780759, "2023_44_30_1": 0.8411892675852067, "2023_44_30_2": 2.4800580130529366, "2023_44_30_3": 0.048344210780759, "2023_44_30_4": 1.7065506405607926, "2023_44_30_5_1": 30.021754894851338, "2023_44_30_6": 6.927725404882764}