{"2024_32_9": 0.04294610264118532, "2024_32_9_1": 0.014315367547061773, "2024_32_10": 16.42688426025338, "2024_32_20": 0.09304988905590153, "2024_32_20_1": 0.22904588075298837, "2024_33_5": 16.31236131987689, "2024_33_15": 0.45093407773244587, "2024_33_25": 0.19325746188533394, "2024_33_30": 0.014315367547061773, "2024_33_35": 6.363180874668958, "2024_33_40": 0.80881826640899, "2024_38": 0.007157683773530887, "2024_38_2": 1.589005797723857, "2024_38_4": 0.17894209433827216, "2024_38_6": 1.7822632596091907, "2024_38_7": 4.981747906377498, "2024_39_5": 0.9806026769737315, "2024_39_15": 0.25051893207358106, "2024_44_1": 0.2147305132059266, "2024_44_3": 0.80881826640899, "2024_44_3_1": 20.241929711545346, "2024_44_4": 0.5940877532030636, "2024_44_25_2": 13.520864648199844, "2024_44_25_3": 0.5654570181089401, "2024_44_25_4": 0.6012454369765945, "2024_45_25_5": 3.2996922195977385, "2024_45_25_6": 0.7372414286736814, "2024_45_25_10": 0.1574690430176795, "2024_45_32": 8.539116741822347}