{"2023_20_4_1": 0.020935831675913327, "2023_20_7": 0.015701873756934992, "2023_20_9": 0.031403747513869984, "2023_26_7": 0.010467915837956664, "2023_26_8": 0.06804145294671832, "2023_26_9": 0.06804145294671832, "2023_26_10": 0.005233957918978332, "2023_26_11": 0.005233957918978332, "2023_26_12": 0.7536899403328798, "2023_27_6": 0.10467915837956664, "2023_27_7": 19.36041034230085, "2023_27_12": 8.505181618339789, "2023_32_4": 0.14131686381241496, "2023_32_6": 0.1151470742175233, "2023_32_7": 0.21982623259708994, "2023_32_9": 2.009839840887679, "2023_38_1": 0.005233957918978332, "2023_38_4": 0.010467915837956664, "2023_38_6": 11.985763634460382, "2023_38_8": 0.32973934889563483, "2023_38_9": 9.211765937401864, "2023_38_9_1": 0.14655082173139328, "2023_44_1": 46.86485920653198, "2023_44_25": 0.005233957918978332, "2023_44_25_1": 0.005233957918978332}