{"2023_44_1": 12.007591538212287, "2023_44_30_1": 0.12498264129981948, "2023_44_30_2": 0.37031893718465025, "2023_44_30_3": 0.009257973429616258, "2023_44_30_4": 0.23607832245521454, "2023_44_30_5_1": 4.036476415312689, "2023_44_30_6": 0.7730407813729576, "2023_44_30_7": 0.7128639540804518, "2023_44_30_8": 17.280007406378743, "2023_44_30_9": 3.943896681016526, "2023_44_30_10": 0.004628986714808129, "2023_44_30_12": 0.01388696014442439, "2023_44_30_13": 0.393463870758691, "2023_44_30_14": 10.896634726658334, "2023_44_30_16": 0.02777392028884878, "2023_44_30_20": 0.11572466787020323, "2023_44_30_25": 4.175346016756933, "2024_2_2": 0.07869277415173818, "2024_2_2_1": 4.476230153219461, "2024_2_3": 1.110956811553951, "2024_2_6": 1.7034671110493913, "2024_2_7": 28.27385085404805, "2024_2_7_1": 0.004628986714808129, "2024_2_8": 2.0784150349488497, "2024_8_3": 0.29162616303291206, "2024_8_4": 6.860158311345646}