{"2023_12_1_1": 0.03219445450521148, "2023_12_5": 0.06438890901042296, "2023_12_9": 0.05634029538412009, "2023_12_9_1": 0.020121534065757177, "2023_12_10": 0.08048613626302871, "2023_12_11": 0.06841321582357439, "2023_20_4_1": 0.1046319771419373, "2023_20_7": 0.08451044307618014, "2023_20_8": 0.14487504527345166, "2023_20_9": 3.130910700631816, "2023_26_1": 0.17706949977866315, "2023_26_3": 0.012072920439454304, "2023_26_6": 0.06036460219727153, "2023_26_7": 2.3059278039357722, "2023_26_8": 4.591734073805787, "2023_26_9": 6.378526298845025, "2023_26_10": 0.527184192522838, "2023_26_11": 0.41450360175459783, "2023_26_12": 0.7444967604330156, "2023_27_6": 21.570284518491693, "2023_32_1": 0.4426737494466579, "2023_32_4": 4.229546460622158, "2023_32_6": 18.829731578735565, "2023_32_7": 35.43804579661154, "2023_32_9": 0.48694112439132364, "2023_38_1": 0.004024306813151435}