{"2023_32_9": 0.03389830508474576, "2023_38_9": 0.05084745762711865, "2023_44_1": 0.042372881355932195, "2023_44_30_5_1": 0.025423728813559324, "2023_44_30_6": 0.01694915254237288, "2023_44_30_7": 0.00847457627118644, "2023_44_30_8": 1.7033898305084745, "2023_44_30_9": 0.042372881355932195, "2023_44_30_13": 0.042372881355932195, "2023_44_30_14": 6.491525423728814, "2023_44_30_16": 0.025423728813559324, "2023_44_30_20": 0.05932203389830508, "2023_44_30_25": 17.97457627118644, "2023_44_30_30": 1.0169491525423728, "2024_2_2_1": 0.03389830508474576, "2024_2_3": 0.01694915254237288, "2024_2_6": 0.06779661016949153, "2024_2_7": 42.78813559322034, "2024_2_7_1": 0.00847457627118644, "2024_2_8": 3.3644067796610164, "2024_2_12": 0.07627118644067797, "2024_2_13": 0.6016949152542372, "2024_3_6": 4.567796610169491, "2024_8_3": 0.2796610169491525, "2024_8_4": 9.101694915254237, "2024_8_7": 11.559322033898303}