{"2024_2_6": 0.05213424568263278, "2024_2_7": 0.38449006190941665, "2024_2_8": 0.013033561420658195, "2024_3_6": 0.1303356142065819, "2024_3_10": 0.5213424568263276, "2024_3_15": 3.1541218637992827, "2024_3_20": 0.22157054415118926, "2024_3_25": 12.375366568914956, "2024_8_3": 0.006516780710329097, "2024_8_4": 0.05213424568263278, "2024_8_7": 0.23460410557184747, "2024_8_8": 0.013033561420658195, "2024_8_9": 6.4907135874877815, "2024_8_12": 0.04561746497230368, "2024_9_5": 0.006516780710329097, "2024_14_3": 0.3388725969371131, "2024_14_5": 0.03910068426197458, "2024_14_6": 2.8869338546757897, "2024_14_7": 1.283805799934832, "2024_14_8": 3.7015314434669273, "2024_14_9": 29.286412512218963, "2024_14_11": 0.11730205278592373, "2024_15_5": 0.03258390355164548, "2024_20_1": 34.18051482567612, "2024_20_3": 4.431410883023786}