{"2022_44_25_2": 0.016271627705158106, "2022_44_25_3": 0.05966263491891307, "2022_44_25_5": 0.027119379508596844, "2022_44_30": 0.05966263491891307, "2022_44_30_2": 0.010847751803438737, "2022_44_30_10": 0.103053642132668, "2022_45_11": 0.005423875901719368, "2022_45_12": 0.05966263491891307, "2022_45_13": 0.14644464934642298, "2022_45_15": 6.432716819439172, "2023_2_10": 0.103053642132668, "2023_2_11": 0.005423875901719368, "2023_2_12": 0.6779844877149211, "2023_2_201": 0.005423875901719368, "2023_2_301": 0.010847751803438737, "2023_6_8": 0.13559689754298423, "2023_6_11": 0.6237457286977275, "2023_7_5": 0.22237891197049411, "2023_7_10": 24.770841243152358, "2023_12_1": 0.09762976623094864, "2023_12_1_1": 0.3145848022997234, "2023_12_5": 26.39800401366817, "2023_12_5_3": 0.10847751803438738, "2023_12_5_4": 0.6834083636166405, "2023_12_8": 0.0867820144275099, "2023_12_9": 36.746759234148726, "2023_12_9_1": 0.15186852524814234, "2023_12_10": 1.9363236969138151}