{"2023_7_26": 0.03552117456683901, "2023_7_30": 12.408730315349093, "2023_12_1_1": 0.027627580218652557, "2023_12_5": 0.06314875478549156, "2023_12_9": 0.05525516043730511, "2023_12_9_1": 0.01578718869637289, "2023_12_10": 0.07893594348186445, "2023_12_11": 0.07104234913367802, "2023_20_4_1": 0.09866992935233058, "2023_20_7": 0.09077633500414413, "2023_20_8": 0.14208469826735604, "2023_20_9": 3.311362829064215, "2023_26_1": 0.19339306153056793, "2023_26_3": 0.01184039152227967, "2023_26_6": 0.06314875478549156, "2023_26_7": 2.628566917946086, "2023_26_8": 5.308442199155385, "2023_26_9": 7.376563918380234, "2023_26_10": 0.8406677980818564, "2023_26_11": 0.5801791845917037, "2023_26_12": 0.6078067648103563, "2023_27_6": 13.229664127560484, "2023_32_1": 0.5880727789398903, "2023_32_4": 6.066227256581284, "2023_32_6": 20.969333385957295, "2023_32_7": 25.13320440462564, "2023_38": 0.003946797174093223}