{"2023_2_12": 0.23650338836585252, "2023_6_8": 0.054577705007504425, "2023_6_11": 0.09096284167917405, "2023_7_5": 0.022740710419793513, "2023_7_10": 3.5157138309000766, "2023_7_15": 1.9375085277664073, "2023_7_20": 23.632146268249418, "2023_7_25": 0.004548142083958703, "2023_7_26": 0.013644426251876106, "2023_12_1": 0.009096284167917405, "2023_12_1_1": 0.07277027334333924, "2023_12_5": 2.3468413153226906, "2023_12_5_4": 0.2956292354573156, "2023_12_8": 0.004548142083958703, "2023_12_9": 4.17064629099013, "2023_12_9_1": 1.0506208213944603, "2023_12_10": 0.5821621867467139, "2023_12_11": 2.228589621139764, "2023_20_4_1": 9.382817119206804, "2023_20_6": 0.1955701096102242, "2023_20_7": 9.682994496748078, "2023_20_8": 8.27307045072088, "2023_20_9": 26.952289989539267, "2023_26_1": 5.239459680720425, "2023_26_3": 0.004548142083958703}