{"2024_32_6": 2.5039123630672933, "2024_32_7": 7.635628586332813, "2024_32_9": 0.03912363067292646, "2024_32_9_1": 0.013041210224308817, "2024_32_10": 15.323422013562862, "2024_32_20": 0.08476786645800732, "2024_32_20_1": 0.20865936358894108, "2024_33_5": 15.271257172665626, "2024_33_15": 0.41731872717788215, "2024_33_25": 0.18909754825247788, "2024_33_30": 0.013041210224308817, "2024_33_35": 6.044600938967138, "2024_33_40": 1.0041731872717792, "2024_38": 0.006520605112154409, "2024_38_2": 1.4866979655712051, "2024_38_4": 0.16301512780386024, "2024_38_6": 1.675795513823683, "2024_38_7": 5.229525299947836, "2024_39_5": 0.9650495565988525, "2024_39_15": 1.3954094940010435, "2024_44_1": 0.20865936358894108, "2024_44_3": 0.7759520083463747, "2024_44_3_1": 18.968440271257176, "2024_44_4": 0.5216484089723527, "2024_44_25_2": 16.940532081377157, "2024_44_25_3": 2.3604590505998964, "2024_44_25_4": 0.06520605112154408, "2024_45_25_5": 0.4694835680751175, "2024_45_32": 0.01956181533646323}