{"2022_40_4": 0.016829350387075063, "2022_40_4_2": 0.033658700774150126, "2022_44_2": 0.05048805116122519, "2022_44_25_2": 0.039268484236508486, "2022_44_25_3": 0.2468304723437676, "2022_44_25_5": 0.11780545270952544, "2022_44_30": 0.22439133849433418, "2022_44_30_1": 0.005609783462358354, "2022_44_30_2": 0.022439133849433416, "2022_44_30_5": 0.3141478738920679, "2022_44_30_10": 2.344889487265792, "2022_45_10": 0.011219566924716708, "2022_45_11": 0.0617076180859419, "2022_45_12": 1.789520924492315, "2022_45_13": 2.7319645461685185, "2022_45_14": 0.05048805116122519, "2022_45_15": 25.8498821945473, "2023_2_0_5": 0.022439133849433416, "2023_2_10": 0.538539212386402, "2023_2_11": 0.056097834623583545, "2023_2_12": 18.254235386514083, "2023_2_13": 0.016829350387075063, "2023_2_301": 0.10097610232245038, "2023_6_1": 0.10097610232245038, "2023_6_8": 23.706944911926403, "2023_6_9": 2.3392797038034336, "2023_6_11": 20.694491192639966, "2023_6_11_2": 0.2580500392684843}