{"2023_38_9": 3.099426206377575, "2023_38_9_1": 0.09406452826639074, "2023_44_1": 12.929169410215408, "2023_44_9_2": 0.009406452826639076, "2023_44_25": 0.004703226413319538, "2023_44_30_1": 0.1505032452262252, "2023_44_30_2": 0.4185871507854388, "2023_44_30_3": 0.009406452826639076, "2023_44_30_4": 0.2680839055592136, "2023_44_30_5_1": 4.5903489793998675, "2023_44_30_6": 0.8795033392907535, "2023_44_30_7": 0.7854388110243627, "2023_44_30_8": 21.24917693537767, "2023_44_30_9": 5.0888909792117385, "2023_44_30_10": 0.004703226413319538, "2023_44_30_12": 0.014109679239958612, "2023_44_30_13": 0.38566456589220205, "2023_44_30_14": 13.455930768507196, "2023_44_30_16": 0.061141943373153984, "2023_44_30_20": 0.3527419809989653, "2024_2_2": 0.08465807543975166, "2024_2_2_1": 6.015426582635687, "2024_2_3": 1.5896905277020035, "2024_2_6": 4.002445677734926, "2024_2_7": 22.810648104599753, "2024_2_8": 1.646129244661838}