{"2023_2_12": 0.24357838795394157, "2023_6_8": 0.05314437555358724, "2023_6_11": 0.07085916740478301, "2023_7_5": 0.022143489813994693, "2023_7_10": 3.1709477413640395, "2023_7_15": 1.705048715677591, "2023_7_20": 23.680248007085922, "2023_7_25": 0.004428697962798938, "2023_7_26": 0.26572187776793627, "2023_12_1": 0.008857395925597877, "2023_12_1_1": 0.07085916740478301, "2023_12_5": 2.152347209920284, "2023_12_5_4": 0.27457927369353413, "2023_12_8": 0.004428697962798938, "2023_12_9": 3.8352524357838798, "2023_12_9_1": 0.9211691762621791, "2023_12_10": 0.5491585473870683, "2023_12_11": 2.0947741364038976, "2023_20_4_1": 7.630646589902571, "2023_20_6": 0.14614703277236496, "2023_20_7": 6.589902568644819, "2023_20_8": 4.574844995571302, "2023_20_9": 36.03631532329496, "2023_26_1": 5.752878653675821, "2023_26_3": 0.14171833480956603}