{"2023_38_6": 6.4768312328247895, "2023_38_8": 0.1563536435136928, "2023_38_9": 3.382924286932626, "2023_38_9_1": 0.1895195678953852, "2023_44_1": 14.801478252629586, "2023_44_9_1": 0.004737989197384631, "2023_44_9_2": 0.009475978394769262, "2023_44_25": 0.004737989197384631, "2023_44_30_1": 0.19425755709276984, "2023_44_30_2": 0.47853690893584766, "2023_44_30_3": 0.009475978394769262, "2023_44_30_4": 0.33165924381692413, "2023_44_30_5_1": 5.595565242111248, "2023_44_30_6": 1.1229034397801574, "2023_44_30_7": 0.9333838718847721, "2023_44_30_8": 35.17483180138349, "2023_44_30_9": 11.432767933289112, "2023_44_30_10": 0.004737989197384631, "2023_44_30_12": 0.02368994598692315, "2023_44_30_13": 0.34113522221169335, "2023_44_30_15": 0.004737989197384631, "2024_2_2": 0.16582962190846207, "2024_2_2_1": 16.63981806121482, "2024_2_3": 2.520610253008624}