{"2023_44_1": 0.014706963747334361, "2023_44_30_8": 0.09559526435767333, "2023_44_30_9": 0.02206044562100154, "2023_44_30_13": 0.014706963747334361, "2023_44_30_14": 0.5073902492830354, "2023_44_30_25": 0.09559526435767333, "2023_44_30_30": 0.17648356496801232, "2024_2_6": 0.029413927494668722, "2024_2_7": 0.4926832855357012, "2024_2_8": 0.02206044562100154, "2024_2_12": 0.0073534818736671805, "2024_3_6": 0.2279579380836826, "2024_3_10": 0.8309434517243913, "2024_3_15": 4.860651518494007, "2024_3_20": 0.4412089124200308, "2024_3_25": 36.58357232149422, "2024_8_4": 0.0661813368630046, "2024_8_7": 0.28678579307302, "2024_8_8": 0.014706963747334361, "2024_8_9": 11.97146849033017, "2024_8_12": 0.0661813368630046, "2024_9_5": 0.014706963747334361, "2024_14_3": 0.7279947054930509, "2024_14_5": 0.05147437311567027, "2024_14_6": 7.779983822339877, "2024_14_7": 3.9120523567909404, "2024_14_8": 28.810941981028016, "2024_14_9": 1.463342892859769, "2024_14_11": 0.41179498492536215}