{"2023_32_4": 0.08294301327088213, "2023_32_6": 0.0975800156128025, "2023_32_7": 0.14637002341920377, "2023_32_9": 1.1465651834504293, "2023_38_1": 0.004879000780640125, "2023_38_4": 0.014637002341920375, "2023_38_6": 6.98672911787666, "2023_38_8": 0.1707650273224044, "2023_38_9": 3.7568306010928962, "2023_38_9_1": 0.21955503512880561, "2023_44_1": 16.793520686963312, "2023_44_9_1": 0.00975800156128025, "2023_44_25": 0.004879000780640125, "2023_44_30_1": 0.234192037470726, "2023_44_30_2": 0.6098750975800156, "2023_44_30_3": 0.00975800156128025, "2023_44_30_4": 0.40983606557377045, "2023_44_30_5_1": 7.264832162373145, "2023_44_30_6": 1.4539422326307574, "2023_44_30_7": 1.3222092115534738, "2023_44_30_8": 47.05796252927401, "2023_44_30_9": 12.04137392661983, "2023_44_30_10": 0.004879000780640125, "2023_44_30_12": 0.014637002341920375, "2023_44_30_13": 0.14149102263856364}