{"2023_6_11": 0.013002773925104022, "2023_7_10": 0.1820388349514563, "2023_7_15": 0.12569348127600555, "2023_7_20": 3.7187933425797506, "2023_7_26": 0.06501386962552011, "2023_7_30": 23.370319001386964, "2023_12_1_1": 0.030339805825242722, "2023_12_5": 0.07801664355062413, "2023_12_5_4": 0.008668515950069348, "2023_12_9": 0.06934812760055478, "2023_12_9_1": 0.017337031900138695, "2023_12_10": 0.07801664355062413, "2023_12_11": 0.08668515950069348, "2023_20_4_1": 0.13002773925104022, "2023_20_7": 0.14303051317614424, "2023_20_8": 0.20804438280166435, "2023_20_9": 4.624653259361997, "2023_26_1": 0.27305825242718446, "2023_26_3": 0.013002773925104022, "2023_26_6": 0.10835644937586685, "2023_26_7": 5.201109570041609, "2023_26_8": 13.39719140083218, "2023_26_9": 19.430478502080444, "2023_26_10": 0.9405339805825244, "2023_26_11": 0.7758321775312067, "2023_27_5": 0.008668515950069348, "2023_32_1": 2.561546463245492, "2023_32_4": 23.20995145631068, "2023_32_6": 1.1312413314840501}