{"2024_2_7": 0.3413400758533502, "2024_2_8": 0.012642225031605558, "2024_3_6": 0.1327433628318584, "2024_3_10": 0.518331226295828, "2024_3_15": 2.926675094816687, "2024_3_20": 0.1896333754740834, "2024_3_25": 10.834386852085965, "2024_8_3": 0.006321112515802779, "2024_8_4": 0.05689001264222503, "2024_8_7": 0.2338811630847029, "2024_8_8": 0.012642225031605558, "2024_8_9": 5.929203539823007, "2024_8_12": 0.04424778761061946, "2024_9_5": 0.006321112515802779, "2024_14_3": 0.3034134007585334, "2024_14_5": 0.031605562579013896, "2024_14_6": 2.4841972187104924, "2024_14_7": 1.0809102402022754, "2024_14_8": 3.2553729456384324, "2024_14_9": 29.39949431099873, "2024_14_11": 0.08217446270543613, "2024_15_5": 0.031605562579013896, "2024_20_1": 14.576485461441212, "2024_20_3": 13.66624525916561, "2024_20_6": 3.975979772439949, "2024_20_6_1": 0.025284450063211117, "2024_20_6_2": 9.841972187104927}