{"2024_20_10": 0.056864851203639336, "2024_20_15": 0.29064257281860106, "2024_21_5": 0.3980539584254755, "2024_26_3_1": 1.3963480128893662, "2024_26_4": 0.018954950401213113, "2024_26_6": 0.713969798445694, "2024_26_7": 9.761799456624754, "2024_26_8": 7.215517786061793, "2024_26_10": 2.072407910532634, "2024_26_11": 0.2843242560181967, "2024_26_20": 1.680672268907563, "2024_27_5": 0.3538257408226448, "2024_27_10": 1.427939596891388, "2024_27_25": 6.6531875908258025, "2024_32": 0.031591584002021854, "2024_32_3": 9.55329500221141, "2024_32_4_1": 0.492828710431541, "2024_32_4_2": 0.0442282176028306, "2024_32_5_3": 0.025273267201617485, "2024_32_5_4": 0.0695014848044481, "2024_32_6": 7.120743034055726, "2024_32_7": 28.198647880204714, "2024_32_10": 20.98313009414292, "2024_32_20": 0.25273267201617483, "2024_32_20_1": 0.884564352056612, "2024_38": 0.018954950401213113}