{"2024_14_3": 0.019224607497596927, "2024_14_6": 0.14738865748157642, "2024_14_7": 0.04485741749439282, "2024_14_8": 0.21147068247356612, "2024_14_9": 8.95225889138097, "2024_15_15": 4.50496635693688, "2024_20_1": 1.6340916372957388, "2024_20_3": 1.0573534123678308, "2024_20_6": 0.13457225248317847, "2024_20_6_1": 0.012816404998397953, "2024_20_6_2": 1.5123357898109582, "2024_20_7": 7.484780519064403, "2024_20_8": 0.06408202499198976, "2024_20_9": 16.68055110541493, "2024_20_9_1": 0.03204101249599488, "2024_20_10": 0.26914450496635695, "2024_20_15": 0.42294136494713225, "2024_21_5": 0.7689842999038768, "2024_26_1": 0.03204101249599488, "2024_26_3_1": 3.4540211470682483, "2024_26_4": 0.019224607497596927, "2024_26_6": 1.768663889778917, "2024_26_7": 42.63377122717078, "2024_26_8": 0.8971483498878565, "2024_26_10": 5.844280679269466, "2024_26_11": 0.0768984299903877, "2024_26_20": 1.3200897148349888}