{"2024_14_9": 2.32512315270936, "2024_14_11": 0.013136288998357962, "2024_15_15": 3.303776683087028, "2024_20_1": 0.6239737274220033, "2024_20_3": 0.1839080459770115, "2024_20_6_2": 0.1116584564860427, "2024_20_7": 2.351395730706075, "2024_20_8": 0.006568144499178981, "2024_20_9": 7.330049261083743, "2024_20_9_1": 0.006568144499178981, "2024_20_10": 0.09195402298850575, "2024_20_15": 0.354679802955665, "2024_21_5": 0.5123152709359605, "2024_26_1": 0.006568144499178981, "2024_26_3_1": 1.9178981937602626, "2024_26_4": 0.019704433497536943, "2024_26_6": 0.9852216748768473, "2024_26_7": 22.088669950738915, "2024_26_8": 12.367816091954023, "2024_26_10": 5.484400656814449, "2024_26_11": 1.1428571428571428, "2024_26_20": 4.505747126436781, "2024_27_5": 1.799671592775041, "2024_27_10": 4.1247947454844, "2024_32": 0.05254515599343185, "2024_32_3": 28.223316912972084, "2024_32_4_1": 0.04597701149425287, "2024_32_4_2": 0.019704433497536943}