{"2022_44_25_2": 0.015819447373971732, "2022_44_25_3": 0.05800464037122971, "2022_44_25_5": 0.02636574562328623, "2022_44_30": 0.04745834212191521, "2022_44_30_5": 0.01054629824931449, "2022_44_30_10": 0.11073613161780216, "2022_45_11": 0.005273149124657245, "2022_45_12": 0.05800464037122971, "2022_45_13": 0.13710187724108838, "2022_45_15": 5.1624129930394425, "2023_2_10": 0.10018983336848766, "2023_2_11": 0.005273149124657245, "2023_2_12": 0.5009491668424383, "2023_2_301": 0.01054629824931449, "2023_6_8": 0.13710187724108838, "2023_6_11": 0.754060324825986, "2023_7_5": 0.1634676228643746, "2023_7_10": 26.112634465302676, "2023_12_1": 0.08964353511917317, "2023_12_1_1": 0.27420375448217676, "2023_12_5": 22.579624551782327, "2023_12_5_3": 0.10018983336848766, "2023_12_5_4": 0.6802362370807846, "2023_12_8": 0.06855093862054419, "2023_12_9": 34.623497152499475, "2023_12_9_1": 6.122126133727062, "2023_12_10": 1.97215777262181, "2023_12_11": 0.07382408774520142}