{"2023_12_1_1": 0.032028184802626314, "2023_12_5": 0.06405636960525263, "2023_12_9": 0.05604932340459605, "2023_12_9_1": 0.020017615501641446, "2023_12_10": 0.08007046200656578, "2023_12_11": 0.06805989270558091, "2023_20_4_1": 0.1040916006085355, "2023_20_7": 0.08407398510689408, "2023_20_8": 0.1401233085114901, "2023_20_9": 3.0626951717511415, "2023_26_1": 0.17215149331411644, "2023_26_3": 0.012010569300984868, "2023_26_6": 0.05604932340459605, "2023_26_7": 2.261990551685483, "2023_26_8": 4.519977580270639, "2023_26_9": 6.27352069821443, "2023_26_10": 0.5044439106413645, "2023_26_11": 0.3883417407318441, "2023_26_12": 0.7526623428617183, "2023_27_6": 21.775162142685566, "2023_32_1": 0.42837697173512695, "2023_32_4": 4.151653455040436, "2023_32_6": 18.70045640163344, "2023_32_7": 35.747457762831296, "2023_32_9": 0.5284650492433342, "2023_38_1": 0.016014092401313157}