{"2023_44_1": 12.525938502169401, "2023_44_30_1": 0.1320505564987738, "2023_44_30_2": 0.39615166949632147, "2023_44_30_3": 0.009432182607055271, "2023_44_30_4": 0.24995283908696475, "2023_44_30_5_1": 4.315223542727788, "2023_44_30_6": 0.8253159781173364, "2023_44_30_7": 0.7498585172608941, "2023_44_30_8": 19.642520279192606, "2023_44_30_9": 4.404829277494812, "2023_44_30_10": 0.004716091303527636, "2023_44_30_12": 0.014148273910582909, "2023_44_30_13": 0.38671948688926616, "2023_44_30_14": 13.374834936804378, "2023_44_30_16": 0.047160913035276364, "2023_44_30_20": 0.17921146953405018, "2023_44_30_25": 0.2358045651763818, "2024_2_2": 0.08017355215996982, "2024_2_2_1": 4.947179777400491, "2024_2_3": 1.2827768345595172, "2024_2_6": 2.136389360498019, "2024_2_7": 31.244104885870588, "2024_2_8": 2.3769100169779285, "2024_8_3": 0.43859649122807015}