{"2022_44_30_10": 0.027853601470670158, "2022_45_13": 0.03342432176480419, "2022_45_15": 0.14483872764748482, "2023_2_10": 0.011141440588268063, "2023_2_12": 0.17826304941228902, "2023_2_301": 0.011141440588268063, "2023_6_8": 0.022282881176536127, "2023_6_11": 0.044565762353072254, "2023_7_10": 0.9637346108851875, "2023_7_15": 0.8133251629435687, "2023_7_20": 27.463651050080774, "2023_7_26": 0.42337474235418643, "2023_12_1": 0.016712160882402096, "2023_12_1_1": 0.05013648264720629, "2023_12_5": 0.21725809147122724, "2023_12_5_4": 0.1225558464709487, "2023_12_9": 0.13926800735335082, "2023_12_9_1": 0.05013648264720629, "2023_12_10": 0.172692329118155, "2023_12_11": 0.36209681911871205, "2023_20_4_1": 0.26739457411843354, "2023_20_7": 0.5849256308840733, "2023_20_8": 0.5236477076485991, "2023_20_9": 14.444877722689546, "2023_26_1": 0.7520472397080943, "2023_26_3": 0.044565762353072254, "2023_26_6": 0.4790819452955267, "2023_26_7": 31.274023731268453, "2023_26_8": 20.360982675059887}