{"2022_44_30": 0.028248587570621476, "2022_44_30_2": 0.011299435028248588, "2022_44_30_5": 0.011299435028248588, "2022_44_30_10": 0.0903954802259887, "2022_45_12": 0.05084745762711865, "2022_45_13": 0.1129943502824859, "2022_45_15": 1.689265536723164, "2023_2_10": 0.062146892655367235, "2023_2_12": 0.30508474576271194, "2023_2_301": 0.011299435028248588, "2023_6_8": 0.05649717514124295, "2023_6_9": 0.005649717514124294, "2023_6_11": 0.536723163841808, "2023_7_5": 0.03954802259887006, "2023_7_10": 19.734463276836163, "2023_7_15": 10.412429378531076, "2023_12_1": 0.04519774011299435, "2023_12_1_1": 0.12994350282485875, "2023_12_5": 12.64406779661017, "2023_12_5_3": 0.005649717514124294, "2023_12_5_4": 0.5423728813559323, "2023_12_8": 0.005649717514124294, "2023_12_9": 21.27683615819209, "2023_12_9_1": 14.107344632768362, "2023_12_10": 1.8870056497175145, "2023_12_11": 2.180790960451978, "2023_20_4_1": 14.016949152542374}