{"2023_26_12": 0.455235204855842, "2023_27_7": 0.03570472194947781, "2023_32_7": 0.017852360974738905, "2023_32_9": 0.026778541462108355, "2023_38_6": 0.008926180487369453, "2023_38_9": 0.05355708292421671, "2023_44_1": 0.04463090243684726, "2023_44_30_5_1": 0.017852360974738905, "2023_44_30_6": 0.008926180487369453, "2023_44_30_7": 0.008926180487369453, "2023_44_30_8": 2.320806926716058, "2023_44_30_9": 0.017852360974738905, "2023_44_30_13": 0.05355708292421671, "2023_44_30_14": 7.997857716683029, "2023_44_30_16": 0.04463090243684726, "2023_44_30_20": 0.07140944389895562, "2023_44_30_25": 18.530750691778984, "2023_44_30_30": 0.3838257609568864, "2024_2_2_1": 0.03570472194947781, "2024_2_3": 0.026778541462108355, "2024_2_6": 0.07140944389895562, "2024_2_7": 46.94278318307595, "2024_2_7_1": 0.008926180487369453, "2024_2_8": 3.7222172632330617, "2024_2_12": 0.4016781219316254, "2024_8_3": 0.553423190216906, "2024_8_4": 18.137998750334727}