{"2023_44_1": 12.372293560783575, "2023_44_30_1": 0.12653482050801385, "2023_44_30_2": 0.3889774111913018, "2023_44_30_3": 0.009372949667260285, "2023_44_30_4": 0.24838316618239756, "2023_44_30_5_1": 4.222513825100759, "2023_44_30_6": 0.8107601462180145, "2023_44_30_7": 0.7404630237135625, "2023_44_30_8": 19.10207142187646, "2023_44_30_9": 4.24594619926891, "2023_44_30_10": 0.004686474833630143, "2023_44_30_12": 0.014059424500890427, "2023_44_30_13": 0.3889774111913018, "2023_44_30_14": 12.836254569312958, "2023_44_30_16": 0.03280532383541099, "2023_44_30_20": 0.13122129534164395, "2023_44_30_25": 1.0544568375667818, "2024_2_2": 0.07967007217171242, "2024_2_2_1": 4.761458430968224, "2024_2_3": 1.2184834567438372, "2024_2_6": 1.9261411566219886, "2024_2_7": 32.186709157371816, "2024_2_7_1": 0.004686474833630143, "2024_2_8": 2.479145186990345, "2024_8_3": 0.6139282032055488}