{"2023_12_5": 0.06762401050161104, "2023_12_9": 0.05569036158956204, "2023_12_9_1": 0.019889414853415013, "2023_12_10": 0.07955765941366005, "2023_12_11": 0.06364612753092805, "2023_20_4_1": 0.09944707426707508, "2023_20_7": 0.07557977644297706, "2023_20_8": 0.13524802100322209, "2023_20_9": 3.0231910577190826, "2023_26_1": 0.17104896773936912, "2023_26_3": 0.011933648912049007, "2023_26_6": 0.05569036158956204, "2023_26_7": 2.219658697641116, "2023_26_8": 4.367715501809936, "2023_26_9": 5.823620669079916, "2023_26_10": 0.38187676518556823, "2023_26_11": 0.33414216953737225, "2023_26_12": 0.7597756474004534, "2023_27_6": 21.957913998170174, "2023_32_1": 0.4057440630096663, "2023_32_4": 4.005728151477784, "2023_32_6": 18.262460718405666, "2023_32_7": 35.669676598114485, "2023_32_9": 1.8139146346314492, "2023_38": 0.003977882970683003, "2023_38_1": 0.13524802100322209}