{"2024_14_3": 0.02229820127843021, "2024_14_6": 0.10405827263267431, "2024_14_7": 0.037163668797383684, "2024_14_8": 0.12635647391110452, "2024_14_9": 3.3521629255240084, "2024_15_15": 4.14746543778802, "2024_20_1": 0.7878697785045342, "2024_20_3": 0.2675784153411625, "2024_20_6": 0.007432733759476736, "2024_20_6_2": 0.1635201427084882, "2024_20_7": 3.196075516574996, "2024_20_8": 0.02229820127843021, "2024_20_9": 10.762598483722314, "2024_20_9_1": 0.02229820127843021, "2024_20_10": 0.12635647391110452, "2024_20_15": 0.4756949606065111, "2024_21_5": 0.7209751746692434, "2024_26_1": 0.014865467518953472, "2024_26_3_1": 3.1886427828155197, "2024_26_4": 0.02229820127843021, "2024_26_6": 1.6500668946038355, "2024_26_7": 45.90456369852833, "2024_26_8": 12.531589118477779, "2024_26_10": 7.40300282443883, "2024_26_11": 0.7953025122640109, "2024_26_20": 3.909617957484763, "2024_27_5": 0.09662553887319757, "2024_32": 0.11892374015162778, "2024_32_3": 0.02229820127843021}