{"2022_40_4": 0.016799193638705346, "2022_40_4_2": 0.03359838727741069, "2022_44_2": 0.05039758091611604, "2022_44_25_2": 0.039198118490312475, "2022_44_25_3": 0.2463881733676784, "2022_44_25_5": 0.10639489304513385, "2022_44_30": 0.2239892485160713, "2022_44_30_1": 0.005599731212901782, "2022_44_30_2": 0.02239892485160713, "2022_44_30_5": 0.307985216709598, "2022_44_30_10": 2.32388845335424, "2022_45_10": 0.005599731212901782, "2022_45_11": 0.06719677455482138, "2022_45_12": 1.7583156008511593, "2022_45_13": 2.6710717885541495, "2022_45_14": 0.05039758091611604, "2022_45_15": 25.98275282786427, "2023_2_0_5": 0.02239892485160713, "2023_2_10": 0.5375741964385711, "2023_2_11": 0.055997312129017825, "2023_2_12": 18.232724829208202, "2023_2_13": 0.016799193638705346, "2023_2_301": 0.10079516183223208, "2023_6_1": 0.10079516183223208, "2023_6_8": 23.67006383693583, "2023_6_9": 2.3126889909284363, "2023_6_11": 20.78060253107851, "2023_6_11_2": 0.257587635793482}