{"2024_27_10": 0.6198600711918497, "2024_27_25": 2.921320731557628, "2024_32": 0.03068614213821037, "2024_32_3": 5.130722965508775, "2024_32_4_1": 0.2209402233951147, "2024_32_4_2": 0.024548913710568304, "2024_32_5_3": 0.018411685282926225, "2024_32_5_4": 0.024548913710568304, "2024_32_6": 2.4610285994844725, "2024_32_7": 7.585614336565606, "2024_32_9": 0.03682337056585245, "2024_32_9_1": 0.012274456855284152, "2024_32_10": 16.699398551614088, "2024_32_20": 0.08592119798698905, "2024_32_20_1": 0.2209402233951147, "2024_33_5": 18.473057567202645, "2024_33_15": 0.405057076224377, "2024_33_25": 0.2148029949674726, "2024_33_30": 0.012274456855284152, "2024_33_35": 8.211611636185097, "2024_33_40": 0.411194304652019, "2024_38": 0.006137228427642076, "2024_38_2": 1.5711304774763715, "2024_38_4": 0.15956793911869394, "2024_38_6": 1.7736590155885597, "2024_38_7": 5.977660488523381, "2024_39_5": 1.1169755738308578, "2024_44_1": 0.23935190867804096, "2024_44_3": 1.049466061126795, "2024_44_3_1": 24.278875659752046, "2024_44_4": 0.006137228427642076}