{"2023_2_12": 0.2362801480094512, "2023_6_8": 0.05349739200213989, "2023_6_11": 0.07132985600285319, "2023_7_5": 0.022290580000891624, "2023_7_10": 3.285631492131426, "2023_7_15": 1.7609558200704385, "2023_7_20": 23.57897552494316, "2023_7_25": 0.004458116000178324, "2023_7_26": 0.25411261201016444, "2023_12_1": 0.008916232000356648, "2023_12_1_1": 0.07132985600285319, "2023_12_5": 2.197851188087914, "2023_12_5_4": 0.2808613080112345, "2023_12_8": 0.004458116000178324, "2023_12_9": 3.9097677321563906, "2023_12_9_1": 0.9763274040390532, "2023_12_10": 0.561722616022469, "2023_12_11": 2.144353796085774, "2023_20_4_1": 8.104854888324194, "2023_20_6": 0.16940840800677634, "2023_20_7": 7.195399224287817, "2023_20_8": 5.113459052204538, "2023_20_9": 34.18037537336721, "2023_26_1": 5.661807320226472, "2023_26_3": 0.15157594400606306}