{"2022_36_20": 0.11272686281140795, "2022_40_4": 0.011272686281140793, "2022_40_4_1": 0.07327246082741516, "2022_40_4_2": 0.06763611768684476, "2022_44_2": 0.1296358922331191, "2022_44_25_1": 0.07890880396798554, "2022_44_25_2": 0.1859993236388231, "2022_44_25_3": 0.783451696539285, "2022_44_25_5": 1.8599932363882306, "2022_44_30": 0.5749070003381804, "2022_44_30_1": 0.07327246082741516, "2022_44_30_2": 0.10709051967083753, "2022_44_30_5": 2.502536354413256, "2022_44_30_10": 26.902265809942506, "2022_45_10": 0.01690902942171119, "2022_45_11": 1.3414496674557546, "2022_45_12": 0.9299966181941153, "2023_2_0_5": 0.06199977454627436, "2023_2_10": 1.2118137752226354, "2023_2_11": 0.19163566677939348, "2023_2_12": 33.85751324540637, "2023_2_13": 0.01690902942171119, "2023_2_201": 0.10709051967083753, "2023_6_1": 0.8567241573667003, "2023_6_8": 26.721902829444254, "2023_6_9": 1.2230864615037762}