{"2023_2_12": 0.23617485851789136, "2023_6_8": 0.05347355287197539, "2023_6_11": 0.07129807049596722, "2023_7_5": 0.022280647029989754, "2023_7_10": 3.2707989840024947, "2023_7_15": 1.7557149859631922, "2023_7_20": 23.590749075353145, "2023_7_25": 0.004456129405997951, "2023_7_26": 0.25399937614188317, "2023_12_1": 0.008912258811995902, "2023_12_1_1": 0.07129807049596722, "2023_12_5": 2.192415667750992, "2023_12_5_4": 0.2807361525778708, "2023_12_8": 0.004456129405997951, "2023_12_9": 3.9080254890602024, "2023_12_9_1": 0.971436210507553, "2023_12_10": 0.5614723051557416, "2023_12_11": 2.1389421148790158, "2023_20_4_1": 8.074506483668284, "2023_20_6": 0.16487678802192415, "2023_20_7": 7.138719308408717, "2023_20_8": 5.075531393431666, "2023_20_9": 34.3300209438082, "2023_26_1": 5.668196604429392, "2023_26_3": 0.1515083998039303}