{"2023_32_9": 0.03092624091541674, "2023_38_9": 0.03865780114427091, "2023_44_1": 0.046389361373125104, "2023_44_30_5_1": 0.023194680686562552, "2023_44_30_6": 0.01546312045770837, "2023_44_30_8": 1.0128343899798982, "2023_44_30_9": 0.05412092160197928, "2023_44_30_13": 0.023194680686562552, "2023_44_30_14": 4.136384722436988, "2023_44_30_16": 0.023194680686562552, "2023_44_30_20": 0.023194680686562552, "2023_44_30_25": 4.832225143033864, "2023_44_30_30": 0.5102829751043761, "2024_2_2_1": 0.01546312045770837, "2024_2_3": 0.03092624091541674, "2024_2_6": 0.046389361373125104, "2024_2_7": 23.26426472862224, "2024_2_7_1": 0.007731560228854185, "2024_2_8": 1.6236276480593785, "2024_2_12": 0.05412092160197928, "2024_2_13": 0.18555744549250042, "2024_3_6": 3.765269831451988, "2024_3_10": 29.812896242461733, "2024_8_3": 0.15463120457708365, "2024_8_4": 4.73171486005876, "2024_8_7": 25.336322869955158, "2024_8_8": 0.20102056595020876}