{"2024_20_6_2": 0.12852644431591803, "2024_20_7": 2.043570464623097, "2024_20_9": 6.554848660111818, "2024_20_10": 0.05783689994216311, "2024_20_15": 0.32131611078979505, "2024_21_5": 0.46912152175310085, "2024_26_1": 0.006426322215795901, "2024_26_3_1": 1.683696420538526, "2024_26_4": 0.019278966647387704, "2024_26_6": 0.841848210269263, "2024_26_7": 13.861577019471758, "2024_26_8": 9.555941134888506, "2024_26_10": 3.0396504080714615, "2024_26_11": 0.4819741661846927, "2024_26_20": 2.377739219844483, "2024_27_5": 0.6297795771479984, "2024_27_10": 2.7568922305764416, "2024_27_25": 17.434612171454283, "2024_32": 0.05141057772636721, "2024_32_3": 32.7742433005591, "2024_32_4_1": 3.0396504080714615, "2024_32_4_2": 0.30846346635820326, "2024_32_5_3": 0.14137908874750985, "2024_32_5_4": 0.7004691215217532, "2024_32_6": 0.719748088169141}