{"2023_32_9": 0.021196919381049957, "2023_38_6": 0.014131279587366638, "2023_38_9": 0.028262559174733276, "2023_44_1": 0.028262559174733276, "2023_44_30_5_1": 0.021196919381049957, "2023_44_30_8": 0.777220377305165, "2023_44_30_9": 0.042393838762099914, "2023_44_30_13": 0.021196919381049957, "2023_44_30_14": 3.3985727407616766, "2023_44_30_16": 0.021196919381049957, "2023_44_30_20": 0.021196919381049957, "2023_44_30_25": 2.8686497562354276, "2023_44_30_30": 0.4522009467957324, "2024_2_2_1": 0.021196919381049957, "2024_2_3": 0.0353281989684166, "2024_2_6": 0.0706563979368332, "2024_2_7": 15.756376739913803, "2024_2_7_1": 0.007065639793683319, "2024_2_8": 1.1163710874019643, "2024_2_12": 0.042393838762099914, "2024_2_13": 0.1130502366989331, "2024_3_6": 2.140888857486045, "2024_3_10": 17.678230763795664, "2024_3_15": 21.069737864763656, "2024_8_3": 0.1130502366989331, "2024_8_4": 3.009962552109094, "2024_8_7": 11.425139546385926, "2024_8_8": 0.1483784356673497, "2024_8_9": 19.36691867448598, "2024_8_12": 0.16957535504839966}