{"2023_38_6": 0.014699397324709687, "2023_38_9": 0.029398794649419375, "2023_44_1": 0.04409819197412906, "2023_44_30_5_1": 0.029398794649419375, "2023_44_30_6": 0.014699397324709687, "2023_44_30_8": 0.889313538144936, "2023_44_30_9": 0.04409819197412906, "2023_44_30_13": 0.02204909598706453, "2023_44_30_14": 3.689548728502132, "2023_44_30_16": 0.02204909598706453, "2023_44_30_20": 0.02204909598706453, "2023_44_30_25": 3.5352050565926794, "2023_44_30_30": 0.47773041305306485, "2024_2_2_1": 0.007349698662354844, "2024_2_3": 0.04409819197412906, "2024_2_6": 0.06614728796119358, "2024_2_7": 18.24930177862708, "2024_2_7_1": 0.007349698662354844, "2024_2_8": 1.271497868587388, "2024_2_12": 0.04409819197412906, "2024_2_13": 0.13229457592238716, "2024_3_6": 3.1162722328384533, "2024_3_10": 33.676319270909886, "2024_3_15": 1.6536821990298398, "2024_8_3": 0.12494487726003234, "2024_8_4": 3.454358371306777, "2024_8_7": 16.698515360870203, "2024_8_8": 0.1984418638835808, "2024_8_9": 12.318094958106716, "2024_8_12": 0.1028957812729678}