{"2022_44_25_2": 0.017492711370262395, "2022_44_25_3": 0.05247813411078719, "2022_44_25_5": 0.05830903790087465, "2022_44_30": 0.10495626822157438, "2022_44_30_2": 0.017492711370262395, "2022_44_30_5": 0.011661807580174929, "2022_44_30_10": 0.20991253644314875, "2022_45_11": 0.023323615160349857, "2022_45_12": 0.11078717201166183, "2022_45_13": 0.26239067055393595, "2022_45_15": 30.769679300291546, "2023_2_0_5": 0.023323615160349857, "2023_2_10": 0.20408163265306123, "2023_2_11": 0.011661807580174929, "2023_2_12": 1.6384839650145773, "2023_2_13": 0.017492711370262395, "2023_2_201": 0.005830903790087464, "2023_2_301": 0.017492711370262395, "2023_6_1": 0.005830903790087464, "2023_6_8": 0.5072886297376094, "2023_6_9": 0.04081632653061225, "2023_6_11": 0.7346938775510207, "2023_6_11_2": 0.011661807580174929, "2023_7_5": 0.7930029154518952, "2023_12_1": 0.6880466472303208, "2023_12_1_1": 4.7463556851311965, "2023_12_5": 56.92711370262391, "2023_12_5_3": 0.7172011661807581, "2023_12_8": 1.0437317784256561, "2023_12_9": 0.2274052478134111}