{"2023_27_6": 0.05388172960352028, "2023_27_7": 7.413227964617667, "2023_27_12": 2.7883795069821753, "2023_32_4": 0.07633245027165372, "2023_32_6": 0.10327331507341386, "2023_32_7": 0.1347043240088007, "2023_32_9": 1.0821247362040325, "2023_38_1": 0.00449014413362669, "2023_38_4": 0.01347043240088007, "2023_38_6": 6.605002020564861, "2023_38_8": 0.16164518881056086, "2023_38_9": 3.574154730366845, "2023_38_9_1": 0.21552691841408111, "2023_44_1": 16.42943738494006, "2023_44_9_1": 0.00898028826725338, "2023_44_25": 0.00449014413362669, "2023_44_30_1": 0.24695792734946795, "2023_44_30_2": 0.6196398904404833, "2023_44_30_3": 0.00898028826725338, "2023_44_30_4": 0.4175834044272822, "2023_44_30_5_1": 8.03286785505815, "2023_44_30_6": 1.6029814557047284, "2023_44_30_7": 1.522158861299448, "2023_44_30_8": 43.325400745363936, "2023_44_30_9": 5.540837860895335, "2023_44_30_10": 0.00449014413362669, "2023_44_30_11": 0.00898028826725338}