{"2023_26_7": 0.019792182088075212, "2023_26_8": 0.08906481939633847, "2023_26_9": 0.08411677387431965, "2023_26_12": 0.7471548738248394, "2023_27_6": 0.08906481939633847, "2023_27_7": 14.700643245917863, "2023_27_12": 6.382978723404256, "2023_32_1": 0.004948045522018803, "2023_32_4": 0.10390895596239487, "2023_32_6": 0.18307768431469573, "2023_32_7": 0.19297377535873333, "2023_32_9": 1.578426521523998, "2023_38_1": 0.004948045522018803, "2023_38_4": 0.014844136566056411, "2023_38_6": 9.569520039584367, "2023_38_8": 0.24245423057892138, "2023_38_9": 6.130628401781297, "2023_38_9_1": 0.4205838693715983, "2023_44_1": 34.82929242949035, "2023_44_25": 0.004948045522018803, "2023_44_30": 0.004948045522018803, "2023_44_30_1": 3.1716971796140525, "2023_44_30_2": 14.586838198911432, "2023_44_30_3": 0.1286491835724889, "2023_44_30_4": 6.714497773379516}