{"2023_6_8": 0.06002143622722401, "2023_6_11": 0.06859592711682744, "2023_7_5": 0.01714898177920686, "2023_7_10": 2.808145766345123, "2023_7_15": 1.4233654876741693, "2023_7_20": 24.0, "2023_7_25": 0.004287245444801715, "2023_7_26": 0.3129689174705252, "2023_12_1": 0.012861736334405145, "2023_12_1_1": 0.07288317256162916, "2023_12_5": 1.9421221864951765, "2023_12_5_4": 0.24008574490889603, "2023_12_8": 0.004287245444801715, "2023_12_9": 3.4169346195069665, "2023_12_9_1": 0.797427652733119, "2023_12_10": 0.5230439442658091, "2023_12_11": 1.4962486602357985, "2023_20_4_1": 6.435155412647374, "2023_20_6": 0.11146838156484459, "2023_20_7": 5.170418006430868, "2023_20_8": 3.27545551982851, "2023_20_9": 38.12218649517685, "2023_26_1": 4.222936763129689, "2023_26_3": 0.12433011789924973, "2023_26_6": 1.9206859592711683, "2023_26_7": 3.4169346195069665}