{"2023_12_5": 0.011301989150090418, "2023_12_9": 0.011301989150090418, "2023_12_9_1": 0.016952983725135623, "2023_12_11": 0.011301989150090418, "2023_20_4_1": 0.022603978300180835, "2023_20_7": 0.022603978300180835, "2023_20_9": 0.033905967450271246, "2023_26_1": 0.005650994575045209, "2023_26_3": 0.005650994575045209, "2023_26_7": 0.011301989150090418, "2023_26_8": 0.08476491862567812, "2023_26_9": 0.09606690777576853, "2023_26_10": 0.011301989150090418, "2023_26_11": 0.005650994575045209, "2023_26_12": 0.9606690777576853, "2023_27_6": 0.15822784810126583, "2023_27_7": 28.384945750452083, "2023_27_11": 0.016952983725135623, "2023_31_600": 0.033905967450271246, "2023_32_1": 0.005650994575045209, "2023_32_4": 0.29950271247739596, "2023_32_6": 0.8193942133815552, "2023_32_7": 1.22626582278481, "2023_32_9": 8.849457504520794, "2023_38_1": 0.005650994575045209, "2023_38_4": 0.28820072332730556, "2023_38_6": 54.859855334538885, "2023_38_8": 1.4749095840867992, "2023_38_9": 2.2660488245931285}