{"2023_32_9": 0.0334476126766452, "2023_38_9": 0.0501714190149678, "2023_44_1": 0.0418095158458065, "2023_44_30_5_1": 0.0250857095074839, "2023_44_30_6": 0.0250857095074839, "2023_44_30_7": 0.0083619031691613, "2023_44_30_8": 1.5887616021406474, "2023_44_30_9": 0.0418095158458065, "2023_44_30_13": 0.0418095158458065, "2023_44_30_14": 6.254703570532653, "2023_44_30_16": 0.0250857095074839, "2023_44_30_20": 0.05853332218412911, "2023_44_30_25": 17.501463333054602, "2023_44_30_30": 1.0368759929760014, "2024_2_2_1": 0.0334476126766452, "2024_2_3": 0.0167238063383226, "2024_2_6": 0.0668952253532904, "2024_2_7": 39.234049669704824, "2024_2_7_1": 0.0083619031691613, "2024_2_8": 2.9851994313905847, "2024_2_12": 0.05853332218412911, "2024_2_13": 0.2843047077514842, "2024_3_6": 7.759846140981688, "2024_3_10": 0.0167238063383226, "2024_8_3": 0.22577138556735513, "2024_8_4": 7.885274688519107, "2024_8_7": 14.691863868216403}