{"2023_2_12": 0.237540337038365, "2023_6_8": 0.05378271782000716, "2023_6_11": 0.0761921835783435, "2023_7_5": 0.02240946575833632, "2023_7_10": 3.3434922911437783, "2023_7_15": 1.8196486195769093, "2023_7_20": 23.56131229831481, "2023_7_25": 0.004481893151667264, "2023_7_26": 0.21064897812836136, "2023_12_1": 0.008963786303334527, "2023_12_1_1": 0.07171029042667622, "2023_12_5": 2.2454284689852995, "2023_12_5_4": 0.2868411617067049, "2023_12_8": 0.004481893151667264, "2023_12_9": 3.9530297597705264, "2023_12_9_1": 0.9904983865184652, "2023_12_10": 0.5692004302617425, "2023_12_11": 2.187163858013625, "2023_20_4_1": 8.31839368949444, "2023_20_6": 0.1747938329150233, "2023_20_7": 7.4713158838293285, "2023_20_8": 5.418608820365723, "2023_20_9": 33.148081749731084, "2023_26_1": 5.557547508067408, "2023_26_3": 0.2644316959483686}