{"2023_26_12": 0.2932777649147179, "2023_32_6": 0.015435671837616731, "2023_38_9": 0.015435671837616731, "2023_44_1": 0.015435671837616731, "2023_44_30_8": 0.10033186694450874, "2023_44_30_9": 0.023153507756425096, "2023_44_30_13": 0.015435671837616731, "2023_44_30_14": 0.6097090375858608, "2023_44_30_20": 0.0077178359188083655, "2023_44_30_25": 0.07717835918808366, "2023_44_30_30": 0.18522806205140077, "2024_2_6": 0.023153507756425096, "2024_2_7": 0.571119857991819, "2024_2_8": 0.023153507756425096, "2024_2_12": 0.0077178359188083655, "2024_3_6": 0.2855599289959095, "2024_3_10": 1.0496256849579377, "2024_3_15": 5.66489156440534, "2024_3_20": 0.547966350235394, "2024_3_25": 39.81631550513235, "2024_8_4": 0.10804970286331712, "2024_8_7": 0.37817396002160986, "2024_8_8": 0.015435671837616731, "2024_8_9": 21.00794937099637, "2024_8_12": 0.0694605232692753, "2024_9_5": 0.015435671837616731, "2024_14_3": 1.18082889557768, "2024_14_5": 0.061742687350466924, "2024_14_6": 13.452188006482983, "2024_14_7": 6.760824264876128, "2024_14_8": 7.602068380026241}