{"2024_32_7": 7.663166290043866, "2024_32_9": 0.03987770836102619, "2024_32_9_1": 0.013292569453675395, "2024_32_10": 15.372856573175595, "2024_32_20": 0.08640170144889008, "2024_32_20_1": 0.21268111125880632, "2024_33_5": 15.313040010634055, "2024_33_15": 0.41871593779077504, "2024_33_25": 0.18609597235145553, "2024_33_30": 0.013292569453675395, "2024_33_35": 5.981656254153927, "2024_33_40": 0.7975541672205236, "2024_38": 0.006646284726837697, "2024_38_2": 1.4887677788116442, "2024_38_4": 0.16615711817094245, "2024_38_6": 1.6682174664362621, "2024_38_7": 4.70556958660109, "2024_39_5": 0.9171872923036024, "2024_39_15": 0.2592051043466702, "2024_44_1": 0.20603482653196864, "2024_44_3": 0.7776153130400107, "2024_44_3_1": 18.94191147148744, "2024_44_4": 0.5317027781470158, "2024_44_25_2": 13.545128273295228, "2024_44_25_3": 0.9570650006646284, "2024_44_25_4": 0.505117639239665, "2024_45_25_5": 2.7382693074571316, "2024_45_25_6": 0.5981656254153929, "2024_45_32": 5.888608267978201}