{"2022_44_2": 0.11870355078447564, "2022_44_25_1": 0.05677126341866225, "2022_44_25_2": 0.13934764657308008, "2022_44_25_3": 0.6606110652353426, "2022_44_25_5": 0.7328654004954583, "2022_44_30": 0.44900908340214696, "2022_44_30_1": 0.041288191577208914, "2022_44_30_2": 0.0722543352601156, "2022_44_30_5": 1.4399256812551608, "2022_44_30_10": 11.085879438480593, "2022_45_10": 0.010322047894302229, "2022_45_11": 0.2683732452518579, "2022_45_12": 7.669281585466556, "2022_45_13": 11.607142857142856, "2022_45_14": 0.30450041288191565, "2023_2_0_5": 0.051610239471511145, "2023_2_10": 1.0270437654830715, "2023_2_11": 0.14966969446738232, "2023_2_12": 27.518579686209744, "2023_2_13": 0.020644095788604457, "2023_2_201": 0.015483071841453344, "2023_2_301": 0.23740710156895128, "2023_6_1": 0.5367464905037158, "2023_6_8": 29.8874896779521, "2023_6_9": 5.465524360033029, "2023_6_11": 0.4335260115606936}