{"2024_3_10": 0.0644237652111668, "2024_3_15": 0.12168933428775952, "2024_3_25": 0.894774516821761, "2024_8_7": 0.0572655690765927, "2024_8_9": 0.23622047244094488, "2024_14_3": 0.021474588403722263, "2024_14_5": 0.0071581961345740875, "2024_14_6": 0.18611309949892627, "2024_14_7": 0.05010737294201861, "2024_14_8": 0.2648532569792413, "2024_14_9": 15.16105941302792, "2024_14_11": 0.0071581961345740875, "2024_15_15": 4.83178239083751, "2024_20_1": 2.3192555476020043, "2024_20_3": 1.5318539727988547, "2024_20_6": 0.2219040801717967, "2024_20_6_1": 0.014316392269148175, "2024_20_6_2": 2.2834645669291342, "2024_20_7": 16.50680028632785, "2024_20_8": 0.1145311381531854, "2024_20_9": 38.09591982820329, "2024_20_9_1": 0.021474588403722263, "2024_20_10": 0.5082319255547603, "2024_20_15": 0.9162491052254832, "2024_21_5": 4.538296349319972, "2024_26_1": 0.07158196134574088, "2024_26_3_1": 10.887616320687188, "2024_26_4": 0.0644237652111668}