{"2024_8_9": 0.13601329907813206, "2024_8_12": 0.01511258878645912, "2024_14_3": 0.03022517757291824, "2024_14_6": 0.10578812150521383, "2024_14_7": 0.03022517757291824, "2024_14_8": 0.1284570046849025, "2024_14_9": 3.6496901919298783, "2024_14_11": 0.00755629439322956, "2024_15_15": 4.178630799455947, "2024_20_1": 0.8009672056823334, "2024_20_3": 0.2871391869427233, "2024_20_6": 0.01511258878645912, "2024_20_6_2": 0.2040199486171981, "2024_20_7": 3.271875472268399, "2024_20_8": 0.022668883179688678, "2024_20_9": 11.644249659966752, "2024_20_9_1": 0.022668883179688678, "2024_20_10": 0.13601329907813206, "2024_20_15": 0.4609339579870031, "2024_21_5": 0.7934109112891037, "2024_26_1": 0.01511258878645912, "2024_26_3_1": 3.7479220190418614, "2024_26_4": 0.022668883179688678, "2024_26_6": 1.783285476802176, "2024_26_7": 47.97491310261447, "2024_26_8": 9.037328094302554, "2024_26_10": 7.329605561432673, "2024_26_11": 0.3929273084479372, "2024_26_20": 3.642133897536648, "2024_32": 0.1133444158984434}