{"2023_6_8": 0.05601034037052994, "2023_6_11": 0.06893580353295992, "2023_7_5": 0.01723395088323998, "2023_7_10": 2.8349849202929773, "2023_7_15": 1.4519603619129686, "2023_7_20": 23.976734166307622, "2023_7_25": 0.004308487720809995, "2023_7_26": 0.3145196036191297, "2023_12_1": 0.012925463162429988, "2023_12_1_1": 0.07324429125376992, "2023_12_5": 1.964670400689358, "2023_12_5_4": 0.24127531236535973, "2023_12_8": 0.004308487720809995, "2023_12_9": 3.4984920292977164, "2023_12_9_1": 0.8229211546747093, "2023_12_10": 0.5256355019388194, "2023_12_11": 1.5381301163291683, "2023_20_4_1": 6.570443774235243, "2023_20_6": 0.11632916846186989, "2023_20_7": 5.411460577337354, "2023_20_8": 3.4812580784144767, "2023_20_9": 40.13356311934511, "2023_26_1": 4.7307195174493755, "2023_26_3": 0.12925463162429984, "2023_26_6": 2.0163722533390778, "2023_26_7": 0.004308487720809995}