{"2022_45_12": 0.02914743745445713, "2022_45_13": 0.04372115618168569, "2022_45_15": 0.8647073111488948, "2023_2_10": 0.014573718727228565, "2023_2_12": 0.14087928102987612, "2023_2_301": 0.009715812484819043, "2023_6_8": 0.03400534369686665, "2023_6_11": 0.08258440612096186, "2023_7_5": 0.02914743745445713, "2023_7_10": 4.76560602380374, "2023_7_15": 2.74471702696138, "2023_7_20": 22.093757590478504, "2023_12_1": 0.009715812484819043, "2023_12_1_1": 0.04372115618168569, "2023_12_5": 2.8613067767792084, "2023_12_5_4": 0.3740587806655331, "2023_12_8": 0.004857906242409522, "2023_12_9": 5.3096915229536075, "2023_12_9_1": 1.481661403934904, "2023_12_10": 0.81127034248239, "2023_12_11": 3.385960650959437, "2023_20_4_1": 31.897012387660922, "2023_20_6": 1.1124605295117802, "2023_20_7": 21.850862278358026, "2023_26": 0.004857906242409522}