{"2023_12_9": 0.01633453119895459, "2023_12_9_1": 0.01633453119895459, "2023_12_11": 0.010889687465969725, "2023_20_4_1": 0.02177937493193945, "2023_20_7": 0.02177937493193945, "2023_20_9": 0.02722421866492431, "2023_26_1": 0.0054448437329848625, "2023_26_3": 0.0054448437329848625, "2023_26_7": 0.010889687465969725, "2023_26_8": 0.09256234346074266, "2023_26_9": 0.09800718719372753, "2023_26_10": 0.010889687465969725, "2023_26_11": 0.0054448437329848625, "2023_26_12": 0.9310682783404116, "2023_27_6": 0.14156593705760642, "2023_27_7": 28.193400849395616, "2023_27_11": 0.01633453119895459, "2023_31_600": 0.02722421866492431, "2023_32_1": 0.0054448437329848625, "2023_32_4": 0.2722421866492431, "2023_32_6": 0.751388435151911, "2023_32_7": 1.1270826527278668, "2023_32_9": 8.167265599477295, "2023_38_1": 0.0054448437329848625, "2023_38_4": 0.22868343678536426, "2023_38_6": 43.36818033322443, "2023_38_8": 0.8875095284765325, "2023_38_9": 14.924316672111507, "2023_44_1": 0.6098224980943047}