{"2024_3_15": 0.1411930815390046, "2024_3_25": 0.9177550300035299, "2024_8_7": 0.05647723261560183, "2024_8_9": 0.2188492763854571, "2024_14_3": 0.02117896223085069, "2024_14_6": 0.1764913519237557, "2024_14_7": 0.04941757853865161, "2024_14_8": 0.26826685492410873, "2024_14_9": 14.422873279209316, "2024_14_11": 0.007059654076950229, "2024_15_15": 4.800564772326156, "2024_20_1": 2.252029650547123, "2024_20_3": 1.4825273561595482, "2024_20_6": 0.20472996823155667, "2024_20_6_1": 0.014119308153900457, "2024_20_6_2": 2.2167313801623725, "2024_20_7": 15.312389692905048, "2024_20_8": 0.10589481115425345, "2024_20_9": 37.649135192375574, "2024_20_9_1": 0.02117896223085069, "2024_20_10": 0.4376985527709142, "2024_20_15": 0.7553829862336745, "2024_21_5": 4.744087539710554, "2024_26_1": 0.07765619484645253, "2024_26_3_1": 11.034239322273208, "2024_26_4": 0.09177550300035299, "2024_26_6": 2.3367454994705263, "2024_26_10": 0.18355100600070598}