{"2024_26_4": 0.01768555090491069, "2024_26_6": 0.5659376289571421, "2024_26_7": 7.480988032777221, "2024_26_8": 5.718328125921122, "2024_26_10": 1.491481459647468, "2024_26_11": 0.23580734539880915, "2024_26_20": 1.3441018687732122, "2024_27_5": 0.2652832635736603, "2024_27_10": 0.7840594234510407, "2024_27_25": 3.631433119141661, "2024_32": 0.029475918174851144, "2024_32_3": 6.142781347638979, "2024_32_4_1": 0.31244473265342215, "2024_32_4_2": 0.023580734539880917, "2024_32_5_3": 0.01768555090491069, "2024_32_5_4": 0.029475918174851144, "2024_32_6": 3.295407651948359, "2024_32_7": 15.704769203560689, "2024_32_9": 0.08253257088958321, "2024_32_9_1": 0.011790367269940458, "2024_32_10": 39.62152921063491, "2024_32_20": 0.10611330542946412, "2024_32_20_1": 0.38318693627306494, "2024_33_5": 0.51288097624241, "2024_33_15": 0.8548016270706834, "2024_33_25": 0.9373341979602665, "2024_38": 0.005895183634970229, "2024_38_2": 8.630548841596417, "2024_38_4": 1.3205211342333314, "2024_38_6": 0.44213877262276724}