{"2024_20_7": 1.8059102517329444, "2024_20_9": 5.837285662167093, "2024_20_10": 0.054724553082816485, "2024_20_15": 0.30402529490453606, "2024_21_5": 0.39523288337589685, "2024_26_1": 0.0060805058980907215, "2024_26_3_1": 1.4471604037455919, "2024_26_4": 0.018241517694272166, "2024_26_6": 0.7357412136689773, "2024_26_7": 10.549677733187401, "2024_26_8": 7.6006323726134015, "2024_26_10": 2.2801897117840206, "2024_26_11": 0.3161863067007175, "2024_26_20": 1.787668734038672, "2024_27_5": 0.4195549069682597, "2024_27_10": 1.6113340629940414, "2024_27_25": 19.342089261826587, "2024_32": 0.030402529490453606, "2024_32_3": 13.42575702298431, "2024_32_4_1": 0.7296607077708867, "2024_32_4_2": 0.06688556487899792, "2024_32_5_3": 0.03648303538854433, "2024_32_5_4": 0.10944910616563297, "2024_32_6": 26.158336373586284, "2024_32_10": 4.055697434026511, "2024_32_20": 0.8755928493250638}