{"2024_27_5": 0.2543035993740219, "2024_27_10": 0.7433489827856027, "2024_27_25": 3.423317683881064, "2024_32": 0.03260302556077204, "2024_32_3": 5.920709441836203, "2024_32_4_1": 0.2803860198226396, "2024_32_4_2": 0.026082420448617635, "2024_32_5_3": 0.019561815336463225, "2024_32_5_4": 0.026082420448617635, "2024_32_6": 2.914710485133021, "2024_32_7": 9.885237350026085, "2024_32_9": 0.05216484089723527, "2024_32_9_1": 0.03260302556077204, "2024_32_10": 23.395931142410017, "2024_32_20": 0.11085028690662496, "2024_32_20_1": 0.3129890453834116, "2024_33_5": 20.911580594679187, "2024_33_15": 1.2063119457485656, "2024_33_25": 0.3390714658320293, "2024_33_30": 0.026082420448617635, "2024_33_35": 8.320292123109025, "2024_38": 0.006520605112154409, "2024_38_2": 2.3408972352634327, "2024_38_4": 0.23474178403755874, "2024_38_6": 3.6319770474700057, "2024_38_7": 14.769170579029737, "2024_44_1": 0.7824726134585289}