{"2023_27_7": 0.017174753112923997, "2023_32_7": 0.017174753112923997, "2023_32_9": 0.034349506225847995, "2023_38_9": 0.051524259338772, "2023_44_1": 0.04293688278231, "2023_44_30_5_1": 0.025762129669386, "2023_44_30_6": 0.017174753112923997, "2023_44_30_8": 1.8119364534134819, "2023_44_30_9": 0.04293688278231, "2023_44_30_13": 0.051524259338772, "2023_44_30_14": 6.680978960927435, "2023_44_30_16": 0.025762129669386, "2023_44_30_20": 0.060111635895234, "2023_44_30_25": 19.62215543151567, "2023_44_30_30": 1.0218978102189782, "2024_2_2_1": 0.034349506225847995, "2024_2_3": 0.017174753112923997, "2024_2_6": 0.06869901245169599, "2024_2_7": 45.16960068699012, "2024_2_7_1": 0.008587376556461999, "2024_2_8": 3.5809360240446537, "2024_2_12": 0.111635895234006, "2024_2_13": 0.532417346500644, "2024_3_5": 0.008587376556461999, "2024_3_6": 0.850150279089738, "2024_8_3": 0.37784456848432796, "2024_8_4": 11.309574924860453, "2024_8_7": 8.4070416487763}