{"2023_32_4": 0.08274116616373016, "2023_32_6": 0.09734254842791784, "2023_32_7": 0.14601382264187676, "2023_32_9": 1.1437749440280345, "2023_38_1": 0.004867127421395892, "2023_38_4": 0.014601382264187675, "2023_38_6": 6.969726467438917, "2023_38_8": 0.17034945974885624, "2023_38_9": 3.747688114474837, "2023_38_9_1": 0.21902073396281516, "2023_44_1": 16.679645673123723, "2023_44_9_1": 0.009734254842791784, "2023_44_25": 0.004867127421395892, "2023_44_30_1": 0.2336221162270028, "2023_44_30_2": 0.6083909276744864, "2023_44_30_3": 0.009734254842791784, "2023_44_30_4": 0.40883870339725487, "2023_44_30_5_1": 7.183880073980337, "2023_44_30_6": 1.4260683344689964, "2023_44_30_7": 1.304390148934099, "2023_44_30_8": 47.12839482137642, "2023_44_30_9": 12.231091209967875, "2023_44_30_10": 0.004867127421395892, "2023_44_30_12": 0.019468509685583568, "2023_44_30_13": 0.15088095006327268}