{"2023_27_7": 0.015826541109440533, "2023_32_7": 0.015826541109440533, "2023_32_9": 0.031653082218881065, "2023_38_9": 0.039566352773601335, "2023_44_1": 0.047479623328321605, "2023_44_30_5_1": 0.023739811664160802, "2023_44_30_6": 0.015826541109440533, "2023_44_30_8": 1.155337500989159, "2023_44_30_9": 0.047479623328321605, "2023_44_30_13": 0.031653082218881065, "2023_44_30_14": 4.526390757299992, "2023_44_30_16": 0.023739811664160802, "2023_44_30_20": 0.023739811664160802, "2023_44_30_25": 6.172351032681807, "2023_44_30_30": 0.5618422093851388, "2024_2_2_1": 0.007913270554720266, "2024_2_3": 0.023739811664160802, "2024_2_6": 0.047479623328321605, "2024_2_7": 25.551950621191743, "2024_2_7_1": 0.007913270554720266, "2024_2_8": 1.8754451214687031, "2024_2_12": 0.05539289388304187, "2024_2_13": 0.18991849331328642, "2024_3_6": 4.542217298409433, "2024_3_10": 26.485716546648735, "2024_8_3": 0.18200522275856612, "2024_8_4": 5.404763788873942, "2024_8_7": 22.89309171480573}