{"2022_45_12": 0.02869028833739779, "2022_45_13": 0.043035432506096684, "2022_45_15": 0.7842012145555397, "2023_2_10": 0.014345144168698896, "2023_2_12": 0.12910629751829006, "2023_2_301": 0.009563429445799264, "2023_6_8": 0.03347200306029742, "2023_6_11": 0.07650743556639411, "2023_7_5": 0.02869028833739779, "2023_7_10": 4.3657055420073645, "2023_7_15": 2.505618514799407, "2023_7_20": 22.60794720986946, "2023_7_25": 0.019126858891598528, "2023_12_1": 0.009563429445799264, "2023_12_1_1": 0.038253717783197055, "2023_12_5": 2.653851671209295, "2023_12_5_4": 0.3586286042174724, "2023_12_8": 0.004781714722899632, "2023_12_9": 4.963419882369817, "2023_12_9_1": 1.3532252665805957, "2023_12_10": 0.726820637880744, "2023_12_11": 2.97900827236647, "2023_20_4_1": 20.52311959068522, "2023_20_6": 0.7937646440013388, "2023_20_7": 34.830010041600914, "2023_20_8": 0.11476115334959117, "2023_26": 0.004781714722899632}