{"2023_32_6": 0.03824091778202676, "2023_38_9_1": 0.03824091778202676, "2023_44_30_14": 0.03824091778202676, "2023_44_30_30": 0.03824091778202676, "2024_8_9": 0.03824091778202676, "2024_14_9": 0.03824091778202676, "2024_15_15": 0.03824091778202676, "2024_20_6_2": 0.03824091778202676, "2024_26_8": 0.11472275334608031, "2024_32_6": 0.07648183556405352, "2024_32_7": 0.3059273422562141, "2024_32_10": 0.5353728489483747, "2024_33_5": 0.49713193116634796, "2024_33_35": 0.34416826003824097, "2024_38_2": 0.03824091778202676, "2024_38_6": 0.19120458891013384, "2024_38_7": 0.42065009560229444, "2024_39_5": 0.03824091778202676, "2024_39_15": 0.07648183556405352, "2024_44_3_1": 0.45889101338432126, "2024_44_4": 1.7208413001912046, "2024_44_25_2": 16.749521988527725, "2024_44_25_3": 0.22944550669216063, "2024_44_25_4": 3.3269598470363295, "2024_45_25_5": 13.996175908221794, "2024_45_25_6": 3.518164435946462, "2024_45_25_10": 0.42065009560229444, "2024_45_25_15": 9.674952198852772, "2024_45_32": 5.391969407265775, "2024_45_32_1": 8.413001912045889, "2024_45_32_2": 24.550669216061184, "2024_45_32_5": 0.26768642447418733, "2024_45_32_6": 0.956022944550669, "2025_2": 7.380497131931167}