{"2024_3_15": 0.13314646110721798, "2024_3_25": 0.9039943938332166, "2024_8_7": 0.056061667834618086, "2024_8_9": 0.20322354590049055, "2024_14_3": 0.021023125437981783, "2024_14_6": 0.18220042046250876, "2024_14_7": 0.049053959355290826, "2024_14_8": 0.25928521373510865, "2024_14_9": 14.148563419761743, "2024_14_11": 0.007007708479327261, "2024_15_15": 4.8142957252978285, "2024_20_1": 2.207428170988087, "2024_20_3": 1.4646110721793977, "2024_20_6": 0.20322354590049055, "2024_20_6_1": 0.014015416958654521, "2024_20_6_2": 2.1864050455501056, "2024_20_7": 14.94043447792572, "2024_20_8": 0.10511562718990891, "2024_20_9": 37.63840224246672, "2024_20_9_1": 0.021023125437981783, "2024_20_10": 0.42046250875963564, "2024_20_15": 0.7077785564120533, "2024_21_5": 4.5690259285213735, "2024_26_1": 0.07708479327259986, "2024_26_3_1": 11.35949544498949, "2024_26_4": 0.08409250175192713, "2024_26_6": 2.7890679747722498, "2024_26_10": 0.4344779257182902}