{"2023_2_12": 0.10098459984852311, "2023_6_11": 0.020196919969704616, "2023_7_10": 0.6614491290078264, "2023_7_15": 0.45443069931835395, "2023_7_20": 16.04645291593032, "2023_7_26": 0.20196919969704621, "2023_7_30": 11.486998232769503, "2023_12_1": 0.005049229992426154, "2023_12_1_1": 0.03534460994698309, "2023_12_5": 0.09593536985609695, "2023_12_5_4": 0.020196919969704616, "2023_12_9": 0.08078767987881846, "2023_12_9_1": 0.030295379954556934, "2023_12_10": 0.09593536985609695, "2023_12_11": 0.12118151981822774, "2023_20_4_1": 0.14137843978793235, "2023_20_7": 0.32819994950770004, "2023_20_8": 0.3332491795001262, "2023_20_9": 8.472607927291087, "2023_26_1": 0.5049229992426155, "2023_26_3": 0.020196919969704616, "2023_26_6": 0.19691996970462003, "2023_26_7": 13.032062610451908, "2023_26_8": 36.55642514516536, "2023_26_9": 8.477657157283515, "2023_26_10": 1.363292097955062, "2023_26_11": 1.1158798283261804}