{"2023_38_6": 0.013434540202861557, "2023_38_9": 0.020151810304292337, "2023_44_1": 0.020151810304292337, "2023_44_30_5_1": 0.013434540202861557, "2023_44_30_8": 0.6851615503459395, "2023_44_30_9": 0.04702089071001545, "2023_44_30_13": 0.020151810304292337, "2023_44_30_14": 3.049640626049573, "2023_44_30_16": 0.020151810304292337, "2023_44_30_20": 0.020151810304292337, "2023_44_30_25": 2.371196345805065, "2023_44_30_30": 0.456774366897293, "2024_2_2_1": 0.006717270101430779, "2024_2_3": 0.033586350507153896, "2024_2_6": 0.08060724121716935, "2024_2_7": 13.29347753073151, "2024_2_7_1": 0.006717270101430779, "2024_2_8": 0.9269832739974476, "2024_2_12": 0.033586350507153896, "2024_2_13": 0.06717270101430779, "2024_3_6": 1.6457311748505405, "2024_3_10": 13.138980318398602, "2024_3_15": 27.81621549002486, "2024_3_20": 0.3963189359844159, "2024_8_3": 0.0940417814200309, "2024_8_4": 2.317458184993619, "2024_8_7": 7.644253375428225, "2024_8_8": 0.12762813192718478, "2024_8_9": 25.36441190300262, "2024_8_12": 0.26869080405723117}