{"2024_27_25": 2.8587102279653784, "2024_32": 0.030476654882360107, "2024_32_3": 5.004266731683529, "2024_32_4_1": 0.2133365841765208, "2024_32_4_2": 0.024381323905888087, "2024_32_5_3": 0.018285992929416066, "2024_32_5_4": 0.024381323905888087, "2024_32_6": 2.3832744118005604, "2024_32_7": 7.302206509813482, "2024_32_9": 0.03657198585883213, "2024_32_9_1": 0.012190661952944043, "2024_32_10": 15.427282701450688, "2024_32_20": 0.07923930269413629, "2024_32_20_1": 0.20724125320004871, "2024_33_5": 17.664269169815917, "2024_33_15": 0.3961965134706814, "2024_33_25": 0.18895526027063264, "2024_33_30": 0.012190661952944043, "2024_33_35": 7.570401072778249, "2024_33_40": 0.7497257101060586, "2024_38": 0.006095330976472022, "2024_38_2": 1.4750700963062293, "2024_38_4": 0.15238327441180055, "2024_38_6": 1.6518346946239177, "2024_38_7": 5.418749238083627, "2024_39_5": 1.1946848713885163, "2024_44_1": 0.2133365841765208, "2024_44_3": 0.8716323296354991, "2024_44_3_1": 22.260148726075823, "2024_44_4": 0.17676459831768862, "2024_44_25_2": 6.375716201389735}