{"2023_38_6": 5.965498554913296, "2023_38_8": 0.14450867052023125, "2023_38_9": 3.0527456647398847, "2023_38_9_1": 0.14902456647398846, "2023_44_1": 12.82966040462428, "2023_44_9_2": 0.009031791907514453, "2023_44_25": 0.004515895953757227, "2023_44_30_1": 0.1535404624277457, "2023_44_30_2": 0.4154624277456648, "2023_44_30_3": 0.009031791907514453, "2023_44_30_4": 0.2619219653179191, "2023_44_30_5_1": 4.601697976878612, "2023_44_30_6": 0.8760838150289018, "2023_44_30_7": 0.7902817919075146, "2023_44_30_8": 22.13692196531792, "2023_44_30_9": 5.766799132947977, "2023_44_30_10": 0.004515895953757227, "2023_44_30_12": 0.013547687861271678, "2023_44_30_13": 0.37481936416184974, "2023_44_30_14": 12.360007225433527, "2023_44_30_20": 0.320628612716763, "2024_2_2": 0.08128612716763008, "2024_2_2_1": 7.491871387283237, "2024_2_3": 2.253432080924856, "2024_2_6": 6.841582369942198, "2024_2_7": 13.091582369942198}