{"2024_32_4_1": 0.22884791421472475, "2024_32_4_2": 0.026154047338825683, "2024_32_5_3": 0.019615535504119264, "2024_32_5_4": 0.026154047338825683, "2024_32_6": 2.5238655681966784, "2024_32_7": 7.669674382110632, "2024_32_9": 0.03923107100823853, "2024_32_9_1": 0.013077023669412841, "2024_32_10": 15.502811560088926, "2024_32_20": 0.08500065385118348, "2024_32_20_1": 0.22230940238001834, "2024_33_5": 15.698966915130116, "2024_33_15": 0.4184647574212109, "2024_33_25": 0.18961684320648622, "2024_33_30": 0.013077023669412841, "2024_33_35": 6.388126062508174, "2024_33_40": 1.3469334379495226, "2024_38": 0.006538511834706421, "2024_38_2": 1.5234732574865961, "2024_38_4": 0.16346279586766052, "2024_38_6": 1.7065515888583758, "2024_38_7": 5.276579050608081, "2024_39_5": 1.196547665751275, "2024_39_15": 0.9088531450241926, "2024_44_1": 0.20923237871060546, "2024_44_3": 0.7780829083300642, "2024_44_3_1": 19.497842291094546, "2024_44_4": 0.451157316594743, "2024_44_25_2": 17.693213024715575, "2024_44_25_3": 0.17653981953707337}