{"2024_26_3_1": 1.1435982079698184, "2024_26_4": 0.017684508370667297, "2024_26_6": 0.577693940108465, "2024_26_7": 7.657392124498939, "2024_26_8": 5.782834237208205, "2024_26_10": 1.532657392124499, "2024_26_11": 0.24758311718934214, "2024_26_20": 1.3734968167884931, "2024_27_5": 0.26526762556000943, "2024_27_10": 0.8075925489271398, "2024_27_25": 3.8493279886819143, "2024_32": 0.029474180617778827, "2024_32_3": 6.248526290969111, "2024_32_4_1": 0.3183211506720113, "2024_32_4_2": 0.023579344494223057, "2024_32_5_3": 0.017684508370667297, "2024_32_5_4": 0.029474180617778827, "2024_32_6": 3.4484791322801223, "2024_32_7": 15.680264088658335, "2024_32_9": 0.100212214100448, "2024_32_10": 38.841075218108934, "2024_32_20": 0.13558123084178259, "2024_32_20_1": 0.4185333647724593, "2024_33_5": 0.035369016741334594, "2024_33_15": 0.7604338599386937, "2024_33_25": 0.6248526290969111, "2024_38": 0.005894836123555764, "2024_38_2": 9.160575336005659, "2024_38_4": 0.8665409101626973}