{"2023_44_30_13": 0.013968431345159942, "2023_44_30_14": 0.5028635284257578, "2023_44_30_25": 0.08381058807095965, "2023_44_30_30": 0.17460539181449927, "2024_2_6": 0.03492107836289984, "2024_2_7": 0.48889509708059786, "2024_2_8": 0.006984215672579971, "2024_2_12": 0.006984215672579971, "2024_3_6": 0.18857382315965918, "2024_3_10": 0.6984215672579971, "2024_3_15": 4.064813521441543, "2024_3_20": 0.34921078362899854, "2024_3_25": 34.73250453974019, "2024_8_3": 0.006984215672579971, "2024_8_4": 0.06984215672579969, "2024_8_7": 0.3073054895935187, "2024_8_8": 0.013968431345159942, "2024_8_9": 8.932811845229782, "2024_8_12": 0.05587372538063977, "2024_9_5": 0.006984215672579971, "2024_14_3": 0.49587931275317787, "2024_14_5": 0.048889509708059796, "2024_14_6": 6.886436653163851, "2024_14_7": 3.5898868557061046, "2024_14_8": 10.113144293895798, "2024_14_9": 23.55775946361224, "2024_14_11": 0.39111607766447837, "2024_15_5": 0.03492107836289984, "2024_20_1": 4.141639893839922}