{"2023_44_30_13": 0.013584188005161991, "2023_44_30_14": 0.46186239217550773, "2023_44_30_25": 0.07471303402839095, "2023_44_30_30": 0.14263397405420092, "2024_2_6": 0.047544658018066975, "2024_2_7": 0.44148611016776473, "2024_2_8": 0.020376282007742986, "2024_2_12": 0.006792094002580996, "2024_3_6": 0.1494260680567819, "2024_3_10": 0.6180805542348706, "2024_3_15": 3.54547306934728, "2024_3_20": 0.27168376010323986, "2024_3_25": 18.311485430958363, "2024_8_3": 0.006792094002580996, "2024_8_4": 0.06112884602322897, "2024_8_7": 0.25130747809549686, "2024_8_8": 0.013584188005161991, "2024_8_9": 7.702234598926849, "2024_8_12": 0.047544658018066975, "2024_9_5": 0.006792094002580996, "2024_14_3": 0.40752564015485976, "2024_14_5": 0.047544658018066975, "2024_14_6": 4.15676152957957, "2024_14_7": 2.010459824763975, "2024_14_8": 6.0245873802893435, "2024_14_9": 31.467771513957754, "2024_14_11": 0.10867350404129593, "2024_15_5": 0.03396047001290498, "2024_20_1": 23.548189906948313}