{"2023_26_12": 0.28356836296750465, "2023_32_6": 0.015328019619865112, "2023_38_9": 0.015328019619865112, "2023_44_1": 0.015328019619865112, "2023_44_30_8": 0.10729613733905577, "2023_44_30_9": 0.02299202942979767, "2023_44_30_13": 0.015328019619865112, "2023_44_30_14": 0.5977927651747394, "2023_44_30_20": 0.007664009809932556, "2023_44_30_25": 0.07664009809932557, "2023_44_30_30": 0.18393623543838136, "2024_2_6": 0.02299202942979767, "2024_2_7": 0.5977927651747394, "2024_2_8": 0.02299202942979767, "2024_2_12": 0.007664009809932556, "2024_3_6": 0.275904353157572, "2024_3_10": 1.01931330472103, "2024_3_15": 5.556407112201104, "2024_3_20": 0.551808706315144, "2024_3_25": 39.53862660944206, "2024_8_4": 0.08430410790925812, "2024_8_7": 0.3602084610668302, "2024_8_8": 0.015328019619865112, "2024_8_9": 20.209993868792154, "2024_8_12": 0.068976088289393, "2024_9_5": 0.015328019619865112, "2024_14_3": 1.1342734518700186, "2024_14_5": 0.053648068669527885, "2024_14_6": 12.454015941140405, "2024_14_7": 6.200183936235438, "2024_14_8": 10.469037400367872}