{"2024_8_7": 0.07759958613554059, "2024_8_9": 0.23279875840662181, "2024_14_3": 0.019399896533885148, "2024_14_6": 0.14226590791515778, "2024_14_7": 0.051733057423693725, "2024_14_8": 0.21986549405069838, "2024_14_9": 11.116140713916192, "2024_14_11": 0.006466632177961716, "2024_15_15": 4.720641489912053, "2024_20_1": 1.7201241593378165, "2024_20_3": 1.0928608380755302, "2024_20_6": 0.14226590791515778, "2024_20_6_1": 0.012933264355923431, "2024_20_6_2": 1.5584583548887738, "2024_20_7": 7.792291774443869, "2024_20_8": 0.06466632177961716, "2024_20_9": 24.340403517847903, "2024_20_9_1": 0.025866528711846862, "2024_20_10": 0.2780651836523538, "2024_20_15": 0.43973098810139677, "2024_21_5": 0.8406621831350232, "2024_26_1": 0.03233316088980858, "2024_26_3_1": 3.834712881531298, "2024_26_4": 0.019399896533885148, "2024_26_6": 2.172788411795137, "2024_26_7": 33.10915675116399, "2024_26_10": 5.6324366270046555, "2024_26_20": 0.3039317123642007}