{"2024_21_5": 0.341521869382864, "2024_26_3_1": 1.2162971839424805, "2024_26_4": 0.017974835230677052, "2024_26_6": 0.6231276213301379, "2024_26_7": 8.154583582983824, "2024_26_8": 6.027561414020372, "2024_26_10": 1.6476932294787299, "2024_26_11": 0.2576393049730378, "2024_26_20": 1.4559616536848414, "2024_27_5": 0.26962252846015583, "2024_27_10": 0.8807669263031755, "2024_27_25": 4.230077890952667, "2024_32": 0.029958058717795086, "2024_32_3": 6.746554823247454, "2024_32_4_1": 0.35350509286998205, "2024_32_4_2": 0.029958058717795086, "2024_32_5_3": 0.023966446974236073, "2024_32_5_4": 0.029958058717795086, "2024_32_6": 3.9844218094667467, "2024_32_7": 21.426003594967046, "2024_32_9": 0.5032953864589574, "2024_32_10": 36.80047932893949, "2024_32_20": 0.15578190533253447, "2024_32_20_1": 0.9586578789694428, "2024_33_15": 0.16177351707609347, "2024_33_25": 0.05392450569203116, "2024_38": 0.005991611743559018, "2024_38_2": 3.612941881366088}