{"2023_32_9": 0.030681905346322, "2023_38_9": 0.0383523816829025, "2023_44_1": 0.046022858019483, "2023_44_30_5_1": 0.0383523816829025, "2023_44_30_6": 0.015340952673161, "2023_44_30_8": 0.981820971082304, "2023_44_30_9": 0.05369333435606351, "2023_44_30_13": 0.0230114290097415, "2023_44_30_14": 4.0500115057145045, "2023_44_30_16": 0.0230114290097415, "2023_44_30_20": 0.0230114290097415, "2023_44_30_25": 4.510240085909334, "2023_44_30_30": 0.5139219145508935, "2024_2_2_1": 0.0076704763365805, "2024_2_3": 0.0230114290097415, "2024_2_6": 0.046022858019483, "2024_2_7": 22.773644243307505, "2024_2_7_1": 0.0076704763365805, "2024_2_8": 1.564777172662422, "2024_2_12": 0.05369333435606351, "2024_2_13": 0.17642095574135153, "2024_3_6": 3.597453401856255, "2024_3_10": 30.6435529646391, "2024_8_3": 0.15340952673161, "2024_8_4": 4.563933420265397, "2024_8_7": 25.811152872593386, "2024_8_8": 0.23011429009741502}