{"2024_14_6": 0.08500389601190055, "2024_14_7": 0.028334632003966846, "2024_14_8": 0.1275058440178508, "2024_14_9": 2.7980449103917264, "2024_15_15": 4.009350428561309, "2024_20_1": 0.7012821420981795, "2024_20_3": 0.22667705603173477, "2024_20_6_2": 0.14875681802082596, "2024_20_7": 2.8901324644046187, "2024_20_8": 0.021250974002975136, "2024_20_9": 9.074165899270383, "2024_20_9_1": 0.021250974002975136, "2024_20_10": 0.10625487001487569, "2024_20_15": 0.3966848480555359, "2024_21_5": 0.6446128780902458, "2024_26_1": 0.0070836580009917115, "2024_26_3_1": 2.415527378338174, "2024_26_4": 0.021250974002975136, "2024_26_6": 1.2750584401785081, "2024_26_7": 30.523482326273292, "2024_26_8": 27.30750159382305, "2024_26_10": 5.978607352837005, "2024_26_11": 1.0767160161507403, "2024_26_20": 4.349366012608911, "2024_27_5": 1.8063327902528867, "2024_32": 0.1275058440178508, "2024_32_3": 3.8322589785365158}