{"2023_44_30_13": 0.013601741022850928, "2023_44_30_14": 0.46245919477693154, "2023_44_30_25": 0.07480957562568011, "2023_44_30_30": 0.14281828073993474, "2024_2_6": 0.040805223068552776, "2024_2_7": 0.44205658324265507, "2024_2_8": 0.013601741022850928, "2024_2_12": 0.006800870511425464, "2024_3_6": 0.15642002176278563, "2024_3_10": 0.6188792165397172, "2024_3_15": 3.5636561479869426, "2024_3_20": 0.2720348204570185, "2024_3_25": 19.1240478781284, "2024_8_3": 0.006800870511425464, "2024_8_4": 0.06800870511425462, "2024_8_7": 0.25163220892274213, "2024_8_8": 0.013601741022850928, "2024_8_9": 7.732589771490751, "2024_8_12": 0.04760609357997824, "2024_9_5": 0.006800870511425464, "2024_14_3": 0.40805223068552776, "2024_14_5": 0.04760609357997824, "2024_14_6": 4.27094668117519, "2024_14_7": 2.1014689880304678, "2024_14_8": 6.1071817192600655, "2024_14_9": 30.461099020674652, "2024_14_11": 0.10201305767138194, "2024_15_5": 0.03400435255712731, "2024_20_1": 23.408596300326444}