{"2024_3_6": 0.11813716346452778, "2024_3_10": 0.484984144749114, "2024_3_15": 2.816638686812162, "2024_3_20": 0.17409687247404093, "2024_3_25": 9.942174967356838, "2024_8_3": 0.006217745445501461, "2024_8_4": 0.049741963564011685, "2024_8_7": 0.22383883603805263, "2024_8_8": 0.012435490891002921, "2024_8_9": 5.533793446496301, "2024_8_12": 0.04352421811851023, "2024_9_5": 0.006217745445501461, "2024_14_3": 0.28601629049306726, "2024_14_5": 0.031088727227507308, "2024_14_6": 2.2446061058260276, "2024_14_7": 0.9575327986072252, "2024_14_8": 2.9720823229496984, "2024_14_9": 29.528073120686443, "2024_14_11": 0.080830690791519, "2024_15_10": 0.031088727227507308, "2024_15_15": 0.006217745445501461, "2024_20_1": 11.154635329229622, "2024_20_3": 7.989802897469378, "2024_20_6": 2.8415096685941674, "2024_20_6_1": 0.037306472673008774, "2024_20_6_2": 17.38481626562209, "2024_20_7": 4.818752720263633, "2024_20_8": 0.22383883603805263}