{"2024_3_15": 0.13323048874552976, "2024_3_25": 0.911577028258888, "2024_8_4": 0.01402426197321366, "2024_8_7": 0.05609704789285464, "2024_8_9": 0.20335179861159808, "2024_14_3": 0.021036392959820488, "2024_14_6": 0.18932753663838442, "2024_14_7": 0.04908491690624781, "2024_14_8": 0.2664609774910595, "2024_14_9": 14.171516723932404, "2024_14_11": 0.00701213098660683, "2024_15_15": 4.810321856812285, "2024_20_1": 2.2158333917677586, "2024_20_3": 1.4725475071874343, "2024_20_6": 0.20335179861159808, "2024_20_6_1": 0.01402426197321366, "2024_20_6_2": 2.187784867821331, "2024_20_7": 14.991936049365403, "2024_20_8": 0.10518196479910247, "2024_20_9": 37.59203421919921, "2024_20_9_1": 0.021036392959820488, "2024_20_10": 0.42072785919640987, "2024_20_15": 0.7152373606338966, "2024_21_5": 4.628006451160508, "2024_26_1": 0.07713344085267514, "2024_26_3_1": 11.310567281396818, "2024_26_4": 0.08414557183928195, "2024_26_6": 2.755767477736484, "2024_26_10": 0.371642942290162}