{"2023_32_9": 0.033726812816188875, "2023_38_9": 0.05059021922428331, "2023_44_1": 0.04215851602023609, "2023_44_30_5_1": 0.025295109612141656, "2023_44_30_6": 0.025295109612141656, "2023_44_30_7": 0.008431703204047219, "2023_44_30_8": 1.6357504215851606, "2023_44_30_9": 0.04215851602023609, "2023_44_30_13": 0.04215851602023609, "2023_44_30_14": 6.39123102866779, "2023_44_30_16": 0.025295109612141656, "2023_44_30_20": 0.059021922428330535, "2023_44_30_25": 17.689713322091066, "2023_44_30_30": 1.0286677908937607, "2024_2_2_1": 0.033726812816188875, "2024_2_3": 0.016863406408094438, "2024_2_6": 0.06745362563237775, "2024_2_7": 40.65767284991569, "2024_2_7_1": 0.008431703204047219, "2024_2_8": 3.086003372681282, "2024_2_12": 0.06745362563237775, "2024_2_13": 0.43001686340640816, "2024_3_6": 6.214165261382801, "2024_8_3": 0.25295109612141653, "2024_8_4": 8.42327150084317, "2024_8_7": 13.642495784148402}