{"2023_38_6": 6.032250738133091, "2023_38_8": 0.14535543947308652, "2023_38_9": 3.0660913013854185, "2023_38_9_1": 0.16352486940722233, "2023_44_1": 13.06382012264365, "2023_44_9_2": 0.009084714967067907, "2023_44_25": 0.004542357483533954, "2023_44_30_1": 0.1544401544401544, "2023_44_30_2": 0.41789688848512374, "2023_44_30_3": 0.009084714967067907, "2023_44_30_4": 0.2634567340449693, "2023_44_30_5_1": 4.66500113558937, "2023_44_30_6": 0.9130138541903248, "2023_44_30_7": 0.8130819895525778, "2023_44_30_8": 22.7027027027027, "2023_44_30_9": 6.086759027935498, "2023_44_30_10": 0.004542357483533954, "2023_44_30_12": 0.01362707245060186, "2023_44_30_13": 0.3724733136497842, "2023_44_30_14": 12.087213263683852, "2023_44_30_20": 0.29979559391324095, "2024_2_2": 0.08176243470361116, "2024_2_2_1": 8.289802407449466, "2024_2_3": 2.6027708380649557, "2024_2_6": 7.826481944129, "2024_2_7": 9.911424029071087}