{"2024_20_10": 0.05633097577768041, "2024_20_15": 0.28165487888840207, "2024_21_5": 0.3943168304437628, "2024_26_3_1": 1.3644614132815922, "2024_26_4": 0.018776991925893473, "2024_26_6": 0.6947487012580584, "2024_26_7": 9.401013957563999, "2024_26_8": 7.028853977592789, "2024_26_10": 2.015397133379232, "2024_26_11": 0.28165487888840207, "2024_26_20": 1.6335982975527321, "2024_27_5": 0.3379858546660825, "2024_27_10": 1.395756399824748, "2024_27_25": 5.914752456656443, "2024_32": 0.03129498654315578, "2024_32_3": 8.875258183638982, "2024_32_4_1": 0.4569068035300745, "2024_32_4_2": 0.037553983851786946, "2024_32_5_3": 0.025035989234524627, "2024_32_5_4": 0.06884897039494273, "2024_32_6": 6.083745383989484, "2024_32_7": 30.374913938787003, "2024_32_10": 22.062965512924826, "2024_32_20": 0.21906490580209048, "2024_32_20_1": 0.9263316016774112, "2024_38": 0.018776991925893473}