{"2022_40_4_2": 0.06217294440702553, "2022_44_2": 0.1191648101134656, "2022_44_25_1": 0.06217294440702553, "2022_44_25_2": 0.1398891249158075, "2022_44_25_3": 0.663178073674939, "2022_44_25_5": 0.7719807263872337, "2022_44_30": 0.471478161753277, "2022_44_30_1": 0.041448629604683686, "2022_44_30_2": 0.07253510180819647, "2022_44_30_5": 1.471426350966271, "2022_44_30_10": 11.662608155017875, "2022_45_10": 0.010362157401170921, "2022_45_11": 0.279778249831615, "2022_45_12": 7.611004611160042, "2022_45_13": 11.00461116004352, "2022_45_14": 0.2953214859333713, "2023_2_0_5": 0.05699186570644007, "2023_2_10": 1.0465778975182634, "2023_2_11": 0.1502512823169784, "2023_2_12": 27.687684575928706, "2023_2_13": 0.020724314802341843, "2023_2_201": 0.015543236101756383, "2023_2_301": 0.2383296202269312, "2023_6_1": 0.5491943422620591, "2023_6_8": 30.107248329102116, "2023_6_9": 5.38832184860888}