{"2023_38_6": 0.013299640909695438, "2023_38_9": 0.019949461364543158, "2023_44_1": 0.019949461364543158, "2023_44_30_5_1": 0.013299640909695438, "2023_44_30_8": 0.6716318659396195, "2023_44_30_9": 0.04654874318393403, "2023_44_30_13": 0.019949461364543158, "2023_44_30_14": 2.925921000132996, "2023_44_30_16": 0.019949461364543158, "2023_44_30_20": 0.019949461364543158, "2023_44_30_25": 2.2941880569224633, "2023_44_30_30": 0.44553797047479715, "2024_2_2_1": 0.006649820454847719, "2024_2_3": 0.019949461364543158, "2024_2_6": 0.06649820454847719, "2024_2_7": 12.115972868732545, "2024_2_7_1": 0.006649820454847719, "2024_2_8": 0.8644766591302033, "2024_2_12": 0.03324910227423859, "2024_2_13": 0.06649820454847719, "2024_3_6": 1.5826572682537572, "2024_3_10": 12.508312275568558, "2024_3_15": 27.94919537172496, "2024_3_20": 1.2634658864210666, "2024_8_3": 0.08644766591302035, "2024_8_4": 2.2077403910094424, "2024_8_7": 7.215055193509776, "2024_8_8": 0.11304694773241121, "2024_8_9": 27.09136853304961, "2024_8_12": 0.29259210001329966}