{"2023_12_9": 0.048824457297378505, "2023_12_9_1": 0.011267182453241193, "2023_12_10": 0.045068729812964774, "2023_12_11": 0.048824457297378505, "2023_20_4_1": 0.07887027717268835, "2023_20_7": 0.06384736723503344, "2023_20_8": 0.1089160970479982, "2023_20_9": 2.696612333809059, "2023_26_1": 0.153984826860963, "2023_26_3": 0.011267182453241193, "2023_26_6": 0.052580184781792244, "2023_26_7": 1.8703522872380383, "2023_26_8": 3.451513558176219, "2023_26_9": 4.322842334560205, "2023_26_10": 0.2591451964245475, "2023_26_11": 0.22158792158041016, "2023_26_12": 0.8300157740554346, "2023_27_6": 3.9059565837902808, "2023_27_7": 19.127920078119132, "2023_31_600": 0.0075114549688274634, "2023_32_1": 0.34552692856606326, "2023_32_4": 2.629009239089612, "2023_32_6": 12.217381506797867, "2023_32_7": 17.501690077367986, "2023_32_9": 25.122061143243453, "2023_38_1": 0.12769473447006688, "2023_38_4": 4.73972808533013}