{"2023_26_7": 0.01981375074301565, "2023_26_8": 0.08916187834357042, "2023_26_9": 0.0792550029720626, "2023_26_12": 0.7479690905488408, "2023_27_6": 0.08916187834357042, "2023_27_7": 14.751337428175152, "2023_27_12": 6.439468991480086, "2023_32_1": 0.004953437685753913, "2023_32_4": 0.10402219140083217, "2023_32_6": 0.17832375668714084, "2023_32_7": 0.19318406974440258, "2023_32_9": 1.5851000594412519, "2023_38_1": 0.004953437685753913, "2023_38_4": 0.014860313057261739, "2023_38_6": 9.6195759857341, "2023_38_8": 0.24271844660194178, "2023_38_9": 6.186843669506637, "2023_38_9_1": 0.42104220328908254, "2023_44_1": 35.0703388151377, "2023_44_25": 0.004953437685753913, "2023_44_30": 0.004953437685753913, "2023_44_30_1": 3.145432930453734, "2023_44_30_2": 14.31543491182881, "2023_44_30_3": 0.12878937982960173, "2023_44_30_4": 6.55835149593818}