{"2023_2_12": 0.09849790691947796, "2023_6_11": 0.01969958138389559, "2023_7_10": 0.3250430928342772, "2023_7_15": 0.2757941393745382, "2023_7_20": 7.362718542230977, "2023_7_26": 0.11327259295739964, "2023_7_30": 20.507264220635307, "2023_12_1": 0.004924895345973897, "2023_12_1_1": 0.029549372075843388, "2023_12_5": 0.08864811622753015, "2023_12_5_4": 0.014774686037921694, "2023_12_9": 0.08372322088155626, "2023_12_9_1": 0.029549372075843388, "2023_12_10": 0.09357301157350405, "2023_12_11": 0.09849790691947796, "2023_20_4_1": 0.13297217434129524, "2023_20_7": 0.2659443486825905, "2023_20_8": 0.2856439300664861, "2023_20_9": 7.653287367643437, "2023_26_1": 0.42354099975375514, "2023_26_3": 0.01969958138389559, "2023_26_6": 0.1772962324550603, "2023_26_7": 10.667323319379461, "2023_26_8": 28.879586308790934, "2023_26_9": 19.630632849051956, "2023_26_10": 1.3691209061807434, "2023_26_11": 1.3494213247968478}