{"2024_27_5": 0.21762109059255116, "2024_27_10": 0.6652987626686564, "2024_27_25": 3.034259777404713, "2024_32": 0.0310887272275073, "2024_32_3": 5.3037368650127465, "2024_32_4_1": 0.23005658148355407, "2024_32_4_2": 0.024870981782005842, "2024_32_5_3": 0.018653236336504384, "2024_32_5_4": 0.024870981782005842, "2024_32_6": 2.561711123546602, "2024_32_7": 8.00223838836038, "2024_32_9": 0.043524218118510226, "2024_32_9_1": 0.012435490891002921, "2024_32_10": 18.647018591058885, "2024_32_20": 0.08704843623702045, "2024_32_20_1": 0.242492072374557, "2024_33_5": 19.088478517689484, "2024_33_15": 0.46011316296710814, "2024_33_25": 0.2362743269290555, "2024_33_30": 0.012435490891002921, "2024_33_35": 8.76702107815706, "2024_38": 0.006217745445501461, "2024_38_2": 1.7160977429584037, "2024_38_4": 0.16787912702853947, "2024_38_6": 1.9523720698874587, "2024_38_7": 7.902754461232357, "2024_39_5": 1.0134925076167383, "2024_44_1": 0.2797985450475658, "2024_44_3": 1.1627183983087734, "2024_44_3_1": 18.087421500963753}