{"2023_7_26": 0.02688481775934247, "2023_7_30": 5.845527518531321, "2023_12_1_1": 0.030725506010677115, "2023_12_5": 0.05761032377001959, "2023_12_9": 0.05761032377001959, "2023_12_9_1": 0.019203441256673195, "2023_12_10": 0.07681376502669278, "2023_12_11": 0.06529170027268887, "2023_20_4_1": 0.09985789453470062, "2023_20_7": 0.07681376502669278, "2023_20_8": 0.14210546529938162, "2023_20_9": 3.0341437185543647, "2023_26_1": 0.18051234781272804, "2023_26_3": 0.011522064754003919, "2023_26_6": 0.05761032377001959, "2023_26_7": 2.3005722625494487, "2023_26_8": 4.57810039559089, "2023_26_9": 6.371701808964166, "2023_26_10": 0.6490763144755541, "2023_26_11": 0.4301570841494795, "2023_26_12": 0.6836425087375657, "2023_27_6": 19.940853400929445, "2023_32_1": 0.44936052540615273, "2023_32_4": 4.435994930291509, "2023_32_6": 17.94753619848677, "2023_32_7": 32.426930906018356, "2023_38_1": 0.0038406882513346394}