{"2023_2_10": 0.013829983404019917, "2023_2_12": 0.23971971233634526, "2023_6_8": 0.05070993914807302, "2023_6_11": 0.0968098838281394, "2023_7_5": 0.023049972340033198, "2023_7_10": 3.706435552277338, "2023_7_15": 2.065277521666974, "2023_7_20": 23.42799188640974, "2023_7_25": 0.018439977872026555, "2023_12_1": 0.013829983404019917, "2023_12_1_1": 0.07375991148810622, "2023_12_5": 2.540106951871658, "2023_12_5_4": 0.3226996127604647, "2023_12_8": 0.004609994468006639, "2023_12_9": 4.333394799926241, "2023_12_9_1": 1.1156186612576067, "2023_12_10": 0.6223492531808963, "2023_12_11": 2.466347040383552, "2023_20_4_1": 12.585284897658125, "2023_20_6": 0.24432970680435187, "2023_20_7": 20.592845288585657, "2023_20_8": 24.460630647243224, "2023_20_9": 0.14290982850820577, "2023_26": 0.004609994468006639, "2023_26_1": 0.8344089987092016}