{"2022_44_25_5": 0.0214811234627571, "2022_44_30": 0.016110842597067826, "2022_44_30_2": 0.01074056173137855, "2022_44_30_5": 0.01074056173137855, "2022_44_30_10": 0.09129477471671768, "2022_45_12": 0.04833252779120348, "2022_45_13": 0.09129477471671768, "2022_45_15": 1.3318296546909403, "2023_2_10": 0.03222168519413565, "2023_2_12": 0.24703291982170664, "2023_2_301": 0.01074056173137855, "2023_6_8": 0.05370280865689274, "2023_6_11": 0.19870039203050316, "2023_7_5": 0.03222168519413565, "2023_7_10": 11.734063691531066, "2023_7_15": 12.840341549863057, "2023_7_20": 5.402502550883411, "2023_12_1": 0.03222168519413565, "2023_12_1_1": 0.07518393211964985, "2023_12_5": 5.778422211481661, "2023_12_5_4": 0.4779549970463455, "2023_12_8": 0.005370280865689275, "2023_12_9": 10.128349712689973, "2023_12_9_1": 4.1243757048493634, "2023_12_10": 1.4177541485419685, "2023_12_11": 3.243649642876322, "2023_20_4_1": 42.54336501799044}