{"2023_2_12": 0.09554292265800413, "2023_6_11": 0.019108584531600827, "2023_7_10": 0.2579658911766111, "2023_7_15": 0.22452586824630968, "2023_7_20": 5.928438350929157, "2023_7_26": 0.09554292265800413, "2023_7_30": 21.81244924282234, "2023_12_1": 0.004777146132900207, "2023_12_1_1": 0.03344002293030144, "2023_12_5": 0.07643433812640331, "2023_12_5_4": 0.009554292265800414, "2023_12_9": 0.0716571919935031, "2023_12_9_1": 0.028662876797401243, "2023_12_10": 0.07643433812640331, "2023_12_11": 0.09554292265800413, "2023_20_4_1": 0.13376009172120576, "2023_20_7": 0.2197487221134095, "2023_20_8": 0.2579658911766111, "2023_20_9": 6.487364448478481, "2023_26_1": 0.3821716906320165, "2023_26_3": 0.019108584531600827, "2023_26_6": 0.15286867625280662, "2023_26_7": 8.933263268523385, "2023_26_8": 24.31567381646205, "2023_26_9": 26.040223570439025, "2023_26_10": 1.3997038169397604, "2023_26_11": 1.4713610089332634, "2023_32_1": 1.3567095017436586}