{"2023_2_10": 0.010483279169724292, "2023_2_12": 0.11007443128210506, "2023_2_301": 0.010483279169724292, "2023_6_8": 0.010483279169724292, "2023_6_11": 0.020966558339448584, "2023_7_10": 0.8753538106719784, "2023_7_15": 0.7547961002201491, "2023_7_20": 26.742845161966667, "2023_7_26": 0.36167313135548806, "2023_7_30": 0.39312296886466097, "2023_12_1": 0.005241639584862146, "2023_12_1_1": 0.036691477094035016, "2023_12_5": 0.12055771045182935, "2023_12_5_4": 0.020966558339448584, "2023_12_9": 0.09959115211238076, "2023_12_9_1": 0.03144983750917287, "2023_12_10": 0.1362826292064158, "2023_12_11": 0.15200754796100224, "2023_20_4_1": 0.17297410630045082, "2023_20_7": 0.3878813292797988, "2023_20_8": 0.39312296886466097, "2023_20_9": 10.53045392598805, "2023_26_1": 0.576580354334836, "2023_26_3": 0.026208197924310735, "2023_26_6": 0.22539050214907225, "2023_26_7": 17.78488311143726, "2023_26_8": 38.531292588321634, "2023_26_9": 0.5346472376559388, "2023_26_10": 0.9434951252751863}