{"2022_45_12": 0.03276386613620408, "2022_45_13": 0.04212497074654809, "2022_45_15": 0.7348467119120057, "2023_2_12": 0.15913877837584836, "2023_6_8": 0.04212497074654809, "2023_6_9": 0.00468055230517201, "2023_6_11": 0.07956938918792418, "2023_7_5": 0.02340276152586005, "2023_7_10": 4.0065527732272415, "2023_7_15": 2.256026211092909, "2023_7_20": 22.976831266089402, "2023_7_25": 0.01872220922068804, "2023_12_1": 0.00936110461034402, "2023_12_1_1": 0.06552773227240816, "2023_12_5": 2.5274982447928855, "2023_12_5_4": 0.34168031827755674, "2023_12_8": 0.00468055230517201, "2023_12_9": 4.605663468289258, "2023_12_9_1": 1.2263047039550667, "2023_12_10": 0.6693189796395975, "2023_12_11": 2.752164755441142, "2023_20_4_1": 15.590919728527968, "2023_20_6": 0.3463608705827288, "2023_20_7": 27.97566112801311, "2023_20_8": 13.503393400421249, "2023_26": 0.00468055230517201}