{"2023_44_1": 0.013037809647979142, "2023_44_30_5_1": 0.01955671447196871, "2023_44_30_8": 0.5801825293350719, "2023_44_30_9": 0.03911342894393742, "2023_44_30_13": 0.01955671447196871, "2023_44_30_14": 2.516297262059974, "2023_44_30_16": 0.006518904823989571, "2023_44_30_20": 0.01955671447196871, "2023_44_30_25": 1.779661016949153, "2023_44_30_30": 0.3911342894393743, "2024_2_2_1": 0.013037809647979142, "2024_2_3": 0.013037809647979142, "2024_2_6": 0.05215123859191657, "2024_2_7": 9.471968709256847, "2024_2_8": 0.7301173402868318, "2024_2_12": 0.026075619295958283, "2024_2_13": 0.04563233376792699, "2024_3_6": 1.2646675358539767, "2024_3_10": 8.670143415906129, "2024_3_15": 8.428943937418515, "2024_3_20": 0.9517601043024774, "2024_3_25": 26.049543676662324, "2024_8_3": 0.07170795306388528, "2024_8_4": 1.7209908735332469, "2024_8_7": 5.365058670143416, "2024_8_8": 0.0847457627118644, "2024_8_9": 30.48891786179922, "2024_8_12": 0.09126466753585398, "2024_14_3": 1.0756192959582793}