{"2024_32_7": 7.648424543946931, "2024_32_9": 0.03980099502487562, "2024_32_9_1": 0.013266998341625208, "2024_32_10": 15.296849087893863, "2024_32_20": 0.08623548922056386, "2024_32_20_1": 0.21227197346600332, "2024_33_5": 15.184079601990053, "2024_33_15": 0.41791044776119407, "2024_33_25": 0.18573797678275292, "2024_33_30": 0.013266998341625208, "2024_33_35": 5.930348258706468, "2024_33_40": 0.7694859038142622, "2024_38": 0.006633499170812604, "2024_38_2": 1.4726368159203982, "2024_38_4": 0.16583747927031509, "2024_38_6": 1.658374792703151, "2024_38_7": 4.643449419568823, "2024_39_5": 0.9154228855721394, "2024_39_15": 0.23880597014925373, "2024_44_1": 0.19900497512437815, "2024_44_3": 0.7628524046434495, "2024_44_3_1": 18.87230514096186, "2024_44_4": 0.5306799336650083, "2024_44_25_2": 13.001658374792704, "2024_44_25_3": 0.6567164179104478, "2024_44_25_4": 0.5505804311774462, "2024_45_25_5": 2.8922056384742953, "2024_45_25_6": 0.6434494195688226, "2024_45_32": 6.991708126036484}