{"2023_6_8": 0.056484901151422975, "2023_6_11": 0.0695198783402129, "2023_7_5": 0.017379969585053227, "2023_7_10": 2.9154898978926784, "2023_7_15": 1.5207473386921573, "2023_7_20": 23.949598088203345, "2023_7_25": 0.004344992396263307, "2023_7_26": 0.2998044753421681, "2023_12_1": 0.008689984792526613, "2023_12_1_1": 0.07386487073647621, "2023_12_5": 2.016076471866174, "2023_12_5_4": 0.25200955898327176, "2023_12_8": 0.004344992396263307, "2023_12_9": 3.593308711709754, "2023_12_9_1": 0.8603084944601346, "2023_12_10": 0.5300890723441234, "2023_12_11": 1.6293721485987396, "2023_20_4_1": 6.821638062133391, "2023_20_6": 0.12165978709537256, "2023_20_7": 5.66587008472735, "2023_20_8": 3.6932435368238106, "2023_20_9": 39.28307625461655, "2023_26_1": 4.940256354551378, "2023_26_3": 0.1346947642841625, "2023_26_6": 1.5381273082772102}