{"2023_20_4_1": 0.02088445674306897, "2023_20_7": 0.015663342557301726, "2023_20_9": 0.03132668511460345, "2023_26_7": 0.010442228371534485, "2023_26_8": 0.07309559860074138, "2023_26_9": 0.06787448441497414, "2023_26_10": 0.0052211141857672425, "2023_26_11": 0.0052211141857672425, "2023_26_12": 0.7570615569362502, "2023_27_6": 0.10442228371534486, "2023_27_7": 19.302459144781494, "2023_27_12": 8.499973894429072, "2023_32_4": 0.14097008301571556, "2023_32_6": 0.11486451208687933, "2023_32_7": 0.21928679580222415, "2023_32_9": 1.9996867331488537, "2023_38_1": 0.0052211141857672425, "2023_38_4": 0.010442228371534485, "2023_38_6": 11.925024800292382, "2023_38_8": 0.32893019370333626, "2023_38_9": 9.194382081136116, "2023_38_9_1": 0.16707565394455176, "2023_44_1": 46.99002767190518, "2023_44_25": 0.0052211141857672425, "2023_44_25_1": 0.0052211141857672425}