{"2024_2_7": 0.3595967379438772, "2024_2_8": 0.025685481281705513, "2024_3_6": 0.12842740640852757, "2024_3_10": 0.5072882553136839, "2024_3_15": 3.024465420920824, "2024_3_20": 0.2119052205740705, "2024_3_25": 11.706158094137288, "2024_8_3": 0.006421370320426378, "2024_8_4": 0.05779233288383741, "2024_8_7": 0.22474796121492324, "2024_8_8": 0.012842740640852756, "2024_8_9": 6.24157195145444, "2024_8_12": 0.04494959224298465, "2024_9_5": 0.006421370320426378, "2024_14_3": 0.3274898863417453, "2024_14_5": 0.03852822192255827, "2024_14_6": 2.645604572015668, "2024_14_7": 1.2007962499197329, "2024_14_8": 3.3969048995055546, "2024_14_9": 29.172285365697036, "2024_14_11": 0.08347781416554292, "2024_15_5": 0.03210685160213189, "2024_20_1": 20.54838502536441, "2024_20_3": 18.679766262120335, "2024_20_6": 1.3163809156874076}