{"2022_44_30": 0.15914622729825875, "2022_44_30_2": 0.01872308556450103, "2022_44_30_5": 0.11701928477813141, "2022_44_30_10": 0.9267927354428008, "2022_45_11": 0.03744617112900206, "2022_45_12": 0.6833926231042875, "2022_45_13": 1.0625351057854333, "2022_45_14": 0.023403856955626287, "2022_45_15": 28.482493914997193, "2023_2_0_5": 0.023403856955626287, "2023_2_10": 0.33233476876989326, "2023_2_11": 0.01404231417337577, "2023_2_12": 5.172252387193408, "2023_2_13": 0.01872308556450103, "2023_2_201": 0.004680771391125257, "2023_2_301": 0.046807713911252574, "2023_6_1": 0.032765399737876795, "2023_6_8": 5.195656244149036, "2023_6_9": 0.9548773637895525, "2023_6_11": 3.7492978842913303, "2023_6_11_2": 0.02808462834675154, "2023_7_5": 0.22467702677401233, "2023_12_1": 1.998689384010485, "2023_12_1_1": 5.532671784310053, "2023_12_5": 43.92435873431941, "2023_12_5_3": 0.44935405354802466, "2023_12_8": 0.7863695937090431}