{"2023_20_9": 0.030109901139157933, "2023_26_8": 0.07025643599136852, "2023_26_9": 0.07025643599136852, "2023_26_12": 0.7577658453354748, "2023_27_6": 0.08531138656094749, "2023_27_7": 18.51758920058213, "2023_27_12": 8.59637677522959, "2023_32_4": 0.13047623826968438, "2023_32_6": 0.12043960455663173, "2023_32_7": 0.2007326742610529, "2023_32_9": 1.7012094143624232, "2023_38_1": 0.005018316856526322, "2023_38_4": 0.010036633713052644, "2023_38_6": 10.413007477292119, "2023_38_8": 0.2709891102524214, "2023_38_9": 7.522456967932957, "2023_38_9_1": 0.41652029909168475, "2023_44_1": 46.94133587594722, "2023_44_25": 0.005018316856526322, "2023_44_30_1": 2.800220805941688, "2023_44_30_2": 1.2495608972750543, "2023_44_30_3": 0.07527475284789484, "2023_44_30_4": 0.010036633713052644}