{"2023_38_6": 6.174996551565587, "2023_38_8": 0.15173111407421028, "2023_38_9": 3.154168007724492, "2023_38_9_1": 0.1793185893604303, "2023_44_1": 13.47648167731849, "2023_44_9_2": 0.009195825095406684, "2023_44_25": 0.004597912547703342, "2023_44_30_1": 0.16092693916961695, "2023_44_30_2": 0.4322037794841141, "2023_44_30_3": 0.009195825095406684, "2023_44_30_4": 0.2712768403144971, "2023_44_30_5_1": 4.901374775851762, "2023_44_30_6": 0.9655616350177016, "2023_44_30_7": 0.8322221711343049, "2023_44_30_8": 25.012644259506178, "2023_44_30_9": 7.352062163777644, "2023_44_30_10": 0.004597912547703342, "2023_44_30_12": 0.018391650190813368, "2023_44_30_13": 0.3540392661731573, "2023_44_30_14": 11.430410593590507, "2023_44_30_20": 0.16092693916961695, "2024_2_2": 0.10575198859717687, "2024_2_2_1": 11.255689916777781, "2024_2_3": 6.354315140926017, "2024_2_6": 7.227918524989653}