{"2024_3_25": 0.8436213991769547, "2024_8_7": 0.07544581618655694, "2024_8_9": 0.22633744855967078, "2024_14_3": 0.020576131687242795, "2024_14_6": 0.17146776406035666, "2024_14_7": 0.04801097393689986, "2024_14_8": 0.23319615912208505, "2024_14_9": 13.257887517146777, "2024_14_11": 0.006858710562414267, "2024_15_15": 4.8079561042524, "2024_20_1": 2.0507544581618653, "2024_20_3": 1.364883401920439, "2024_20_6": 0.19204389574759945, "2024_20_6_1": 0.013717421124828533, "2024_20_6_2": 2.0301783264746227, "2024_20_7": 12.023319615912209, "2024_20_8": 0.08230452674897118, "2024_20_9": 33.25788751714677, "2024_20_9_1": 0.020576131687242795, "2024_20_10": 0.36351165980795613, "2024_20_15": 0.5829903978052126, "2024_21_5": 2.05761316872428, "2024_26_1": 0.04115226337448559, "2024_26_3_1": 10.006858710562414, "2024_26_4": 0.08916323731138545, "2024_26_6": 9.430727023319616, "2024_26_7": 3.443072702331961, "2024_26_10": 3.2578875171467763}