{"2024_3_25": 0.8632000552448033, "2024_8_4": 0.013811200883916852, "2024_8_7": 0.06215040397762584, "2024_8_9": 0.22097921414266963, "2024_8_12": 0.013811200883916852, "2024_14_3": 0.020716801325875278, "2024_14_6": 0.17264001104896065, "2024_14_7": 0.05524480353566741, "2024_14_8": 0.23479041502658649, "2024_14_9": 13.479732062702846, "2024_14_11": 0.006905600441958426, "2024_15_15": 4.8062979076030645, "2024_20_1": 2.0647745321455693, "2024_20_3": 1.3880256888336435, "2024_20_6": 0.20026241281679436, "2024_20_6_1": 0.013811200883916852, "2024_20_6_2": 2.057868931703611, "2024_20_7": 12.782266418065047, "2024_20_8": 0.08977280574545954, "2024_20_9": 34.55562461155996, "2024_20_9_1": 0.020716801325875278, "2024_20_10": 0.37980802430771343, "2024_20_15": 0.5869760375664662, "2024_21_5": 2.1476417374490704, "2024_26_1": 0.04833920309370898, "2024_26_3_1": 10.779642289897104, "2024_26_4": 0.08286720530350111, "2024_26_6": 8.77701816172916, "2024_26_7": 0.9736896623161381, "2024_26_10": 3.100614598439333}