{"2023_12_9": 0.01560386975970041, "2023_12_9_1": 0.01560386975970041, "2023_12_11": 0.010402579839800271, "2023_20_4_1": 0.020805159679600543, "2023_20_7": 0.020805159679600543, "2023_20_9": 0.02600644959950068, "2023_26_1": 0.005201289919900136, "2023_26_3": 0.005201289919900136, "2023_26_7": 0.01560386975970041, "2023_26_8": 0.07281805887860189, "2023_26_9": 0.10402579839800272, "2023_26_10": 0.010402579839800271, "2023_26_11": 0.005201289919900136, "2023_26_12": 0.8530115468636221, "2023_27_6": 0.15083740767710394, "2023_27_7": 27.98293976906273, "2023_27_11": 0.01560386975970041, "2023_31_600": 0.02600644959950068, "2023_32_1": 0.005201289919900136, "2023_32_4": 0.19764901695620515, "2023_32_6": 0.650161239987517, "2023_32_7": 0.9674399251014253, "2023_32_9": 6.668053677311975, "2023_38_1": 0.005201289919900136, "2023_38_4": 0.21325288671590553, "2023_38_6": 31.056902111723712, "2023_38_8": 0.577343181108915, "2023_38_9": 15.541454280661608, "2023_44_1": 14.761260792676586}