{"2023_2_12": 0.09561600611942438, "2023_6_11": 0.019123201223884875, "2023_7_10": 0.25816321652244584, "2023_7_15": 0.22469761438064728, "2023_7_20": 5.95687718124014, "2023_7_26": 0.09561600611942438, "2023_7_30": 21.795668594922788, "2023_12_1": 0.004780800305971219, "2023_12_1_1": 0.03346560214179853, "2023_12_5": 0.0764928048955395, "2023_12_5_4": 0.009561600611942438, "2023_12_9": 0.07171200458956829, "2023_12_9_1": 0.02868480183582731, "2023_12_10": 0.0764928048955395, "2023_12_11": 0.09561600611942438, "2023_20_4_1": 0.1338624085671941, "2023_20_7": 0.21991681407467606, "2023_20_8": 0.25816321652244584, "2023_20_9": 6.5114500167328, "2023_26_1": 0.3824640244776975, "2023_26_3": 0.019123201223884875, "2023_26_6": 0.152985609791079, "2023_26_7": 8.997466175837834, "2023_26_8": 24.405985561983073, "2023_26_9": 25.93106085958789, "2023_26_10": 1.395993689343596, "2023_26_11": 1.4724864942391356, "2023_32_1": 1.2764736816943154}