{"2024_8_9": 0.14954389113204725, "2024_8_12": 0.014954389113204725, "2024_14_3": 0.022431583669807086, "2024_14_6": 0.0972035292358307, "2024_14_7": 0.03738597278301181, "2024_14_8": 0.11215791834903543, "2024_14_9": 3.4918498579333033, "2024_14_11": 0.007477194556602363, "2024_15_15": 4.157320173470913, "2024_20_1": 0.7925826229998505, "2024_20_3": 0.269179004037685, "2024_20_6": 0.007477194556602363, "2024_20_6_2": 0.17197547480185432, "2024_20_7": 3.2151936593390156, "2024_20_8": 0.022431583669807086, "2024_20_9": 11.14849708389412, "2024_20_9_1": 0.022431583669807086, "2024_20_10": 0.1345895020188425, "2024_20_15": 0.47106325706594887, "2024_21_5": 0.7551966502168386, "2024_26_1": 0.014954389113204725, "2024_26_3_1": 3.6040077762823386, "2024_26_4": 0.022431583669807086, "2024_26_6": 1.7122775534619408, "2024_26_7": 46.96425901001943, "2024_26_8": 10.655002243158366, "2024_26_10": 7.394945416479735, "2024_26_11": 0.6430387318678032, "2024_26_20": 3.768506056527591, "2024_32": 0.1196351129056378}