{"2023_38_6": 0.013452613170108292, "2023_38_9": 0.02017891975516244, "2023_44_1": 0.02017891975516244, "2023_44_30_5_1": 0.013452613170108292, "2023_44_30_8": 0.6860832716755229, "2023_44_30_9": 0.04708414609537902, "2023_44_30_13": 0.02017891975516244, "2023_44_30_14": 3.0537431896145826, "2023_44_30_16": 0.02017891975516244, "2023_44_30_20": 0.02017891975516244, "2023_44_30_25": 2.374386224524114, "2023_44_30_30": 0.4573888477836819, "2024_2_2_1": 0.006726306585054146, "2024_2_3": 0.03363153292527073, "2024_2_6": 0.07398937243559561, "2024_2_7": 13.392076410842805, "2024_2_7_1": 0.006726306585054146, "2024_2_8": 0.9349566153225263, "2024_2_12": 0.03363153292527073, "2024_2_13": 0.07398937243559561, "2024_3_6": 1.6479451133382659, "2024_3_10": 13.230645052801504, "2024_3_15": 27.69220421066792, "2024_3_20": 0.37667316876303214, "2024_8_3": 0.09416829219075804, "2024_8_4": 2.340754691598843, "2024_8_7": 7.72179995964216, "2024_8_8": 0.12779982511602878, "2024_8_9": 25.19674446761283, "2024_8_12": 0.2690522634021658}