{"2023_44_30_13": 0.014057777465382719, "2023_44_30_14": 0.49202221128839513, "2023_44_30_25": 0.07731777605960496, "2023_44_30_30": 0.175722218317284, "2024_2_6": 0.0351444436634568, "2024_2_7": 0.46390665635762973, "2024_2_8": 0.0070288887326913595, "2024_2_12": 0.0070288887326913595, "2024_3_6": 0.18977999578266672, "2024_3_10": 0.7099177620018273, "2024_3_15": 4.125957686089828, "2024_3_20": 0.351444436634568, "2024_3_25": 34.84220144795107, "2024_8_3": 0.0070288887326913595, "2024_8_4": 0.0702888873269136, "2024_8_7": 0.2881844380403457, "2024_8_8": 0.014057777465382719, "2024_8_9": 9.186757573627608, "2024_8_12": 0.056231109861530876, "2024_9_5": 0.0070288887326913595, "2024_14_3": 0.5060799887537779, "2024_14_5": 0.04920222112883951, "2024_14_6": 6.972657622829829, "2024_14_7": 3.6058199198706675, "2024_14_8": 10.719055317354323, "2024_14_9": 22.99852393336613, "2024_14_11": 0.4006466577634075, "2024_15_5": 0.0351444436634568, "2024_20_1": 3.5917621424052846}