{"2022_44_25_2": 0.02609603340292275, "2022_44_25_3": 0.22442588726513563, "2022_44_25_5": 0.08350730688935279, "2022_44_30": 0.2192066805845511, "2022_44_30_2": 0.020876826722338197, "2022_44_30_5": 0.18267223382045925, "2022_44_30_10": 1.6179540709812104, "2022_45_10": 0.005219206680584549, "2022_45_11": 0.0521920668058455, "2022_45_12": 1.0855949895615864, "2022_45_13": 1.7588726513569932, "2022_45_14": 0.03131524008350729, "2022_45_15": 27.82881002087682, "2023_2_0_5": 0.020876826722338197, "2023_2_10": 0.4645093945720249, "2023_2_11": 0.02609603340292275, "2023_2_12": 16.059498956158656, "2023_2_13": 0.015657620041753646, "2023_2_201": 0.005219206680584549, "2023_2_301": 0.06263048016701458, "2023_6_1": 0.08872651356993734, "2023_6_8": 17.834029227557405, "2023_6_9": 1.3308977035490603, "2023_6_11": 16.941544885177446, "2023_6_11_2": 0.0730688935281837, "2023_6_15": 0.005219206680584549, "2023_12_1": 13.930062630480162, "2023_12_1_1": 0.005219206680584549}