{"2023_32_9": 0.030606779401637467, "2023_38_9": 0.03825847425204682, "2023_44_1": 0.0459101691024562, "2023_44_30_5_1": 0.03825847425204682, "2023_44_30_6": 0.015303389700818733, "2023_44_30_8": 0.9870686357028082, "2023_44_30_9": 0.05356186395286556, "2023_44_30_13": 0.0229550845512281, "2023_44_30_14": 4.040094881016145, "2023_44_30_16": 0.0229550845512281, "2023_44_30_20": 0.0229550845512281, "2023_44_30_25": 4.422679623536614, "2023_44_30_30": 0.5279669446782462, "2024_2_2_1": 0.007651694850409367, "2024_2_3": 0.03825847425204682, "2024_2_6": 0.0459101691024562, "2024_2_7": 22.64136506236131, "2024_2_7_1": 0.007651694850409367, "2024_2_8": 1.5609457494835106, "2024_2_12": 0.05356186395286556, "2024_2_13": 0.1759889815594154, "2024_3_6": 3.5809931899915832, "2024_3_10": 30.859285331700974, "2024_8_3": 0.1530338970081873, "2024_8_4": 4.522151656591935, "2024_8_7": 25.85507689953325, "2024_8_8": 0.22955084551228097}