{"2023_7_20": 0.03339083977962046, "2023_7_30": 0.07791195948578107, "2023_12_9": 0.01669541988981023, "2023_12_9_1": 0.011130279926540153, "2023_20_4_1": 0.022260559853080307, "2023_20_7": 0.011130279926540153, "2023_20_9": 0.01669541988981023, "2023_26_3": 0.005565139963270077, "2023_26_7": 0.011130279926540153, "2023_26_8": 0.05565139963270076, "2023_26_9": 0.07791195948578107, "2023_26_10": 0.011130279926540153, "2023_26_11": 0.005565139963270077, "2023_26_12": 0.812510434637431, "2023_27_6": 0.15025877900829207, "2023_27_7": 26.92414714230063, "2023_27_12": 1.0629417329845845, "2023_31_600": 0.005565139963270077, "2023_32_4": 0.17808447882464246, "2023_32_6": 0.1391284990817519, "2023_32_7": 0.2615615782736936, "2023_32_9": 2.6100506427736656, "2023_38_1": 0.005565139963270077, "2023_38_4": 0.01669541988981023, "2023_38_6": 20.652234403695253, "2023_38_8": 0.42295063720852577, "2023_38_9": 13.90728476821192, "2023_44_1": 32.49485224553398}