{"2024_27_25": 2.806570891677275, "2024_32": 0.030308540946838824, "2024_32_3": 4.970600715281568, "2024_32_4_1": 0.21215978662787177, "2024_32_4_2": 0.024246832757471058, "2024_32_5_3": 0.018185124568103294, "2024_32_5_4": 0.024246832757471058, "2024_32_6": 2.3519427774746924, "2024_32_7": 7.177062496211432, "2024_32_9": 0.03637024913620659, "2024_32_9_1": 0.012123416378735529, "2024_32_10": 14.67539552645936, "2024_32_20": 0.07880220646178093, "2024_32_20_1": 0.206098078438504, "2024_33_5": 15.24519609625993, "2024_33_15": 0.3940110323089047, "2024_33_25": 0.1757895374916652, "2024_33_30": 0.012123416378735529, "2024_33_35": 6.5163363035703465, "2024_33_40": 1.460871673637631, "2024_38": 0.006061708189367764, "2024_38_2": 1.4366248408801603, "2024_38_4": 0.15154270473419412, "2024_38_6": 1.6124143783718254, "2024_38_7": 5.04334121355398, "2024_39_5": 1.1941565133054495, "2024_44_1": 0.21215978662787177, "2024_44_3": 0.7395283991028673, "2024_44_3_1": 18.96102321634237, "2024_44_4": 0.3515790749833304, "2024_44_25_2": 13.863126629084077}