{"2022_40_4": 0.017053206002728517, "2022_40_4_2": 0.03979081400636653, "2022_44_2": 0.051159618008185546, "2022_44_25_1": 0.011368804001819012, "2022_44_25_2": 0.056844020009095046, "2022_44_25_3": 0.25579809004092774, "2022_44_25_5": 0.1193724420190996, "2022_44_30": 0.2330604820372897, "2022_44_30_1": 0.005684402000909506, "2022_44_30_2": 0.022737608003638023, "2022_44_30_5": 0.3467485220554798, "2022_44_30_10": 2.489768076398363, "2022_45_10": 0.011368804001819012, "2022_45_11": 0.06252842201000457, "2022_45_12": 1.9952251023192364, "2022_45_13": 3.007048658481128, "2022_45_14": 0.051159618008185546, "2022_45_15": 25.272851296043658, "2023_2_0_5": 0.022737608003638023, "2023_2_10": 0.5570713960891315, "2023_2_11": 0.06252842201000457, "2023_2_12": 18.320827648931335, "2023_2_13": 0.017053206002728517, "2023_2_301": 0.14779445202364713, "2023_6_1": 0.10800363801728059, "2023_6_8": 23.971123237835382, "2023_6_9": 2.603456116416553, "2023_6_11": 19.929513415188726, "2023_6_11_2": 0.21032287403365169}