{"2023_7_26": 0.04008498015793482, "2023_7_30": 20.40325490038882, "2023_12_1_1": 0.02805948611055437, "2023_12_5": 0.06413596825269571, "2023_12_9": 0.05611897222110874, "2023_12_9_1": 0.01603399206317393, "2023_12_10": 0.08016996031586963, "2023_12_11": 0.06413596825269571, "2023_20_4_1": 0.09620395237904357, "2023_20_7": 0.09620395237904357, "2023_20_8": 0.1563314226159458, "2023_20_9": 3.4994187677877098, "2023_26_1": 0.2044333988054676, "2023_26_3": 0.012025494047380446, "2023_26_6": 0.06413596825269571, "2023_26_7": 2.825991101134405, "2023_26_8": 5.968653545516496, "2023_26_9": 8.273539904597747, "2023_26_10": 0.8498015793482182, "2023_26_11": 0.665410670621718, "2023_26_12": 0.5251132400689462, "2023_27_6": 5.062732993947168, "2023_32_1": 0.7255381408586202, "2023_32_4": 7.0148715276385945, "2023_32_6": 38.14887561630657, "2023_32_7": 5.054715997915581, "2023_38": 0.004008498015793482}