{"2024_20_6_2": 0.12348888600025999, "2024_20_7": 2.073313401793839, "2024_20_9": 6.694397504224621, "2024_20_10": 0.07149356557909789, "2024_20_15": 0.32497075263226316, "2024_21_5": 0.47445729884310417, "2024_26_1": 0.006499415052645263, "2024_26_3_1": 1.6963473287404138, "2024_26_4": 0.01949824515793579, "2024_26_6": 0.8644222020018199, "2024_26_7": 15.832575068243859, "2024_26_8": 9.82061614454699, "2024_26_10": 3.4511893929546344, "2024_26_11": 0.5329520343169115, "2024_26_20": 2.788249057584818, "2024_27_5": 0.766930976212141, "2024_27_10": 5.349018588327051, "2024_27_25": 11.776940075393217, "2024_32": 0.0519953204211621, "2024_32_3": 33.36149746522813, "2024_32_4_1": 2.820746132848044, "2024_32_4_2": 0.2989730924216821, "2024_32_5_3": 0.5134537891589758, "2024_32_5_4": 0.27947484726374633, "2024_32_6": 0.006499415052645263}