{"2024_32_7": 7.711260571352466, "2024_32_9": 0.0399547179862822, "2024_32_9_1": 0.013318239328760735, "2024_32_10": 15.435839382033691, "2024_32_20": 0.08656855563694478, "2024_32_20_1": 0.21309182926017176, "2024_33_5": 15.415862023040553, "2024_33_15": 0.4195245388559632, "2024_33_25": 0.18645535060265028, "2024_33_30": 0.013318239328760735, "2024_33_35": 6.0131850569354715, "2024_33_40": 0.8057534793900244, "2024_38": 0.006659119664380367, "2024_38_2": 1.5049610441499632, "2024_38_4": 0.16647799160950918, "2024_38_6": 1.6714390357594724, "2024_38_7": 4.787907038689485, "2024_39_5": 0.9389358726776318, "2024_39_15": 0.3063195045614969, "2024_44_1": 0.21309182926017176, "2024_44_3": 0.779117000732503, "2024_44_3_1": 19.018445761470332, "2024_44_4": 0.5260704534860491, "2024_44_25_2": 14.330425517746551, "2024_44_25_3": 1.3118465738829324, "2024_44_25_4": 0.4661383765066258, "2024_45_25_5": 2.6103749084371044, "2024_45_25_6": 0.5460478124791901, "2024_45_32": 4.4616101751348465}