{"2023_12_9": 0.01556743293030979, "2023_12_9_1": 0.01556743293030979, "2023_12_11": 0.010378288620206524, "2023_20_4_1": 0.02075657724041305, "2023_20_7": 0.02075657724041305, "2023_20_9": 0.025945721550516315, "2023_26_1": 0.005189144310103262, "2023_26_3": 0.005189144310103262, "2023_26_7": 0.01556743293030979, "2023_26_8": 0.07264802034144567, "2023_26_9": 0.10378288620206526, "2023_26_10": 0.010378288620206524, "2023_26_11": 0.005189144310103262, "2023_26_12": 0.8510196668569352, "2023_27_6": 0.15048518499299465, "2023_27_7": 27.979866120076796, "2023_27_11": 0.01556743293030979, "2023_31_600": 0.025945721550516315, "2023_32_1": 0.005189144310103262, "2023_32_4": 0.197187483783924, "2023_32_6": 0.6382647501427015, "2023_32_7": 0.9444242644387939, "2023_32_9": 6.226973172123916, "2023_38_1": 0.005189144310103262, "2023_38_4": 0.20756577240413052, "2023_38_6": 30.797571480462864, "2023_38_8": 0.5552384411810491, "2023_38_9": 16.17975195890197, "2023_44_1": 14.892844169996366}