{"2023_26_9": 0.07075137965190322, "2023_26_12": 0.7216640724494129, "2023_27_6": 0.07075137965190322, "2023_27_7": 9.405216735059668, "2023_27_12": 3.6885052591858876, "2023_32_4": 0.0943351728692043, "2023_32_6": 0.10848544879958494, "2023_32_7": 0.18395358709494838, "2023_32_9": 1.2452242818734967, "2023_38_1": 0.004716758643460215, "2023_38_4": 0.014150275930380646, "2023_38_6": 7.726050657987832, "2023_38_8": 0.18395358709494838, "2023_38_9": 4.353568227913778, "2023_38_9_1": 0.49997641620678274, "2023_44_1": 21.715956794490832, "2023_44_25": 0.004716758643460215, "2023_44_30_1": 0.4858261402764021, "2023_44_30_2": 1.3065421442384793, "2023_44_30_3": 0.028300551860761292, "2023_44_30_4": 1.146172350360832, "2023_44_30_5_1": 37.818970803264, "2023_44_30_6": 6.660063204565822, "2023_44_30_7": 2.4479977359558514, "2023_44_30_10": 0.014150275930380646}