{"2022_40_4": 0.010905125408942201, "2022_40_4_1": 0.07633587786259541, "2022_40_4_2": 0.0654307524536532, "2022_44_2": 0.12540894220283533, "2022_44_25_1": 0.0708833151581243, "2022_44_25_2": 0.1690294438386041, "2022_44_25_3": 0.7360959651035985, "2022_44_25_5": 1.4830970556161391, "2022_44_30": 0.5561613958560523, "2022_44_30_1": 0.0654307524536532, "2022_44_30_2": 0.11450381679389308, "2022_44_30_5": 2.186477644492911, "2022_44_30_10": 22.64449291166848, "2022_45_10": 0.0163576881134133, "2022_45_11": 0.4689203925845147, "2022_45_12": 6.624863685932386, "2023_2_0_5": 0.059978189749182106, "2023_2_10": 1.1886586695746997, "2023_2_11": 0.1799345692475463, "2023_2_12": 30.76335877862595, "2023_2_13": 0.021810250817884402, "2023_2_201": 0.0327153762268266, "2023_2_301": 0.10905125408942201, "2023_6_1": 0.6706652126499453, "2023_6_8": 28.936750272628124, "2023_6_9": 2.622682660850599}