{"2022_44_25_3": 0.15511391177896267, "2022_44_25_5": 0.06786233640329618, "2022_44_30": 0.1696558410082404, "2022_44_30_2": 0.024236548715462918, "2022_44_30_5": 0.1502666020358701, "2022_44_30_10": 1.1003393116820166, "2022_45_11": 0.038778477944740666, "2022_45_12": 0.7561803199224431, "2022_45_13": 1.2409112942317013, "2022_45_14": 0.024236548715462918, "2022_45_15": 28.526417838099853, "2023_2_0_5": 0.024236548715462918, "2023_2_10": 0.373242850218129, "2023_2_11": 0.01454192922927775, "2023_2_12": 6.825012118274358, "2023_2_13": 0.019389238972370333, "2023_2_201": 0.004847309743092583, "2023_2_301": 0.043625787687833255, "2023_6_1": 0.03393116820164809, "2023_6_8": 6.52932622394571, "2023_6_9": 1.0276296655356278, "2023_6_11": 4.7261269995152695, "2023_6_11_2": 0.038778477944740666, "2023_6_15": 0.004847309743092583, "2023_12_1": 3.5239941832283086, "2023_12_1_1": 23.45128453708192, "2023_12_5": 21.105186621425105}