{"2023_12_9": 0.016095284081764045, "2023_12_9_1": 0.016095284081764045, "2023_12_11": 0.010730189387842697, "2023_20_4_1": 0.021460378775685393, "2023_20_7": 0.021460378775685393, "2023_20_9": 0.026825473469606738, "2023_26_1": 0.005365094693921348, "2023_26_3": 0.005365094693921348, "2023_26_7": 0.016095284081764045, "2023_26_8": 0.09120660979666292, "2023_26_9": 0.1019367991845056, "2023_26_10": 0.010730189387842697, "2023_26_11": 0.005365094693921348, "2023_26_12": 0.9120660979666292, "2023_27_6": 0.15022265142979777, "2023_27_7": 28.139921669617472, "2023_27_11": 0.016095284081764045, "2023_31_600": 0.026825473469606738, "2023_32_1": 0.005365094693921348, "2023_32_4": 0.26288964000214604, "2023_32_6": 0.7135575942915392, "2023_32_7": 1.0676538440903482, "2023_32_9": 8.03691185149418, "2023_38_1": 0.005365094693921348, "2023_38_4": 0.21996888245077528, "2023_38_6": 40.09335264767424, "2023_38_8": 0.75647835184291, "2023_38_9": 14.92569343848919, "2023_44_1": 4.318901228606685}