{"2024_26_10": 1.5598485837358045, "2024_26_11": 0.24800939825088106, "2024_26_20": 1.409737632162903, "2024_27_5": 0.27411565069834226, "2024_27_10": 0.7831875734238349, "2024_27_25": 3.667928468868294, "2024_32": 0.032632815559326456, "2024_32_3": 6.232867771831352, "2024_32_4_1": 0.30674846625766866, "2024_32_4_2": 0.026106252447461165, "2024_32_5_3": 0.01957968933559587, "2024_32_5_4": 0.032632815559326456, "2024_32_6": 3.093590915024148, "2024_32_7": 12.426576164991515, "2024_32_9": 0.05221250489492233, "2024_32_9_1": 0.16969064090849756, "2024_32_10": 29.225949614932773, "2024_32_20": 0.11747813601357524, "2024_32_20_1": 0.3393812818169951, "2024_33_5": 18.750815820388983, "2024_33_15": 1.1029891659052342, "2024_33_25": 1.1290954183526953, "2024_33_30": 0.11095157290170997, "2024_33_35": 0.920245398773006, "2024_38": 0.006526563111865291, "2024_38_2": 4.477222294739589, "2024_38_4": 0.37201409737632163, "2024_38_6": 13.11186529173737}