{"2023_38_6": 6.707082371054658, "2023_38_8": 0.1587759815242494, "2023_38_9": 3.5459969207082365, "2023_38_9_1": 0.1924557351809084, "2023_44_1": 15.531177829099308, "2023_44_9_1": 0.00962278675904542, "2023_44_9_2": 0.014434180138568132, "2023_44_25": 0.00481139337952271, "2023_44_30_1": 0.21170130869899925, "2023_44_30_2": 0.5340646651270207, "2023_44_30_3": 0.00962278675904542, "2023_44_30_4": 0.37528868360277134, "2023_44_30_5_1": 6.038298691301001, "2023_44_30_6": 1.2220939183987682, "2023_44_30_7": 1.0536951501154734, "2023_44_30_8": 45.3810623556582, "2023_44_30_9": 12.350846805234795, "2023_44_30_10": 0.00481139337952271, "2023_44_30_12": 0.028868360277136264, "2023_44_30_13": 0.3175519630484988, "2024_2_2": 0.3367975365665897, "2024_2_2_1": 5.970939183987682}