{"2024_3_6": 0.12074378169524268, "2024_3_10": 0.45882637044192215, "2024_3_15": 2.6201400627867657, "2024_3_20": 0.16300410528857762, "2024_3_25": 8.850519198261289, "2024_8_4": 0.04226032359333494, "2024_8_7": 0.22941318522096107, "2024_8_8": 0.012074378169524266, "2024_8_9": 5.071238831200192, "2024_8_12": 0.04226032359333494, "2024_9_5": 0.006037189084762133, "2024_14_3": 0.2535619415600096, "2024_14_5": 0.03018594542381067, "2024_14_6": 2.040569910649601, "2024_14_7": 0.815020526442888, "2024_14_8": 2.511470659261047, "2024_14_9": 26.702487321902918, "2024_14_11": 0.07848345810190772, "2024_15_10": 0.006037189084762133, "2024_15_15": 3.3144168075344114, "2024_20_1": 8.452064718666987, "2024_20_3": 4.419222410045882, "2024_20_6": 0.8633180391209851, "2024_20_6_1": 0.03018594542381067, "2024_20_6_2": 5.463656121709731, "2024_20_7": 25.338082588746673, "2024_20_8": 0.1992272397971504, "2024_20_9": 1.8654914271914993}