{"2022_45_13": 0.03414328799863427, "2022_45_15": 0.1479542479940818, "2023_2_10": 0.017071643999317133, "2023_2_12": 0.2162408239913504, "2023_2_301": 0.011381095999544753, "2023_6_8": 0.028452739998861887, "2023_6_11": 0.05121493199795139, "2023_7_10": 0.9901553519603936, "2023_7_15": 0.8706538439651736, "2023_7_20": 27.513799578899444, "2023_7_26": 0.4324816479827008, "2023_12_1": 0.017071643999317133, "2023_12_1_1": 0.06259602799749615, "2023_12_5": 0.31298013998748075, "2023_12_5_4": 0.1251920559949923, "2023_12_9": 0.15364479599385422, "2023_12_9_1": 0.056905479997723774, "2023_12_10": 0.17640698799294371, "2023_12_11": 0.4495532919820178, "2023_20_4_1": 0.31298013998748075, "2023_20_7": 0.6202697319751892, "2023_20_8": 0.5975075399760996, "2023_20_9": 18.056108803277755, "2023_26_1": 0.8308200079667671, "2023_26_3": 0.05121493199795139, "2023_26_6": 0.5462926079781483, "2023_26_7": 41.1198998463552, "2023_26_8": 6.19700677175212}