{"2023_44_30_9": 0.020054816498429037, "2023_44_30_13": 0.013369877665619359, "2023_44_30_14": 0.4478909017982485, "2023_44_30_25": 0.08690420482652583, "2023_44_30_30": 0.14706865432181296, "2024_2_6": 0.040109632996858074, "2024_2_7": 0.39441139113577106, "2024_2_8": 0.013369877665619359, "2024_3_6": 0.14706865432181296, "2024_3_10": 0.5882746172872518, "2024_3_15": 3.3825790494016976, "2024_3_20": 0.2607126144795775, "2024_3_25": 14.97426298549368, "2024_8_3": 0.006684938832809679, "2024_8_4": 0.053479510662477435, "2024_8_7": 0.2607126144795775, "2024_8_8": 0.013369877665619359, "2024_8_9": 7.233103817100073, "2024_8_12": 0.04679457182966776, "2024_9_5": 0.006684938832809679, "2024_14_3": 0.3810415134701517, "2024_14_5": 0.04679457182966776, "2024_14_6": 3.589812153218798, "2024_14_7": 1.631125075205562, "2024_14_8": 5.354636005080553, "2024_14_9": 35.54381977404906, "2024_14_11": 0.12032889899057422, "2024_15_5": 0.0334246941640484, "2024_20_1": 25.162109766695632}