{"2024_3_25": 0.8494572911750825, "2024_8_7": 0.06741724533135576, "2024_8_9": 0.2022517359940673, "2024_14_3": 0.020225173599406725, "2024_14_6": 0.16854311332838937, "2024_14_7": 0.05393379626508461, "2024_14_8": 0.24270208319288072, "2024_14_9": 12.647475224162338, "2024_14_11": 0.006741724533135577, "2024_15_15": 4.779882693993123, "2024_20_1": 1.975325288208724, "2024_20_3": 1.2674442122294882, "2024_20_6": 0.1955100114609317, "2024_20_6_1": 0.013483449066271153, "2024_20_6_2": 1.9281332164767746, "2024_20_7": 10.220454392233533, "2024_20_8": 0.07415896986449133, "2024_20_9": 28.31524303916942, "2024_20_9_1": 0.020225173599406725, "2024_20_10": 0.31686105305737206, "2024_20_15": 0.5325962381177104, "2024_21_5": 2.0629677071394865, "2024_26_1": 0.04045034719881345, "2024_26_3_1": 5.534955841704308, "2024_26_4": 0.05393379626508461, "2024_26_6": 6.38441313287939, "2024_26_7": 18.593676262387916, "2024_26_10": 3.4315377873660076}