{"2023_6_11": 0.013858733311775305, "2023_7_10": 0.2309788885295884, "2023_7_15": 0.16630479974130363, "2023_7_20": 4.864415392433132, "2023_7_26": 0.08315239987065182, "2023_7_30": 22.54815909825842, "2023_12_1": 0.004619577770591768, "2023_12_1_1": 0.03233704439414238, "2023_12_5": 0.06005451101769299, "2023_12_5_4": 0.009239155541183536, "2023_12_9": 0.06929366655887652, "2023_12_9_1": 0.02309788885295884, "2023_12_10": 0.07391324432946829, "2023_12_11": 0.09239155541183536, "2023_20_4_1": 0.13396775534716127, "2023_20_7": 0.18016353305307897, "2023_20_8": 0.24483762184136373, "2023_20_9": 5.682080657827875, "2023_26_1": 0.3372291772531991, "2023_26_3": 0.018478311082367072, "2023_26_6": 0.12934817757656952, "2023_26_7": 7.280454566452627, "2023_26_8": 18.870975192867377, "2023_26_9": 25.615558737931355, "2023_26_10": 1.159514020418534, "2023_26_11": 0.9054372430359866, "2023_32_1": 4.143761260220817, "2023_32_4": 7.0263777890700805}