{"2022_45_12": 0.03297686908182974, "2022_45_13": 0.04239883167663824, "2022_45_15": 0.7490460262872756, "2023_2_12": 0.13190747632731897, "2023_2_301": 0.009421962594808498, "2023_6_8": 0.03768785037923399, "2023_6_11": 0.07066471946106373, "2023_7_5": 0.028265887784425493, "2023_7_10": 4.103264710039101, "2023_7_15": 2.341357704809912, "2023_7_20": 22.84825929241061, "2023_7_25": 0.018843925189616997, "2023_12_1": 0.009421962594808498, "2023_12_1_1": 0.03768785037923399, "2023_12_5": 2.5015310689216563, "2023_12_5_4": 0.34861261600791443, "2023_12_8": 0.004710981297404249, "2023_12_9": 4.6638714844302065, "2023_12_9_1": 1.2484100438121262, "2023_12_10": 0.6830922881236161, "2023_12_11": 2.831299759739954, "2023_20_4_1": 17.685023790455553, "2023_20_6": 0.48994205493004195, "2023_20_7": 33.382013473406516, "2023_20_8": 5.695576388561737, "2023_26": 0.004710981297404249}