{"2022_45_13": 0.03462803716742655, "2022_45_15": 0.1500548277255151, "2023_2_10": 0.017314018583713276, "2023_2_12": 0.2250822415882726, "2023_2_301": 0.011542679055808854, "2023_6_8": 0.028856697639522134, "2023_6_11": 0.04617071622323542, "2023_7_10": 1.0099844173832746, "2023_7_15": 0.877243608241473, "2023_7_20": 27.60431696196687, "2023_7_26": 0.4386218041207365, "2023_12_1": 0.017314018583713276, "2023_12_1_1": 0.05771339527904427, "2023_12_5": 0.3174236740347434, "2023_12_5_4": 0.1269694696138974, "2023_12_9": 0.15582616725341952, "2023_12_9_1": 0.04617071622323542, "2023_12_10": 0.1789115253650372, "2023_12_11": 0.4501644831765452, "2023_20_4_1": 0.3001096554510302, "2023_20_7": 0.6290760085415825, "2023_20_8": 0.663704045709009, "2023_20_9": 20.222773705777108, "2023_26_1": 0.8830149477693774, "2023_26_3": 0.05194205575113984, "2023_26_6": 0.6348473480694868, "2023_26_7": 44.08726265366192, "2023_26_8": 0.7329601200438622}