{"2023_26_12": 0.4735883424408014, "2023_27_7": 0.027322404371584695, "2023_32_7": 0.01821493624772313, "2023_32_9": 0.027322404371584695, "2023_38_6": 0.009107468123861566, "2023_38_9": 0.04553734061930783, "2023_44_1": 0.04553734061930783, "2023_44_30_5_1": 0.027322404371584695, "2023_44_30_6": 0.009107468123861566, "2023_44_30_7": 0.009107468123861566, "2023_44_30_8": 2.686703096539161, "2023_44_30_9": 0.01821493624772313, "2023_44_30_13": 0.06375227686703096, "2023_44_30_14": 8.688524590163933, "2023_44_30_16": 0.04553734061930783, "2023_44_30_20": 0.07285974499089252, "2023_44_30_25": 17.704918032786885, "2023_44_30_30": 0.24590163934426226, "2024_2_2_1": 0.03642987249544626, "2024_2_3": 0.027322404371584695, "2024_2_6": 0.07285974499089252, "2024_2_7": 47.47723132969034, "2024_2_7_1": 0.009107468123861566, "2024_2_8": 3.7704918032786874, "2024_2_12": 0.10018214936247721, "2024_8_3": 0.5555555555555555, "2024_8_4": 17.732240437158467}