{"2023_38_6": 5.9265254732676835, "2023_38_8": 0.14389136202167366, "2023_38_9": 3.026215207518324, "2023_38_9_1": 0.14389136202167366, "2023_44_1": 12.68042627815999, "2023_44_9_2": 0.008993210126354604, "2023_44_25": 0.004496605063177302, "2023_44_30_1": 0.14838796708485097, "2023_44_30_2": 0.4046944556859572, "2023_44_30_3": 0.008993210126354604, "2023_44_30_4": 0.2608030936642835, "2023_44_30_5_1": 4.519088088493187, "2023_44_30_6": 0.8678447771932193, "2023_44_30_7": 0.7779126759296732, "2023_44_30_8": 21.63766356400917, "2023_44_30_9": 5.539817437834436, "2023_44_30_10": 0.004496605063177302, "2023_44_30_12": 0.013489815189531905, "2023_44_30_13": 0.373218220243716, "2023_44_30_14": 12.554521336391025, "2023_44_30_20": 0.328252169611943, "2024_2_2": 0.08093889113719141, "2024_2_2_1": 7.04618013399883, "2024_2_3": 2.1179009847565085, "2024_2_6": 6.484104501101667, "2024_2_7": 14.8972525743064}