{"2022_44_30_5": 0.010255884313624944, "2022_44_30_10": 0.05640736372493719, "2022_45_12": 0.03076765294087483, "2022_45_13": 0.051279421568124706, "2022_45_15": 1.097379621557869, "2023_2_0_5": 0.005127942156812472, "2023_2_10": 0.025639710784062353, "2023_2_12": 0.17435003333162402, "2023_2_301": 0.010255884313624944, "2023_6_8": 0.05640736372493719, "2023_6_11": 0.12819855392031176, "2023_7_5": 0.03076765294087483, "2023_7_10": 6.266345315624839, "2023_7_15": 3.594687451925542, "2023_7_20": 20.034870006666324, "2023_12_1": 0.015383826470437414, "2023_12_1_1": 0.07179119019537461, "2023_12_5": 3.7946771960412287, "2023_12_5_4": 0.42049125685862265, "2023_12_8": 0.005127942156812472, "2023_12_9": 6.907338085226399, "2023_12_9_1": 2.2973180862519875, "2023_12_10": 1.1076355058714937, "2023_12_11": 3.8767242705502287, "2023_20_4_1": 48.78724167991385, "2023_20_6": 1.1435311009691809}