{"2023_2_12": 0.11621150493898895, "2023_2_301": 0.010564682267180813, "2023_6_8": 0.010564682267180813, "2023_6_11": 0.026411705667952035, "2023_7_10": 0.8821509693095978, "2023_7_15": 0.7712218055041994, "2023_7_20": 27.13010406212033, "2023_7_26": 0.4067402672864614, "2023_7_30": 0.010564682267180813, "2023_12_1": 0.005282341133590406, "2023_12_1_1": 0.036976387935132846, "2023_12_5": 0.1267761872061698, "2023_12_5_4": 0.021129364534361626, "2023_12_9": 0.09508214040462734, "2023_12_9_1": 0.03169404680154245, "2023_12_10": 0.13205852833976017, "2023_12_11": 0.18488193967566424, "2023_20_4_1": 0.16375257514130262, "2023_20_7": 0.4014579261528709, "2023_20_8": 0.41202260842005173, "2023_20_9": 11.156304474142939, "2023_26_1": 0.6074692303628968, "2023_26_3": 0.026411705667952035, "2023_26_6": 0.23770535101156828, "2023_26_7": 18.852675505784163, "2023_26_8": 37.4412339548888, "2023_26_9": 0.0792351170038561, "2023_26_10": 0.6233162537636681}