{"2024_27_5": 0.238555770470664, "2024_27_10": 0.722114764667956, "2024_27_25": 3.326885880077369, "2024_32": 0.03223726627981946, "2024_32_3": 5.79626047711154, "2024_32_4_1": 0.2578981302385557, "2024_32_4_2": 0.025789813023855572, "2024_32_5_3": 0.01934235976789168, "2024_32_5_4": 0.025789813023855572, "2024_32_6": 2.836879432624113, "2024_32_7": 9.361702127659571, "2024_32_9": 0.04513217279174725, "2024_32_9_1": 0.03223726627981946, "2024_32_10": 22.45647969052224, "2024_32_20": 0.10315925209542229, "2024_32_20_1": 0.2965828497743391, "2024_33_5": 21.81173436492585, "2024_33_15": 1.2379110251450676, "2024_33_25": 0.3030303030303029, "2024_33_30": 0.012894906511927786, "2024_33_35": 8.626692456479688, "2024_38": 0.006447453255963893, "2024_38_2": 2.1792392005157954, "2024_38_4": 0.2192134107027723, "2024_38_6": 2.894906511927788, "2024_38_7": 15.035460992907797, "2024_44_1": 0.9155383623468728, "2024_44_3": 1.1798839458413923}