{"2023_2_12": 0.09009436198966286, "2023_6_11": 0.018967234103086913, "2023_7_10": 0.25131585186590166, "2023_7_15": 0.20863957513395603, "2023_7_20": 5.619043103039499, "2023_7_26": 0.09483617051543458, "2023_7_30": 22.068376878941628, "2023_12_1": 0.004741808525771728, "2023_12_1_1": 0.0331926596804021, "2023_12_5": 0.07586893641234765, "2023_12_5_4": 0.009483617051543457, "2023_12_9": 0.0663853193608042, "2023_12_9_1": 0.023709042628858645, "2023_12_10": 0.07586893641234765, "2023_12_11": 0.09957797904120631, "2023_20_4_1": 0.1327706387216084, "2023_20_7": 0.20863957513395603, "2023_20_8": 0.25131585186590166, "2023_20_9": 6.259187254018683, "2023_26_1": 0.37460287353596655, "2023_26_3": 0.018967234103086913, "2023_26_6": 0.1469960642989236, "2023_26_7": 8.606382474275689, "2023_26_8": 23.348665180899992, "2023_26_9": 27.45507136421831, "2023_26_10": 1.4130589406799754, "2023_26_11": 1.5031533026696382, "2023_32_1": 1.5410877708758117}