{"2023_2_12": 0.09819806549810968, "2023_6_11": 0.019639613099621936, "2023_7_10": 0.324053616143762, "2023_7_15": 0.2651347768448961, "2023_7_20": 7.173368684636912, "2023_7_26": 0.10801787204792067, "2023_7_30": 20.700152207001523, "2023_12_1": 0.004909903274905484, "2023_12_1_1": 0.029459419649432907, "2023_12_5": 0.08837825894829872, "2023_12_5_4": 0.014729709824716454, "2023_12_9": 0.08346835567339322, "2023_12_9_1": 0.029459419649432907, "2023_12_10": 0.09328816222320419, "2023_12_11": 0.09819806549810968, "2023_20_4_1": 0.13256738842244806, "2023_20_7": 0.26022487356999063, "2023_20_8": 0.28477438994451804, "2023_20_9": 7.566160946629351, "2023_26_1": 0.42225168164187155, "2023_26_3": 0.019639613099621936, "2023_26_6": 0.17675651789659744, "2023_26_7": 10.44827416899887, "2023_26_8": 28.413610251878037, "2023_26_9": 20.42028772033191, "2023_26_10": 1.3649531104237247, "2023_26_11": 1.3600432071488189}