{"2022_44_25_5": 0.03404834865509023, "2022_44_30": 0.10781977074111908, "2022_44_30_2": 0.017024174327545116, "2022_44_30_5": 0.017024174327545116, "2022_44_30_10": 0.13619339462036092, "2022_45_11": 0.022698899103393486, "2022_45_12": 0.09079559641357395, "2022_45_13": 0.22131426625808648, "2022_45_15": 22.71592327772103, "2023_2_10": 0.10214504596527069, "2023_2_11": 0.005674724775848372, "2023_2_12": 1.083872432187039, "2023_2_13": 0.011349449551696743, "2023_2_301": 0.011349449551696743, "2023_6_8": 0.1418681193962093, "2023_6_9": 0.005674724775848372, "2023_6_11": 0.24968789013732834, "2023_6_11_2": 0.005674724775848372, "2023_7_5": 0.3915560095335377, "2023_7_10": 8.46668936556577, "2023_12_1": 0.13619339462036092, "2023_12_1_1": 0.3461582113267507, "2023_12_5": 30.274656679151065, "2023_12_5_3": 0.13619339462036092, "2023_12_5_4": 0.6355691748950176, "2023_12_8": 0.13051866984451255, "2023_12_9": 32.94745204857564, "2023_12_9_1": 0.005674724775848372, "2023_12_10": 1.5491998638066056}