{"2023_26_12": 0.29845796716962364, "2023_32_6": 0.0165809981760902, "2023_38_9": 0.0165809981760902, "2023_44_1": 0.0165809981760902, "2023_44_30_5_1": 0.0082904990880451, "2023_44_30_8": 0.09948598905654121, "2023_44_30_9": 0.0082904990880451, "2023_44_30_13": 0.0165809981760902, "2023_44_30_14": 0.7129829215718788, "2023_44_30_20": 0.0082904990880451, "2023_44_30_25": 0.08290499088045102, "2023_44_30_30": 0.19897197811308243, "2024_2_6": 0.04145249544022551, "2024_2_7": 0.6632399270436081, "2024_2_8": 0.0331619963521804, "2024_2_12": 0.0082904990880451, "2024_2_13": 0.0082904990880451, "2024_3_6": 0.3647819598739845, "2024_3_10": 1.2684463604709004, "2024_3_15": 7.221024705687283, "2024_3_20": 0.7544354170121041, "2024_3_25": 39.91875310893716, "2024_8_4": 0.1575194826728569, "2024_8_7": 0.3730724589620295, "2024_8_8": 0.0165809981760902, "2024_8_9": 24.98756425136793, "2024_8_12": 0.08290499088045102, "2024_14_3": 1.9068147902503731, "2024_14_5": 0.09119548996849612, "2024_14_6": 20.618471231968165}