{"2024_2_6": 0.029739776951672858, "2024_2_7": 0.11895910780669143, "2024_2_8": 0.014869888475836429, "2024_3_6": 0.022304832713754642, "2024_3_10": 0.059479553903345715, "2024_3_15": 0.104089219330855, "2024_3_25": 0.9293680297397768, "2024_8_7": 0.044609665427509285, "2024_8_9": 0.17843866171003714, "2024_14_3": 0.007434944237918214, "2024_14_5": 0.007434944237918214, "2024_14_6": 0.15613382899628253, "2024_14_7": 0.044609665427509285, "2024_14_8": 0.2825278810408922, "2024_14_9": 17.03345724907063, "2024_14_11": 0.007434944237918214, "2024_15_15": 4.907063197026021, "2024_20_1": 2.483271375464684, "2024_20_3": 1.66542750929368, "2024_20_6": 0.24535315985130104, "2024_20_6_1": 0.014869888475836429, "2024_20_6_2": 2.5799256505576205, "2024_20_7": 18.423791821561338, "2024_20_8": 0.12639405204460966, "2024_20_9": 35.3085501858736, "2024_20_9_1": 0.022304832713754642, "2024_20_10": 0.7583643122676579, "2024_20_15": 4.631970260223048, "2024_26_1": 0.059479553903345715, "2024_26_3_1": 9.732342007434944}