{"2024_8_7": 0.06529972574115188, "2024_8_9": 0.21548909494580124, "2024_14_3": 0.019589917722345567, "2024_14_6": 0.15018936920464931, "2024_14_7": 0.04570980801880632, "2024_14_8": 0.2285490400940316, "2024_14_9": 11.433981977275696, "2024_14_11": 0.006529972574115188, "2024_15_15": 4.779939924252318, "2024_20_1": 1.7957424578816767, "2024_20_3": 1.142745200470158, "2024_20_6": 0.15671934177876454, "2024_20_6_1": 0.013059945148230376, "2024_20_6_2": 1.599843280658221, "2024_20_7": 8.18205563536633, "2024_20_8": 0.06529972574115188, "2024_20_9": 24.813895781637715, "2024_20_9_1": 0.02611989029646075, "2024_20_10": 0.2807888206869531, "2024_20_15": 0.4570980801880632, "2024_21_5": 0.9207261329502416, "2024_26_1": 0.03264986287057594, "2024_26_3_1": 3.9310434896173434, "2024_26_4": 0.019589917722345567, "2024_26_6": 2.311610291236777, "2024_26_7": 31.67689695703278, "2024_26_10": 5.419877236515607, "2024_26_20": 0.208959122371686}