{"2023_2_10": 0.0183175344598617, "2023_2_12": 0.2518660988230984, "2023_6_8": 0.0549526033795851, "2023_6_11": 0.09616705591427392, "2023_7_5": 0.022896918074827126, "2023_7_10": 3.594816137747859, "2023_7_15": 1.9920318725099597, "2023_7_20": 23.524293630077388, "2023_7_25": 0.004579383614965425, "2023_7_26": 0.013738150844896276, "2023_12_1": 0.00915876722993085, "2023_12_1_1": 0.06869075422448137, "2023_12_5": 2.4316526995466408, "2023_12_5_4": 0.31597746943261434, "2023_12_8": 0.004579383614965425, "2023_12_9": 4.249667994687914, "2023_12_9_1": 1.0807345331318403, "2023_12_10": 0.5998992535604707, "2023_12_11": 2.298850574712643, "2023_20_4_1": 11.572102395017628, "2023_20_6": 0.21523102990337498, "2023_20_7": 15.78513532078582, "2023_20_8": 22.1321610111279, "2023_20_9": 6.049365755369327, "2023_26": 0.004579383614965425, "2023_26_1": 3.6085542885927553}