{"2022_44_2": 0.11018731844135028, "2022_44_25_1": 0.05509365922067514, "2022_44_25_2": 0.13022137633977762, "2022_44_25_3": 0.596013222478213, "2022_44_25_5": 0.591004708003606, "2022_44_30": 0.44074927376540113, "2022_44_30_1": 0.03505960132224782, "2022_44_30_2": 0.06511068816988881, "2022_44_30_5": 1.247120104177101, "2022_44_30_10": 9.310828408294098, "2022_45_10": 0.010017028949213662, "2022_45_11": 0.21035760793348693, "2022_45_12": 7.868376239607333, "2022_45_13": 13.227486727436641, "2022_45_14": 0.33056195532405086, "2022_45_15": 0.005008514474606831, "2023_2_0_5": 0.045076630271461485, "2023_2_10": 0.976660322548332, "2023_2_11": 0.13022137633977762, "2023_2_12": 24.792146649303813, "2023_2_13": 0.020034057898427323, "2023_2_201": 0.005008514474606831, "2023_2_301": 0.2754682961033758, "2023_6_1": 0.4056896724431533, "2023_6_8": 26.434939396974855, "2023_6_9": 5.534408494440549, "2023_6_11": 7.137133126314735, "2023_6_11_1": 0.010017028949213662}