{"2023_32_6": 0.08732353369233009, "2023_32_7": 0.1358366079658468, "2023_32_9": 1.135205938000291, "2023_38_1": 0.004851307427351672, "2023_38_4": 0.009702614854703345, "2023_38_6": 6.927667006258186, "2023_38_8": 0.1697957599573085, "2023_38_9": 3.7112501819240293, "2023_38_9_1": 0.2086062193761219, "2023_44_1": 16.470188715858924, "2023_44_9_1": 0.009702614854703345, "2023_44_9_2": 0.004851307427351672, "2023_44_25": 0.004851307427351672, "2023_44_30_1": 0.23286275651288024, "2023_44_30_2": 0.5773055838548489, "2023_44_30_3": 0.009702614854703345, "2023_44_30_4": 0.39780720904283706, "2023_44_30_5_1": 6.8888565468393725, "2023_44_30_6": 1.3486634648037648, "2023_44_30_7": 1.241934701402028, "2023_44_30_8": 47.42153010236259, "2023_44_30_9": 12.80260030078106, "2023_44_30_10": 0.004851307427351672, "2023_44_30_12": 0.01940522970940669, "2023_44_30_13": 0.17464706738466018}