{"2023_27_12": 2.827849308536004, "2023_32_4": 0.0810681926561755, "2023_32_6": 0.10491177873152122, "2023_32_7": 0.14306151645207438, "2023_32_9": 1.1301859799713878, "2023_38_1": 0.004768717215069147, "2023_38_4": 0.014306151645207441, "2023_38_6": 6.895565092989986, "2023_38_8": 0.16690510252742013, "2023_38_9": 3.7243681449690027, "2023_38_9_1": 0.21936099189318073, "2023_44_1": 16.70004768717215, "2023_44_9_1": 0.009537434430138294, "2023_44_25": 0.004768717215069147, "2023_44_30_1": 0.23843586075345735, "2023_44_30_2": 0.61516452074392, "2023_44_30_3": 0.009537434430138294, "2023_44_30_4": 0.4148783977110158, "2023_44_30_5_1": 7.5631855030996675, "2023_44_30_6": 1.5116833571769195, "2023_44_30_7": 1.4115402956604675, "2023_44_30_8": 45.283738674296615, "2023_44_30_9": 10.891750119217932, "2023_44_30_10": 0.004768717215069147, "2023_44_30_12": 0.014306151645207441, "2023_44_30_13": 0.014306151645207441}