{"2024_3_6": 0.11339898537749923, "2024_3_10": 0.4476275738585497, "2024_3_15": 2.578334825425246, "2024_3_20": 0.15517755893763055, "2024_3_25": 8.439271859146524, "2024_8_4": 0.04774694121157863, "2024_8_7": 0.22082960310355115, "2024_8_8": 0.011936735302894658, "2024_8_9": 4.911966577141151, "2024_8_12": 0.0417785735601313, "2024_9_5": 0.005968367651447329, "2024_14_3": 0.23873470605789318, "2024_14_5": 0.029841838257236648, "2024_14_6": 1.9755296926290657, "2024_14_7": 0.7818561623396001, "2024_14_8": 2.3992837958818263, "2024_14_9": 26.427931960608774, "2024_14_11": 0.07758877946881527, "2024_15_10": 0.005968367651447329, "2024_15_15": 3.795881826320502, "2024_20_1": 7.872276932259028, "2024_20_3": 3.855565502834975, "2024_20_6": 0.6982990152193375, "2024_20_6_1": 0.029841838257236648, "2024_20_6_2": 4.118173679498657, "2024_20_7": 21.408534765741567, "2024_20_8": 0.13727245598328858, "2024_20_9": 9.16144434497165, "2024_20_9_1": 0.011936735302894658}