{"2023_32_7": 0.14008308376002318, "2023_32_9": 1.1158342189160468, "2023_38_4": 0.00966090232827746, "2023_38_6": 6.820597043763889, "2023_38_8": 0.16423533958071684, "2023_38_9": 3.627668824268186, "2023_38_9_1": 0.19321804656554922, "2023_44_1": 16.01294560911989, "2023_44_9_1": 0.00966090232827746, "2023_44_9_2": 0.00966090232827746, "2023_44_25": 0.00483045116413873, "2023_44_30_1": 0.2222007535503816, "2023_44_30_2": 0.5458409815476765, "2023_44_30_3": 0.00966090232827746, "2023_44_30_4": 0.3816056419669597, "2023_44_30_5_1": 6.545261327407979, "2023_44_30_6": 1.3042218143174573, "2023_44_30_7": 1.1689691817215728, "2023_44_30_8": 48.21273306926867, "2023_44_30_9": 13.269249347889092, "2023_44_30_10": 0.00483045116413873, "2023_44_30_12": 0.01932180465655492, "2023_44_30_13": 0.20770940005796543}