{"2023_2_12": 0.24022712382616293, "2023_6_8": 0.05678095654072943, "2023_6_11": 0.06988425420397468, "2023_7_5": 0.021838829438742085, "2023_7_10": 3.0093906966586594, "2023_7_15": 1.550556890150688, "2023_7_20": 23.834898449443116, "2023_7_25": 0.004367765887748417, "2023_7_26": 0.2882725485913955, "2023_12_1": 0.008735531775496835, "2023_12_1_1": 0.06551648831622625, "2023_12_5": 2.0572177331295043, "2023_12_5_4": 0.24896265560165978, "2023_12_8": 0.004367765887748417, "2023_12_9": 3.6558200480454253, "2023_12_9_1": 0.869185411661935, "2023_12_10": 0.5284996724175585, "2023_12_11": 2.039746669578511, "2023_20_4_1": 7.084516269927931, "2023_20_6": 0.1266652107447041, "2023_20_7": 5.9488971391133445, "2023_20_8": 3.987770255514305, "2023_20_9": 38.217951517798646, "2023_26_1": 5.9488971391133445, "2023_26_3": 0.1310329766324525}