{"2022_44_30_10": 0.0222037191229531, "2022_45_13": 0.03330557868442965, "2022_45_15": 0.1498751040799334, "2023_2_10": 0.01110185956147655, "2023_2_12": 0.1498751040799334, "2023_2_301": 0.01110185956147655, "2023_6_8": 0.016652789342214824, "2023_6_11": 0.03330557868442965, "2023_7_10": 0.9547599222869833, "2023_7_15": 0.8159866777685263, "2023_7_20": 27.410491257285596, "2023_7_26": 0.42187066333610884, "2023_12_1": 0.005550929780738275, "2023_12_1_1": 0.0444074382459062, "2023_12_5": 0.16652789342214824, "2023_12_5_4": 0.09991673605328893, "2023_12_9": 0.12212045517624202, "2023_12_9_1": 0.0444074382459062, "2023_12_10": 0.16652789342214824, "2023_12_11": 0.2886483485983903, "2023_20_4_1": 0.26089369969469883, "2023_20_7": 0.588398556758257, "2023_20_8": 0.5106855398279212, "2023_20_9": 14.060505134610048, "2023_26_1": 0.749375520399667, "2023_26_3": 0.04995836802664447, "2023_26_6": 0.47182903136275334, "2023_26_7": 26.711074104912573, "2023_26_8": 25.62864279766861}