{"2024_3_6": 0.11423074610713645, "2024_3_10": 0.4569229844285458, "2024_3_15": 2.6092707268682744, "2024_3_20": 0.16232790236277286, "2024_3_25": 8.753682438525823, "2024_8_4": 0.04208501172368185, "2024_8_7": 0.22244934768231836, "2024_8_8": 0.012024289063909099, "2024_8_9": 5.014128539650094, "2024_8_12": 0.04208501172368185, "2024_9_5": 0.0060121445319545495, "2024_14_3": 0.24649792581013652, "2024_14_5": 0.030060722659772745, "2024_14_6": 2.020080562736728, "2024_14_7": 0.8056273672819096, "2024_14_8": 2.483015691697229, "2024_14_9": 26.525581674983474, "2024_14_11": 0.07815787891540915, "2024_15_10": 0.0060121445319545495, "2024_15_15": 3.523116695725366, "2024_20_1": 8.21860157518187, "2024_20_3": 4.286659051283594, "2024_20_6": 0.7936030782180005, "2024_20_6_1": 0.030060722659772745, "2024_20_6_2": 4.935970660734685, "2024_20_7": 25.443395659231648, "2024_20_8": 0.18637648049059105, "2024_20_9": 2.939938676125774, "2024_20_9_1": 0.012024289063909099}