{"2022_36_6": 0.15296841408963124, "2022_36_20": 0.22738548040350587, "2022_40_4": 0.024805688771291547, "2022_40_4_1": 0.11575988093269388, "2022_40_4_2": 0.12402844385645774, "2022_40_4_10": 0.024805688771291547, "2022_44_2": 0.17363982139904086, "2022_44_2_8": 0.004134281461881924, "2022_44_25_1": 0.6201422192822886, "2022_44_25_2": 1.4428642301967918, "2022_44_25_3": 5.366297337522738, "2022_44_25_5": 2.852654208698528, "2022_44_30": 3.853150322473954, "2022_44_30_1": 0.442368116421366, "2022_44_30_2": 0.09508847362328428, "2022_44_30_5": 4.527038200760707, "2022_44_30_8": 0.016537125847527697, "2022_44_30_10": 23.39589879278981, "2022_45_10": 0.016537125847527697, "2022_45_11": 1.480072763353729, "2023_2_0_5": 0.5622622788159418, "2023_2_10": 5.056226227881595, "2023_2_11": 0.6986935670580452, "2023_2_12": 33.30990573838266, "2023_2_13": 0.012402844385645774, "2023_2_201": 0.06201422192822887, "2023_6_1": 0.8516619811476766, "2023_6_8": 14.490656523896147}