{"2022_44_25_5": 0.03360026880215042, "2022_44_30": 0.10640085120680967, "2022_44_30_2": 0.01680013440107521, "2022_44_30_5": 0.011200089600716806, "2022_44_30_10": 0.1400011200089601, "2022_45_11": 0.022400179201433612, "2022_45_12": 0.08400067200537606, "2022_45_13": 0.21280170241361934, "2022_45_15": 19.275354202833626, "2023_2_10": 0.10080080640645127, "2023_2_11": 0.005600044800358403, "2023_2_12": 1.080808646469172, "2023_2_13": 0.011200089600716806, "2023_2_301": 0.011200089600716806, "2023_6_8": 0.1400011200089601, "2023_6_9": 0.005600044800358403, "2023_6_11": 0.2520020160161282, "2023_6_11_2": 0.005600044800358403, "2023_7_5": 0.33040264322114576, "2023_7_10": 11.989695917567342, "2023_12_1": 0.12880103040824326, "2023_12_1_1": 0.3248025984207874, "2023_12_5": 28.885031080248645, "2023_12_5_3": 0.1232009856078849, "2023_12_5_4": 0.6552052416419332, "2023_12_8": 0.12880103040824326, "2023_12_9": 34.30027440219522, "2023_12_9_1": 0.005600044800358403, "2023_12_10": 1.6128129025032203}