{"2024_20_7": 1.830313418217434, "2024_20_9": 5.888834476003919, "2024_20_10": 0.061214495592556324, "2024_20_15": 0.3060724779627816, "2024_21_5": 0.40401567091087165, "2024_26_1": 0.0061214495592556315, "2024_26_3_1": 1.4630264446620962, "2024_26_4": 0.0183643486777669, "2024_26_6": 0.7406953966699316, "2024_26_7": 10.890058765915771, "2024_26_8": 7.755876591576887, "2024_26_10": 2.3751224289911854, "2024_26_11": 0.32443682664054846, "2024_26_20": 1.8425563173359452, "2024_27_5": 0.4407443682664055, "2024_27_10": 1.6405484818805094, "2024_27_25": 19.600881488736533, "2024_32": 0.030607247796278162, "2024_32_3": 14.073212536728697, "2024_32_4_1": 0.8202742409402547, "2024_32_4_2": 0.06733594515181196, "2024_32_5_3": 0.04285014691478942, "2024_32_5_4": 0.11018609206660138, "2024_32_6": 25.018364348677768, "2024_32_10": 3.4035259549461316, "2024_32_20": 0.8447600391772772}