{"2024_26_6": 0.5551700208188757, "2024_26_7": 7.078417765440667, "2024_26_8": 5.453388850335415, "2024_26_10": 1.4226231783483692, "2024_26_11": 0.21975479990747168, "2024_26_20": 1.2780476520934536, "2024_27_5": 0.24866990515845477, "2024_27_10": 0.7228776312745779, "2024_27_25": 3.3599352301642376, "2024_32": 0.02891510525098311, "2024_32_3": 5.696275734443673, "2024_32_4_1": 0.28336803145963446, "2024_32_4_2": 0.023132084200786492, "2024_32_5_3": 0.017349063150589865, "2024_32_5_4": 0.02891510525098311, "2024_32_6": 2.9030765671987044, "2024_32_7": 12.063381910710156, "2024_32_9": 0.0520471894517696, "2024_32_9_1": 0.11566042100393244, "2024_32_10": 32.7145500809623, "2024_32_20": 0.1040943789035392, "2024_32_20_1": 0.31806615776081426, "2024_33_5": 8.957899606754568, "2024_33_15": 0.948415452232246, "2024_33_25": 1.0814249363867685, "2024_38": 0.005783021050196623, "2024_38_2": 4.643765903307888, "2024_38_4": 0.5146888734674994, "2024_38_6": 9.16030534351145}