{"2022_44_25_2": 0.014432791301837776, "2022_44_25_3": 0.15394977388626957, "2022_44_25_5": 0.06735302607524293, "2022_44_30": 0.16838256518810737, "2022_44_30_2": 0.019243721735783696, "2022_44_30_5": 0.14913884345232367, "2022_44_30_10": 1.0728374867699413, "2022_45_11": 0.03848744347156739, "2022_45_12": 0.7456942172616183, "2022_45_13": 1.1786779563167518, "2022_45_14": 0.024054652169729625, "2022_45_15": 28.57211584720485, "2023_2_0_5": 0.024054652169729625, "2023_2_10": 0.3608197825459444, "2023_2_11": 0.014432791301837776, "2023_2_12": 6.4610795727893775, "2023_2_13": 0.019243721735783696, "2023_2_201": 0.004810930433945924, "2023_2_301": 0.043298373905513325, "2023_6_1": 0.03367651303762147, "2023_6_8": 6.0762051380737025, "2023_6_9": 1.0151063215625902, "2023_6_11": 4.4212450687963045, "2023_6_11_2": 0.03848744347156739, "2023_6_15": 0.004810930433945924, "2023_12_1": 2.973155008178581, "2023_12_1_1": 18.440296353314732, "2023_12_5": 27.864909073414797}