{"2022_44_30_10": 0.021962334596167574, "2022_45_13": 0.03294350189425136, "2022_45_15": 0.14275517487508924, "2023_2_10": 0.010981167298083787, "2023_2_12": 0.13177400757700544, "2023_2_301": 0.010981167298083787, "2023_6_8": 0.01647175094712568, "2023_6_11": 0.03294350189425136, "2023_7_10": 0.9279086366880801, "2023_7_15": 0.8126063800582001, "2023_7_20": 27.365068906824796, "2023_7_26": 0.41728435732718394, "2023_12_1": 0.005490583649041893, "2023_12_1_1": 0.04392466919233515, "2023_12_5": 0.13726459122604734, "2023_12_5_4": 0.04392466919233515, "2023_12_9": 0.10432108933179599, "2023_12_9_1": 0.03843408554329326, "2023_12_10": 0.1647175094712568, "2023_12_11": 0.25805743150496896, "2023_20_4_1": 0.20315159501455002, "2023_20_7": 0.5545489485532311, "2023_20_8": 0.4776807774666447, "2023_20_9": 13.309174765277549, "2023_26_1": 0.7137758743754461, "2023_26_3": 0.03843408554329326, "2023_26_6": 0.42277494097622575, "2023_26_7": 22.516883544720805, "2023_26_8": 31.043759951682866}