{"2023_12_9": 0.011088933244621867, "2023_12_9_1": 0.0166333998669328, "2023_12_11": 0.011088933244621867, "2023_20_4_1": 0.022177866489243733, "2023_20_7": 0.022177866489243733, "2023_20_9": 0.027722333111554667, "2023_26_1": 0.005544466622310933, "2023_26_3": 0.005544466622310933, "2023_26_7": 0.011088933244621867, "2023_26_8": 0.08871146595697493, "2023_26_9": 0.09980039920159679, "2023_26_10": 0.011088933244621867, "2023_26_11": 0.005544466622310933, "2023_26_12": 0.9591927256597915, "2023_27_6": 0.14970059880239517, "2023_27_7": 28.30450210689731, "2023_27_11": 0.0166333998669328, "2023_31_600": 0.027722333111554667, "2023_32_1": 0.005544466622310933, "2023_32_4": 0.28276779773785754, "2023_32_6": 0.7651363938789087, "2023_32_7": 1.169882457307607, "2023_32_9": 8.704812597028164, "2023_38_1": 0.005544466622310933, "2023_38_4": 0.2550454646263029, "2023_38_6": 46.01352849855843, "2023_38_8": 0.9702816589044132, "2023_38_9": 12.031492570414724}