{"2022_44_25_2": 0.015978695073235686, "2022_44_25_3": 0.058588548601864174, "2022_44_25_5": 0.02663115845539281, "2022_44_30": 0.05326231691078562, "2022_44_30_5": 0.010652463382157125, "2022_44_30_10": 0.1118508655126498, "2022_45_11": 0.005326231691078562, "2022_45_12": 0.058588548601864174, "2022_45_13": 0.1384820239680426, "2022_45_15": 5.5286284953395475, "2023_2_10": 0.10119840213049268, "2023_2_11": 0.005326231691078562, "2023_2_12": 0.5219707057256991, "2023_2_301": 0.010652463382157125, "2023_6_8": 0.1384820239680426, "2023_6_11": 0.7350199733688415, "2023_7_5": 0.1810918774966711, "2023_7_10": 25.77896138482024, "2023_12_1": 0.09054593874833555, "2023_12_1_1": 0.2876165113182423, "2023_12_5": 24.575233022636485, "2023_12_5_3": 0.10119840213049268, "2023_12_5_4": 0.681757656458056, "2023_12_8": 0.07456724367509987, "2023_12_9": 37.78961384820239, "2023_12_9_1": 0.9161118508655126, "2023_12_10": 1.9387483355525967, "2023_12_11": 0.06391478029294274}