{"2023_27_6": 0.053804420929919744, "2023_27_7": 7.393624176119805, "2023_27_12": 2.7754113796350266, "2023_32_4": 0.07622292965071964, "2023_32_6": 0.1031251401156795, "2023_32_7": 0.13451105232479935, "2023_32_9": 1.080572120342555, "2023_38_1": 0.004483701744159979, "2023_38_4": 0.013451105232479936, "2023_38_6": 6.577590458682689, "2023_38_8": 0.15692956104559924, "2023_38_9": 3.5690265883513437, "2023_38_9_1": 0.21521768371967898, "2023_44_1": 16.343092857463123, "2023_44_9_1": 0.008967403488319958, "2023_44_25": 0.004483701744159979, "2023_44_30_1": 0.24211989418463886, "2023_44_30_2": 0.6142671389499171, "2023_44_30_3": 0.008967403488319958, "2023_44_30_4": 0.412500560462718, "2023_44_30_5_1": 7.936152087163162, "2023_44_30_6": 1.5737793122001527, "2023_44_30_7": 1.493072680805273, "2023_44_30_8": 42.8193516567278, "2023_44_30_9": 6.37582388019549, "2023_44_30_10": 0.004483701744159979, "2023_44_30_11": 0.008967403488319958}