{"2024_32_20": 0.10967687505272923, "2024_32_20_1": 0.26997384628364124, "2024_33_5": 18.788492364802156, "2024_33_15": 0.5230743271745549, "2024_33_25": 0.21935375010545846, "2024_33_30": 0.016873365392727577, "2024_33_35": 7.4158440901037705, "2024_33_40": 0.9280350966000168, "2024_38": 0.008436682696363789, "2024_38_2": 1.8729435585927612, "2024_38_4": 0.21091706740909472, "2024_38_6": 2.075423943305492, "2024_38_7": 5.711634185438285, "2024_39_5": 1.1305154813127478, "2024_39_15": 0.22779043280182232, "2024_44_1": 0.25310048089091364, "2024_44_3": 0.9195984139036529, "2024_44_3_1": 23.521471357462243, "2024_44_4": 0.7677381253691048, "2024_44_25_2": 14.637644478191175, "2024_44_25_3": 0.45558086560364464, "2024_44_25_4": 0.8605416350291064, "2024_45_25_5": 4.066481059647346, "2024_45_25_6": 1.0630220197418376, "2024_45_25_10": 0.1687336539272758, "2024_45_25_15": 1.8223234624145785, "2024_45_32": 4.201467982789167, "2024_45_32_1": 5.3741668775837335, "2024_45_32_2": 2.3791445203745885}