{"2023_38_6": 6.908138558086672, "2023_38_8": 0.16306764836685278, "2023_38_9": 3.6517270346395216, "2023_38_9_1": 0.19765775559618523, "2023_44_1": 16.069575529969857, "2023_44_9_1": 0.00988288777980926, "2023_44_9_2": 0.00988288777980926, "2023_44_25": 0.00494144388990463, "2023_44_30_1": 0.21742353115580373, "2023_44_30_2": 0.5583831595592231, "2023_44_30_3": 0.00988288777980926, "2023_44_30_4": 0.39037406730246577, "2023_44_30_5_1": 6.33987251074764, "2023_44_30_6": 1.2699510797054898, "2023_44_30_7": 1.0970005435588277, "2023_44_30_8": 49.453970450165535, "2023_44_30_9": 13.29742550773336, "2023_44_30_10": 0.00494144388990463, "2023_44_30_12": 0.029648663339427783, "2023_44_30_13": 0.31625240895389634}