{"2023_26_12": 0.4707837164220438, "2023_27_7": 0.027693159789531983, "2023_32_7": 0.018462106526354657, "2023_32_9": 0.027693159789531983, "2023_38_6": 0.018462106526354657, "2023_38_9": 0.046155266315886644, "2023_44_1": 0.046155266315886644, "2023_44_30_5_1": 0.027693159789531983, "2023_44_30_6": 0.009231053263177328, "2023_44_30_7": 0.009231053263177328, "2023_44_30_8": 3.1385581094802917, "2023_44_30_9": 0.018462106526354657, "2023_44_30_13": 0.0646173728422413, "2023_44_30_14": 9.91415120465245, "2023_44_30_16": 0.046155266315886644, "2023_44_30_20": 0.10154158589495059, "2023_44_30_25": 16.209729530139388, "2024_2_2_1": 0.036924213052709313, "2024_2_3": 0.027693159789531983, "2024_2_6": 0.07384842610541863, "2024_2_7": 47.983014861995755, "2024_2_7_1": 0.009231053263177328, "2024_2_8": 3.812424997692236, "2024_2_12": 0.009231053263177328, "2024_8_3": 0.5538631957906396, "2024_8_4": 17.29899381519431}