{"2024_27_25": 2.7796241464741076, "2024_32": 0.030213305939935944, "2024_32_3": 4.948939512961509, "2024_32_4_1": 0.2114931415795516, "2024_32_4_2": 0.02417064475194876, "2024_32_5_3": 0.01812798356396157, "2024_32_5_4": 0.02417064475194876, "2024_32_6": 2.3445525409390298, "2024_32_7": 7.088041573508972, "2024_32_9": 0.03625596712792314, "2024_32_9_1": 0.01208532237597438, "2024_32_10": 14.435917578101398, "2024_32_20": 0.07855459544383346, "2024_32_20_1": 0.2054504803915644, "2024_33_5": 14.744093298688743, "2024_33_15": 0.38673031603118013, "2024_33_25": 0.1752371744516285, "2024_33_30": 0.01208532237597438, "2024_33_35": 6.157471750558946, "2024_33_40": 1.746329083328298, "2024_38": 0.00604266118798719, "2024_38_2": 1.4200253791769897, "2024_38_4": 0.15106652969967974, "2024_38_6": 1.5831772312526435, "2024_38_7": 4.96706749652547, "2024_39_5": 1.202489576409451, "2024_44_1": 0.19336515801559007, "2024_44_3": 0.7190766813704755, "2024_44_3_1": 18.27300743247326, "2024_44_4": 0.3927729772191673, "2024_44_25_2": 15.632364493322859}