{"2023_38_6": 6.18585170525153, "2023_38_8": 0.1518847516914438, "2023_38_9": 3.16656694435495, "2023_38_9_1": 0.17950016108988814, "2023_44_1": 13.522345468771574, "2023_44_9_2": 0.009205136466148109, "2023_44_25": 0.0046025682330740544, "2023_44_30_1": 0.16108988815759193, "2023_44_30_2": 0.4326414139089611, "2023_44_30_3": 0.009205136466148109, "2023_44_30_4": 0.2715515257513692, "2023_44_30_5_1": 4.9155428729230914, "2023_44_30_6": 0.9711418971786255, "2023_44_30_7": 0.833064850186404, "2023_44_30_8": 25.157637961982783, "2023_44_30_9": 7.534404197542228, "2023_44_30_10": 0.0046025682330740544, "2023_44_30_12": 0.018410272932296218, "2023_44_30_13": 0.3543977539467022, "2023_44_30_14": 11.276292171031436, "2023_44_30_20": 0.11046163759377732, "2024_2_2": 0.10585906936070326, "2024_2_2_1": 11.34993326276062, "2024_2_3": 6.254890228747641, "2024_2_6": 7.018916555437933}