{"2024_14_3": 0.022049095987064525, "2024_14_6": 0.09554608261061295, "2024_14_7": 0.03674849331177421, "2024_14_8": 0.12494487726003234, "2024_14_9": 3.1824195207996473, "2024_15_15": 4.101131853594002, "2024_20_1": 0.69822137292371, "2024_20_3": 0.24988975452006468, "2024_20_6": 0.007349698662354842, "2024_20_6_2": 0.16169337057180652, "2024_20_7": 3.079523739526679, "2024_20_8": 0.022049095987064525, "2024_20_9": 10.171982948699103, "2024_20_9_1": 0.022049095987064525, "2024_20_10": 0.11024547993532263, "2024_20_15": 0.44098191974129053, "2024_21_5": 0.7129207702484198, "2024_26_1": 0.007349698662354842, "2024_26_3_1": 2.866382478318389, "2024_26_4": 0.022049095987064525, "2024_26_6": 1.5360870204321622, "2024_26_7": 43.532265177127734, "2024_26_8": 15.596060561516975, "2024_26_10": 6.159047479053358, "2024_26_11": 0.9922093194179037, "2024_26_20": 4.093782154931647, "2024_27_5": 1.4258415404968396, "2024_32": 0.13229457592238716, "2024_32_3": 0.3968837277671615}