{"2024_20_7": 1.9454762954101874, "2024_20_9": 6.283447711389536, "2024_20_10": 0.0629603979097148, "2024_20_15": 0.314801989548574, "2024_21_5": 0.43442674557703204, "2024_26_1": 0.00629603979097148, "2024_26_3_1": 1.5928980671157844, "2024_26_4": 0.01888811937291444, "2024_26_6": 0.8058930932443494, "2024_26_7": 12.510231064660331, "2024_26_8": 8.965560662343385, "2024_26_10": 2.6821129509538504, "2024_26_11": 0.41553862620411763, "2024_26_20": 2.1280614493483596, "2024_27_5": 0.5477554618145187, "2024_27_10": 1.9328842158282442, "2024_27_25": 20.29213624630108, "2024_32": 0.03777623874582888, "2024_32_3": 27.63331864257383, "2024_32_4_1": 2.8017377069823084, "2024_32_4_2": 0.2833217905937166, "2024_32_5_3": 0.0629603979097148, "2024_32_5_4": 0.44701882515897506, "2024_32_6": 7.290814077944974, "2024_32_10": 0.10073663665554368, "2024_32_20": 0.4029465466221747}