{"2024_27_5": 0.21947701762086916, "2024_27_10": 0.6835141405907069, "2024_27_25": 3.0977613344202677, "2024_32": 0.03135385966012416, "2024_32_3": 5.399134633473382, "2024_32_4_1": 0.23201856148491887, "2024_32_4_2": 0.025083087728099335, "2024_32_5_3": 0.0188123157960745, "2024_32_5_4": 0.025083087728099335, "2024_32_6": 2.6337242114504305, "2024_32_7": 8.34012666959303, "2024_32_9": 0.043895403524173836, "2024_32_9_1": 0.012541543864049667, "2024_32_10": 19.40803912961686, "2024_32_20": 0.08779080704834767, "2024_32_20_1": 0.263372421145043, "2024_33_5": 19.157208252335867, "2024_33_15": 0.5079325264940115, "2024_33_25": 0.2382893334169437, "2024_33_30": 0.012541543864049667, "2024_33_35": 8.804163792562864, "2024_38": 0.006270771932024834, "2024_38_2": 1.812253088355177, "2024_38_4": 0.188123157960745, "2024_38_6": 2.100708597228319, "2024_38_7": 9.255659371668655, "2024_39_5": 0.8904496143475265, "2024_44_1": 0.31353859660124167, "2024_44_3": 1.3419451934533146, "2024_44_3_1": 14.849187935034807}