{"2023_38_9_1": 0.03567606136282555, "2023_44_30_14": 0.03567606136282555, "2023_44_30_30": 0.0713521227256511, "2024_8_9": 0.03567606136282555, "2024_14_9": 0.03567606136282555, "2024_15_15": 0.03567606136282555, "2024_20_6_2": 0.03567606136282555, "2024_26_8": 0.2140563681769533, "2024_32_6": 0.0713521227256511, "2024_32_7": 0.392436674991081, "2024_32_10": 0.784873349982162, "2024_33_5": 0.64216910453086, "2024_33_35": 0.2497324295397788, "2024_33_40": 0.0713521227256511, "2024_38_2": 0.03567606136282555, "2024_38_6": 0.1427042454513022, "2024_38_7": 0.32108455226543, "2024_39_5": 0.03567606136282555, "2024_39_15": 0.1427042454513022, "2024_44_3_1": 0.64216910453086, "2024_44_4": 1.7481270067784522, "2024_44_25_2": 17.766678558687122, "2024_44_25_3": 0.35676061362825545, "2024_44_25_4": 3.3535497681056015, "2024_45_25_5": 13.77095968605066, "2024_45_25_6": 3.567606136282555, "2024_45_25_10": 0.46378879771673215, "2024_45_25_15": 8.740635033892257, "2024_45_32": 7.634677131644667, "2024_45_32_1": 12.629325722440246, "2024_45_32_2": 24.259721726721374, "2024_45_32_5": 0.5708169818052088, "2024_45_32_6": 0.35676061362825545, "2025_2": 0.7491972886193364}