{"2023_12_9": 0.05379649554257608, "2023_12_9_1": 0.011527820473409158, "2023_12_10": 0.057639102367045794, "2023_12_11": 0.057639102367045794, "2023_20_4_1": 0.08837995696280355, "2023_20_7": 0.06148170919151551, "2023_20_8": 0.11143559790962189, "2023_20_9": 2.8012603750384257, "2023_26_1": 0.16138948662772823, "2023_26_3": 0.011527820473409158, "2023_26_6": 0.05379649554257608, "2023_26_7": 1.9866277282508453, "2023_26_8": 3.7081155856132795, "2023_26_9": 4.707193359975407, "2023_26_10": 0.2920381186596987, "2023_26_11": 0.2536120504150015, "2023_26_12": 0.8069474331386411, "2023_27_6": 6.3326160467260975, "2023_27_7": 16.338764217645245, "2023_32_1": 0.35736243467568396, "2023_32_4": 3.0241315708576697, "2023_32_6": 14.11773747310175, "2023_32_7": 22.275591761450965, "2023_32_9": 21.952812788195512, "2023_38_1": 0.37273286197356287, "2023_38_4": 0.003842606824469719}