{"2023_32_6": 0.08734895909157081, "2023_32_7": 0.13587615858688795, "2023_32_9": 1.1355364681904208, "2023_38_1": 0.004852719949531712, "2023_38_4": 0.009705439899063424, "2023_38_6": 6.934536807880816, "2023_38_8": 0.16984519823360994, "2023_38_9": 3.7220362012908237, "2023_38_9_1": 0.2086669578298636, "2023_44_1": 16.48954238850876, "2023_44_9_1": 0.009705439899063424, "2023_44_9_2": 0.004852719949531712, "2023_44_25": 0.004852719949531712, "2023_44_30_1": 0.23293055757752215, "2023_44_30_2": 0.5774736739942737, "2023_44_30_3": 0.009705439899063424, "2023_44_30_4": 0.3979230358616003, "2023_44_30_5_1": 6.910273208133158, "2023_44_30_6": 1.3539088659193477, "2023_44_30_7": 1.2471490270296501, "2023_44_30_8": 47.38195758722764, "2023_44_30_9": 12.772358907167467, "2023_44_30_10": 0.004852719949531712, "2023_44_30_12": 0.01941087979812685, "2023_44_30_13": 0.17469791818314162}