{"2022_45_13": 0.032247662044501774, "2022_45_15": 0.145114479200258, "2023_2_12": 0.1128668171557562, "2023_2_301": 0.010749220681500592, "2023_6_8": 0.010749220681500592, "2023_6_11": 0.026873051703751476, "2023_7_10": 0.8975599269052994, "2023_7_15": 0.8061915511125444, "2023_7_20": 27.260023648285497, "2023_7_26": 0.41921960657852303, "2023_12_1": 0.005374610340750296, "2023_12_1_1": 0.04299688272600237, "2023_12_5": 0.12361603783725679, "2023_12_5_4": 0.032247662044501774, "2023_12_9": 0.09136837579275502, "2023_12_9_1": 0.032247662044501774, "2023_12_10": 0.16123831022250887, "2023_12_11": 0.2257336343115124, "2023_20_4_1": 0.18273675158551003, "2023_20_7": 0.4837149306675266, "2023_20_8": 0.4407180479415242, "2023_20_9": 12.329356121681178, "2023_26_1": 0.6503278512307857, "2023_26_3": 0.026873051703751476, "2023_26_6": 0.32785123078576806, "2023_26_7": 21.100720197785662, "2023_26_8": 34.02128345694938}