{"2024_26_11": 0.25021399881477585, "2024_26_20": 1.4090998880621586, "2024_27_5": 0.2699677355633108, "2024_27_10": 0.783564891025219, "2024_27_25": 3.6281029828142497, "2024_32": 0.03292289458089156, "2024_32_3": 6.215842496872327, "2024_32_4_1": 0.296306051228024, "2024_32_4_2": 0.026338315664713244, "2024_32_5_3": 0.019753736748534936, "2024_32_5_4": 0.03292289458089156, "2024_32_6": 3.088167511687628, "2024_32_7": 12.16171725818134, "2024_32_9": 0.05267663132942649, "2024_32_9_1": 0.1777836307368144, "2024_32_10": 26.766313294264837, "2024_32_20": 0.1119378415750313, "2024_32_20_1": 0.3358135247250939, "2024_33_5": 18.509251333377236, "2024_33_15": 1.1391321524988478, "2024_33_25": 0.5860275235398696, "2024_33_30": 0.03292289458089156, "2024_33_35": 5.445446763679464, "2024_38": 0.006584578916178311, "2024_38_2": 4.25363797985119, "2024_38_4": 0.32264436689273723, "2024_38_6": 13.814446566142097, "2024_38_7": 0.23046026206624093}