{"2024_32_9_1": 0.014281633818908884, "2024_32_10": 16.309625821193947, "2024_32_20": 0.09283061982290775, "2024_32_20_1": 0.22850614110254214, "2024_33_5": 16.188231933733217, "2024_33_15": 0.44987146529562994, "2024_33_25": 0.19280205655526994, "2024_33_30": 0.014281633818908884, "2024_33_35": 6.319622964867182, "2024_33_40": 0.8069123107683519, "2024_38": 0.007140816909454442, "2024_38_2": 1.5852613538988862, "2024_38_4": 0.17852042273636107, "2024_38_6": 1.778063410454156, "2024_38_7": 4.905741216795202, "2024_39_5": 0.985432733504713, "2024_39_15": 0.22136532419308771, "2024_44_1": 0.21422450728363326, "2024_44_3": 0.8069123107683519, "2024_44_3_1": 20.08711796629535, "2024_44_4": 0.6069694373036276, "2024_44_25_2": 13.424735789774351, "2024_44_25_3": 0.4927163667523565, "2024_44_25_4": 0.6569551556698087, "2024_45_25_5": 3.3990288489003144, "2024_45_25_6": 0.7926306769494431, "2024_45_25_10": 0.20708369037417884, "2024_45_32": 8.96886603827478, "2024_45_32_1": 0.06426735218508998}