{"2023_26_12": 0.7127292536771382, "2023_27_6": 0.05447612130016343, "2023_27_7": 7.948974033048847, "2023_27_12": 2.9734882876339204, "2023_32_4": 0.08171418195024514, "2023_32_6": 0.09987288905029962, "2023_32_7": 0.14980933357544943, "2023_32_9": 1.1394588705284183, "2023_38_1": 0.004539676775013619, "2023_38_4": 0.013619030325040858, "2023_38_6": 6.854911930270564, "2023_38_8": 0.16796804067550392, "2023_38_9": 3.7270746322861807, "2023_38_9_1": 0.23152351552569458, "2023_44_1": 17.56400944252769, "2023_44_9_1": 0.004539676775013619, "2023_44_25": 0.004539676775013619, "2023_44_30_1": 0.285999636825858, "2023_44_30_2": 0.726348284002179, "2023_44_30_3": 0.013619030325040858, "2023_44_30_4": 0.5039041220265117, "2023_44_30_5_1": 10.468494643181407, "2023_44_30_6": 2.147267114581442, "2023_44_30_7": 2.3424732159070274, "2023_44_30_8": 41.7650263301253, "2023_44_30_10": 0.004539676775013619, "2023_44_30_11": 0.009079353550027237}