{"2023_38_9_1": 0.035650623885918005, "2023_44_30_14": 0.035650623885918005, "2023_44_30_30": 0.07130124777183601, "2024_8_9": 0.035650623885918005, "2024_14_9": 0.035650623885918005, "2024_15_15": 0.035650623885918005, "2024_20_6_2": 0.035650623885918005, "2024_26_8": 0.21390374331550807, "2024_32_6": 0.07130124777183601, "2024_32_7": 0.39215686274509814, "2024_32_10": 0.7843137254901963, "2024_33_5": 0.6417112299465242, "2024_33_35": 0.24955436720142604, "2024_33_40": 0.07130124777183601, "2024_38_2": 0.035650623885918005, "2024_38_6": 0.14260249554367202, "2024_38_7": 0.3208556149732621, "2024_39_5": 0.035650623885918005, "2024_39_15": 0.14260249554367202, "2024_44_3_1": 0.6417112299465242, "2024_44_4": 1.7825311942959003, "2024_44_25_2": 17.754010695187166, "2024_44_25_3": 0.35650623885918004, "2024_44_25_4": 3.351158645276292, "2024_45_25_5": 13.761140819964348, "2024_45_25_6": 3.5294117647058822, "2024_45_25_10": 0.4634581105169341, "2024_45_25_15": 8.734402852049913, "2024_45_32": 7.629233511586452, "2024_45_32_1": 12.655971479500892, "2024_45_32_2": 24.099821746880572, "2024_45_32_5": 0.5347593582887701, "2024_45_32_6": 0.39215686274509814, "2025_2": 0.9269162210338682}