{"2023_12_5": 0.06786427145708582, "2023_12_9": 0.05588822355289421, "2023_12_9_1": 0.01996007984031936, "2023_12_10": 0.07984031936127745, "2023_12_11": 0.06786427145708582, "2023_20_4_1": 0.10379241516966066, "2023_20_7": 0.08383233532934131, "2023_20_8": 0.1397205588822355, "2023_20_9": 3.0499001996007977, "2023_26_1": 0.1716566866267465, "2023_26_3": 0.011976047904191616, "2023_26_6": 0.05588822355289421, "2023_26_7": 2.243512974051896, "2023_26_8": 4.4510978043912175, "2023_26_9": 6.071856287425149, "2023_26_10": 0.40319361277445104, "2023_26_11": 0.35928143712574845, "2023_26_12": 0.7584830339321358, "2023_27_6": 21.88423153692614, "2023_32_1": 0.41516966067864264, "2023_32_4": 4.075848303393213, "2023_32_6": 18.506986027944112, "2023_32_7": 35.700598802395206, "2023_32_9": 1.1017964071856285, "2023_38": 0.003992015968063873, "2023_38_1": 0.11576846307385227}