{"2023_12_9_1": 0.014845605700712586, "2023_12_10": 0.033402612826603326, "2023_12_11": 0.048248218527315916, "2023_20_4_1": 0.07051662707838478, "2023_20_7": 0.0630938242280285, "2023_20_8": 0.10020783847980996, "2023_20_9": 2.62396080760095, "2023_26_1": 0.15216745843230403, "2023_26_3": 0.011134204275534442, "2023_26_6": 0.05195961995249406, "2023_26_7": 1.8037410926365793, "2023_26_8": 3.280878859857482, "2023_26_9": 4.160480997624703, "2023_26_10": 0.24124109263657956, "2023_26_11": 0.20783847980997625, "2023_26_12": 0.8499109263657958, "2023_27_6": 3.4070665083135396, "2023_27_7": 19.78176959619952, "2023_31_600": 0.018557007125890736, "2023_32_1": 0.33031472684085506, "2023_32_4": 2.4383907363420425, "2023_32_6": 11.423693586698336, "2023_32_7": 16.02583135391924, "2023_32_9": 27.45694774346793, "2023_38_1": 0.11505344418052256, "2023_38_4": 4.798842042755344, "2023_38_6": 0.48990498812351535}