{"2024_26_6": 0.5600933488914819, "2024_26_7": 7.263710618436405, "2024_26_8": 5.5659276546091005, "2024_26_10": 1.4527421236872808, "2024_26_11": 0.2217036172695449, "2024_26_20": 1.3243873978996499, "2024_27_5": 0.25670945157526254, "2024_27_10": 0.7467911318553091, "2024_27_25": 3.51808634772462, "2024_32": 0.02917152858809801, "2024_32_3": 5.921820303383896, "2024_32_4_1": 0.30338389731621934, "2024_32_4_2": 0.02333722287047841, "2024_32_5_3": 0.01750291715285881, "2024_32_5_4": 0.02917152858809801, "2024_32_6": 3.0805134189031502, "2024_32_7": 14.614935822637104, "2024_32_9": 0.06417736289381563, "2024_32_9_1": 0.011668611435239205, "2024_32_10": 38.40140023337222, "2024_32_20": 0.10501750291715284, "2024_32_20_1": 0.35005834305717615, "2024_33_5": 2.50291715285881, "2024_33_15": 0.910151691948658, "2024_33_25": 1.0326721120186697, "2024_38": 0.005834305717619602, "2024_38_2": 6.586931155192531, "2024_38_4": 0.8576429404900816, "2024_38_6": 4.241540256709452}