{"2023_12_9": 0.01554082055532532, "2023_12_9_1": 0.01554082055532532, "2023_12_11": 0.010360547036883548, "2023_20_4_1": 0.020721094073767096, "2023_20_7": 0.020721094073767096, "2023_20_9": 0.02590136759220887, "2023_26_1": 0.005180273518441774, "2023_26_3": 0.005180273518441774, "2023_26_7": 0.01554082055532532, "2023_26_8": 0.07252382925818483, "2023_26_9": 0.10360547036883548, "2023_26_10": 0.010360547036883548, "2023_26_11": 0.005180273518441774, "2023_26_12": 0.8547451305428926, "2023_27_6": 0.15022793203481144, "2023_27_7": 27.957936179030256, "2023_27_11": 0.01554082055532532, "2023_31_600": 0.02590136759220887, "2023_32_1": 0.005180273518441774, "2023_32_4": 0.19685039370078738, "2023_32_6": 0.64235391628678, "2023_32_7": 0.9428097803564027, "2023_32_9": 6.112722751761293, "2023_38_1": 0.005180273518441774, "2023_38_4": 0.20721094073767096, "2023_38_6": 30.605055946954003, "2023_38_8": 0.5387484459179445, "2023_38_9": 16.405926232905095, "2023_44_1": 15.00725238292582}