{"2023_32_6": 0.015547263681592037, "2023_38_9": 0.015547263681592037, "2023_44_1": 0.015547263681592037, "2023_44_30_8": 0.08550995024875618, "2023_44_30_9": 0.023320895522388054, "2023_44_30_13": 0.015547263681592037, "2023_44_30_14": 0.6218905472636814, "2023_44_30_20": 0.007773631840796018, "2023_44_30_25": 0.09328358208955222, "2023_44_30_30": 0.18656716417910443, "2024_2_6": 0.031094527363184073, "2024_2_7": 0.5907960199004975, "2024_2_8": 0.023320895522388054, "2024_2_12": 0.007773631840796018, "2024_3_6": 0.2876243781094527, "2024_3_10": 1.0572139303482584, "2024_3_15": 5.783582089552238, "2024_3_20": 0.5907960199004975, "2024_3_25": 40.29073383084577, "2024_8_3": 0.007773631840796018, "2024_8_4": 0.1321517412935323, "2024_8_7": 0.3809079601990049, "2024_8_8": 0.015547263681592037, "2024_8_9": 21.696206467661685, "2024_8_12": 0.06996268656716416, "2024_9_5": 0.015547263681592037, "2024_14_3": 1.2049129353233827, "2024_14_5": 0.06218905472636815, "2024_14_6": 14.404539800995023, "2024_14_7": 7.423818407960198, "2024_14_8": 4.842972636815919}