{"2023_38_6": 0.013266118333775539, "2023_38_9": 0.019899177500663303, "2023_44_1": 0.019899177500663303, "2023_44_30_5_1": 0.013266118333775539, "2023_44_30_8": 0.6633059166887769, "2023_44_30_9": 0.04643141416821438, "2023_44_30_13": 0.019899177500663303, "2023_44_30_14": 2.8986468559299547, "2023_44_30_16": 0.013266118333775539, "2023_44_30_20": 0.019899177500663303, "2023_44_30_25": 2.275139294242505, "2023_44_30_30": 0.45768108251525597, "2024_2_2_1": 0.006633059166887769, "2024_2_3": 0.019899177500663303, "2024_2_6": 0.07296365083576546, "2024_2_7": 11.985937914566197, "2024_2_7_1": 0.006633059166887769, "2024_2_8": 0.8689307508622975, "2024_2_12": 0.03316529583443885, "2024_2_13": 0.0663305916688777, "2024_3_6": 1.5388697267179623, "2024_3_10": 12.350756168745026, "2024_3_15": 28.077739453435928, "2024_3_20": 1.4062085433802067, "2024_8_3": 0.086229769169541, "2024_8_4": 2.1889095250729635, "2024_8_7": 7.104006367736799, "2024_8_8": 0.11276200583709207, "2024_8_9": 27.321570708410718, "2024_8_12": 0.29185460334306185}