{"2023_20_4_1": 0.020791101408597124, "2023_20_7": 0.015593326056447844, "2023_20_9": 0.036384427465044965, "2023_26_7": 0.010395550704298562, "2023_26_8": 0.07276885493008993, "2023_26_9": 0.06757107957794065, "2023_26_10": 0.005197775352149281, "2023_26_11": 0.005197775352149281, "2023_26_12": 0.758875201413795, "2023_27_6": 0.10395550704298562, "2023_27_7": 19.242164353656637, "2023_27_12": 8.53474712822912, "2023_32_4": 0.14033993450803056, "2023_32_6": 0.10915328239513492, "2023_32_7": 0.21830656479026983, "2023_32_9": 1.9491657570559804, "2023_38_1": 0.005197775352149281, "2023_38_4": 0.010395550704298562, "2023_38_6": 11.788554498674568, "2023_38_8": 0.3170642964811061, "2023_38_9": 9.158480170487033, "2023_38_9_1": 0.21310878943812053, "2023_44_1": 47.20619574821977, "2023_44_25": 0.005197775352149281, "2023_44_25_1": 0.005197775352149281}