{"2023_12_9": 0.05383787109675435, "2023_12_9_1": 0.011536686663590217, "2023_12_10": 0.05768343331795108, "2023_12_11": 0.05768343331795108, "2023_20_4_1": 0.088447931087525, "2023_20_7": 0.06152899553914781, "2023_20_8": 0.11152130441470541, "2023_20_9": 2.8072604214736194, "2023_26_1": 0.16151361329026304, "2023_26_3": 0.011536686663590217, "2023_26_6": 0.05383787109675435, "2023_26_7": 1.988155668358714, "2023_26_8": 3.72634979233964, "2023_26_9": 4.718504845408399, "2023_26_10": 0.2922627288109521, "2023_26_11": 0.25380710659898476, "2023_26_12": 0.8075680664513151, "2023_27_6": 6.383633287186587, "2023_27_7": 16.274419320104595, "2023_32_1": 0.3576372865712967, "2023_32_4": 3.037994154745424, "2023_32_6": 14.1478234117828, "2023_32_7": 22.361944316259038, "2023_32_9": 21.800492231964313, "2023_38_1": 0.36917397323488693, "2023_38_4": 0.0038455622211967383}