{"2023_12_9": 0.054893350062735255, "2023_12_9_1": 0.015683814303638643, "2023_12_10": 0.06665621079046423, "2023_12_11": 0.06273525721455457, "2023_20_4_1": 0.0901819322459222, "2023_20_7": 0.06273525721455457, "2023_20_8": 0.1215495608531995, "2023_20_9": 2.917189460476788, "2023_26_1": 0.1686010037641154, "2023_26_3": 0.011762860727728983, "2023_26_6": 0.054893350062735255, "2023_26_7": 2.121235884567126, "2023_26_8": 4.132685069008782, "2023_26_9": 5.1364491844416555, "2023_26_10": 0.3372020075282308, "2023_26_11": 0.3019134253450439, "2023_26_12": 0.7802697616060226, "2023_27_6": 21.26333124215809, "2023_27_7": 0.9527917189460475, "2023_32_1": 0.38817440401505643, "2023_32_4": 3.4504391468005013, "2023_32_6": 15.926913425345044, "2023_32_7": 26.09002509410288, "2023_32_9": 15.1388017565872, "2023_38": 0.003920953575909661, "2023_38_1": 0.34896486825595985}