{"2024_20_3": 0.17139592458579317, "2024_20_6_2": 0.1269599441376246, "2024_20_7": 1.986923125753825, "2024_20_9": 6.436869167777568, "2024_20_10": 0.0634799720688123, "2024_20_15": 0.31739986034406154, "2024_21_5": 0.44435980448168605, "2024_26_1": 0.006347997206881229, "2024_26_3_1": 1.644131276582238, "2024_26_4": 0.01904399162064369, "2024_26_6": 0.8252396368945598, "2024_26_7": 13.019742271313401, "2024_26_8": 9.363295880149813, "2024_26_10": 2.8312067542690285, "2024_26_11": 0.4507078016885673, "2024_26_20": 2.2217990224084305, "2024_27_5": 0.5776677458261918, "2024_27_10": 2.151971053132737, "2024_27_25": 19.183647559195077, "2024_32": 0.03808798324128738, "2024_32_3": 32.158953850060314, "2024_32_4_1": 2.951818701199772, "2024_32_4_2": 0.29835586872341785, "2024_32_5_3": 0.06982796927569353, "2024_32_5_4": 0.8061956452739161, "2024_32_6": 1.834571192788675}