{"2023_38_6": 6.565343751488875, "2023_38_8": 0.15722521320691793, "2023_38_9": 3.4541902901519843, "2023_38_9_1": 0.1905760160083854, "2023_44_1": 15.041212063461815, "2023_44_9_1": 0.004764400400209634, "2023_44_9_2": 0.009528800800419268, "2023_44_25": 0.004764400400209634, "2023_44_30_1": 0.20010481680880463, "2023_44_30_2": 0.5002620420220116, "2023_44_30_3": 0.009528800800419268, "2023_44_30_4": 0.3430368288150936, "2023_44_30_5_1": 5.731573681452189, "2023_44_30_6": 1.157749297250941, "2023_44_30_7": 0.9814664824431845, "2023_44_30_8": 36.11415503358903, "2023_44_30_9": 11.648958978512555, "2023_44_30_10": 0.004764400400209634, "2023_44_30_12": 0.028586402401257805, "2023_44_30_13": 0.33827242841488403, "2024_2_2": 0.19534041640859498, "2024_2_2_1": 16.784982609938538, "2024_2_3": 0.533612844823479}