{"2024_27_25": 2.8214307384260664, "2024_32": 0.03033796492931254, "2024_32_3": 4.975426248407256, "2024_32_4_1": 0.2123657545051878, "2024_32_4_2": 0.024270371943450032, "2024_32_5_3": 0.018202778957587522, "2024_32_5_4": 0.024270371943450032, "2024_32_6": 2.366361264486378, "2024_32_7": 7.196165281232934, "2024_32_9": 0.036405557915175045, "2024_32_9_1": 0.018202778957587522, "2024_32_10": 14.768521327589342, "2024_32_20": 0.07887870881621259, "2024_32_20_1": 0.20629816151932523, "2024_33_5": 15.496632485892844, "2024_33_15": 0.39439354408106303, "2024_33_25": 0.17596019659001272, "2024_33_30": 0.012135185971725016, "2024_33_35": 6.601541168618407, "2024_33_40": 1.4198167586918269, "2024_38": 0.006067592985862508, "2024_38_2": 1.4380195376494143, "2024_38_4": 0.1516898246465627, "2024_38_6": 1.6200473272252898, "2024_38_7": 5.0785753291669185, "2024_39_5": 1.1892482252290515, "2024_44_1": 0.2123657545051878, "2024_44_3": 0.776651902190401, "2024_44_3_1": 19.3070808810145, "2024_44_4": 0.3094472422789879, "2024_44_25_2": 13.033189733632666}