{"2023_26_12": 0.7167470709855273, "2023_27_6": 0.05972892258212727, "2023_27_7": 8.398805421548358, "2023_27_12": 3.1702274293590627, "2023_32_4": 0.08270158511371468, "2023_32_6": 0.11026878015161956, "2023_32_7": 0.16540317022742937, "2023_32_9": 1.162416724098323, "2023_38_1": 0.004594532506317483, "2023_38_4": 0.013783597518952445, "2023_38_6": 7.11693085228578, "2023_38_8": 0.16999770273374684, "2023_38_9": 3.90535263036986, "2023_38_9_1": 0.27567195037904896, "2023_44_1": 18.658396508155295, "2023_44_25": 0.004594532506317483, "2023_44_30_1": 0.3124282104295888, "2023_44_30_2": 0.9143119687571789, "2023_44_30_3": 0.013783597518952445, "2023_44_30_4": 0.6983689409602571, "2023_44_30_5_1": 28.591775786813695, "2023_44_30_6": 4.856420859177579, "2023_44_30_7": 10.19986216402481, "2023_44_30_8": 10.38364346427751, "2023_44_30_10": 0.013783597518952445}