{"2022_45_13": 0.03399433427762039, "2022_45_15": 0.14730878186968835, "2023_2_10": 0.016997167138810197, "2023_2_12": 0.21529745042492915, "2023_2_301": 0.011331444759206794, "2023_6_8": 0.02832861189801699, "2023_6_11": 0.05099150141643058, "2023_7_10": 0.9915014164305945, "2023_7_15": 0.8668555240793199, "2023_7_20": 27.53541076487252, "2023_7_26": 0.4249291784702549, "2023_12_1": 0.016997167138810197, "2023_12_1_1": 0.05665722379603398, "2023_12_5": 0.30594900849858353, "2023_12_5_4": 0.12464589235127475, "2023_12_9": 0.15297450424929177, "2023_12_9_1": 0.05665722379603398, "2023_12_10": 0.17563739376770535, "2023_12_11": 0.44759206798866846, "2023_20_4_1": 0.311614730878187, "2023_20_7": 0.623229461756374, "2023_20_8": 0.5892351274787534, "2023_20_9": 17.433427762039656, "2023_26_1": 0.8101983002832861, "2023_26_3": 0.05099150141643058, "2023_26_6": 0.5382436260623229, "2023_26_7": 38.82719546742209, "2023_26_8": 9.155807365439092}