{"2023_7_15": 0.010866021949364339, "2023_7_20": 0.032598065848093015, "2023_7_30": 0.08149516462023254, "2023_12_9": 0.016299032924046507, "2023_12_9_1": 0.010866021949364339, "2023_20_4_1": 0.021732043898728678, "2023_20_7": 0.010866021949364339, "2023_20_9": 0.027165054873410845, "2023_26_3": 0.0054330109746821694, "2023_26_7": 0.010866021949364339, "2023_26_8": 0.0706291426708682, "2023_26_9": 0.07606215364555038, "2023_26_10": 0.0054330109746821694, "2023_26_11": 0.0054330109746821694, "2023_26_12": 0.7497555145061394, "2023_27_6": 0.14669129631641856, "2023_27_7": 24.720199934803873, "2023_27_12": 3.1946104531131154, "2023_32_4": 0.1412582853417364, "2023_32_6": 0.1249592524176899, "2023_32_7": 0.24448549386069768, "2023_32_9": 2.2927306313158753, "2023_38_1": 0.0054330109746821694, "2023_38_4": 0.016299032924046507, "2023_38_6": 14.625665543844402, "2023_38_8": 0.38031076822775184, "2023_38_9": 9.703357600782354, "2023_44_1": 43.268499402368796}