{"2024_14_3": 0.02175962863567128, "2024_14_6": 0.1087981431783564, "2024_14_7": 0.0362660477261188, "2024_14_8": 0.11605135272358016, "2024_14_9": 2.9810691230869657, "2024_15_15": 4.098063393051424, "2024_20_1": 0.6818016972510335, "2024_20_3": 0.2248494959019366, "2024_20_6": 0.01450641909044752, "2024_20_6_2": 0.15957060999492273, "2024_20_7": 3.0245883803583085, "2024_20_8": 0.02175962863567128, "2024_20_9": 9.62500906651193, "2024_20_9_1": 0.02175962863567128, "2024_20_10": 0.1087981431783564, "2024_20_15": 0.4134329440777544, "2024_21_5": 0.6745484877058098, "2024_26_1": 0.00725320954522376, "2024_26_3_1": 2.6836875317327915, "2024_26_4": 0.02175962863567128, "2024_26_6": 1.363603394502067, "2024_26_7": 34.314934358453606, "2024_26_8": 25.023572931021974, "2024_26_10": 6.049176760716617, "2024_26_11": 1.0372089649669978, "2024_26_20": 4.286646841227243, "2024_27_5": 1.69725103358236, "2024_32": 0.12330456226880394, "2024_32_3": 1.0589685936026692}