{"2023_44_1": 0.014634860237084735, "2023_44_30_8": 0.09512659154105077, "2023_44_30_9": 0.0219522903556271, "2023_44_30_13": 0.014634860237084735, "2023_44_30_14": 0.5122201082979657, "2023_44_30_25": 0.1097614517781355, "2023_44_30_30": 0.1756183228450168, "2024_2_6": 0.02926972047416947, "2024_2_7": 0.49026781794233854, "2024_2_8": 0.0219522903556271, "2024_2_12": 0.0073174301185423675, "2024_3_6": 0.21220547343772864, "2024_3_10": 0.8341870335138298, "2024_3_15": 4.82218644811942, "2024_3_20": 0.43172837699399963, "2024_3_25": 36.17737450607347, "2024_8_4": 0.07317430118542366, "2024_8_7": 0.28537977462315234, "2024_8_8": 0.014634860237084735, "2024_8_9": 11.43714327528172, "2024_8_12": 0.0658568710668813, "2024_9_5": 0.014634860237084735, "2024_14_3": 0.7097907214986096, "2024_14_5": 0.05122201082979657, "2024_14_6": 7.683301624469487, "2024_14_7": 3.878237962827454, "2024_14_8": 29.196546172984046, "2024_14_9": 2.1805941753256253, "2024_14_11": 0.439045807112542}