{"2023_6_11": 0.012923792702365058, "2023_7_10": 0.1809330978331108, "2023_7_15": 0.12492999612286221, "2023_7_20": 3.588506440356697, "2023_7_26": 0.06461896351182528, "2023_7_30": 23.49545513289967, "2023_12_1_1": 0.030155516305518458, "2023_12_5": 0.07754275621419034, "2023_12_5_4": 0.008615861801576703, "2023_12_9": 0.06892689441261363, "2023_12_9_1": 0.017231723603153407, "2023_12_10": 0.07754275621419034, "2023_12_11": 0.0818506871149787, "2023_20_4_1": 0.12923792702365056, "2023_20_7": 0.1421617197260156, "2023_20_8": 0.20247275233705253, "2023_20_9": 4.557790893034077, "2023_26_1": 0.2670917158488778, "2023_26_3": 0.012923792702365058, "2023_26_6": 0.11200620342049715, "2023_26_7": 5.0833584629302555, "2023_26_8": 13.182268556412357, "2023_26_9": 19.5278507732736, "2023_26_10": 0.9348210054710723, "2023_26_11": 0.7668117003403268, "2023_27_5": 0.008615861801576703, "2023_32_1": 2.550295093266704, "2023_32_4": 23.49545513289967, "2023_32_6": 1.197604790419162}