{"2024_3_20": 0.15140503875968997, "2024_3_25": 8.242490310077521, "2024_8_4": 0.042393410852713184, "2024_8_7": 0.2240794573643411, "2024_8_8": 0.012112403100775198, "2024_8_9": 4.832848837209303, "2024_8_12": 0.042393410852713184, "2024_9_5": 0.006056201550387599, "2024_14_3": 0.2240794573643411, "2024_14_5": 0.03028100775193799, "2024_14_6": 1.925872093023256, "2024_14_7": 0.769137596899225, "2024_14_8": 2.2589631782945747, "2024_14_9": 26.847141472868223, "2024_14_11": 0.08478682170542637, "2024_15_10": 0.006056201550387599, "2024_15_15": 4.269622093023257, "2024_20_1": 7.394622093023257, "2024_20_3": 3.415697674418606, "2024_20_6": 0.5632267441860467, "2024_20_6_1": 0.03028100775193799, "2024_20_6_2": 3.5065406976744193, "2024_20_7": 20.082364341085277, "2024_20_8": 0.13929263565891475, "2024_20_9": 14.75290697674419, "2024_20_9_1": 0.012112403100775198, "2024_26_1": 0.13323643410852715}