{"2024_3_10": 0.06429489927132447, "2024_3_15": 0.11430204314902129, "2024_3_25": 0.885840834404915, "2024_8_7": 0.057151021574510644, "2024_8_9": 0.22146020860122875, "2024_14_3": 0.02143163309044149, "2024_14_5": 0.0071438776968138305, "2024_14_6": 0.1857408201171596, "2024_14_7": 0.0500071438776968, "2024_14_8": 0.2643234747821117, "2024_14_9": 15.030718674096299, "2024_14_11": 0.0071438776968138305, "2024_15_15": 4.822117445349336, "2024_20_1": 2.3003286183740537, "2024_20_3": 1.514502071724532, "2024_20_6": 0.22146020860122875, "2024_20_6_1": 0.014287755393627661, "2024_20_6_2": 2.2788969852836116, "2024_20_7": 16.39519931418774, "2024_20_8": 0.11430204314902129, "2024_20_9": 38.248321188741244, "2024_20_9_1": 0.02143163309044149, "2024_20_10": 0.5143591941705957, "2024_20_15": 0.8786969567081011, "2024_21_5": 4.593513359051293, "2024_26_1": 0.0714387769681383, "2024_26_3_1": 10.880125732247462, "2024_26_4": 0.06429489927132447, "2024_26_6": 0.15716530932990425}