{"2023_2_12": 0.09631127805065974, "2023_6_11": 0.019262255610131947, "2023_7_10": 0.2696715785418472, "2023_7_15": 0.2263315034190504, "2023_7_20": 6.154290667437158, "2023_7_26": 0.10112684195319273, "2023_7_30": 21.641144177983243, "2023_12_1": 0.004815563902532987, "2023_12_1_1": 0.0337089473177309, "2023_12_5": 0.08186458634306078, "2023_12_5_4": 0.009631127805065974, "2023_12_9": 0.0722334585379948, "2023_12_9_1": 0.028893383415197923, "2023_12_10": 0.07704902244052779, "2023_12_11": 0.09631127805065974, "2023_20_4_1": 0.1348357892709236, "2023_20_7": 0.23596263122411637, "2023_20_8": 0.2600404507367813, "2023_20_9": 6.736973899643648, "2023_26_1": 0.39969180391023795, "2023_26_3": 0.019262255610131947, "2023_26_6": 0.15891360878358857, "2023_26_7": 9.39998073774439, "2023_26_8": 25.49359530000963, "2023_26_9": 25.08427236829433, "2023_26_10": 1.406144659539632, "2023_26_11": 1.4494847346624289, "2023_32_1": 0.30819608976211116}