{"2022_44_25_3": 0.06053268765133171, "2022_44_25_5": 0.02201188641866608, "2022_44_30": 0.027514858023332596, "2022_44_30_2": 0.01100594320933304, "2022_44_30_5": 0.01100594320933304, "2022_44_30_10": 0.09355051727933084, "2022_45_11": 0.00550297160466652, "2022_45_12": 0.05502971604666519, "2022_45_13": 0.11005943209333038, "2022_45_15": 1.513317191283293, "2023_2_10": 0.06603565925599823, "2023_2_12": 0.26414263702399293, "2023_2_301": 0.01100594320933304, "2023_6_8": 0.06053268765133171, "2023_6_11": 0.24213075060532685, "2023_7_5": 0.03852080123266564, "2023_7_10": 14.758969843715604, "2023_7_15": 15.287255117763591, "2023_12_1": 0.04402377283733216, "2023_12_1_1": 0.11005943209333038, "2023_12_5": 9.085406119304421, "2023_12_5_4": 0.5227823024433194, "2023_12_8": 0.00550297160466652, "2023_12_9": 15.089148139995597, "2023_12_9_1": 10.648250055029715, "2023_12_10": 1.6233766233766231, "2023_12_11": 2.8670482060312565, "2023_20_4_1": 27.366277790006606}