{"2023_2_10": 0.010342866008170864, "2023_2_12": 0.10860009308579407, "2023_2_301": 0.010342866008170864, "2023_6_8": 0.010342866008170864, "2023_6_11": 0.02068573201634173, "2023_7_10": 0.848115012670011, "2023_7_15": 0.7136577545637897, "2023_7_20": 25.510679009153435, "2023_7_26": 0.3413145782696385, "2023_7_30": 1.6600299943114234, "2023_12_1": 0.005171433004085432, "2023_12_1_1": 0.03620003102859803, "2023_12_5": 0.11894295909396493, "2023_12_5_4": 0.02068573201634173, "2023_12_9": 0.0982572270776232, "2023_12_9_1": 0.031028598024512594, "2023_12_10": 0.10860009308579407, "2023_12_11": 0.13445725810622125, "2023_20_4_1": 0.16031442312664837, "2023_20_7": 0.3878574753064074, "2023_20_8": 0.35682887728189483, "2023_20_9": 9.815379841754151, "2023_26_1": 0.5430004654289704, "2023_26_3": 0.025857165020427158, "2023_26_6": 0.21202875316750275, "2023_26_7": 16.52789988105704, "2023_26_8": 40.03206288462533, "2023_26_9": 0.7446863525883022, "2023_26_10": 1.4066297771112373}