{"2024_8_9": 0.15666965085049236, "2024_8_12": 0.01492091912861832, "2024_14_3": 0.02238137869292748, "2024_14_6": 0.10444643390032825, "2024_14_7": 0.0373022978215458, "2024_14_8": 0.11190689346463739, "2024_14_9": 3.46165323783945, "2024_14_11": 0.00746045956430916, "2024_15_15": 4.148015517755893, "2024_20_1": 0.7833482542524618, "2024_20_3": 0.2685765443151298, "2024_20_6": 0.00746045956430916, "2024_20_6_2": 0.1715905699791107, "2024_20_7": 3.2154580722172486, "2024_20_8": 0.02238137869292748, "2024_20_9": 11.071321993434795, "2024_20_9_1": 0.02238137869292748, "2024_20_10": 0.1342882721575649, "2024_20_15": 0.462548492987168, "2024_21_5": 0.7535064159952252, "2024_26_1": 0.01492091912861832, "2024_26_3_1": 3.5810205908683965, "2024_26_4": 0.02238137869292748, "2024_26_6": 1.671142942405252, "2024_26_7": 46.78454192778275, "2024_26_8": 10.929573261712921, "2024_26_10": 7.408236347358997, "2024_26_11": 0.6714413607878245, "2024_26_20": 3.81975529692629, "2024_32": 0.11936735302894656}