{"2023_44_30_13": 0.013565760021705215, "2023_44_30_14": 0.45445296072712477, "2023_44_30_25": 0.07461168011937867, "2023_44_30_30": 0.14922336023875735, "2024_2_6": 0.04748016007596826, "2024_2_7": 0.4408872007054194, "2024_2_8": 0.013565760021705215, "2024_2_12": 0.006782880010852608, "2024_3_6": 0.14922336023875735, "2024_3_10": 0.6375907210201451, "2024_3_15": 3.5270976056433554, "2024_3_20": 0.2713152004341043, "2024_3_25": 17.682968188292747, "2024_8_3": 0.006782880010852608, "2024_8_4": 0.06104592009767348, "2024_8_7": 0.2441836803906939, "2024_8_8": 0.013565760021705215, "2024_8_9": 7.685003052296005, "2024_8_12": 0.04748016007596826, "2024_9_5": 0.006782880010852608, "2024_14_3": 0.4069728006511565, "2024_14_5": 0.04748016007596826, "2024_14_6": 4.022247846435596, "2024_14_7": 1.9331208030929934, "2024_14_8": 5.921454249474327, "2024_14_9": 32.30007461168012, "2024_14_11": 0.10852608017364172, "2024_15_5": 0.033914400054263036, "2024_20_1": 23.69259987790816}