{"2024_32_7": 7.652451175767238, "2024_32_9": 0.03985651654045437, "2024_32_9_1": 0.013285505513484789, "2024_32_10": 15.33811611531819, "2024_32_20": 0.08635578583765113, "2024_32_20_1": 0.21256808821575662, "2024_33_5": 15.278331340507508, "2024_33_15": 0.4184934236747709, "2024_33_25": 0.18599707718878705, "2024_33_30": 0.013285505513484789, "2024_33_35": 5.971834728311413, "2024_33_40": 0.790487578052345, "2024_38": 0.0066427527567423945, "2024_38_2": 1.4879766175102964, "2024_38_4": 0.16606881891855987, "2024_38_6": 1.6606881891855985, "2024_38_7": 4.696426199016873, "2024_39_5": 0.9166998804304506, "2024_39_15": 0.24578185199946861, "2024_44_1": 0.19928258270227184, "2024_44_3": 0.7772020725388603, "2024_44_3_1": 18.911917098445596, "2024_44_4": 0.5314202205393916, "2024_44_25_2": 13.252291749701078, "2024_44_25_3": 0.8104158363225722, "2024_44_25_4": 0.5181347150259068, "2024_45_25_5": 2.796598910588548, "2024_45_25_6": 0.5978477481068155, "2024_45_32": 6.423541915769896}