{"2023_7_20": 0.03220093382708099, "2023_7_30": 0.08050233456770246, "2023_12_9": 0.016100466913540494, "2023_12_9_1": 0.010733644609026996, "2023_20_4_1": 0.021467289218053992, "2023_20_7": 0.010733644609026996, "2023_20_9": 0.026834111522567487, "2023_26_3": 0.005366822304513498, "2023_26_7": 0.010733644609026996, "2023_26_8": 0.06440186765416198, "2023_26_9": 0.06976868995867548, "2023_26_10": 0.005366822304513498, "2023_26_11": 0.005366822304513498, "2023_26_12": 0.7513551226318897, "2023_27_6": 0.11807009069929694, "2023_27_7": 20.007513551226317, "2023_27_12": 7.937530188375463, "2023_32_4": 0.13953737991735096, "2023_32_6": 0.10733644609026995, "2023_32_7": 0.2415070037031074, "2023_32_9": 2.17892985563248, "2023_38_1": 0.005366822304513498, "2023_38_4": 0.010733644609026996, "2023_38_6": 13.175548757580637, "2023_38_8": 0.3434766274888639, "2023_38_9": 9.316803520635432, "2023_44_1": 45.29598025009392, "2023_44_25": 0.010733644609026996}