{"2024_20_15": 0.2596148040813862, "2024_21_5": 0.3441405542474189, "2024_26_3_1": 1.2497735917406267, "2024_26_4": 0.018112660749864156, "2024_26_6": 0.6279055726619573, "2024_26_7": 8.398237034353679, "2024_26_8": 6.200567530036829, "2024_26_10": 1.7146652176538066, "2024_26_11": 0.26565235766467427, "2024_26_20": 1.4852381814888607, "2024_27_5": 0.2777274648312504, "2024_27_10": 0.9418583589929361, "2024_27_25": 4.419489222966854, "2024_32": 0.03018776791644026, "2024_32_3": 7.063937692447022, "2024_32_4_1": 0.3682907685805712, "2024_32_4_2": 0.03018776791644026, "2024_32_5_3": 0.024150214333152203, "2024_32_5_4": 0.03018776791644026, "2024_32_6": 4.190062186801908, "2024_32_7": 24.234740083318243, "2024_32_9": 0.5011169474129084, "2024_32_10": 35.28346314073538, "2024_32_20": 0.15697639316548934, "2024_32_20_1": 1.1048723057417136, "2024_38": 0.012075107166576102, "2024_38_2": 0.7667693050775826}