{"2022_44_30": 0.01552553951249806, "2022_44_30_5": 0.010350359674998706, "2022_44_30_10": 0.05692697821249289, "2022_45_12": 0.03105107902499612, "2022_45_13": 0.05692697821249289, "2022_45_15": 1.1074884852248617, "2023_2_10": 0.02587589918749677, "2023_2_12": 0.18113129431247738, "2023_2_301": 0.010350359674998706, "2023_6_8": 0.05692697821249289, "2023_6_11": 0.13455467577498317, "2023_7_5": 0.03105107902499612, "2023_7_10": 6.660456450861668, "2023_7_15": 3.9020855974745126, "2023_7_20": 19.396574030947576, "2023_12_1": 0.020700719349997412, "2023_12_1_1": 0.07245251772499095, "2023_12_5": 3.9848884748745017, "2023_12_5_4": 0.42436474667494695, "2023_12_8": 0.005175179837499353, "2023_12_9": 7.1883247942866015, "2023_12_9_1": 2.4271593437871966, "2023_12_10": 1.1488899239248564, "2023_12_11": 3.7830564612120274, "2023_20_4_1": 49.26771205299384}