{"2023_32_6": 0.09211674585474641, "2023_32_7": 0.13575099389120526, "2023_32_9": 1.1344904489479295, "2023_38_1": 0.004848249781828759, "2023_38_4": 0.009696499563657517, "2023_38_6": 6.9184524386696395, "2023_38_8": 0.16968874236400658, "2023_38_9": 3.7040628333171717, "2023_38_9_1": 0.20847474061863663, "2023_44_1": 16.435566760399492, "2023_44_9_1": 0.009696499563657517, "2023_44_9_2": 0.004848249781828759, "2023_44_25": 0.004848249781828759, "2023_44_30_1": 0.23271598952778041, "2023_44_30_2": 0.5720934742557936, "2023_44_30_3": 0.009696499563657517, "2023_44_30_4": 0.39755648210995825, "2023_44_30_5_1": 6.855425191505865, "2023_44_30_6": 1.3429651895665662, "2023_44_30_7": 1.2363036943663335, "2023_44_30_8": 47.47406186366721, "2023_44_30_9": 12.847861921846212, "2023_44_30_10": 0.004848249781828759, "2023_44_30_12": 0.019392999127315035, "2023_44_30_13": 0.17453699214583532}