{"2022_45_15": 0.06926578270334452, "2023_2_12": 0.09895111814763505, "2023_6_11": 0.019790223629527013, "2023_7_10": 0.3364338017019592, "2023_7_15": 0.2869582426281417, "2023_7_20": 7.827033445477932, "2023_7_26": 0.11874134177716207, "2023_7_30": 20.022758757173957, "2023_12_1": 0.004947555907381753, "2023_12_1_1": 0.029685335444290518, "2023_12_5": 0.08905600633287154, "2023_12_5_4": 0.014842667722145259, "2023_12_9": 0.0841084504254898, "2023_12_9_1": 0.029685335444290518, "2023_12_10": 0.09400356224025329, "2023_12_11": 0.10884622996239854, "2023_20_4_1": 0.13853156540668904, "2023_20_7": 0.26716801899861464, "2023_20_8": 0.2869582426281417, "2023_20_9": 7.841876113200078, "2023_26_1": 0.4502275875717394, "2023_26_3": 0.019790223629527013, "2023_26_6": 0.17811201266574309, "2023_26_7": 11.013259449831782, "2023_26_8": 29.942608351474366, "2023_26_9": 17.949732831981, "2023_26_10": 1.360577874529982, "2023_26_11": 1.316049871363546}