{"2023_26_9": 0.06956037840845854, "2023_26_12": 0.7141532183268411, "2023_27_6": 0.06028566128733073, "2023_27_7": 8.657948432572805, "2023_27_12": 3.2971619365609355, "2023_32_4": 0.08810981265071416, "2023_32_6": 0.11129660545353368, "2023_32_7": 0.16694490818030053, "2023_32_9": 1.2010758671860509, "2023_38_1": 0.004637358560563903, "2023_38_4": 0.01391207568169171, "2023_38_6": 7.29456501576702, "2023_38_8": 0.17621962530142832, "2023_38_9": 4.025227230569468, "2023_38_9_1": 0.3246150992394732, "2023_44_1": 19.47226859580783, "2023_44_25": 0.004637358560563903, "2023_44_30_1": 0.34780189204229267, "2023_44_30_2": 0.9923947319606753, "2023_44_30_3": 0.01391207568169171, "2023_44_30_4": 0.8115377480986832, "2023_44_30_5_1": 33.203487293637544, "2023_44_30_6": 5.402522723056947, "2023_44_30_7": 11.635132628454832, "2023_44_30_8": 1.8966796512706365, "2023_44_30_10": 0.01391207568169171}