{"2023_20_4_1": 0.06815898981202469, "2023_20_7": 0.06457167455876024, "2023_20_8": 0.09685751183814034, "2023_20_9": 2.3963265891806573, "2023_26_1": 0.13631797962404937, "2023_26_3": 0.010761945759793373, "2023_26_6": 0.04663509829243794, "2023_26_7": 1.5855933419428905, "2023_26_8": 2.8232171043191276, "2023_26_9": 3.648299612569953, "2023_26_10": 0.19371502367628068, "2023_26_11": 0.1829530779164873, "2023_26_12": 0.8358444540106184, "2023_27_6": 2.503946046778591, "2023_27_7": 21.107762950208063, "2023_27_11": 0.010761945759793373, "2023_31_600": 0.025111206772851204, "2023_32_1": 0.2690486439948343, "2023_32_4": 1.9407375520160715, "2023_32_6": 6.46434208638255, "2023_32_7": 7.131582723489741, "2023_32_9": 11.163725068158989, "2023_38_1": 0.03587315253264457, "2023_38_4": 0.9614004878748744, "2023_38_6": 34.75391017362606, "2023_38_8": 1.5425455589037165}