{"2024_32_9_1": 0.014248058702001853, "2024_32_10": 16.23566289093111, "2024_32_20": 0.09261238156301205, "2024_32_20_1": 0.22796893923202965, "2024_33_5": 16.036190069103085, "2024_33_15": 0.44881384911305844, "2024_33_25": 0.19234879247702502, "2024_33_30": 0.014248058702001853, "2024_33_35": 6.2762698582318155, "2024_33_40": 0.8050153166631047, "2024_38": 0.007124029351000927, "2024_38_2": 1.5815345159222056, "2024_38_4": 0.17810073377502317, "2024_38_6": 1.76675927904823, "2024_38_7": 4.872836076084633, "2024_39_5": 0.961743962385125, "2024_39_15": 0.22084490988102876, "2024_44_1": 0.2137208805300278, "2024_44_3": 0.783643228610102, "2024_44_3_1": 19.9757783002066, "2024_44_4": 0.6269145828880816, "2024_44_25_2": 13.407423238583743, "2024_44_25_3": 0.4416898197620575, "2024_44_25_4": 0.6696587589940871, "2024_45_25_5": 3.53351855809646, "2024_45_25_6": 0.8121393460141055, "2024_45_25_10": 0.2992092327420389, "2024_45_25_15": 0.07124029351000925, "2024_45_32": 5.07943292726366, "2024_45_32_1": 4.15330911163354}