{"2023_6_11": 0.01396908176569194, "2023_7_10": 0.24213075060532696, "2023_7_15": 0.17694170236543125, "2023_7_20": 5.075433041534738, "2023_7_26": 0.08381449059415164, "2023_7_30": 22.425032594524126, "2023_12_1": 0.00465636058856398, "2023_12_1_1": 0.03259452411994786, "2023_12_5": 0.06518904823989571, "2023_12_5_4": 0.00931272117712796, "2023_12_9": 0.0698454088284597, "2023_12_9_1": 0.0232818029428199, "2023_12_10": 0.07450176941702367, "2023_12_11": 0.0931272117712796, "2023_20_4_1": 0.13503445706835537, "2023_20_7": 0.1862544235425592, "2023_20_8": 0.24678711119389096, "2023_20_9": 5.876327062767742, "2023_26_1": 0.3538834047308625, "2023_26_3": 0.01862544235425592, "2023_26_6": 0.13503445706835537, "2023_26_7": 7.748184019370463, "2023_26_8": 20.087539579065012, "2023_26_9": 26.20599739243808, "2023_26_10": 1.4295027006891416, "2023_26_11": 1.5226299124604212, "2023_32_1": 6.016017880424662, "2023_32_4": 1.6483516483516487}