{"2023_7_26": 0.035718537921181084, "2023_7_30": 17.712426082470135, "2023_12_1_1": 0.027781085049807516, "2023_12_5": 0.0634996229709886, "2023_12_9": 0.05556217009961503, "2023_12_9_1": 0.01587490574274715, "2023_12_10": 0.07937452871373575, "2023_12_11": 0.06746834940667538, "2023_20_4_1": 0.0952494344564829, "2023_20_7": 0.0952494344564829, "2023_20_8": 0.14684287812041116, "2023_20_9": 3.393261102512204, "2023_26_1": 0.19843632178433937, "2023_26_3": 0.011906179307060363, "2023_26_6": 0.0634996229709886, "2023_26_7": 2.702702702702702, "2023_26_8": 5.536373377783068, "2023_26_9": 7.651704568004127, "2023_26_10": 0.8453387308012856, "2023_26_11": 0.6230900504028257, "2023_26_12": 0.5834027860459579, "2023_27_6": 7.862047069095526, "2023_32_1": 0.6191213239671389, "2023_32_4": 6.393618287891416, "2023_32_6": 31.499781720046037, "2023_32_7": 13.616700400841367, "2023_38": 0.0039687264356867875}