{"2023_12_9": 0.054678956413060455, "2023_12_9_1": 0.015622558975160128, "2023_12_10": 0.06639587564443054, "2023_12_11": 0.06249023590064051, "2023_20_4_1": 0.08982971410717075, "2023_20_7": 0.06249023590064051, "2023_20_8": 0.12107483205749099, "2023_20_9": 2.897984689892204, "2023_26_1": 0.1679425089829714, "2023_26_3": 0.011716919231370096, "2023_26_6": 0.054678956413060455, "2023_26_7": 2.0817059834400875, "2023_26_8": 4.0462427745664735, "2023_26_9": 5.073426027183252, "2023_26_10": 0.31245117950320256, "2023_26_11": 0.2851117012966724, "2023_26_12": 0.7811279487580065, "2023_27_6": 17.95422590220278, "2023_27_7": 4.374316513044836, "2023_32_1": 0.38275269489142316, "2023_32_4": 3.3588501796594277, "2023_32_6": 15.489767223871267, "2023_32_7": 25.18747070770192, "2023_32_9": 16.712232463677548, "2023_38": 0.003905639743790032, "2023_38_1": 0.34760193719731286, "2023_38_4": 0.003905639743790032}