{"2023_7_30": 5.488386284755331, "2023_12_1_1": 0.030512223959723864, "2023_12_5": 0.06102444791944773, "2023_12_9": 0.05339639192951676, "2023_12_9_1": 0.019070139974827413, "2023_12_10": 0.07628055989930965, "2023_12_11": 0.0648384759144132, "2023_20_4_1": 0.09916472786910253, "2023_20_7": 0.08009458789427513, "2023_20_8": 0.14111903581372287, "2023_20_9": 2.978755864068042, "2023_26_1": 0.16781723177848124, "2023_26_3": 0.01144208398489645, "2023_26_6": 0.05721041992448224, "2023_26_7": 2.189252069110187, "2023_26_8": 4.367062054235478, "2023_26_9": 6.094816735954841, "2023_26_10": 0.5034516953354438, "2023_26_11": 0.39665891147641014, "2023_26_12": 0.7055951790686142, "2023_27_6": 20.302071017201264, "2023_32_1": 0.41954307944620306, "2023_32_4": 4.058125786643274, "2023_32_6": 17.83820893245356, "2023_32_7": 33.34604675998322, "2023_32_9": 0.4462412754109615, "2023_38_1": 0.003814027994965483}