{"2023_26_12": 0.4708541293907148, "2023_27_7": 0.028251247763442885, "2023_32_6": 0.009417082587814296, "2023_32_7": 0.01883416517562859, "2023_32_9": 0.028251247763442885, "2023_38_6": 0.01883416517562859, "2023_38_9": 0.04708541293907148, "2023_44_1": 0.04708541293907148, "2023_44_30_5_1": 0.028251247763442885, "2023_44_30_6": 0.009417082587814296, "2023_44_30_8": 4.642621715792448, "2023_44_30_9": 0.01883416517562859, "2023_44_30_13": 0.07533666070251437, "2023_44_30_14": 12.402297768151428, "2023_44_30_16": 0.04708541293907148, "2023_44_30_20": 0.10358790846595728, "2023_44_30_25": 12.364629437800172, "2024_2_2_1": 0.028251247763442885, "2024_2_3": 0.028251247763442885, "2024_2_6": 0.07533666070251437, "2024_2_7": 48.34730200583859, "2024_2_7_1": 0.009417082587814296, "2024_2_8": 3.851586778416047, "2024_8_3": 0.5556078726810435, "2024_8_4": 16.74357284113382}