{"2023_32_6": 0.016374652038644178, "2023_38_9": 0.016374652038644178, "2023_44_1": 0.016374652038644178, "2023_44_30_8": 0.09824791223186505, "2023_44_30_9": 0.016374652038644178, "2023_44_30_13": 0.016374652038644178, "2023_44_30_14": 0.6959227116423776, "2023_44_30_20": 0.008187326019322089, "2023_44_30_25": 0.08187326019322089, "2023_44_30_30": 0.18830849844440806, "2024_2_2_1": 0.008187326019322089, "2024_2_6": 0.032749304077288356, "2024_2_7": 0.6877353856230555, "2024_2_8": 0.016374652038644178, "2024_2_12": 0.008187326019322089, "2024_2_13": 0.008187326019322089, "2024_3_6": 0.3356803667922056, "2024_3_10": 1.2444735549369572, "2024_3_15": 6.844604552153266, "2024_3_20": 0.7122973636810217, "2024_3_25": 40.273456689045354, "2024_8_4": 0.13099721630915342, "2024_8_7": 0.3766169968888161, "2024_8_8": 0.016374652038644178, "2024_8_9": 24.332732929425248, "2024_8_12": 0.08187326019322089, "2024_9_5": 0.008187326019322089, "2024_14_3": 1.8912723104634024, "2024_14_5": 0.07368593417389879, "2024_14_6": 21.532667430817096, "2024_14_7": 0.22924512854101847}