{"2022_44_30": 0.01554887529802011, "2022_44_30_5": 0.01036591686534674, "2022_44_30_10": 0.05701254275940707, "2022_45_12": 0.03109775059604022, "2022_45_13": 0.05701254275940707, "2022_45_15": 1.119519021457448, "2023_2_10": 0.025914792163366847, "2023_2_12": 0.18140354514356796, "2023_2_301": 0.01036591686534674, "2023_6_8": 0.05701254275940707, "2023_6_11": 0.1347569192495076, "2023_7_5": 0.03109775059604022, "2023_7_10": 6.779309629936766, "2023_7_15": 4.0167927853218615, "2023_7_20": 19.1510314087281, "2023_12_1": 0.02073183373069348, "2023_12_1_1": 0.07256141805742716, "2023_12_5": 4.001243910023842, "2023_12_5_4": 0.4250025914792163, "2023_12_8": 0.00518295843267337, "2023_12_9": 7.240592930444698, "2023_12_9_1": 2.4878200476832175, "2023_12_10": 1.166165647351508, "2023_12_11": 3.757644863688193, "2023_20_4_1": 49.1448118586089}