{"2023_32_9": 0.020795785387494804, "2023_38_6": 0.013863856924996537, "2023_38_9": 0.027727713849993074, "2023_44_1": 0.020795785387494804, "2023_44_30_5_1": 0.020795785387494804, "2023_44_30_8": 0.7555802024123113, "2023_44_30_9": 0.04159157077498961, "2023_44_30_13": 0.020795785387494804, "2023_44_30_14": 3.271870234299183, "2023_44_30_16": 0.020795785387494804, "2023_44_30_20": 0.020795785387494804, "2023_44_30_25": 2.6479966726743385, "2023_44_30_30": 0.45750727852488576, "2024_2_2_1": 0.020795785387494804, "2024_2_3": 0.034659642312491336, "2024_2_6": 0.0901150700124775, "2024_2_7": 14.681824483571331, "2024_2_7_1": 0.006931928462498268, "2024_2_8": 1.0328573409122421, "2024_2_12": 0.034659642312491336, "2024_2_13": 0.0901150700124775, "2024_3_6": 1.8785526133370307, "2024_3_10": 15.576043255233607, "2024_3_15": 24.37959240260641, "2024_8_3": 0.1109108553999723, "2024_8_4": 2.7658394565368094, "2024_8_7": 9.933453486760019, "2024_8_8": 0.1525024261749619, "2024_8_9": 21.64841258838209, "2024_8_12": 0.2218217107999446}