{"2023_7_20": 0.03439775268015823, "2023_7_30": 0.08026142292036921, "2023_12_9": 0.011465917560052743, "2023_12_9_1": 0.011465917560052743, "2023_20_4_1": 0.017198876340079116, "2023_20_7": 0.011465917560052743, "2023_20_9": 0.022931835120105486, "2023_26_3": 0.005732958780026371, "2023_26_7": 0.011465917560052743, "2023_26_8": 0.05732958780026372, "2023_26_9": 0.07452846414034284, "2023_26_10": 0.005732958780026371, "2023_26_11": 0.005732958780026371, "2023_26_12": 0.831279023103824, "2023_27_6": 0.14905692828068567, "2023_27_7": 28.24055495040991, "2023_27_12": 0.017198876340079116, "2023_31_600": 0.005732958780026371, "2023_32_4": 0.17772172218081753, "2023_32_6": 0.13185805194060657, "2023_32_7": 0.27518202144126586, "2023_32_9": 3.067132947314109, "2023_38_1": 0.005732958780026371, "2023_38_4": 0.022931835120105486, "2023_38_6": 27.374878174625927, "2023_38_8": 0.5159662902023735, "2023_38_9": 17.388063979819986, "2023_44_1": 21.446998796078656}