{"2022_44_25_2": 0.016599347092347706, "2022_44_25_3": 0.04979804127704311, "2022_44_25_5": 0.04979804127704311, "2022_44_30": 0.08852985115918774, "2022_44_30_2": 0.016599347092347706, "2022_44_30_5": 0.011066231394898467, "2022_44_30_10": 0.1936590494107232, "2022_45_11": 0.022132462789796935, "2022_45_12": 0.10512919825153544, "2022_45_13": 0.2545233220826648, "2022_45_15": 30.3657389476014, "2023_2_0_5": 0.016599347092347706, "2023_2_10": 0.1936590494107232, "2023_2_11": 0.011066231394898467, "2023_2_12": 1.5271399324959887, "2023_2_13": 0.016599347092347706, "2023_2_201": 0.005533115697449234, "2023_2_301": 0.011066231394898467, "2023_6_8": 0.40391744591379414, "2023_6_9": 0.03873180988214464, "2023_6_11": 0.6529076522990097, "2023_6_11_2": 0.005533115697449234, "2023_7_5": 0.9461627842638192, "2023_12_1": 0.5588446854423726, "2023_12_1_1": 3.6407901289215965, "2023_12_5": 38.316826204835955, "2023_12_5_3": 0.6971725778786036, "2023_12_5_4": 0.005533115697449234, "2023_12_8": 0.2213246278979694, "2023_12_9": 21.557018757262217}