{"2024_21_5": 0.3365015644370979, "2024_26_3_1": 1.162996634984356, "2024_26_4": 0.0177106086545841, "2024_26_6": 0.6021606942558594, "2024_26_7": 7.774957199362419, "2024_26_8": 5.820886711139975, "2024_26_10": 1.5467264891670112, "2024_26_11": 0.2479485211641774, "2024_26_20": 1.3873310112757542, "2024_27_5": 0.2656591298187615, "2024_27_10": 0.8205915343290633, "2024_27_25": 3.9317551213176696, "2024_32": 0.0295176810909735, "2024_32_3": 6.387626188086666, "2024_32_4_1": 0.3365015644370979, "2024_32_4_2": 0.0236141448727788, "2024_32_5_3": 0.0177106086545841, "2024_32_5_4": 0.0295176810909735, "2024_32_6": 3.595253556880572, "2024_32_7": 18.3777082472401, "2024_32_9": 0.17120255032764634, "2024_32_10": 38.3198535923018, "2024_32_20": 0.1416848692366728, "2024_32_20_1": 0.4663793612373813, "2024_33_15": 0.708424346183364, "2024_33_25": 0.5018005785465496, "2024_38": 0.0059035362181947, "2024_38_2": 6.653285317905428, "2024_38_4": 0.3187909557825139}