{"2024_14_3": 0.022075055187637964, "2024_14_6": 0.11037527593818984, "2024_14_7": 0.03679175864606327, "2024_14_8": 0.12509197939661515, "2024_14_9": 3.1935246504782926, "2024_15_15": 4.120676968359088, "2024_20_1": 0.7211184694628402, "2024_20_3": 0.2501839587932303, "2024_20_6": 0.007358351729212655, "2024_20_6_2": 0.16188373804267842, "2024_20_7": 3.0757910228108902, "2024_20_8": 0.022075055187637964, "2024_20_9": 10.264900662251652, "2024_20_9_1": 0.022075055187637964, "2024_20_10": 0.11037527593818984, "2024_20_15": 0.4488594554819719, "2024_21_5": 0.7137601177336275, "2024_26_1": 0.007358351729212655, "2024_26_3_1": 2.891832229580573, "2024_26_4": 0.022075055187637964, "2024_26_6": 1.5378955114054451, "2024_26_7": 43.81898454746136, "2024_26_8": 15.187637969094922, "2024_26_10": 6.210448859455481, "2024_26_11": 0.9860191317144957, "2024_26_20": 4.061810154525385, "2024_27_5": 1.3539367181751285, "2024_32": 0.1324503311258278, "2024_32_3": 0.38263428991905807}