{"2023_20_9": 0.030123506376142178, "2023_26_8": 0.07028818154433177, "2023_26_9": 0.07028818154433177, "2023_26_12": 0.7581082437995782, "2023_27_6": 0.08534993473240285, "2023_27_7": 18.530977005723464, "2023_27_12": 8.575158148408475, "2023_32_4": 0.1305351942966161, "2023_32_6": 0.12049402550456871, "2023_32_7": 0.20082337584094787, "2023_32_9": 1.712019279044081, "2023_38_1": 0.005020584396023697, "2023_38_4": 0.010041168792047394, "2023_38_6": 10.422733206145194, "2023_38_8": 0.27111155738527964, "2023_38_9": 7.550958931619641, "2023_38_9_1": 0.4167085048699669, "2023_44_1": 47.032834621949995, "2023_44_25": 0.005020584396023697, "2023_44_30_1": 2.751280249020986, "2023_44_30_2": 1.174816748669545, "2023_44_30_3": 0.07028818154433177, "2023_44_30_4": 0.005020584396023697}