{"2023_27_7": 7.173371306514774, "2023_27_12": 2.6788892844428625, "2023_32_4": 0.07564969740121039, "2023_32_6": 0.10234959060163758, "2023_32_7": 0.133499466002136, "2023_32_9": 1.0590957636169456, "2023_38_1": 0.0044499822000712, "2023_38_4": 0.013349946600213599, "2023_38_6": 6.470274118903524, "2023_38_8": 0.155749377002492, "2023_38_9": 3.5065859736561054, "2023_38_9_1": 0.20469918120327515, "2023_44_1": 15.824136703453187, "2023_44_9_1": 0.0088999644001424, "2023_44_25": 0.0044499822000712, "2023_44_30_1": 0.2313990744037024, "2023_44_30_2": 0.5829476682093272, "2023_44_30_3": 0.0088999644001424, "2023_44_30_4": 0.3960484158063367, "2023_44_30_5_1": 7.302420790316839, "2023_44_30_6": 1.4462442150231398, "2023_44_30_7": 1.3661445354218584, "2023_44_30_8": 41.98558205767177, "2023_44_30_9": 9.247063011747954, "2023_44_30_10": 0.0044499822000712, "2023_44_30_12": 0.013349946600213599}