{"2023_38_9": 3.04440927287962, "2023_38_9_1": 0.0837910809049437, "2023_44_1": 12.666418396797319, "2023_44_9_2": 0.009310120100549298, "2023_44_25": 0.004655060050274649, "2023_44_30_1": 0.13965180150823947, "2023_44_30_2": 0.4049902243738945, "2023_44_30_3": 0.009310120100549298, "2023_44_30_4": 0.26068336281538035, "2023_44_30_5_1": 4.426962107811192, "2023_44_30_6": 0.8518759892002608, "2023_44_30_7": 0.7634298482450425, "2023_44_30_8": 20.342612419700217, "2023_44_30_9": 4.757471371380691, "2023_44_30_10": 0.004655060050274649, "2023_44_30_12": 0.013965180150823946, "2023_44_30_13": 0.38636998417279583, "2023_44_30_14": 12.941066939763523, "2023_44_30_16": 0.06982590075411974, "2023_44_30_20": 0.3677497439716973, "2024_2_2": 0.07913602085466905, "2024_2_2_1": 5.530211339726283, "2024_2_3": 1.443068615585141, "2024_2_6": 2.681314588958198, "2024_2_7": 26.799180709431152, "2024_2_8": 1.9178847407131554}