{"2024_27_25": 2.8609772463856524, "2024_32": 0.0305008235222351, "2024_32_3": 5.014335387055451, "2024_32_4_1": 0.2135057646556457, "2024_32_4_2": 0.024400658817788082, "2024_32_5_3": 0.01830049411334106, "2024_32_5_4": 0.024400658817788082, "2024_32_6": 2.391264564143232, "2024_32_7": 7.314097480631977, "2024_32_9": 0.03660098822668212, "2024_32_9_1": 0.012200329408894041, "2024_32_10": 15.531019337522114, "2024_32_20": 0.07930214115781126, "2024_32_20_1": 0.2074055999511987, "2024_33_5": 17.830781431098643, "2024_33_15": 0.40261087049350325, "2024_33_25": 0.1891051058378576, "2024_33_30": 0.012200329408894041, "2024_33_35": 7.619105715854328, "2024_33_40": 0.7381199292380894, "2024_38": 0.006100164704447021, "2024_38_2": 1.4823400231806256, "2024_38_4": 0.1525041176111755, "2024_38_6": 1.6592447996095896, "2024_38_7": 5.447447081071188, "2024_39_5": 1.1895321173671691, "2024_44_1": 0.2135057646556457, "2024_44_3": 0.8906240468492649, "2024_44_3_1": 23.00982126517416, "2024_44_4": 0.17080461172451658, "2024_44_25_2": 5.227841151711096}