{"2024_26_6": 0.559310184106269, "2024_26_7": 7.212770915870426, "2024_26_8": 5.540666511302726, "2024_26_10": 1.439058494523421, "2024_26_11": 0.2213936145420648, "2024_26_20": 1.3167093917501749, "2024_27_5": 0.2505243532975996, "2024_27_10": 0.7457469121416919, "2024_27_25": 3.4782102074108603, "2024_32": 0.029130738755534843, "2024_32_3": 5.87858308086693, "2024_32_4_1": 0.2971335353064553, "2024_32_4_2": 0.02330459100442787, "2024_32_5_3": 0.017478443253320906, "2024_32_5_4": 0.029130738755534843, "2024_32_6": 3.029596830575623, "2024_32_7": 14.070146818923329, "2024_32_9": 0.058261477511069686, "2024_32_9_1": 0.011652295502213935, "2024_32_10": 38.365182941039386, "2024_32_20": 0.10487065951992541, "2024_32_20_1": 0.3495688650664181, "2024_33_5": 2.7382894430202747, "2024_33_15": 0.9088790491726869, "2024_33_25": 1.0370542996970404, "2024_38": 0.005826147751106968, "2024_38_2": 5.907713819622465, "2024_38_4": 0.739920764390585, "2024_38_6": 5.633884875320438}