{"2023_32_4": 0.08259243064665014, "2023_32_6": 0.09230918719331486, "2023_32_7": 0.14089296992663847, "2023_32_9": 1.1368605159597724, "2023_38_1": 0.004858378273332362, "2023_38_4": 0.009716756546664724, "2023_38_6": 6.947480930865277, "2023_38_8": 0.17004323956663264, "2023_38_9": 3.7263761356459217, "2023_38_9_1": 0.2137686440266239, "2023_44_1": 16.586503425156682, "2023_44_9_1": 0.009716756546664724, "2023_44_25": 0.004858378273332362, "2023_44_30_1": 0.23320215711995335, "2023_44_30_2": 0.5975805276198805, "2023_44_30_3": 0.009716756546664724, "2023_44_30_4": 0.40324539668658593, "2023_44_30_5_1": 7.030073361511927, "2023_44_30_6": 1.384637807899723, "2023_44_30_7": 1.2826118641597435, "2023_44_30_8": 47.22343681679056, "2023_44_30_9": 12.529757566924161, "2023_44_30_10": 0.004858378273332362, "2023_44_30_12": 0.019433513093329448, "2023_44_30_13": 0.15546810474663558}