{"2024_32_9": 0.04286020430030717, "2024_32_9_1": 0.014286734766769057, "2024_32_10": 16.351167940567187, "2024_32_20": 0.09286377598399888, "2024_32_20_1": 0.2285877562683049, "2024_33_5": 16.21544396028288, "2024_33_15": 0.4500321451532253, "2024_33_25": 0.19287091935138231, "2024_33_30": 0.014286734766769057, "2024_33_35": 6.336166869062078, "2024_33_40": 0.8072005143224518, "2024_38": 0.007143367383384528, "2024_38_2": 1.5858275591113653, "2024_38_4": 0.1785841845846132, "2024_38_6": 1.7786984784627475, "2024_38_7": 4.943210229302094, "2024_39_5": 0.9786413315236805, "2024_39_15": 0.2285877562683049, "2024_44_1": 0.21430102150153588, "2024_44_3": 0.8072005143224518, "2024_44_3_1": 20.180012858061293, "2024_44_4": 0.6071862275876849, "2024_44_25_2": 13.48667761982999, "2024_44_25_3": 0.5214658189870706, "2024_44_25_4": 0.6071862275876849, "2024_45_25_5": 3.357382670190728, "2024_45_25_6": 0.7500535752553755, "2024_45_25_10": 0.19287091935138231, "2024_45_32": 8.829202085863278}