{"2024_26_11": 0.2500822639025996, "2024_26_20": 1.4083580125041129, "2024_27_5": 0.2698256005264889, "2024_27_10": 0.7831523527476143, "2024_27_25": 3.61961171437973, "2024_32": 0.03290556103981572, "2024_32_3": 6.205988812109245, "2024_32_4_1": 0.2961500493583415, "2024_32_4_2": 0.02632444883185258, "2024_32_5_3": 0.019743336623889437, "2024_32_5_4": 0.03290556103981572, "2024_32_6": 3.0865416255347147, "2024_32_7": 12.148733135899963, "2024_32_9": 0.046067785455742014, "2024_32_9_1": 0.1776900296150049, "2024_32_10": 26.416584402764066, "2024_32_20": 0.11187890753537345, "2024_32_20_1": 0.3356367226061204, "2024_33_5": 18.39420862125699, "2024_33_15": 1.138532411977624, "2024_33_25": 0.5396512010529778, "2024_33_30": 0.02632444883185258, "2024_33_35": 5.9953932214544245, "2024_38": 0.006581112207963145, "2024_38_2": 4.238236261928265, "2024_38_4": 0.315893385982231, "2024_38_6": 13.794011187890753, "2024_38_7": 0.28298782494241526}