{"2023_44_1": 0.012860909266285128, "2023_44_30_5_1": 0.01929136389942769, "2023_44_30_8": 0.5723104623496882, "2023_44_30_9": 0.03858272779885538, "2023_44_30_13": 0.01929136389942769, "2023_44_30_14": 2.4500032152273166, "2023_44_30_16": 0.006430454633142564, "2023_44_30_20": 0.01929136389942769, "2023_44_30_25": 1.6847791138833514, "2023_44_30_30": 0.3665359140891261, "2024_2_2_1": 0.006430454633142564, "2024_2_3": 0.012860909266285128, "2024_2_6": 0.04501318243199794, "2024_2_7": 9.021927850299017, "2024_2_8": 0.7137804642788246, "2024_2_12": 0.025721818532570256, "2024_2_13": 0.04501318243199794, "2024_3_6": 1.189634107131374, "2024_3_10": 8.05092920069449, "2024_3_15": 7.330718281782522, "2024_3_20": 0.8102372837759629, "2024_3_25": 28.281139476560995, "2024_8_3": 0.0707350009645682, "2024_8_4": 1.6269050221850683, "2024_8_7": 4.880715066555206, "2024_8_8": 0.07716545559771076, "2024_8_9": 30.917625876149447, "2024_8_12": 0.07716545559771076, "2024_14_3": 1.50472638415536, "2024_14_5": 0.12217863802970871}