{"2024_3_6": 0.12323618214307723, "2024_3_10": 0.4744593012508473, "2024_3_15": 2.754328670897776, "2024_3_20": 0.17253065500030812, "2024_3_25": 9.54464230698133, "2024_8_3": 0.006161809107153862, "2024_8_4": 0.04313266375007703, "2024_8_7": 0.23414874607184674, "2024_8_8": 0.012323618214307724, "2024_8_9": 5.422392014295397, "2024_8_12": 0.04313266375007703, "2024_9_5": 0.006161809107153862, "2024_14_3": 0.2772814098219238, "2024_14_5": 0.030809045535769308, "2024_14_6": 2.187442233039621, "2024_14_7": 0.9181095569659252, "2024_14_8": 2.809784952862161, "2024_14_9": 29.4472857230883, "2024_14_11": 0.0801035183930002, "2024_15_10": 0.006161809107153862, "2024_15_15": 0.14788341857169268, "2024_20_1": 10.327192063589871, "2024_20_3": 6.328177953047017, "2024_20_6": 2.0149115780393125, "2024_20_6_1": 0.04313266375007703, "2024_20_6_2": 15.010166985026807, "2024_20_7": 11.232978002341488, "2024_20_8": 0.3019286462505392}