{"2023_38_6": 0.013599891200870391, "2023_38_9": 0.027199782401740782, "2023_44_1": 0.020399836801305585, "2023_44_30_5_1": 0.013599891200870391, "2023_44_30_8": 0.7071943424452604, "2023_44_30_9": 0.04759961920304637, "2023_44_30_13": 0.020399836801305585, "2023_44_30_14": 3.1551747586019308, "2023_44_30_16": 0.020399836801305585, "2023_44_30_20": 0.020399836801305585, "2023_44_30_25": 2.4887800897592816, "2023_44_30_30": 0.4623963008295933, "2024_2_2_1": 0.020399836801305585, "2024_2_3": 0.027199782401740782, "2024_2_6": 0.07479940160478715, "2024_2_7": 13.851489188086493, "2024_2_7_1": 0.0067999456004351954, "2024_2_8": 0.9723922208622329, "2024_2_12": 0.033999728002175975, "2024_2_13": 0.07479940160478715, "2024_3_6": 1.6999864001087988, "2024_3_10": 14.007887936896504, "2024_3_15": 26.82578539371685, "2024_3_20": 0.020399836801305585, "2024_8_3": 0.10199918400652794, "2024_8_4": 2.5567795457636335, "2024_8_7": 8.880728954168365, "2024_8_8": 0.1359989120087039, "2024_8_9": 23.459812321501428, "2024_8_12": 0.25159798721610227}