{"2024_32_7": 7.65143464399575, "2024_32_9": 0.03985122210414454, "2024_32_9_1": 0.01328374070138151, "2024_32_10": 15.336078639744954, "2024_32_20": 0.08634431455897981, "2024_32_20_1": 0.21253985122210417, "2024_33_5": 15.276301806588735, "2024_33_15": 0.4184378320935176, "2024_33_25": 0.18597236981934118, "2024_33_30": 0.01328374070138151, "2024_33_35": 5.9710414452709895, "2024_33_40": 0.7903825717322001, "2024_38": 0.006641870350690755, "2024_38_2": 1.4877789585547294, "2024_38_4": 0.16604675876726888, "2024_38_6": 1.6604675876726889, "2024_38_7": 4.695802337938364, "2024_39_5": 0.9165781083953243, "2024_39_15": 0.24574920297555794, "2024_44_1": 0.1992561105207227, "2024_44_3": 0.7770988310308184, "2024_44_3_1": 18.916046758767273, "2024_44_4": 0.5313496280552604, "2024_44_25_2": 13.243889479277366, "2024_44_25_3": 0.7970244420828908, "2024_44_25_4": 0.5180658873538788, "2024_45_25_5": 2.802869287991499, "2024_45_25_6": 0.5911264612114773, "2024_45_32": 6.4492561105207225}