{"2024_26_7": 7.019675925925925, "2024_26_8": 5.439814814814816, "2024_26_10": 1.4120370370370372, "2024_26_11": 0.2199074074074074, "2024_26_20": 1.2615740740740742, "2024_27_5": 0.2430555555555556, "2024_27_10": 0.7118055555555556, "2024_27_25": 3.333333333333334, "2024_32": 0.028935185185185182, "2024_32_3": 5.6655092592592595, "2024_32_4_1": 0.2835648148148148, "2024_32_4_2": 0.02314814814814815, "2024_32_5_3": 0.017361111111111112, "2024_32_5_4": 0.028935185185185182, "2024_32_6": 2.8703703703703702, "2024_32_7": 11.753472222222223, "2024_32_9": 0.05208333333333334, "2024_32_9_1": 0.13310185185185186, "2024_32_10": 30.225694444444446, "2024_32_20": 0.09837962962962964, "2024_32_20_1": 0.3182870370370371, "2024_33_5": 11.898148148148149, "2024_33_15": 0.9606481481481484, "2024_33_25": 1.1226851851851853, "2024_33_30": 0.08101851851851853, "2024_38": 0.005787037037037038, "2024_38_2": 4.357638888888889, "2024_38_4": 0.4861111111111112, "2024_38_6": 9.947916666666668}