{"2023_38_9": 0.01979544704717915, "2023_44_1": 0.013196964698119432, "2023_44_30_5_1": 0.013196964698119432, "2023_44_30_8": 0.6466512702078521, "2023_44_30_9": 0.0395908940943583, "2023_44_30_13": 0.01979544704717915, "2023_44_30_14": 2.8373474100956777, "2023_44_30_16": 0.013196964698119432, "2023_44_30_20": 0.01979544704717915, "2023_44_30_25": 2.2434839986803032, "2023_44_30_30": 0.4552952820851204, "2024_2_2_1": 0.006598482349059716, "2024_2_3": 0.01979544704717915, "2024_2_6": 0.05278785879247773, "2024_2_7": 11.659518310788517, "2024_2_7_1": 0.006598482349059716, "2024_2_8": 0.8248102936324645, "2024_2_12": 0.03299241174529858, "2024_2_13": 0.059386341141537444, "2024_3_6": 1.5044539755856152, "2024_3_10": 11.956450016496206, "2024_3_15": 28.479049818541736, "2024_3_20": 1.649620587264929, "2024_8_3": 0.08578027053777632, "2024_8_4": 2.1445067634444075, "2024_8_7": 6.9020125371164625, "2024_8_8": 0.10557571758495546, "2024_8_9": 27.898383371824476, "2024_8_12": 0.2903332233586275}