{"2023_26_8": 0.07964161274265806, "2023_26_9": 0.07466401194624192, "2023_26_12": 0.7565953210552514, "2023_27_6": 0.08461921353907417, "2023_27_7": 14.932802389248383, "2023_27_12": 6.500746640119462, "2023_32_4": 0.11448481831757092, "2023_32_6": 0.11946241911398707, "2023_32_7": 0.19412643106022898, "2023_32_9": 1.6276754604280734, "2023_38_1": 0.004977600796416129, "2023_38_4": 0.009955201592832258, "2023_38_6": 9.681433549029368, "2023_38_8": 0.2538576406172225, "2023_38_9": 6.376306620209061, "2023_38_9_1": 0.4181184668989547, "2023_44_1": 36.271777003484324, "2023_44_25": 0.004977600796416129, "2023_44_30": 0.004977600796416129, "2023_44_30_1": 3.0910900945744153, "2023_44_30_2": 13.977103036336489, "2023_44_30_3": 0.11448481831757092, "2023_44_30_4": 5.3061224489795915}