{"2023_38_6": 0.014746000147460001, "2023_38_9": 0.03686500036865, "2023_44_1": 0.04423800044238001, "2023_44_30_5_1": 0.022119000221190004, "2023_44_30_6": 0.014746000147460001, "2023_44_30_8": 0.8995060089950602, "2023_44_30_9": 0.04423800044238001, "2023_44_30_13": 0.022119000221190004, "2023_44_30_14": 3.70124603701246, "2023_44_30_16": 0.022119000221190004, "2023_44_30_20": 0.022119000221190004, "2023_44_30_25": 3.62751603627516, "2023_44_30_30": 0.47187200471872004, "2024_2_2_1": 0.007373000073730001, "2024_2_3": 0.03686500036865, "2024_2_6": 0.06635700066357, "2024_2_7": 18.97072918970729, "2024_2_7_1": 0.007373000073730001, "2024_2_8": 1.29027501290275, "2024_2_12": 0.04423800044238001, "2024_2_13": 0.15483300154833002, "2024_3_6": 3.16301703163017, "2024_3_10": 33.443928334439285, "2024_3_15": 1.15018801150188, "2024_8_3": 0.13271400132714, "2024_8_4": 3.5021750350217506, "2024_8_7": 17.93850917938509, "2024_8_8": 0.22856300228563003, "2024_8_9": 10.912040109120401, "2024_8_12": 0.007373000073730001}