{"2022_44_30": 0.10818813346999204, "2022_44_30_2": 0.01708233686368295, "2022_44_30_5": 0.01708233686368295, "2022_44_30_10": 0.1366586949094636, "2022_45_11": 0.02277644915157727, "2022_45_12": 0.09110579660630908, "2022_45_13": 0.2220703792278784, "2022_45_15": 22.810613825304635, "2023_2_0_5": 0.005694112287894317, "2023_2_10": 0.10818813346999204, "2023_2_11": 0.005694112287894317, "2023_2_12": 1.0818813346999203, "2023_2_13": 0.011388224575788634, "2023_2_301": 0.011388224575788634, "2023_6_8": 0.14235280719735793, "2023_6_9": 0.005694112287894317, "2023_6_11": 0.25054094066734994, "2023_6_11_2": 0.005694112287894317, "2023_7_5": 0.3928937478647079, "2023_7_10": 8.398815624644117, "2023_12_1": 0.14235280719735793, "2023_12_1_1": 0.35303496184944766, "2023_12_5": 30.537524199977224, "2023_12_5_3": 0.1366586949094636, "2023_12_5_4": 0.6377405762441635, "2023_12_8": 0.1309645826215693, "2023_12_9": 32.661428083361805, "2023_12_9_1": 0.005694112287894317, "2023_12_10": 1.5487985423072541}