{"2023_38_9": 3.0986975125781733, "2023_38_9_1": 0.09404241312832089, "2023_44_1": 12.921427563831289, "2023_44_9_2": 0.009404241312832087, "2023_44_25": 0.004702120656416044, "2023_44_30_1": 0.1504678610053134, "2023_44_30_2": 0.4184887384210279, "2023_44_30_3": 0.009404241312832087, "2023_44_30_4": 0.26802087741571456, "2023_44_30_5_1": 4.5798655193492275, "2023_44_30_6": 0.8792965627498002, "2023_44_30_7": 0.7852541496214794, "2023_44_30_8": 21.21596840174919, "2023_44_30_9": 5.078290308929327, "2023_44_30_10": 0.004702120656416044, "2023_44_30_12": 0.014106361969248133, "2023_44_30_13": 0.38557389382611557, "2023_44_30_14": 13.490384163257632, "2023_44_30_16": 0.06112756853340857, "2023_44_30_20": 0.35265904923120334, "2024_2_2": 0.0846381718154888, "2024_2_2_1": 5.9952038369304566, "2024_2_3": 1.579912540555791, "2024_2_6": 3.935674989420229, "2024_2_7": 22.93694456199746, "2024_2_8": 1.6457422297456152}