{"2023_2_12": 0.10223903486351091, "2023_2_301": 0.010223903486351089, "2023_6_11": 0.020447806972702178, "2023_7_10": 0.8076883754217359, "2023_7_15": 0.5980983539515387, "2023_7_20": 22.640834270524486, "2023_7_26": 0.27093344238830386, "2023_7_30": 4.687659748491974, "2023_12_1": 0.0051119517431755445, "2023_12_1_1": 0.03578366220222881, "2023_12_5": 0.10223903486351091, "2023_12_5_4": 0.020447806972702178, "2023_12_9": 0.0920151313771598, "2023_12_9_1": 0.030671710459053272, "2023_12_10": 0.10735098660668643, "2023_12_11": 0.12268684183621309, "2023_20_4_1": 0.15335855229526632, "2023_20_7": 0.3527246702791126, "2023_20_8": 0.3425007667927615, "2023_20_9": 8.87946017789592, "2023_26_1": 0.5111951743175545, "2023_26_3": 0.020447806972702178, "2023_26_6": 0.20447806972702182, "2023_26_7": 14.747980779061445, "2023_26_8": 38.88661691033637, "2023_26_9": 4.273591657294755, "2023_26_10": 1.4006747776300992, "2023_26_11": 0.572538595235661}