{"2023_12_9": 0.015869657215404148, "2023_12_9_1": 0.015869657215404148, "2023_12_11": 0.0105797714769361, "2023_20_4_1": 0.0211595429538722, "2023_20_7": 0.0211595429538722, "2023_20_9": 0.02644942869234025, "2023_26_1": 0.00528988573846805, "2023_26_3": 0.00528988573846805, "2023_26_7": 0.015869657215404148, "2023_26_8": 0.0846381718154888, "2023_26_9": 0.09521794329242489, "2023_26_10": 0.0105797714769361, "2023_26_11": 0.00528988573846805, "2023_26_12": 0.8781210325856962, "2023_27_6": 0.1481168006771054, "2023_27_7": 28.14748201438849, "2023_27_11": 0.015869657215404148, "2023_31_600": 0.02644942869234025, "2023_32_1": 0.00528988573846805, "2023_32_4": 0.23275497249259416, "2023_32_6": 0.7035548032162505, "2023_32_7": 1.0209479475243335, "2023_32_9": 7.924248836225138, "2023_38_1": 0.00528988573846805, "2023_38_4": 0.21688531527719002, "2023_38_6": 37.034490055014814, "2023_38_8": 0.6612357173085062, "2023_38_9": 16.118281845112143, "2023_44_1": 6.527719001269573}