{"2023_12_9": 0.04885748647023453, "2023_12_9_1": 0.011274804570054121, "2023_12_10": 0.045099218280216485, "2023_12_11": 0.04885748647023453, "2023_20_4_1": 0.07892363199037884, "2023_20_7": 0.06389055923030669, "2023_20_8": 0.10898977751052316, "2023_20_9": 2.698436560432953, "2023_26_1": 0.15408899579073965, "2023_26_3": 0.011274804570054121, "2023_26_6": 0.05261575466025256, "2023_26_7": 1.871617558628984, "2023_26_8": 3.4538484666265794, "2023_26_9": 4.322008418520746, "2023_26_10": 0.25932050511124477, "2023_26_11": 0.22173782321106436, "2023_26_12": 0.830577269993987, "2023_27_6": 3.938665063138906, "2023_27_7": 19.084485868911607, "2023_31_600": 0.0075165363800360815, "2023_32_1": 0.3457606734816597, "2023_32_4": 2.6420625375826825, "2023_32_6": 12.240679494888758, "2023_32_7": 17.569903788334337, "2023_32_9": 25.02254960914011, "2023_38_1": 0.12778111846061338, "2023_38_4": 4.739176187612749}