{"2023_2_10": 0.010465724751439035, "2023_2_12": 0.10989010989010987, "2023_2_301": 0.010465724751439035, "2023_6_8": 0.010465724751439035, "2023_6_11": 0.02093144950287807, "2023_7_10": 0.8738880167451594, "2023_7_15": 0.7535321821036106, "2023_7_20": 26.708529565672418, "2023_7_26": 0.36106750392464676, "2023_7_30": 0.4081632653061224, "2023_12_1": 0.005232862375719518, "2023_12_1_1": 0.036630036630036625, "2023_12_5": 0.11512297226582938, "2023_12_5_4": 0.02093144950287807, "2023_12_9": 0.09942438513867084, "2023_12_9_1": 0.03139717425431711, "2023_12_10": 0.13082155939298795, "2023_12_11": 0.14128728414442698, "2023_20_4_1": 0.1726844583987441, "2023_20_7": 0.39246467817896385, "2023_20_8": 0.39246467817896385, "2023_20_9": 10.293040293040292, "2023_26_1": 0.575614861329147, "2023_26_3": 0.02616431187859759, "2023_26_6": 0.21978021978021975, "2023_26_7": 17.5876504447933, "2023_26_8": 38.75981161695447, "2023_26_9": 0.6017791732077445, "2023_26_10": 1.1302982731554159}