{"2023_2_12": 0.11672325976230902, "2023_2_301": 0.010611205432937181, "2023_6_8": 0.010611205432937181, "2023_6_11": 0.026528013582342955, "2023_7_10": 0.8807300509337861, "2023_7_15": 0.7746179966044143, "2023_7_20": 27.22304753820034, "2023_7_26": 0.4032258064516129, "2023_7_30": 0.010611205432937181, "2023_12_1": 0.005305602716468591, "2023_12_1_1": 0.03713921901528013, "2023_12_5": 0.1273344651952462, "2023_12_5_4": 0.026528013582342955, "2023_12_9": 0.09019524617996605, "2023_12_9_1": 0.03183361629881155, "2023_12_10": 0.14325127334465193, "2023_12_11": 0.19630730050933784, "2023_20_4_1": 0.16447368421052633, "2023_20_7": 0.4085314091680815, "2023_20_8": 0.4138370118845501, "2023_20_9": 11.60335314091681, "2023_26_1": 0.6154499151103565, "2023_26_3": 0.026528013582342955, "2023_26_6": 0.24936332767402378, "2023_26_7": 19.211587436332767, "2023_26_8": 36.88985568760611, "2023_26_9": 0.04775042444821732, "2023_26_10": 0.2546689303904924}