{"2022_44_25_3": 0.15436565364206464, "2022_44_25_5": 0.06753497346840329, "2022_44_30": 0.1688374336710082, "2022_44_30_2": 0.024119633381572598, "2022_44_30_5": 0.1495417269657501, "2022_44_30_10": 1.0805595754944526, "2022_45_11": 0.03859141341051616, "2022_45_12": 0.7428847081524361, "2022_45_13": 1.1963338157260008, "2022_45_14": 0.024119633381572598, "2022_45_15": 28.591413410516157, "2023_2_0_5": 0.024119633381572598, "2023_2_10": 0.36661842739990347, "2023_2_11": 0.014471780028943563, "2023_2_12": 6.6859623733719244, "2023_2_13": 0.01929570670525808, "2023_2_201": 0.00482392667631452, "2023_2_301": 0.04341534008683068, "2023_6_1": 0.03376748673420164, "2023_6_8": 6.246985045827304, "2023_6_9": 1.0226724553786783, "2023_6_11": 4.544138929088278, "2023_6_11_2": 0.03859141341051616, "2023_6_15": 0.00482392667631452, "2023_12_1": 3.2416787264833573, "2023_12_1_1": 21.934394597202118, "2023_12_5": 23.535938253738543}