{"2023_44_1": 0.012836146588794044, "2023_44_30_5_1": 0.012836146588794044, "2023_44_30_8": 0.5840446697901289, "2023_44_30_9": 0.03850843976638213, "2023_44_30_13": 0.02567229317758809, "2023_44_30_14": 2.637828123997176, "2023_44_30_16": 0.006418073294397022, "2023_44_30_20": 0.012836146588794044, "2023_44_30_25": 1.8997496951415185, "2023_44_30_30": 0.3979205442526153, "2024_2_2_1": 0.006418073294397022, "2024_2_3": 0.012836146588794044, "2024_2_6": 0.05134458635517618, "2024_2_7": 10.063538925614528, "2024_2_8": 0.7573326487388486, "2024_2_12": 0.02567229317758809, "2024_2_13": 0.044926513060779154, "2024_3_6": 1.2836146588794042, "2024_3_10": 9.068737564982992, "2024_3_15": 8.844104999679097, "2024_3_20": 1.0204736538091266, "2024_3_25": 24.581220717540596, "2024_8_3": 0.07701687953276426, "2024_8_4": 1.8355689621975484, "2024_8_7": 5.6543225723637764, "2024_8_8": 0.08343495282716128, "2024_8_9": 29.863295038829342, "2024_8_12": 0.10268917271035236, "2024_14_3": 0.9948013606315383}