{"2024_32_4_1": 0.2285788923719958, "2024_32_4_2": 0.026123301985370953, "2024_32_5_3": 0.01959247648902821, "2024_32_5_4": 0.026123301985370953, "2024_32_6": 2.520898641588297, "2024_32_7": 7.647596656217345, "2024_32_9": 0.03918495297805642, "2024_32_9_1": 0.013061650992685477, "2024_32_10": 15.425809822361547, "2024_32_20": 0.08490073145245558, "2024_32_20_1": 0.2220480668756531, "2024_33_5": 15.536833855799372, "2024_33_15": 0.41144200626959254, "2024_33_25": 0.1893939393939394, "2024_33_30": 0.013061650992685477, "2024_33_35": 6.308777429467084, "2024_33_40": 1.221264367816092, "2024_38": 0.006530825496342738, "2024_38_2": 1.521682340647858, "2024_38_4": 0.16327063740856845, "2024_38_6": 1.6980146290491118, "2024_38_7": 5.276907001044933, "2024_39_5": 1.0514629049111808, "2024_39_15": 1.2408568443051202, "2024_44_1": 0.20898641588296762, "2024_44_3": 0.7771682340647857, "2024_44_3_1": 19.35083594566353, "2024_44_4": 0.47675026123301983, "2024_44_25_2": 17.509143155694883, "2024_44_25_3": 0.7836990595611284}