{"2024_27_25": 2.781472971338735, "2024_32": 0.030233401862377562, "2024_32_3": 4.958277905429919, "2024_32_4_1": 0.21163381303664291, "2024_32_4_2": 0.024186721489902044, "2024_32_5_3": 0.018140041117426536, "2024_32_5_4": 0.024186721489902044, "2024_32_6": 2.3461119845204985, "2024_32_7": 7.104849437658727, "2024_32_9": 0.03628008223485307, "2024_32_9_1": 0.012093360744951022, "2024_32_10": 14.4938928528238, "2024_32_20": 0.07860684484218165, "2024_32_20_1": 0.20558713266416742, "2024_33_5": 14.844600314427382, "2024_33_15": 0.3869875438384327, "2024_33_25": 0.17535373080178984, "2024_33_30": 0.012093360744951022, "2024_33_35": 6.179707340669973, "2024_33_40": 1.7353972669004718, "2024_38": 0.006046680372475511, "2024_38_2": 1.4209698875317451, "2024_38_4": 0.15116700931188778, "2024_38_6": 1.584230257588584, "2024_38_7": 4.976417946547346, "2024_39_5": 1.2032893941226268, "2024_44_1": 0.19349377191921635, "2024_44_3": 0.7195549643245859, "2024_44_3_1": 18.357721610835654, "2024_44_4": 0.3869875438384327, "2024_44_25_2": 15.340428104970371}