{"2023_38_9_1": 0.07987971055351943, "2023_44_1": 12.451837233342731, "2023_44_30_1": 0.12686777558500142, "2023_44_30_2": 0.3900009397613007, "2023_44_30_3": 0.009397613006296402, "2023_44_30_4": 0.2490367446668546, "2023_44_30_5_1": 4.266516304858566, "2023_44_30_6": 0.8222911380509351, "2023_44_30_7": 0.7424114274974157, "2023_44_30_8": 19.471854149046145, "2023_44_30_9": 4.360492434921531, "2023_44_30_10": 0.004698806503148201, "2023_44_30_12": 0.014096419509444602, "2023_44_30_13": 0.3853021332581525, "2023_44_30_14": 13.358706888450337, "2023_44_30_16": 0.04698806503148201, "2023_44_30_20": 0.14566300159759424, "2023_44_30_25": 0.3383140682266705, "2024_2_2": 0.07987971055351943, "2024_2_2_1": 4.8773611502678325, "2024_2_3": 1.263978949346866, "2024_2_6": 2.039282022366319, "2024_2_7": 31.528991636124427, "2024_2_8": 2.424584155624472, "2024_8_3": 0.5215675218494503}