{"2023_32_6": 0.016257519102584946, "2023_38_9": 0.016257519102584946, "2023_44_1": 0.016257519102584946, "2023_44_30_8": 0.10567387416680214, "2023_44_30_9": 0.016257519102584946, "2023_44_30_13": 0.016257519102584946, "2023_44_30_14": 0.6746870427572753, "2023_44_30_20": 0.008128759551292473, "2023_44_30_25": 0.08128759551292472, "2023_44_30_30": 0.18696146967972688, "2024_2_6": 0.03251503820516989, "2024_2_7": 0.6584295236546903, "2024_2_8": 0.016257519102584946, "2024_2_12": 0.008128759551292473, "2024_2_13": 0.008128759551292473, "2024_3_6": 0.3332791416029913, "2024_3_10": 1.2843440091042106, "2024_3_15": 6.665582832059829, "2024_3_20": 0.6990733214111527, "2024_3_25": 40.45683628678264, "2024_8_4": 0.138188912371972, "2024_8_7": 0.40643797756462363, "2024_8_8": 0.016257519102584946, "2024_8_9": 24.077385790928304, "2024_8_12": 0.08128759551292472, "2024_9_5": 0.008128759551292473, "2024_14_3": 1.877743456348561, "2024_14_5": 0.07315883596163225, "2024_14_6": 19.45212160624289, "2024_14_7": 2.5686880182084213}