{"2023_2_12": 0.24082669235484722, "2023_6_8": 0.05692267273841843, "2023_6_11": 0.07005867413959192, "2023_7_5": 0.021893335668622477, "2023_7_10": 3.0256589894036257, "2023_7_15": 1.5675628338733691, "2023_7_20": 23.824327874594974, "2023_7_25": 0.004378667133724495, "2023_7_26": 0.28899203082581665, "2023_12_1": 0.00875733426744899, "2023_12_1_1": 0.06568000700586742, "2023_12_5": 2.079866888519135, "2023_12_5_4": 0.2495840266222962, "2023_12_8": 0.004378667133724495, "2023_12_9": 3.6912163937297486, "2023_12_9_1": 0.8757334267448991, "2023_12_10": 0.5341973903143883, "2023_12_11": 2.0404588843156146, "2023_20_4_1": 7.1941501007093445, "2023_20_6": 0.12698134687801033, "2023_20_7": 6.10824065154567, "2023_20_8": 4.094053770032403, "2023_20_9": 37.75286802697259, "2023_26_1": 5.9374726333304135, "2023_26_3": 0.13573868114545934}