{"2023_26_12": 0.7200299233214886, "2023_27_6": 0.06545726575649898, "2023_27_7": 8.93491677576211, "2023_27_12": 3.4411819711988025, "2023_32_4": 0.09351037965214137, "2023_32_6": 0.11688797456517674, "2023_32_7": 0.17299420235646154, "2023_32_9": 1.2062838975126238, "2023_38_1": 0.0046755189826070695, "2023_38_4": 0.014026556947821204, "2023_38_6": 7.443426220310455, "2023_38_8": 0.17766972133906864, "2023_38_9": 4.156536375537684, "2023_38_9_1": 0.5236581260519918, "2023_44_1": 20.371236207219003, "2023_44_25": 0.0046755189826070695, "2023_44_30_1": 0.4254722274172433, "2023_44_30_2": 1.1034224798952683, "2023_44_30_3": 0.018702075930428278, "2023_44_30_4": 0.9257527585561997, "2023_44_30_5_1": 33.458013839536186, "2023_44_30_6": 5.863100804189265, "2023_44_30_7": 10.65550776136151, "2023_44_30_8": 0.08883486066953432, "2023_44_30_10": 0.014026556947821204}