{"2023_2_12": 0.2382129533911637, "2023_6_8": 0.05393500831498045, "2023_6_11": 0.08539709649871904, "2023_7_5": 0.022472920131241858, "2023_7_10": 3.375432603712527, "2023_7_15": 1.8517686188143287, "2023_7_20": 23.574093217672704, "2023_7_25": 0.004494584026248372, "2023_7_26": 0.16180502494494137, "2023_12_1": 0.008989168052496744, "2023_12_1_1": 0.07191334441997395, "2023_12_5": 2.2562811811766825, "2023_12_5_4": 0.2921479617061441, "2023_12_8": 0.004494584026248372, "2023_12_9": 4.000179783361051, "2023_12_9_1": 0.9977976538271384, "2023_12_10": 0.5753067553597916, "2023_12_11": 2.1978515888354537, "2023_20_4_1": 8.472290889478181, "2023_20_6": 0.1842779450761832, "2023_20_7": 7.69922243696346, "2023_20_8": 5.654186705020451, "2023_20_9": 32.563261270169455, "2023_26_1": 5.5328329363117446, "2023_26_3": 0.12135376870870603}