{"2023_20_4_1": 0.025315173915244803, "2023_20_7": 0.01518910434914688, "2023_20_9": 0.03037820869829376, "2023_26_7": 0.010126069566097922, "2023_26_8": 0.07088248696268545, "2023_26_9": 0.07088248696268545, "2023_26_10": 0.005063034783048961, "2023_26_11": 0.005063034783048961, "2023_26_12": 0.7493291478912462, "2023_27_6": 0.09113462609488128, "2023_27_7": 18.728165662498103, "2023_27_12": 8.683104652928968, "2023_32_4": 0.14682800870841986, "2023_32_6": 0.12151283479317504, "2023_32_7": 0.20252139132195843, "2023_32_9": 1.7518100349349406, "2023_38_1": 0.005063034783048961, "2023_38_4": 0.010126069566097922, "2023_38_6": 10.814642296592579, "2023_38_8": 0.2936560174168397, "2023_38_9": 8.08566654852919, "2023_38_9_1": 0.36960153916257416, "2023_44_1": 48.11908257809732, "2023_44_25": 0.005063034783048961, "2023_44_30_1": 1.5897929218773734}