{"2023_38_9": 0.01520796897574329, "2023_44_1": 0.01520796897574329, "2023_44_30_8": 0.09124781385445974, "2023_44_30_9": 0.022811953463614934, "2023_44_30_13": 0.01520796897574329, "2023_44_30_14": 0.5702988365903734, "2023_44_30_20": 0.007603984487871645, "2023_44_30_25": 0.07603984487871643, "2023_44_30_30": 0.1900996121967911, "2024_2_2_1": 0.007603984487871645, "2024_2_3": 0.007603984487871645, "2024_2_6": 0.022811953463614934, "2024_2_7": 0.5702988365903734, "2024_2_8": 0.022811953463614934, "2024_2_12": 0.007603984487871645, "2024_3_6": 0.2661394570755075, "2024_3_10": 1.026537905862672, "2024_3_15": 5.406432970876739, "2024_3_20": 0.532278914151015, "2024_3_25": 39.19093605049046, "2024_8_4": 0.08364382936658808, "2024_8_7": 0.3573872709299673, "2024_8_8": 0.01520796897574329, "2024_8_9": 18.85027754543381, "2024_8_12": 0.0684358603908448, "2024_9_5": 0.01520796897574329, "2024_14_3": 1.0569538438141584, "2024_14_5": 0.05322789141510151, "2024_14_6": 11.261501026537905, "2024_14_7": 5.786632195270321, "2024_14_8": 14.386738651053149}