{"2023_38_9": 3.040163629602083, "2023_38_9_1": 0.083674228337672, "2023_44_1": 12.630159910747492, "2023_44_9_2": 0.009297136481963557, "2023_44_25": 0.004648568240981778, "2023_44_30_1": 0.13945704722945332, "2023_44_30_2": 0.40442543696541466, "2023_44_30_3": 0.009297136481963557, "2023_44_30_4": 0.2603198214949796, "2023_44_30_5_1": 4.411491260691708, "2023_44_30_6": 0.8460394198586836, "2023_44_30_7": 0.7623651915210117, "2023_44_30_8": 20.277054667162513, "2023_44_30_9": 4.746188174042397, "2023_44_30_10": 0.004648568240981778, "2023_44_30_12": 0.013945704722945337, "2023_44_30_13": 0.38118259576050584, "2023_44_30_14": 12.806805503904798, "2023_44_30_16": 0.06972852361472666, "2023_44_30_20": 0.3672368910375605, "2024_2_2": 0.07902566009669022, "2024_2_2_1": 5.4992562290814435, "2024_2_3": 1.4317590182223876, "2024_2_6": 2.631089624395686, "2024_2_7": 27.16158423205653, "2024_2_8": 1.9291558200074381}