{"2022_44_25_2": 0.016289297931259158, "2022_44_25_3": 0.059727425747950265, "2022_44_25_5": 0.02714882988543194, "2022_44_30": 0.059727425747950265, "2022_44_30_2": 0.010859531954172774, "2022_44_30_10": 0.10316555356464138, "2022_45_11": 0.005429765977086387, "2022_45_12": 0.059727425747950265, "2022_45_13": 0.14660368138133248, "2022_45_15": 6.515719172503666, "2023_2_10": 0.10316555356464138, "2023_2_11": 0.005429765977086387, "2023_2_12": 0.7167291089754032, "2023_2_201": 0.005429765977086387, "2023_2_301": 0.010859531954172774, "2023_6_8": 0.13574414942715968, "2023_6_11": 0.5864147255253299, "2023_7_5": 0.22262040506054187, "2023_7_10": 24.70543519574306, "2023_12_1": 0.10316555356464138, "2023_12_1_1": 0.31492642667101045, "2023_12_5": 26.52983656404409, "2023_12_5_3": 0.10859531954172776, "2023_12_5_4": 0.6841505131128849, "2023_12_8": 0.0868762556333822, "2023_12_9": 36.60748221751642, "2023_12_9_1": 0.14660368138133248, "2023_12_10": 1.9221371558885814}