{"2023_26_12": 0.2893890675241158, "2023_32_6": 0.016077170418006433, "2023_38_9": 0.016077170418006433, "2023_44_1": 0.016077170418006433, "2023_44_30_8": 0.10450160771704183, "2023_44_30_9": 0.016077170418006433, "2023_44_30_13": 0.016077170418006433, "2023_44_30_14": 0.6591639871382637, "2023_44_30_20": 0.008038585209003217, "2023_44_30_25": 0.06430868167202573, "2023_44_30_30": 0.1929260450160772, "2024_2_6": 0.02411575562700965, "2024_2_7": 0.6189710610932476, "2024_2_8": 0.03215434083601287, "2024_2_12": 0.008038585209003217, "2024_3_6": 0.32958199356913187, "2024_3_10": 1.1334405144694537, "2024_3_15": 6.479099678456593, "2024_3_20": 0.6832797427652734, "2024_3_25": 40.2250803858521, "2024_8_4": 0.12861736334405147, "2024_8_7": 0.4340836012861737, "2024_8_8": 0.016077170418006433, "2024_8_9": 23.536977491961416, "2024_8_12": 0.08038585209003217, "2024_9_5": 0.008038585209003217, "2024_14_3": 1.4308681672025727, "2024_14_5": 0.08038585209003217, "2024_14_6": 17.508038585209007, "2024_14_7": 5.844051446945339}