{"2023_2_12": 0.10056821038869612, "2023_6_11": 0.020113642077739222, "2023_7_10": 0.492784230904611, "2023_7_15": 0.3469603258410016, "2023_7_20": 11.042389500678834, "2023_7_26": 0.16090913662191378, "2023_7_30": 16.78986272439282, "2023_12_1": 0.005028410519434806, "2023_12_1_1": 0.03519887363604365, "2023_12_5": 0.09051138934982651, "2023_12_5_4": 0.020113642077739222, "2023_12_9": 0.08045456831095689, "2023_12_9_1": 0.03017046311660884, "2023_12_10": 0.09553979986926132, "2023_12_11": 0.11062503142756576, "2023_20_4_1": 0.1458239050636094, "2023_20_7": 0.2966762206466535, "2023_20_8": 0.2966762206466535, "2023_20_9": 8.271735304470257, "2023_26_1": 0.4776989993463066, "2023_26_3": 0.020113642077739222, "2023_26_6": 0.18102277869965303, "2023_26_7": 12.038014783526926, "2023_26_8": 32.94111731281741, "2023_26_9": 13.365515160657715, "2023_26_10": 1.3828128928445715, "2023_26_11": 1.1615628299894403}