{"2023_6_11": 0.013666180758017493, "2023_7_10": 0.21865889212827988, "2023_7_15": 0.15488338192419826, "2023_7_20": 4.596392128279883, "2023_7_26": 0.08199708454810498, "2023_7_30": 22.713192419825077, "2023_12_1": 0.004555393586005831, "2023_12_1_1": 0.031887755102040824, "2023_12_5": 0.0728862973760933, "2023_12_5_4": 0.009110787172011662, "2023_12_9": 0.0728862973760933, "2023_12_9_1": 0.022776967930029153, "2023_12_10": 0.07744169096209913, "2023_12_11": 0.09110787172011661, "2023_20_4_1": 0.13666180758017493, "2023_20_7": 0.16854956268221574, "2023_20_8": 0.23232507288629736, "2023_20_9": 5.466472303206998, "2023_26_1": 0.3279883381924199, "2023_26_3": 0.018221574344023325, "2023_26_6": 0.12299562682215745, "2023_26_7": 6.54610058309038, "2023_26_8": 16.34930758017493, "2023_26_9": 20.768039358600586, "2023_26_10": 0.9885204081632654, "2023_26_11": 0.8290816326530612, "2023_32_1": 2.965561224489796, "2023_32_4": 16.918731778425656}