{"2023_27_12": 2.805296246904172, "2023_32_4": 0.0809678033911221, "2023_32_6": 0.10478186321204036, "2023_32_7": 0.14288435892550957, "2023_32_9": 1.1240236235473422, "2023_38_1": 0.004762811964183653, "2023_38_4": 0.014288435892550959, "2023_38_6": 6.85844922842446, "2023_38_8": 0.16669841874642785, "2023_38_9": 3.691179272242331, "2023_38_9_1": 0.2238521623166317, "2023_44_1": 16.574585635359114, "2023_44_9_1": 0.009525623928367305, "2023_44_25": 0.004762811964183653, "2023_44_30_1": 0.23814059820918268, "2023_44_30_2": 0.6096399314155075, "2023_44_30_3": 0.009525623928367305, "2023_44_30_4": 0.40960182891979413, "2023_44_30_5_1": 7.49666603162507, "2023_44_30_6": 1.4955229567536672, "2023_44_30_7": 1.3812154696132595, "2023_44_30_8": 45.35625833492093, "2023_44_30_9": 11.125928748333013, "2023_44_30_10": 0.004762811964183653, "2023_44_30_12": 0.014288435892550959, "2023_44_30_13": 0.05239093160602018}