{"2024_14_8": 0.11230759067186365, "2024_14_9": 2.338640417519984, "2024_15_15": 3.3229834181145543, "2024_20_1": 0.6540265574420294, "2024_20_3": 0.18497720816542249, "2024_20_6": 0.006606328863050803, "2024_20_6_2": 0.11230759067186365, "2024_20_7": 2.3980973772874417, "2024_20_8": 0.006606328863050803, "2024_20_9": 7.498183259562661, "2024_20_9_1": 0.006606328863050803, "2024_20_10": 0.09248860408271124, "2024_20_15": 0.35674175860474333, "2024_21_5": 0.535112637907115, "2024_26_1": 0.006606328863050803, "2024_26_3_1": 1.9554733434630378, "2024_26_4": 0.01981898658915241, "2024_26_6": 1.0173746449098238, "2024_26_7": 22.6398890136751, "2024_26_8": 14.025236176256856, "2024_26_10": 5.522890929510471, "2024_26_11": 1.142894893307789, "2024_26_20": 4.518728942326749, "2024_27_5": 1.7903151218867677, "2024_27_10": 3.7590011230759073, "2024_32": 0.05285063090440643, "2024_32_3": 25.916628129748297, "2024_32_4_2": 0.006606328863050803}