{"2022_45_12": 0.02980329823167097, "2022_45_13": 0.04967216371945161, "2022_45_15": 0.9487383270415258, "2023_2_10": 0.019868865487780645, "2023_2_12": 0.1440492747864097, "2023_2_301": 0.009934432743890323, "2023_6_8": 0.03477051460361613, "2023_6_11": 0.09437711106695808, "2023_7_5": 0.02980329823167097, "2023_7_10": 5.215577190542419, "2023_7_15": 2.9852970395390424, "2023_7_20": 21.54778462149811, "2023_12_1": 0.009934432743890323, "2023_12_1_1": 0.04967216371945161, "2023_12_5": 3.149215179813232, "2023_12_5_4": 0.38744287701172264, "2023_12_8": 0.004967216371945161, "2023_12_9": 5.801708722431949, "2023_12_9_1": 1.7136896483210806, "2023_12_10": 0.8891317305781838, "2023_12_11": 3.8644943373733356, "2023_20_4_1": 36.1861712696205, "2023_20_6": 1.1225909000596064, "2023_20_7": 15.7063381680906, "2023_26": 0.004967216371945161}