{"2023_32_6": 0.016285318785115223, "2023_38_9": 0.016285318785115223, "2023_44_1": 0.016285318785115223, "2023_44_30_8": 0.10585457210324893, "2023_44_30_9": 0.016285318785115223, "2023_44_30_13": 0.016285318785115223, "2023_44_30_14": 0.6758407295822816, "2023_44_30_20": 0.008142659392557611, "2023_44_30_25": 0.08142659392557611, "2023_44_30_30": 0.18728116602882505, "2024_2_6": 0.032570637570230446, "2024_2_7": 0.667698070189724, "2024_2_8": 0.016285318785115223, "2024_2_12": 0.008142659392557611, "2024_2_13": 0.008142659392557611, "2024_3_6": 0.333849035094862, "2024_3_10": 1.2621122058464294, "2024_3_15": 6.701408680074912, "2024_3_20": 0.7084113671525122, "2024_3_25": 40.41201856526342, "2024_8_4": 0.13842520967347938, "2024_8_7": 0.4071329696278805, "2024_8_8": 0.016285318785115223, "2024_8_9": 24.151127758325874, "2024_8_12": 0.08142659392557611, "2024_9_5": 0.008142659392557611, "2024_14_3": 1.880954319680808, "2024_14_5": 0.07328393453301849, "2024_14_6": 20.12865401840241, "2024_14_7": 1.823955703932905}