{"2023_32_9": 0.02083188667453649, "2023_38_6": 0.013887924449690992, "2023_38_9": 0.027775848899381984, "2023_44_1": 0.02083188667453649, "2023_44_30_5_1": 0.02083188667453649, "2023_44_30_8": 0.756891882508159, "2023_44_30_9": 0.04166377334907298, "2023_44_30_13": 0.02083188667453649, "2023_44_30_14": 3.28449413235192, "2023_44_30_16": 0.02083188667453649, "2023_44_30_20": 0.02083188667453649, "2023_44_30_25": 2.6664814943406707, "2023_44_30_30": 0.4652454690646482, "2024_2_2_1": 0.02083188667453649, "2024_2_3": 0.03471981112422748, "2024_2_6": 0.08332754669814596, "2024_2_7": 14.74203180334699, "2024_2_7_1": 0.006943962224845496, "2024_2_8": 1.0346503715019788, "2024_2_12": 0.03471981112422748, "2024_2_13": 0.09027150892299145, "2024_3_6": 1.8818137629331293, "2024_3_10": 15.762794250399272, "2024_3_15": 24.09554892021387, "2024_8_3": 0.11110339559752794, "2024_8_4": 2.7914728143878893, "2024_8_7": 10.054857301576279, "2024_8_8": 0.1527671689466009, "2024_8_9": 21.505451010346498, "2024_8_12": 0.21526282897021037}