{"2022_36_6": 0.15828057314228589, "2022_36_20": 0.23742085971342883, "2022_40_4": 0.024991669443518827, "2022_40_4_1": 0.11662779073642118, "2022_40_4_2": 0.1291236254581806, "2022_40_4_10": 0.024991669443518827, "2022_44_2": 0.17910696434521825, "2022_44_2_8": 0.004165278240586471, "2022_44_25_1": 0.6247917360879707, "2022_44_25_2": 1.4828390536487837, "2022_44_25_3": 5.52315894701766, "2022_44_25_5": 2.9698433855381534, "2022_44_30": 3.944518493835388, "2022_44_30_1": 0.44985004998333883, "2022_44_30_2": 0.0874708430523159, "2022_44_30_5": 4.681772742419193, "2022_44_30_8": 0.016661112962345882, "2022_44_30_10": 23.3672109296901, "2022_45_10": 0.016661112962345882, "2022_45_11": 1.282905698100633, "2023_2_0_5": 0.56647784071976, "2023_2_10": 5.25241586137954, "2023_2_11": 0.7497500833055648, "2023_2_12": 43.52299233588804, "2023_2_13": 0.012495834721759413, "2023_2_201": 0.049983338887037654, "2023_6_1": 1.3995334888370543, "2023_6_8": 3.123958680439853}