{"2023_44_30_14": 0.0731528895391368, "2023_44_30_30": 0.0731528895391368, "2024_8_9": 0.0365764447695684, "2024_14_9": 0.0365764447695684, "2024_15_15": 0.0365764447695684, "2024_20_6_2": 0.0365764447695684, "2024_26_8": 0.25603511338697876, "2024_32_3": 0.0365764447695684, "2024_32_6": 0.0731528895391368, "2024_32_7": 0.43891733723482074, "2024_32_10": 0.7681053401609363, "2024_33_5": 0.7315288953913679, "2024_33_35": 0.18288222384784197, "2024_33_40": 0.0731528895391368, "2024_38_2": 0.0365764447695684, "2024_38_6": 0.1463057790782736, "2024_38_7": 0.3291880029261156, "2024_39_5": 0.0365764447695684, "2024_39_15": 0.1463057790782736, "2024_44_1": 0.0365764447695684, "2024_44_3_1": 0.6583760058522312, "2024_44_4": 1.755669348939283, "2024_44_25_2": 18.178493050475495, "2024_44_25_3": 0.3291880029261156, "2024_44_25_4": 3.3650329188002934, "2024_45_25_5": 14.008778346744698, "2024_45_25_6": 3.4747622531089974, "2024_45_25_10": 0.5120702267739575, "2024_45_25_15": 8.412582297000732, "2024_45_32": 7.97366495976591, "2024_45_32_1": 14.374542794440378, "2024_45_32_2": 22.238478419897586, "2024_45_32_5": 0.7681053401609363, "2025_2": 0.36576444769568395}