{"2022_44_30": 0.1588933545191139, "2022_44_30_2": 0.018693335825778108, "2022_44_30_5": 0.11216001495466864, "2022_44_30_10": 0.9206467894195717, "2022_45_11": 0.037386671651556215, "2022_45_12": 0.6729600897280119, "2022_45_13": 1.0515001402000184, "2022_45_14": 0.023366669782222634, "2022_45_15": 28.48397046452939, "2023_2_0_5": 0.023366669782222634, "2023_2_10": 0.3318067109075614, "2023_2_11": 0.01402000186933358, "2023_2_12": 5.135994018132536, "2023_2_13": 0.018693335825778108, "2023_2_201": 0.004673333956444527, "2023_2_301": 0.04673333956444527, "2023_6_1": 0.032713337695111686, "2023_6_8": 5.173380689784091, "2023_6_9": 0.948686793158239, "2023_6_11": 3.7386671651556216, "2023_6_11_2": 0.02804000373866716, "2023_7_5": 0.2289933638657818, "2023_12_1": 1.976820263576035, "2023_12_1_1": 5.383680717824095, "2023_12_5": 44.15833255444433, "2023_12_5_3": 0.48602673147023084, "2023_12_8": 0.7897934386391251}