{"2024_3_20": 0.1470674745573269, "2024_3_25": 7.582798988175776, "2024_8_4": 0.04117889287605154, "2024_8_7": 0.20589446438025769, "2024_8_8": 0.011765397964586154, "2024_8_9": 4.51203011941879, "2024_8_12": 0.04117889287605154, "2024_9_5": 0.005882698982293077, "2024_14_3": 0.21765986234484383, "2024_14_5": 0.029413494911465384, "2024_14_6": 1.7942231895993883, "2024_14_7": 0.7235719748220484, "2024_14_8": 2.053061944820284, "2024_14_9": 23.6190364139067, "2024_14_11": 0.08235778575210308, "2024_15_10": 0.005882698982293077, "2024_15_15": 4.229660568268722, "2024_20_1": 6.46508618154009, "2024_20_3": 2.853109006412142, "2024_20_6": 0.3706100358844638, "2024_20_6_1": 0.02353079592917231, "2024_20_6_2": 2.8060474145537975, "2024_20_7": 18.530501794223188, "2024_20_8": 0.1294193776104477, "2024_20_9": 23.06018001058886, "2024_20_9_1": 0.01764809694687923, "2024_20_10": 0.36472733690217074, "2024_26_1": 0.07647508676980999}