{"2023_44_1": 12.04115684093437, "2023_44_30_1": 0.12513904338153506, "2023_44_30_2": 0.37078235076010385, "2023_44_30_3": 0.009269558769002597, "2023_44_30_4": 0.2363737486095662, "2023_44_30_5_1": 4.064701520207638, "2023_44_30_6": 0.7740081572117168, "2023_44_30_7": 0.7230255839822024, "2023_44_30_8": 17.394327030033374, "2023_44_30_9": 3.967371153133111, "2023_44_30_10": 0.004634779384501298, "2023_44_30_12": 0.013904338153503892, "2023_44_30_13": 0.3939562476826103, "2023_44_30_14": 10.970522803114573, "2023_44_30_16": 0.027808676307007785, "2023_44_30_20": 0.11586948461253246, "2023_44_30_25": 4.041527623285131, "2024_2_2": 0.07879124953652206, "2024_2_2_1": 4.509640341119763, "2024_2_3": 1.1262513904338154, "2024_2_6": 1.7055988134964777, "2024_2_7": 28.661475713756023, "2024_2_7_1": 0.004634779384501298, "2024_2_8": 2.099555061179088, "2024_8_3": 0.2966258806080831, "2024_8_4": 6.243047830923248}