{"2022_45_13": 0.034558230618592325, "2022_45_15": 0.14975233268056676, "2023_2_10": 0.017279115309296163, "2023_2_12": 0.2246284990208501, "2023_2_301": 0.011519410206197442, "2023_6_8": 0.0287985255154936, "2023_6_11": 0.04607764082478977, "2023_7_10": 1.0021886879391773, "2023_7_15": 0.8754751756710054, "2023_7_20": 27.59474714894597, "2023_7_26": 0.4377375878355027, "2023_12_1": 0.017279115309296163, "2023_12_1_1": 0.0575970510309872, "2023_12_5": 0.3167837806704296, "2023_12_5_4": 0.12671351226817185, "2023_12_9": 0.15551203778366546, "2023_12_9_1": 0.04607764082478977, "2023_12_10": 0.17855085819606034, "2023_12_11": 0.4492569980417002, "2023_20_4_1": 0.30526437046423216, "2023_20_7": 0.6278078562377606, "2023_20_8": 0.639327266443958, "2023_20_9": 19.8133855546596, "2023_26_1": 0.8812348807741042, "2023_26_3": 0.05183734592788848, "2023_26_6": 0.6278078562377606, "2023_26_7": 42.86372537726068, "2023_26_8": 2.4190761433014627}