{"2022_44_25_2": 0.017330021373693025, "2022_44_25_3": 0.05199006412107907, "2022_44_25_5": 0.05776673791231009, "2022_44_30": 0.09820345445092714, "2022_44_30_2": 0.017330021373693025, "2022_44_30_5": 0.011553347582462016, "2022_44_30_10": 0.2079602564843163, "2022_45_11": 0.023106695164924033, "2022_45_12": 0.10975680203338918, "2022_45_13": 0.2599503206053954, "2022_45_15": 30.731904569348966, "2023_2_0_5": 0.023106695164924033, "2023_2_10": 0.20218358269308528, "2023_2_11": 0.011553347582462016, "2023_2_12": 1.6232453353359135, "2023_2_13": 0.017330021373693025, "2023_2_201": 0.005776673791231008, "2023_2_301": 0.017330021373693025, "2023_6_1": 0.005776673791231008, "2023_6_8": 0.4852405984634048, "2023_6_9": 0.040436716538617065, "2023_6_11": 0.722084223903876, "2023_6_11_2": 0.005776673791231008, "2023_7_5": 0.8607243948934205, "2023_12_1": 0.652764138409104, "2023_12_1_1": 4.528912252325111, "2023_12_5": 55.993299058402165, "2023_12_5_3": 0.7163075501126451, "2023_12_8": 0.8491710473109583, "2023_12_9": 1.6521287042920683}