{"2023_2_12": 0.23720014321518076, "2023_6_8": 0.05370569280343715, "2023_6_11": 0.07608306480486932, "2023_7_5": 0.02237737200143215, "2023_7_10": 3.3208020050125304, "2023_7_15": 1.8036161833154312, "2023_7_20": 23.563372717508052, "2023_7_25": 0.00447547440028643, "2023_7_26": 0.23720014321518076, "2023_12_1": 0.00895094880057286, "2023_12_1_1": 0.07160759040458288, "2023_12_5": 2.228786251342642, "2023_12_5_4": 0.28195488721804507, "2023_12_8": 0.00447547440028643, "2023_12_9": 3.9428929466523446, "2023_12_9_1": 0.989079842463301, "2023_12_10": 0.5639097744360901, "2023_12_11": 2.184031507339778, "2023_20_4_1": 8.24829931972789, "2023_20_6": 0.17454350161117077, "2023_20_7": 7.384532760472609, "2023_20_8": 5.366093805943429, "2023_20_9": 33.360186179735045, "2023_26_1": 5.5943430003580366, "2023_26_3": 0.2774794128177587}