{"2024_20_10": 0.05676800807367225, "2024_20_15": 0.29014759682099145, "2024_21_5": 0.39737605651570573, "2024_26_3_1": 1.3876624195786553, "2024_26_4": 0.01892266935789075, "2024_26_6": 0.7127538791472183, "2024_26_7": 9.694714267692694, "2024_26_8": 7.171691686640595, "2024_26_10": 2.062570960010092, "2024_26_11": 0.2838400403683613, "2024_26_20": 1.6778100163996466, "2024_27_5": 0.34691560489466383, "2024_27_10": 1.4065850889365457, "2024_27_25": 6.465245363946007, "2024_32": 0.03153778226315125, "2024_32_3": 9.480257348303267, "2024_32_4_1": 0.49198940330515956, "2024_32_4_2": 0.0378453387157815, "2024_32_5_3": 0.025230225810521, "2024_32_5_4": 0.06938312097893275, "2024_32_6": 6.881544089819604, "2024_32_7": 28.604768512678184, "2024_32_10": 21.250157688911315, "2024_32_20": 0.24599470165257978, "2024_32_20_1": 0.8893654598208653, "2024_38": 0.01892266935789075}