{"2023_38_6": 6.117313323572474, "2023_38_8": 0.1509882869692533, "2023_38_9": 3.1066983894582725, "2023_38_9_1": 0.1784407027818448, "2023_44_1": 13.309846266471448, "2023_44_9_2": 0.009150805270863835, "2023_44_25": 0.004575402635431917, "2023_44_30_1": 0.16013909224011713, "2023_44_30_2": 0.4255124450951684, "2023_44_30_3": 0.009150805270863835, "2023_44_30_4": 0.26994875549048314, "2023_44_30_5_1": 4.785871156661785, "2023_44_30_6": 0.9425329428989752, "2023_44_30_7": 0.8189970717423133, "2023_44_30_8": 23.892752562225475, "2023_44_30_9": 6.77617130307467, "2023_44_30_10": 0.004575402635431917, "2023_44_30_12": 0.013726207906295754, "2023_44_30_13": 0.3523060029282577, "2023_44_30_14": 12.5, "2023_44_30_20": 0.274524158125915, "2024_2_2": 0.09150805270863836, "2024_2_2_1": 9.489385065885797, "2024_2_3": 4.177342606149341, "2024_2_6": 11.218887262079063, "2024_2_7": 0.9196559297218154}