{"2022_40_4_2": 0.021632145368016872, "2022_44_2": 0.048672327078037966, "2022_44_25_2": 0.03244821805202531, "2022_44_25_3": 0.2325455627061814, "2022_44_25_5": 0.10816072684008438, "2022_44_30": 0.2325455627061814, "2022_44_30_1": 0.005408036342004218, "2022_44_30_2": 0.021632145368016872, "2022_44_30_5": 0.22172949002217296, "2022_44_30_10": 1.9036287923854849, "2022_45_10": 0.005408036342004218, "2022_45_11": 0.0594883997620464, "2022_45_12": 1.3357849764750418, "2022_45_13": 2.0875020280136285, "2022_45_14": 0.043264290736033745, "2022_45_15": 27.20783083662322, "2023_2_0_5": 0.021632145368016872, "2023_2_10": 0.49213130712238384, "2023_2_11": 0.03785625439402953, "2023_2_12": 17.46254934833162, "2023_2_13": 0.016224109026012654, "2023_2_301": 0.07030447244605484, "2023_6_1": 0.10275269049808014, "2023_6_8": 21.821426639987017, "2023_6_9": 1.5791466118652318, "2023_6_11": 20.03677464712563, "2023_6_11_2": 0.14060894489210968, "2023_6_15": 0.005408036342004218, "2023_12_1": 4.645503217781624}