{"2024_3_6": 0.11570549905608671, "2024_3_10": 0.48718104865720724, "2024_3_15": 2.6794957676146396, "2024_3_20": 0.17051336703002254, "2024_3_25": 9.213811582729432, "2024_8_3": 0.00608976310821509, "2024_8_4": 0.042628341757505635, "2024_8_7": 0.22532123500395837, "2024_8_8": 0.01217952621643018, "2024_8_9": 5.267645088606054, "2024_8_12": 0.042628341757505635, "2024_9_5": 0.00608976310821509, "2024_14_3": 0.25577005054503377, "2024_14_5": 0.030448815541075452, "2024_14_6": 2.1070580354424213, "2024_14_7": 0.8586565982583277, "2024_14_8": 2.673406004506425, "2024_14_9": 29.163875525242066, "2024_14_11": 0.07916692040679618, "2024_15_10": 0.00608976310821509, "2024_15_15": 0.5967967846050789, "2024_20_1": 9.493940685707326, "2024_20_3": 5.170208878874613, "2024_20_6": 1.0352597283965654, "2024_20_6_1": 0.030448815541075452, "2024_20_6_2": 7.807076304731746, "2024_20_7": 22.10584008282078, "2024_20_8": 0.3166676816271847}