{"2024_32_9": 0.04279600570613409, "2024_32_9_1": 0.014265335235378028, "2024_32_10": 16.26248216833095, "2024_32_20": 0.09272467902995718, "2024_32_20_1": 0.22824536376604845, "2024_33_5": 16.112696148359483, "2024_33_15": 0.44935805991440786, "2024_33_25": 0.19258202567760338, "2024_33_30": 0.014265335235378028, "2024_33_35": 6.305278174037088, "2024_33_40": 0.8131241084165477, "2024_38": 0.007132667617689014, "2024_38_2": 1.583452211126961, "2024_38_4": 0.17831669044222537, "2024_38_6": 1.7689015691868755, "2024_38_7": 4.893009985734664, "2024_39_5": 0.9771754636233948, "2024_39_15": 0.21398002853067044, "2024_44_1": 0.21398002853067044, "2024_44_3": 0.7917261055634806, "2024_44_3_1": 20.05706134094151, "2024_44_4": 0.6134094151212551, "2024_44_25_2": 13.473609129814545, "2024_44_25_3": 0.44935805991440786, "2024_44_25_4": 0.6562054208273892, "2024_45_25_5": 3.487874465049928, "2024_45_25_6": 0.7917261055634806, "2024_45_25_10": 0.2995720399429386, "2024_45_32": 7.218259629101283, "2024_45_32_1": 1.7974322396576314}