{"2022_40_4_2": 0.021416715746640256, "2022_44_2": 0.04283343149328051, "2022_44_25_2": 0.03212507361996038, "2022_44_25_3": 0.24093805214970287, "2022_44_25_5": 0.10708357873320128, "2022_44_30": 0.21416715746640255, "2022_44_30_1": 0.005354178936660064, "2022_44_30_2": 0.021416715746640256, "2022_44_30_5": 0.20345879959308244, "2022_44_30_10": 1.7936499437811213, "2022_45_10": 0.005354178936660064, "2022_45_11": 0.0588959683032607, "2022_45_12": 1.2475236922417947, "2022_45_13": 1.9649836697542433, "2022_45_14": 0.03212507361996038, "2022_45_15": 27.48835466081277, "2023_2_0_5": 0.021416715746640256, "2023_2_10": 0.4872302832360658, "2023_2_11": 0.03747925255662045, "2023_2_12": 17.036997376452327, "2023_2_13": 0.01606253680998019, "2023_2_301": 0.06960432617658083, "2023_6_1": 0.09102104192322108, "2023_6_8": 20.522567864218026, "2023_6_9": 1.4723992075815178, "2023_6_11": 18.948439256839965, "2023_6_11_2": 0.09102104192322108, "2023_6_15": 0.005354178936660064, "2023_12_1": 7.720726026663812}