{"2024_20_10": 0.05665009126959149, "2024_20_15": 0.2895449109334676, "2024_21_5": 0.3965506388871404, "2024_26_3_1": 1.3847800088122364, "2024_26_4": 0.018883363756530495, "2024_26_6": 0.7049789135771385, "2024_26_7": 9.617926606659534, "2024_26_8": 7.150500409139548, "2024_26_10": 2.058286649461824, "2024_26_11": 0.2832504563479575, "2024_26_20": 1.674324919745704, "2024_27_5": 0.3461950022030591, "2024_27_10": 1.3910744633977465, "2024_27_25": 6.344810222194247, "2024_32": 0.03147227292755083, "2024_32_3": 9.353559514068104, "2024_32_4_1": 0.4846730030842827, "2024_32_4_2": 0.03776672751306099, "2024_32_5_3": 0.02517781834204066, "2024_32_5_4": 0.06923900044061182, "2024_32_6": 6.709888588153837, "2024_32_7": 28.97337445710329, "2024_32_10": 21.438912318247624, "2024_32_20": 0.2391892742493863, "2024_32_20_1": 0.9001070057279537, "2024_38": 0.018883363756530495}