{"2023_12_9_1": 0.014897024319392204, "2023_12_10": 0.03724256079848051, "2023_12_11": 0.04841532903802466, "2023_20_4_1": 0.07448512159696102, "2023_20_7": 0.06331235335741686, "2023_20_8": 0.1042791702357454, "2023_20_9": 2.6479460727719637, "2023_26_1": 0.15269449927377007, "2023_26_3": 0.011172768239544153, "2023_26_6": 0.0521395851178727, "2023_26_7": 1.828609735205393, "2023_26_8": 3.310863654984917, "2023_26_9": 4.2121336263081455, "2023_26_10": 0.25324941342966745, "2023_26_11": 0.21600685263118694, "2023_26_12": 0.8379576179658115, "2023_27_6": 3.5305947636959525, "2023_27_7": 19.634278052958923, "2023_31_600": 0.014897024319392204, "2023_32_1": 0.3389073032661726, "2023_32_4": 2.4915273174183463, "2023_32_6": 11.679267066403487, "2023_32_7": 16.50962720196641, "2023_32_9": 26.82209228706566, "2023_38_1": 0.11545193847528959, "2023_38_4": 4.994227403076235, "2023_38_6": 0.003724256079848051}