{"2023_26_12": 0.4569892473118279, "2023_27_7": 0.035842293906810034, "2023_32_7": 0.017921146953405017, "2023_32_9": 0.026881720430107527, "2023_38_6": 0.008960573476702509, "2023_38_9": 0.053763440860215055, "2023_44_1": 0.04480286738351254, "2023_44_30_5_1": 0.017921146953405017, "2023_44_30_6": 0.008960573476702509, "2023_44_30_7": 0.008960573476702509, "2023_44_30_8": 2.3297491039426523, "2023_44_30_9": 0.017921146953405017, "2023_44_30_13": 0.053763440860215055, "2023_44_30_14": 8.118279569892472, "2023_44_30_16": 0.04480286738351254, "2023_44_30_20": 0.07168458781362007, "2023_44_30_25": 18.49462365591398, "2023_44_30_30": 0.34050179211469533, "2024_2_2_1": 0.035842293906810034, "2024_2_3": 0.026881720430107527, "2024_2_6": 0.07168458781362007, "2024_2_7": 47.05197132616487, "2024_2_7_1": 0.008960573476702509, "2024_2_8": 3.745519713261649, "2024_2_12": 0.3494623655913978, "2024_8_3": 0.546594982078853, "2024_8_4": 18.01075268817204}