{"2024_26_10": 1.5404614884627885, "2024_26_11": 0.24699382515437113, "2024_26_20": 1.3974650633734158, "2024_27_5": 0.2664933376665583, "2024_27_10": 0.7799805004874879, "2024_27_25": 3.613909652258694, "2024_32": 0.032499187520311994, "2024_32_3": 6.14884627884303, "2024_32_4_1": 0.30549236269093283, "2024_32_4_2": 0.025999350016249596, "2024_32_5_3": 0.019499512512187196, "2024_32_5_4": 0.032499187520311994, "2024_32_6": 3.054923626909327, "2024_32_7": 12.167695807604812, "2024_32_9": 0.0584985375365616, "2024_32_9_1": 0.17549561260968477, "2024_32_10": 28.18979525511863, "2024_32_20": 0.1169970750731232, "2024_32_20_1": 0.3314917127071823, "2024_33_5": 19.376015599610007, "2024_33_15": 1.1114722131946702, "2024_33_25": 1.0204744881377967, "2024_33_30": 0.09749756256093599, "2024_33_35": 1.741956451088723, "2024_38": 0.006499837504062399, "2024_38_2": 4.2963925901852456, "2024_38_4": 0.32499187520312, "2024_38_6": 13.51966200844979}