{"2023_2_12": 0.2379776390822145, "2023_6_8": 0.05388172960352028, "2023_6_11": 0.0853127385389071, "2023_7_5": 0.022450720668133445, "2023_7_10": 3.3765883884872707, "2023_7_15": 1.840959094786943, "2023_7_20": 23.55080598087199, "2023_7_25": 0.004490144133626689, "2023_7_26": 0.19307619774594764, "2023_12_1": 0.008980288267253379, "2023_12_1_1": 0.07184230613802703, "2023_12_5": 2.254052355080598, "2023_12_5_4": 0.29185936868573487, "2023_12_8": 0.004490144133626689, "2023_12_9": 3.9872479906605003, "2023_12_9_1": 0.9923218535314984, "2023_12_10": 0.5702483049705895, "2023_12_11": 2.1911903372098243, "2023_20_4_1": 8.401059674015537, "2023_20_6": 0.17960576534506756, "2023_20_7": 7.592833729962732, "2023_20_8": 5.563288581563468, "2023_20_9": 32.77356203134121, "2023_26_1": 5.549818149162588, "2023_26_3": 0.20205648601320103}