{"2024_20_10": 0.055720653789004454, "2024_20_15": 0.2786032689450223, "2024_21_5": 0.3838533927686974, "2024_26_3_1": 1.3249133234274395, "2024_26_4": 0.018573551263001486, "2024_26_6": 0.6686478454680534, "2024_26_7": 9.014363546310054, "2024_26_8": 6.729816740960872, "2024_26_10": 1.9440316988608222, "2024_26_11": 0.2786032689450223, "2024_26_20": 1.58494304110946, "2024_27_5": 0.3281327389796929, "2024_27_10": 1.2506191183754334, "2024_27_25": 5.2872709262010895, "2024_32": 0.03095591877166914, "2024_32_3": 8.011391778107974, "2024_32_4_1": 0.4210004952947004, "2024_32_4_2": 0.03095591877166914, "2024_32_5_3": 0.024764735017335313, "2024_32_5_4": 0.03714710252600297, "2024_32_6": 5.070579494799405, "2024_32_7": 32.39846458642893, "2024_32_9": 0.5448241703813769, "2024_32_10": 23.06215948489351, "2024_32_20": 0.1981178801386825, "2024_32_20_1": 1.0029717682020802, "2024_38": 0.018573551263001486}