{"2022_44_30": 0.02816584046867959, "2022_44_30_2": 0.011266336187471835, "2022_44_30_5": 0.011266336187471835, "2022_44_30_10": 0.09013068949977468, "2022_45_12": 0.05069851284362326, "2022_45_13": 0.11266336187471836, "2022_45_15": 1.6448850833708881, "2023_2_10": 0.0619648490310951, "2023_2_12": 0.29855790896800366, "2023_2_301": 0.011266336187471835, "2023_6_8": 0.05633168093735918, "2023_6_9": 0.0056331680937359175, "2023_6_11": 0.3605227579990987, "2023_7_5": 0.03943217665615143, "2023_7_10": 17.11356466876972, "2023_7_15": 13.035150968904915, "2023_12_1": 0.04506534474988734, "2023_12_1_1": 0.1239296980621902, "2023_12_5": 12.398602974312757, "2023_12_5_3": 0.0056331680937359175, "2023_12_5_4": 0.5464173050923841, "2023_12_8": 0.0056331680937359175, "2023_12_9": 20.983551149166292, "2023_12_9_1": 14.139251915277153, "2023_12_10": 1.8307796304641732, "2023_12_11": 2.439161784587653, "2023_20_4_1": 14.550473186119877}