{"2023_38_6": 5.995290708205035, "2023_38_8": 0.14490128599891322, "2023_38_9": 3.0565115015395756, "2023_38_9_1": 0.1539576163738453, "2023_44_1": 12.941496105777937, "2023_44_9_2": 0.009056330374932076, "2023_44_25": 0.004528165187466038, "2023_44_30_1": 0.1539576163738453, "2023_44_30_2": 0.41659119724687554, "2023_44_30_3": 0.009056330374932076, "2023_44_30_4": 0.2626335808730302, "2023_44_30_5_1": 4.632312986777756, "2023_44_30_6": 0.9011048723057417, "2023_44_30_7": 0.8014852381814888, "2023_44_30_8": 22.468755660206483, "2023_44_30_9": 5.90925556964318, "2023_44_30_10": 0.004528165187466038, "2023_44_30_12": 0.013584495562398113, "2023_44_30_13": 0.3713095453722151, "2023_44_30_14": 12.167179858721243, "2023_44_30_20": 0.31244339793515663, "2024_2_2": 0.08150697337438868, "2024_2_2_1": 7.910704582503168, "2024_2_3": 2.408983879731932, "2024_2_6": 7.426190907444302, "2024_2_7": 11.442673428726676}