{"2023_44_1": 12.096025260029721, "2023_44_30_1": 0.12537147102526006, "2023_44_30_2": 0.37147102526002973, "2023_44_30_3": 0.009286775631500745, "2023_44_30_4": 0.23681277860326896, "2023_44_30_5_1": 4.072251114413077, "2023_44_30_6": 0.7754457652303122, "2023_44_30_7": 0.724368499257058, "2023_44_30_8": 17.565936106983656, "2023_44_30_9": 4.007243684992572, "2023_44_30_10": 0.004643387815750372, "2023_44_30_12": 0.013930163447251119, "2023_44_30_13": 0.39468796433878156, "2023_44_30_14": 11.199851411589897, "2023_44_30_16": 0.027860326894502237, "2023_44_30_20": 0.11608469539375929, "2023_44_30_25": 3.7518573551263006, "2024_2_2": 0.07893759286775633, "2024_2_2_1": 4.550520059435366, "2024_2_3": 1.1376300148588414, "2024_2_6": 1.7273402674591387, "2024_2_7": 29.587667161961367, "2024_2_7_1": 0.004643387815750372, "2024_2_8": 2.187035661218425, "2024_8_3": 0.33896731054977713, "2024_8_4": 4.894130757800893}