{"2023_27_6": 0.05375139977603584, "2023_27_7": 7.372900335946249, "2023_27_12": 2.7681970884658456, "2023_32_4": 0.0761478163493841, "2023_32_6": 0.10302351623740201, "2023_32_7": 0.13437849944008962, "2023_32_9": 1.0795072788353863, "2023_38_1": 0.004479283314669652, "2023_38_4": 0.01343784994400896, "2023_38_6": 6.571108622620381, "2023_38_8": 0.15677491601343788, "2023_38_9": 3.5565509518477048, "2023_38_9_1": 0.21948488241881298, "2023_44_1": 16.291153415453525, "2023_44_9_1": 0.008958566629339304, "2023_44_25": 0.004479283314669652, "2023_44_30_1": 0.24188129899216124, "2023_44_30_2": 0.6136618141097425, "2023_44_30_3": 0.008958566629339304, "2023_44_30_4": 0.40761478163493836, "2023_44_30_5_1": 7.865621500559909, "2023_44_30_6": 1.5587905935050392, "2023_44_30_7": 1.469204927211646, "2023_44_30_8": 42.61142217245241, "2023_44_30_9": 6.795072788353863, "2023_44_30_10": 0.004479283314669652, "2023_44_30_11": 0.008958566629339304}