{"2024_2_6": 0.05199532042116209, "2024_2_7": 0.38346548810607045, "2024_2_8": 0.019498245157935783, "2024_3_6": 0.12998830105290526, "2024_3_10": 0.5134537891589758, "2024_3_15": 3.132718055375016, "2024_3_20": 0.2209801117899389, "2024_3_25": 12.257896789288964, "2024_8_3": 0.006499415052645261, "2024_8_4": 0.05849473547380736, "2024_8_7": 0.2534771870531652, "2024_8_8": 0.012998830105290522, "2024_8_9": 6.447419732224099, "2024_8_12": 0.04549590536851684, "2024_9_5": 0.006499415052645261, "2024_14_3": 0.33147016768490833, "2024_14_5": 0.03899649031587157, "2024_14_6": 2.8662420382165608, "2024_14_7": 1.2738853503184715, "2024_14_8": 3.6721695047445735, "2024_14_9": 29.279864812166906, "2024_14_11": 0.11698947094761472, "2024_15_5": 0.032497075263226316, "2024_20_1": 34.212920837124656, "2024_20_3": 4.634082932536073}