{"2022_40_4_2": 0.0620764575034918, "2022_44_2": 0.11897987688169263, "2022_44_25_1": 0.0620764575034918, "2022_44_25_2": 0.13967202938285656, "2022_44_25_3": 0.6621488800372458, "2022_44_25_5": 0.7656096425430655, "2022_44_30": 0.4655734312761885, "2022_44_30_1": 0.04138430500232786, "2022_44_30_2": 0.07242253375407376, "2022_44_30_5": 1.4691428275826393, "2022_44_30_10": 11.530701981273602, "2022_45_10": 0.010346076250581966, "2022_45_11": 0.27417102064042215, "2022_45_12": 7.619885158553618, "2022_45_13": 11.137551083751486, "2022_45_14": 0.3000362112668771, "2023_2_0_5": 0.05690341937820081, "2023_2_10": 1.0397806631834876, "2023_2_11": 0.15001810563343854, "2023_2_12": 27.63436966530443, "2023_2_13": 0.02069215250116393, "2023_2_201": 0.01551911437587295, "2023_2_301": 0.23795975376338527, "2023_6_1": 0.5483420412808443, "2023_6_8": 30.16398530857173, "2023_6_9": 5.400651802803787}