{"2023_12_11": 0.05073015182809725, "2023_20_4_1": 0.06884806319527487, "2023_20_7": 0.06160089864840382, "2023_20_8": 0.09783672138275899, "2023_20_9": 2.445918034568975, "2023_26_1": 0.13769612639054973, "2023_26_3": 0.010870746820306556, "2023_26_6": 0.04710656955466174, "2023_26_7": 1.6378591875928543, "2023_26_8": 2.9387252237562054, "2023_26_9": 3.790267058013553, "2023_26_10": 0.21379135413269562, "2023_26_11": 0.19204986049208247, "2023_26_12": 0.8442946697104757, "2023_27_6": 2.746675363264123, "2023_27_7": 20.726890604051164, "2023_31_600": 0.06160089864840382, "2023_32_1": 0.28626299960140594, "2023_32_4": 2.0581947313113744, "2023_32_6": 7.413849331449071, "2023_32_7": 7.975504583831576, "2023_32_9": 12.689785121571184, "2023_38_1": 0.043482987281226224, "2023_38_4": 1.1088161756712689, "2023_38_6": 31.854911765771643, "2023_38_8": 0.49643077146066605}