{"2023_44_30_14": 0.11053795136330143, "2023_44_30_30": 0.07369196757553427, "2024_8_9": 0.036845983787767135, "2024_14_9": 0.036845983787767135, "2024_15_15": 0.036845983787767135, "2024_20_6_2": 0.036845983787767135, "2024_26_8": 0.25792188651437, "2024_32_3": 0.036845983787767135, "2024_32_6": 0.07369196757553427, "2024_32_7": 0.40530582166543855, "2024_32_10": 0.7369196757553427, "2024_33_5": 0.6263817243920412, "2024_33_35": 0.25792188651437, "2024_33_40": 0.07369196757553427, "2024_38_2": 0.036845983787767135, "2024_38_6": 0.14738393515106854, "2024_38_7": 0.3316138540899042, "2024_39_5": 0.036845983787767135, "2024_39_15": 0.14738393515106854, "2024_44_1": 0.036845983787767135, "2024_44_3_1": 0.6632277081798084, "2024_44_4": 1.7686072218128228, "2024_44_25_2": 18.238761974944733, "2024_44_25_3": 0.3316138540899042, "2024_44_25_4": 3.316138540899042, "2024_45_25_5": 14.001473839351512, "2024_45_25_6": 3.500368459837878, "2024_45_25_10": 0.51584377302874, "2024_45_25_15": 8.400884303610907, "2024_45_32": 8.142962417096538, "2024_45_32_1": 14.922623434045693, "2024_45_32_2": 21.59174649963154, "2024_45_32_5": 0.7369196757553427, "2025_2": 0.3316138540899042}