{"2023_12_9": 0.011068681166638995, "2023_12_9_1": 0.016603021749958494, "2023_12_11": 0.011068681166638995, "2023_20_4_1": 0.02213736233327799, "2023_20_7": 0.02213736233327799, "2023_20_9": 0.027671702916597485, "2023_26_1": 0.005534340583319497, "2023_26_3": 0.005534340583319497, "2023_26_7": 0.011068681166638995, "2023_26_8": 0.08854944933311196, "2023_26_9": 0.09961813049975095, "2023_26_10": 0.011068681166638995, "2023_26_11": 0.005534340583319497, "2023_26_12": 0.957440920914273, "2023_27_6": 0.14942719574962643, "2023_27_7": 28.29708340251259, "2023_27_11": 0.016603021749958494, "2023_31_600": 0.027671702916597485, "2023_32_1": 0.005534340583319497, "2023_32_4": 0.2822513697492944, "2023_32_6": 0.7637390004980906, "2023_32_7": 1.167745863080414, "2023_32_9": 8.69998339697825, "2023_38_1": 0.005534340583319497, "2023_38_4": 0.2545796668326969, "2023_38_6": 45.67491283413582, "2023_38_8": 0.9629752614975926, "2023_38_9": 12.396922906635673}