{"2023_38_6": 6.183859390816233, "2023_38_8": 0.15183583325664857, "2023_38_9": 3.165547069108309, "2023_38_9_1": 0.17944234839422105, "2023_44_1": 13.499585902272937, "2023_44_9_2": 0.009202171712524156, "2023_44_25": 0.004601085856262078, "2023_44_30_1": 0.16103800496917273, "2023_44_30_2": 0.4325020704886353, "2023_44_30_3": 0.009202171712524156, "2023_44_30_4": 0.27146406551946256, "2023_44_30_5_1": 4.909358608631638, "2023_44_30_6": 0.9708291156712984, "2023_44_30_7": 0.8327965399834362, "2023_44_30_8": 25.08972117419711, "2023_44_30_9": 7.513573203275974, "2023_44_30_10": 0.004601085856262078, "2023_44_30_12": 0.018404343425048313, "2023_44_30_13": 0.35428361093218, "2023_44_30_14": 11.323272292260974, "2023_44_30_20": 0.11962823226281402, "2024_2_2": 0.1058249746940278, "2024_2_2_1": 11.314070120548449, "2024_2_3": 6.26667893622895, "2024_2_6": 7.10867764792491}