{"2024_32_9": 0.042927666881305, "2024_32_9_1": 0.014309222293768332, "2024_32_10": 16.412677970952277, "2024_32_20": 0.09300994490949416, "2024_32_20_1": 0.22894755670029332, "2024_33_5": 16.3125134148959, "2024_33_15": 0.45074050225370244, "2024_33_25": 0.1931745009658725, "2024_33_30": 0.014309222293768332, "2024_33_35": 6.353294698433139, "2024_33_40": 0.8084710595979108, "2024_38": 0.007154611146884166, "2024_38_2": 1.5883236746082847, "2024_38_4": 0.17886527867210417, "2024_38_6": 1.7814981755741575, "2024_38_7": 4.965300135937611, "2024_39_5": 0.9801817271231309, "2024_39_15": 0.2432567789940617, "2024_44_1": 0.21463833440652497, "2024_44_3": 0.8084710595979108, "2024_44_3_1": 20.24754954568219, "2024_44_4": 0.60098733633827, "2024_44_25_2": 13.486442011876655, "2024_44_25_3": 0.5580596694569651, "2024_44_25_4": 0.6081419474851542, "2024_45_25_5": 3.319739572154253, "2024_45_25_6": 0.7369249481290691, "2024_45_25_10": 0.1645560563783358, "2024_45_32": 8.585533376260999}