{"2023_6_8": 0.05560783642741037, "2023_6_11": 0.0641628881854735, "2023_7_5": 0.01711010351612627, "2023_7_10": 2.776114295491487, "2023_7_15": 1.4201385918384803, "2023_7_20": 24.009752759004186, "2023_7_25": 0.004277525879031568, "2023_7_26": 0.3122593891693044, "2023_12_1": 0.012832577637094701, "2023_12_1_1": 0.07271793994353665, "2023_12_5": 1.907776542048079, "2023_12_5_4": 0.23954144922576776, "2023_12_8": 0.004277525879031568, "2023_12_9": 3.396355547951064, "2023_12_9_1": 0.7870647617418083, "2023_12_10": 0.5218581572418513, "2023_12_11": 1.4885790059029853, "2023_20_4_1": 6.3863461373941295, "2023_20_6": 0.1069381469757892, "2023_20_7": 5.111643425442723, "2023_20_8": 3.156814098725297, "2023_20_9": 35.610402942937796, "2023_26_1": 2.2029258277012573, "2023_26_3": 0.07271793994353665, "2023_26_6": 1.5142441611771746, "2023_26_7": 8.747540422619556}