{"2023_26_12": 0.2969072164948454, "2023_32_6": 0.016494845360824746, "2023_38_9": 0.016494845360824746, "2023_44_1": 0.016494845360824746, "2023_44_30_5_1": 0.008247422680412373, "2023_44_30_8": 0.0907216494845361, "2023_44_30_9": 0.008247422680412373, "2023_44_30_13": 0.016494845360824746, "2023_44_30_14": 0.7010309278350516, "2023_44_30_20": 0.008247422680412373, "2023_44_30_25": 0.06597938144329898, "2023_44_30_30": 0.19793814432989693, "2024_2_6": 0.03298969072164949, "2024_2_7": 0.6680412371134021, "2024_2_8": 0.03298969072164949, "2024_2_12": 0.008247422680412373, "2024_2_13": 0.008247422680412373, "2024_3_6": 0.35463917525773203, "2024_3_10": 1.2536082474226808, "2024_3_15": 7.076288659793817, "2024_3_20": 0.7257731958762887, "2024_3_25": 40.098969072164955, "2024_8_4": 0.1484536082474227, "2024_8_7": 0.3628865979381444, "2024_8_8": 0.016494845360824746, "2024_8_9": 24.68453608247423, "2024_8_12": 0.08247422680412374, "2024_14_3": 1.9134020618556704, "2024_14_5": 0.0907216494845361, "2024_14_6": 20.9979381443299}