{"2024_32_9_1": 0.014245014245014249, "2024_32_10": 16.232193732193736, "2024_32_20": 0.09259259259259262, "2024_32_20_1": 0.22792022792022798, "2024_33_5": 16.032763532763536, "2024_33_15": 0.44871794871794884, "2024_33_25": 0.19230769230769237, "2024_33_30": 0.014245014245014249, "2024_33_35": 6.274928774928777, "2024_33_40": 0.8048433048433051, "2024_38": 0.007122507122507124, "2024_38_2": 1.5811965811965818, "2024_38_4": 0.17806267806267811, "2024_38_6": 1.766381766381767, "2024_38_7": 4.8789173789173805, "2024_39_5": 0.9615384615384618, "2024_39_15": 0.22079772079772086, "2024_44_1": 0.21367521367521375, "2024_44_3": 0.7834757834757835, "2024_44_3_1": 19.978632478632484, "2024_44_4": 0.626780626780627, "2024_44_25_2": 13.404558404558408, "2024_44_25_3": 0.44159544159544173, "2024_44_25_4": 0.6623931623931626, "2024_45_25_5": 3.532763532763534, "2024_45_25_6": 0.8119658119658122, "2024_45_25_10": 0.29914529914529925, "2024_45_25_15": 0.07122507122507124, "2024_45_32": 5.092592592592595, "2024_45_32_1": 4.152421652421653}