{"2023_32_7": 0.14034068912117695, "2023_32_9": 1.127564847077042, "2023_38_4": 0.00967866821525358, "2023_38_6": 6.852497096399535, "2023_38_8": 0.16453735965931088, "2023_38_9": 3.6633759194734807, "2023_38_9_1": 0.20325203252032517, "2023_44_1": 16.206929926442122, "2023_44_9_1": 0.00967866821525358, "2023_44_9_2": 0.00967866821525358, "2023_44_25": 0.00483933410762679, "2023_44_30_1": 0.22744870305845916, "2023_44_30_2": 0.5565234223770809, "2023_44_30_3": 0.00967866821525358, "2023_44_30_4": 0.38714672861014326, "2023_44_30_5_1": 6.66376306620209, "2023_44_30_6": 1.31145954316686, "2023_44_30_7": 1.1904761904761905, "2023_44_30_8": 47.89005032907472, "2023_44_30_9": 13.153310104529616, "2023_44_30_10": 0.00483933410762679, "2023_44_30_12": 0.01935733643050716, "2023_44_30_13": 0.19357336430507163}