{"2023_12_10": 0.03319073609676944, "2023_12_11": 0.05163003392830802, "2023_20_4_1": 0.07375719132615431, "2023_20_7": 0.06269361262723115, "2023_20_8": 0.09957220829030831, "2023_20_9": 2.559374539017554, "2023_26_1": 0.14751438265230862, "2023_26_3": 0.011063578698923144, "2023_26_6": 0.047942174362000295, "2023_26_7": 1.7517332939961647, "2023_26_8": 3.1752470865909426, "2023_26_9": 4.045581944239564, "2023_26_10": 0.23971087181000145, "2023_26_11": 0.20652013571323208, "2023_26_12": 0.8482077002507745, "2023_27_6": 3.21212568225402, "2023_27_7": 20.069331759846584, "2023_31_600": 0.03319073609676944, "2023_32_1": 0.3134680631361558, "2023_32_4": 2.345478684171707, "2023_32_6": 10.952942911933913, "2023_32_7": 15.260362885381326, "2023_32_9": 28.48133943059448, "2023_38_1": 0.1180115061218469, "2023_38_4": 4.285292816049565, "2023_38_6": 1.5747160348133942}