{"2023_6_11": 0.014003640946646127, "2023_7_10": 0.2473976567240816, "2023_7_15": 0.17737945199085095, "2023_7_20": 5.130000466788031, "2023_7_26": 0.08402184567987678, "2023_7_30": 22.405825514633804, "2023_12_1": 0.004667880315548709, "2023_12_1_1": 0.03267516220884096, "2023_12_5": 0.07001820473323066, "2023_12_5_4": 0.009335760631097418, "2023_12_9": 0.07001820473323066, "2023_12_9_1": 0.023339401577743547, "2023_12_10": 0.07468608504877934, "2023_12_11": 0.08868972599542548, "2023_20_4_1": 0.13536852915091258, "2023_20_7": 0.19138309293749706, "2023_20_8": 0.2473976567240816, "2023_20_9": 5.942211641693507, "2023_26_1": 0.3547589039817019, "2023_26_3": 0.018671521262194835, "2023_26_6": 0.13536852915091258, "2023_26_7": 7.837371049806283, "2023_26_8": 20.393969098632315, "2023_26_9": 25.90206787097979, "2023_26_10": 1.4190356159268076, "2023_26_11": 1.5170611025533303, "2023_32_1": 6.012229846426738, "2023_32_4": 1.461046538766746}