{"2024_3_6": 0.12102142079148014, "2024_3_10": 0.4719835410867725, "2024_3_15": 2.6322159022146923, "2024_3_20": 0.16337891806849814, "2024_3_25": 8.961636209609102, "2024_8_4": 0.042357497277018034, "2024_8_7": 0.22388962846423824, "2024_8_8": 0.01210214207914801, "2024_8_9": 5.10710395740046, "2024_8_12": 0.042357497277018034, "2024_9_5": 0.006051071039574005, "2024_14_3": 0.2541449836621082, "2024_14_5": 0.030255355197870034, "2024_14_6": 2.057364153455162, "2024_14_7": 0.8229456613820648, "2024_14_8": 2.5414498366210823, "2024_14_9": 27.169308967687282, "2024_14_11": 0.07866392351446208, "2024_15_10": 0.006051071039574005, "2024_15_15": 2.7774416071644685, "2024_20_1": 8.683286941788698, "2024_20_3": 4.556456492799226, "2024_20_6": 0.9016095848965268, "2024_20_6_1": 0.030255355197870034, "2024_20_6_2": 5.869538908386786, "2024_20_7": 25.60208156843762, "2024_20_8": 0.2601960547016823, "2024_20_9": 0.5748517487595305}