{"2023_38_6": 0.014724287712581906, "2023_38_9": 0.03681071928145476, "2023_44_1": 0.05153500699403666, "2023_44_30_5_1": 0.02944857542516381, "2023_44_30_6": 0.014724287712581906, "2023_44_30_8": 0.9055436943237871, "2023_44_30_9": 0.04417286313774571, "2023_44_30_13": 0.022086431568872855, "2023_44_30_14": 3.6957962158580577, "2023_44_30_16": 0.022086431568872855, "2023_44_30_20": 0.022086431568872855, "2023_44_30_25": 3.5632776264448203, "2023_44_30_30": 0.46381506294632996, "2024_2_2_1": 0.007362143856290953, "2024_2_3": 0.03681071928145476, "2024_2_6": 0.06625929470661857, "2024_2_7": 18.5526025178532, "2024_2_7_1": 0.007362143856290953, "2024_2_8": 1.281013030994626, "2024_2_12": 0.04417286313774571, "2024_2_13": 0.13251858941323713, "2024_3_6": 3.1509975704925273, "2024_3_10": 33.56401384083045, "2024_3_15": 1.4282559081204447, "2024_8_3": 0.13251858941323713, "2024_8_4": 3.4822940440256196, "2024_8_7": 17.183243760583082, "2024_8_8": 0.2135021718324376, "2024_8_9": 11.74998159464036, "2024_8_12": 0.08098358241920048}