{"2024_27_5": 0.2169466311287422, "2024_27_10": 0.6632368437364405, "2024_27_25": 3.0062604599268568, "2024_32": 0.03099237587553461, "2024_32_3": 5.281100849191097, "2024_32_4_1": 0.2293435814789561, "2024_32_4_2": 0.024793900700427685, "2024_32_5_3": 0.018595425525320765, "2024_32_5_4": 0.024793900700427685, "2024_32_6": 2.541374821793838, "2024_32_7": 7.965040600012394, "2024_32_9": 0.03719085105064153, "2024_32_9_1": 0.012396950350213843, "2024_32_10": 18.211120064464136, "2024_32_20": 0.0867786524514969, "2024_32_20_1": 0.24174053182916994, "2024_33_5": 18.979730986177394, "2024_33_15": 0.44629021260769836, "2024_33_25": 0.2293435814789561, "2024_33_30": 0.012396950350213843, "2024_33_35": 8.73984999690076, "2024_38": 0.006198475175106921, "2024_38_2": 1.679786772453976, "2024_38_4": 0.16735882972788688, "2024_38_6": 1.9215273042831458, "2024_38_7": 7.14684187689828, "2024_39_5": 1.0475423045930699, "2024_44_1": 0.27893138287981145, "2024_44_3": 1.1033285811690319, "2024_44_3_1": 19.649166305088944}