{"2024_20_15": 0.26209923198829693, "2024_21_5": 0.36571985858832123, "2024_26_3_1": 1.2678288431061804, "2024_26_4": 0.018285992929416062, "2024_26_6": 0.6339144215530902, "2024_26_7": 8.637083993660854, "2024_26_8": 6.345239546507374, "2024_26_10": 1.7493599902474701, "2024_26_11": 0.2742898939412409, "2024_26_20": 1.5177374131415333, "2024_27_5": 0.292575886870657, "2024_27_10": 0.9874436181884674, "2024_27_25": 4.632451542118736, "2024_32": 0.030476654882360107, "2024_32_3": 7.411922467389978, "2024_32_4_1": 0.38400585151773736, "2024_32_4_2": 0.030476654882360107, "2024_32_5_3": 0.024381323905888083, "2024_32_5_4": 0.036571985858832125, "2024_32_6": 4.461782274777519, "2024_32_7": 25.667438741923682, "2024_32_9": 0.5059124710471777, "2024_32_10": 32.98183591369011, "2024_32_20": 0.17066926734121657, "2024_32_20_1": 1.0423015969767155, "2024_38": 0.012190661952944042, "2024_38_2": 0.25600390101182485}