{"2024_27_25": 2.8621994385450993, "2024_32": 0.030513853289393378, "2024_32_3": 5.02258025143415, "2024_32_4_1": 0.21359697302575364, "2024_32_4_2": 0.024411082631514706, "2024_32_5_3": 0.01830831197363603, "2024_32_5_4": 0.024411082631514706, "2024_32_6": 2.3922860978884413, "2024_32_7": 7.329427560112291, "2024_32_9": 0.03661662394727206, "2024_32_9_1": 0.012205541315757353, "2024_32_10": 15.568167948248501, "2024_32_20": 0.07933601855242277, "2024_32_20_1": 0.20749420236787497, "2024_33_5": 17.948248504821187, "2024_33_15": 0.4027828634199926, "2024_33_25": 0.19528866105211765, "2024_33_30": 0.012205541315757353, "2024_33_35": 7.6284633223483445, "2024_33_40": 0.7323324789454412, "2024_38": 0.006102770657878676, "2024_38_2": 1.4890760405223968, "2024_38_4": 0.1525692664469669, "2024_38_6": 1.6599536189429998, "2024_38_7": 5.535212986695958, "2024_39_5": 1.190040278286342, "2024_44_1": 0.21359697302575364, "2024_44_3": 0.903210057366044, "2024_44_3_1": 23.76418894177956, "2024_44_4": 0.17087757842060292, "2024_44_25_2": 4.174295129989014}