{"2023_2_12": 0.08465409396604431, "2023_6_11": 0.014109015661007383, "2023_7_10": 0.2492592766777971, "2023_7_15": 0.183417203593096, "2023_7_20": 5.309692893759112, "2023_7_26": 0.08465409396604431, "2023_7_30": 22.311056765273012, "2023_12_1": 0.0047030052203357944, "2023_12_1_1": 0.03292103654235057, "2023_12_5": 0.07524808352537271, "2023_12_5_4": 0.009406010440671589, "2023_12_9": 0.07054507830503692, "2023_12_9_1": 0.023515026101678972, "2023_12_10": 0.07524808352537271, "2023_12_11": 0.0893570991863801, "2023_20_4_1": 0.13638715138973806, "2023_20_7": 0.20693222969477496, "2023_20_8": 0.2492592766777971, "2023_20_9": 6.033955697690825, "2023_26_1": 0.366834407186192, "2023_26_3": 0.018812020881343178, "2023_26_6": 0.13638715138973806, "2023_26_7": 8.126793020740255, "2023_26_8": 21.30461364812115, "2023_26_9": 25.763062596999482, "2023_26_10": 1.4203075765414102, "2023_26_11": 1.5284766966091334, "2023_32_1": 6.090391760334855}