{"2023_32_6": 0.015741833923652106, "2023_38_9": 0.015741833923652106, "2023_44_1": 0.015741833923652106, "2023_44_30_8": 0.09445100354191263, "2023_44_30_9": 0.023612750885478158, "2023_44_30_13": 0.015741833923652106, "2023_44_30_14": 0.6218024399842582, "2023_44_30_20": 0.007870916961826053, "2023_44_30_25": 0.08658008658008658, "2023_44_30_30": 0.19677292404565133, "2024_2_6": 0.023612750885478158, "2024_2_7": 0.59818968909878, "2024_2_8": 0.023612750885478158, "2024_2_12": 0.007870916961826053, "2024_3_6": 0.29909484454939, "2024_3_10": 1.1255411255411254, "2024_3_15": 5.981896890987799, "2024_3_20": 0.6218024399842582, "2024_3_25": 40.511609602518696, "2024_8_3": 0.007870916961826053, "2024_8_4": 0.1338055883510429, "2024_8_7": 0.3699330972058245, "2024_8_8": 0.015741833923652106, "2024_8_9": 22.57378984651712, "2024_8_12": 0.07870916961826052, "2024_9_5": 0.015741833923652106, "2024_14_3": 1.2357339630066901, "2024_14_5": 0.06296733569460843, "2024_14_6": 16.355765446674535, "2024_14_7": 8.11491538764266, "2024_14_8": 0.7477371113734749}