{"2024_26_20": 1.3784135240572173, "2024_27_5": 0.26007802340702213, "2024_27_10": 0.7412223667100131, "2024_27_25": 3.472041612483745, "2024_32": 0.032509752925877766, "2024_32_3": 6.027308192457737, "2024_32_4_1": 0.2795838751625488, "2024_32_4_2": 0.02600780234070221, "2024_32_5_3": 0.01950585175552666, "2024_32_5_4": 0.02600780234070221, "2024_32_6": 2.9518855656697007, "2024_32_7": 10.377113133940181, "2024_32_9": 0.045513654096228866, "2024_32_9_1": 0.05201560468140442, "2024_32_10": 23.998699609882966, "2024_32_20": 0.1105331599479844, "2024_32_20_1": 0.3185955786736021, "2024_33_5": 19.772431729518853, "2024_33_15": 1.1703511053315996, "2024_33_25": 0.3836150845253576, "2024_33_30": 0.02600780234070221, "2024_33_35": 7.828348504551365, "2024_38": 0.006501950585175552, "2024_38_2": 2.6072821846553964, "2024_38_4": 0.26007802340702213, "2024_38_6": 4.9284785435630685, "2024_38_7": 12.535760728218465, "2024_44_1": 0.3641092327698309}