{"2024_26_20": 1.3909749885718024, "2024_27_5": 0.26774635930255347, "2024_27_10": 0.757526284856005, "2024_27_25": 3.5002938679553335, "2024_32": 0.032651995036896767, "2024_32_3": 6.0863318748775574, "2024_32_4_1": 0.2808071573173122, "2024_32_4_2": 0.026121596029517413, "2024_32_5_3": 0.01959119702213806, "2024_32_5_4": 0.026121596029517413, "2024_32_6": 3.003983543394502, "2024_32_7": 10.93841833736042, "2024_32_9": 0.04571279305165547, "2024_32_9_1": 0.08489518709593159, "2024_32_10": 24.515117873702096, "2024_32_20": 0.11101678312544902, "2024_32_20_1": 0.3199895513615883, "2024_33_5": 19.277737869783852, "2024_33_15": 1.1689414223209043, "2024_33_25": 0.40488473845751993, "2024_33_30": 0.026121596029517413, "2024_33_35": 7.634036439626464, "2024_38": 0.006530399007379353, "2024_38_2": 2.8929667602690534, "2024_38_4": 0.2808071573173122, "2024_38_6": 6.190818258995627, "2024_38_7": 10.546594396917657, "2024_44_1": 0.16325997518448385}