{"2023_44_30_14": 0.03531073446327684, "2023_44_30_30": 0.07062146892655367, "2024_8_9": 0.03531073446327684, "2024_14_9": 0.03531073446327684, "2024_15_15": 0.03531073446327684, "2024_20_6_2": 0.03531073446327684, "2024_26_8": 0.21186440677966106, "2024_32_6": 0.07062146892655367, "2024_32_7": 0.3884180790960452, "2024_32_10": 0.7062146892655368, "2024_33_5": 0.6355932203389831, "2024_33_15": 0.03531073446327684, "2024_33_35": 0.24717514124293788, "2024_33_40": 0.07062146892655367, "2024_38_2": 0.03531073446327684, "2024_38_6": 0.14124293785310735, "2024_38_7": 0.3884180790960452, "2024_39_5": 0.03531073446327684, "2024_39_15": 0.14124293785310735, "2024_44_3_1": 0.6355932203389831, "2024_44_4": 1.8361581920903955, "2024_44_25_2": 17.725988700564972, "2024_44_25_3": 0.31779661016949157, "2024_44_25_4": 3.3192090395480225, "2024_45_25_5": 13.559322033898308, "2024_45_25_6": 3.531073446327684, "2024_45_25_10": 0.4590395480225989, "2024_45_25_15": 8.792372881355933, "2024_45_32": 7.556497175141243, "2024_45_32_1": 11.899717514124294, "2024_45_32_2": 23.375706214689266, "2024_45_32_5": 0.3531073446327684, "2024_45_32_6": 0.7062146892655368, "2025_2": 2.5776836158192094}