{"2023_12_11": 0.05072647559694192, "2023_20_4_1": 0.06884307402442118, "2023_20_7": 0.061596434653429476, "2023_20_8": 0.09782963150838798, "2023_20_9": 2.438494148338708, "2023_26_1": 0.13768614804884236, "2023_26_3": 0.010869959056487554, "2023_26_6": 0.047103155911446065, "2023_26_7": 1.6341171781586288, "2023_26_8": 2.938512264937136, "2023_26_9": 3.7863690713431644, "2023_26_10": 0.2137758614442552, "2023_26_11": 0.19203594333128013, "2023_26_12": 0.8442334867205334, "2023_27_6": 2.7428530019203596, "2023_27_7": 20.729011920721767, "2023_31_600": 0.061596434653429476, "2023_32_1": 0.28624225515417234, "2023_32_4": 2.058045581361643, "2023_32_6": 7.366208920613067, "2023_32_7": 7.960433349034386, "2023_32_9": 12.620022464582052, "2023_38_1": 0.03985651654045436, "2023_38_4": 1.1087358237617304, "2023_38_6": 31.791006920540603, "2023_38_8": 0.7137939780426826}