{"2023_12_9": 0.05430776989022072, "2023_12_9_1": 0.015516505682920206, "2023_12_10": 0.06594514915241087, "2023_12_11": 0.062066022731680826, "2023_20_4_1": 0.0892199076767912, "2023_20_7": 0.062066022731680826, "2023_20_8": 0.11637379262190155, "2023_20_9": 2.8627952984987783, "2023_26_1": 0.1629233096706622, "2023_26_3": 0.011637379262190157, "2023_26_6": 0.05430776989022072, "2023_26_7": 2.0326622444625473, "2023_26_8": 3.9334341906202734, "2023_26_9": 4.934248807168626, "2023_26_10": 0.3025718608169441, "2023_26_11": 0.27541797587183364, "2023_26_12": 0.7874626634082005, "2023_27_6": 9.849101982233602, "2023_27_7": 12.65758951084216, "2023_32_1": 0.36851700996935494, "2023_32_4": 3.242949687730323, "2023_32_6": 14.919120214127782, "2023_32_7": 23.91481438380077, "2023_32_9": 18.868070910430976, "2023_38_1": 0.3530005042864347, "2023_38_4": 0.0038791264207300516}