{"2023_38_9": 0.01967987404880609, "2023_44_1": 0.013119916032537393, "2023_44_30_5_1": 0.013119916032537393, "2023_44_30_8": 0.6297559695617949, "2023_44_30_9": 0.03935974809761218, "2023_44_30_13": 0.01967987404880609, "2023_44_30_14": 2.814221988979271, "2023_44_30_16": 0.013119916032537393, "2023_44_30_20": 0.01967987404880609, "2023_44_30_25": 2.1713461033849386, "2023_44_30_30": 0.45263710312254, "2024_2_2_1": 0.006559958016268697, "2024_2_3": 0.013119916032537393, "2024_2_6": 0.045919706113880875, "2024_2_7": 11.374967200209918, "2024_2_8": 0.8134347940173184, "2024_2_12": 0.026239832065074787, "2024_2_13": 0.052479664130149574, "2024_3_6": 1.4628706376279192, "2024_3_10": 11.650485436893204, "2024_3_15": 28.752295985305697, "2024_3_20": 1.7121490422461294, "2024_3_25": 0.22303857255313564, "2024_8_3": 0.08527945421149305, "2024_8_4": 2.092626607189714, "2024_8_7": 6.658357386512727, "2024_8_8": 0.10495932826029915, "2024_8_9": 28.42429808449226, "2024_8_12": 0.29519811073209135}