{"2024_2_7": 0.35360232367241273, "2024_2_8": 0.012628654416871882, "2024_3_6": 0.12628654416871882, "2024_3_10": 0.5240891583001831, "2024_3_15": 2.923533497505841, "2024_3_20": 0.18942981625307825, "2024_3_25": 10.746984908757973, "2024_8_3": 0.006314327208435941, "2024_8_4": 0.05682894487592348, "2024_8_7": 0.23994443392056578, "2024_8_8": 0.012628654416871882, "2024_8_9": 5.891267285470734, "2024_8_12": 0.04420029045905159, "2024_9_5": 0.006314327208435941, "2024_14_3": 0.3030877060049252, "2024_14_5": 0.031571636042179704, "2024_14_6": 2.468901938498453, "2024_14_7": 1.0671212982256741, "2024_14_8": 3.2518785123445095, "2024_14_9": 29.43107911851992, "2024_14_11": 0.08208625370966723, "2024_15_5": 0.031571636042179704, "2024_20_1": 14.384037380817075, "2024_20_3": 13.001199722169604, "2024_20_6": 3.9653974868977713, "2024_20_6_1": 0.025257308833743764, "2024_20_6_2": 10.822756835259204}