{"2024_8_9": 0.22639068564036222, "2024_14_3": 0.01940491591203105, "2024_14_6": 0.14877102199223802, "2024_14_7": 0.045278137128072445, "2024_14_8": 0.21992238033635186, "2024_14_9": 11.10608020698577, "2024_14_11": 0.00646830530401035, "2024_15_15": 4.7024579560155235, "2024_20_1": 1.7205692108667527, "2024_20_3": 1.093143596377749, "2024_20_6": 0.14230271668822767, "2024_20_6_1": 0.0129366106080207, "2024_20_6_2": 1.5653298835705047, "2024_20_7": 7.794307891332471, "2024_20_8": 0.0646830530401035, "2024_20_9": 24.223803363518755, "2024_20_9_1": 0.0258732212160414, "2024_20_10": 0.27166882276843474, "2024_20_15": 0.44631306597671405, "2024_21_5": 0.8344113842173351, "2024_26_1": 0.03234152652005175, "2024_26_3_1": 3.8292367399741263, "2024_26_4": 0.01940491591203105, "2024_26_6": 2.166882276843467, "2024_26_7": 33.208279430789126, "2024_26_10": 5.640362225097024, "2024_26_11": 0.00646830530401035, "2024_26_20": 0.4269081500646831}