{"2023_44_1": 0.01473730749392086, "2023_44_30_8": 0.0957924987104856, "2023_44_30_9": 0.022105961240881294, "2023_44_30_13": 0.01473730749392086, "2023_44_30_14": 0.5158057622872301, "2023_44_30_25": 0.0957924987104856, "2023_44_30_30": 0.17684768992705036, "2024_2_6": 0.02947461498784172, "2024_2_7": 0.5084371085402697, "2024_2_8": 0.022105961240881294, "2024_2_12": 0.00736865374696043, "2024_3_6": 0.22105961240881294, "2024_3_10": 0.8400265271534892, "2024_3_15": 4.892786087981726, "2024_3_20": 0.4494878785645863, "2024_3_25": 36.62220912239334, "2024_8_4": 0.06631788372264387, "2024_8_7": 0.2873774961314568, "2024_8_8": 0.01473730749392086, "2024_8_9": 12.180384643725594, "2024_8_12": 0.06631788372264387, "2024_9_5": 0.01473730749392086, "2024_14_3": 0.751602682189964, "2024_14_5": 0.051580576228723016, "2024_14_6": 7.85498489425982, "2024_14_7": 3.956967062117752, "2024_14_8": 28.40616019453246, "2024_14_9": 1.4221501731633632, "2024_14_11": 0.39790730233586324}