{"2023_12_10": 0.03316749585406301, "2023_12_11": 0.05159388243965357, "2023_20_4_1": 0.07370554634236225, "2023_20_7": 0.0626497143910079, "2023_20_8": 0.09950248756218903, "2023_20_9": 2.5575824580799695, "2023_26_1": 0.1474110926847245, "2023_26_3": 0.011055831951354338, "2023_26_6": 0.04790860512253546, "2023_26_7": 1.743136170996867, "2023_26_8": 3.1693384927215766, "2023_26_9": 4.039063939561452, "2023_26_10": 0.23954302561267732, "2023_26_11": 0.20637552975861428, "2023_26_12": 0.8439285056200476, "2023_27_6": 3.1693384927215766, "2023_27_7": 20.125299428782014, "2023_31_600": 0.03316749585406301, "2023_32_1": 0.3132485719550396, "2023_32_4": 2.3401510963700014, "2023_32_6": 10.923161967938086, "2023_32_7": 15.194398378477977, "2023_32_9": 28.55721393034825, "2023_38_1": 0.1179288741477796, "2023_38_4": 4.134881149806522, "2023_38_6": 1.765247834899576}