{"2023_7_26": 0.03503445054303399, "2023_7_30": 7.423410798396203, "2023_12_1_1": 0.031141733816030213, "2023_12_5": 0.06228346763206043, "2023_12_9": 0.06228346763206043, "2023_12_9_1": 0.019463583635018884, "2023_12_10": 0.07785433454007554, "2023_12_11": 0.07006890108606798, "2023_20_4_1": 0.10121063490209818, "2023_20_7": 0.08953248472108685, "2023_20_8": 0.14013780217213595, "2023_20_9": 3.1881349994160932, "2023_26_1": 0.1829576861691775, "2023_26_3": 0.01167815018101133, "2023_26_6": 0.06228346763206043, "2023_26_7": 2.4563042547393827, "2023_26_8": 4.955428393475808, "2023_26_9": 6.839503289345636, "2023_26_10": 0.7474016115847251, "2023_26_11": 0.47880415742146454, "2023_26_12": 0.6461909766826269, "2023_27_6": 18.342481217641794, "2023_32_1": 0.5255167581455098, "2023_32_4": 5.231811281093076, "2023_32_6": 18.797929074701237, "2023_32_7": 29.41726030596754, "2023_38": 0.0038927167270037767}