{"2023_38_6": 6.556830627112996, "2023_38_8": 0.15713537450597592, "2023_38_9": 3.447454883100805, "2023_38_9_1": 0.19046712061330415, "2023_44_1": 15.032617494405029, "2023_44_9_1": 0.004761678015332603, "2023_44_9_2": 0.009523356030665207, "2023_44_25": 0.004761678015332603, "2023_44_30_1": 0.19522879862863673, "2023_44_30_2": 0.49521451359459073, "2023_44_30_3": 0.009523356030665207, "2023_44_30_4": 0.3428408171039475, "2023_44_30_5_1": 5.72353697442979, "2023_44_30_6": 1.1570877577258227, "2023_44_30_7": 0.9761439931431838, "2023_44_30_8": 35.993524117899156, "2023_44_30_9": 11.628017713442219, "2023_44_30_10": 0.004761678015332603, "2023_44_30_12": 0.028570068091995623, "2023_44_30_13": 0.3428408171039475, "2024_2_2": 0.18570544259797153, "2024_2_2_1": 16.89443359840008, "2024_2_3": 0.6190181419932385}