{"2023_12_10": 0.0329465168210272, "2023_12_11": 0.051250137277153406, "2023_20_4_1": 0.0658930336420544, "2023_20_7": 0.05857158545960391, "2023_20_8": 0.09883955046308159, "2023_20_9": 2.5222388988541935, "2023_26_1": 0.14642896364900979, "2023_26_3": 0.010982172273675731, "2023_26_6": 0.04758941318592817, "2023_26_7": 1.7058974265109632, "2023_26_8": 3.085990408902881, "2023_26_9": 3.964564190796939, "2023_26_10": 0.22330416956473984, "2023_26_11": 0.20133982501738842, "2023_26_12": 0.8419665409818061, "2023_27_6": 2.9834901343485742, "2023_27_7": 20.397554636307056, "2023_31_600": 0.040267965003477686, "2023_32_1": 0.3075008236629205, "2023_32_4": 2.2733096606508765, "2023_32_6": 10.447706556356847, "2023_32_7": 13.63985796390526, "2023_32_9": 27.012483069151074, "2023_38_1": 0.0658930336420544, "2023_38_4": 1.6143793242303326, "2023_38_6": 8.15975399934107}