{"2023_7_26": 0.030907124092103222, "2023_7_30": 6.3939112965538545, "2023_12_1_1": 0.030907124092103222, "2023_12_5": 0.06567763869571935, "2023_12_9": 0.061814248184206444, "2023_12_9_1": 0.019316952557564517, "2023_12_10": 0.07726781023025807, "2023_12_11": 0.06567763869571935, "2023_20_4_1": 0.10044815329933547, "2023_20_7": 0.08113120074177096, "2023_20_8": 0.14294544892597744, "2023_20_9": 3.079122237675784, "2023_26_1": 0.18157935404110648, "2023_26_3": 0.011590171534538708, "2023_26_6": 0.05795085767269355, "2023_26_7": 2.3566682120228712, "2023_26_8": 4.705609643022716, "2023_26_9": 6.532993354968319, "2023_26_10": 0.6838201205377838, "2023_26_11": 0.4520166898470097, "2023_26_12": 0.6722299490032452, "2023_27_6": 19.432854272909903, "2023_32_1": 0.49451398547365155, "2023_32_4": 4.755833719672383, "2023_32_6": 18.266110338433002, "2023_32_7": 31.24323906660485, "2023_38": 0.0038633905115129027}