{"2024_26_10": 1.5971081169898125, "2024_26_11": 0.24975353269799538, "2024_26_20": 1.4196516595465, "2024_27_5": 0.2760433782451528, "2024_27_10": 0.8215576733486692, "2024_27_25": 3.746302990469931, "2024_32": 0.03286230693394677, "2024_32_3": 6.381860006572461, "2024_32_4_1": 0.3220506079526783, "2024_32_4_2": 0.02628984554715741, "2024_32_5_3": 0.019717384160368057, "2024_32_5_4": 0.03286230693394677, "2024_32_6": 3.2205060795267832, "2024_32_7": 13.125205389418337, "2024_32_9": 0.05915215248110418, "2024_32_9_1": 0.15773907328294445, "2024_32_10": 31.593821886296418, "2024_32_20": 0.111731843575419, "2024_32_20_1": 0.354912914886625, "2024_33_5": 16.654617154124217, "2024_33_15": 1.097601051593822, "2024_33_25": 1.268485047650345, "2024_33_30": 0.111731843575419, "2024_33_35": 0.07229707525468287, "2024_38": 0.006572461386789352, "2024_38_2": 4.8701938876109105, "2024_38_4": 0.47978968123562277, "2024_38_6": 11.889582648701937}