{"2023_6_11": 0.01353546291283162, "2023_7_10": 0.2165674066053059, "2023_7_15": 0.1443782710702039, "2023_7_20": 4.489261866089153, "2023_7_26": 0.08121277747698971, "2023_7_30": 22.757624977440894, "2023_12_1": 0.004511820970943872, "2023_12_1_1": 0.03158274679660711, "2023_12_5": 0.07218913553510195, "2023_12_5_4": 0.009023641941887744, "2023_12_9": 0.07670095650604582, "2023_12_9_1": 0.02255910485471936, "2023_12_10": 0.08572459844793358, "2023_12_11": 0.09023641941887744, "2023_20_4_1": 0.1353546291283162, "2023_20_7": 0.16242555495397942, "2023_20_8": 0.23461469048908137, "2023_20_9": 5.332972387655658, "2023_26_1": 0.3203392889370149, "2023_26_3": 0.01353546291283162, "2023_26_6": 0.11730734524454069, "2023_26_7": 6.027792817181013, "2023_26_8": 14.731095470131745, "2023_26_9": 17.99765385309511, "2023_26_10": 0.9113878361306622, "2023_26_11": 0.816639595740841, "2023_27_5": 0.004511820970943872, "2023_32_1": 2.4679660711062983, "2023_32_4": 22.631293990254463}