{"2024_14_3": 0.022117369507519902, "2024_14_6": 0.11058684753759954, "2024_14_7": 0.03686228251253318, "2024_14_8": 0.1253317605426128, "2024_14_9": 3.214391035092893, "2024_15_15": 4.143320554408729, "2024_20_1": 0.7519905632556768, "2024_20_3": 0.2506635210852256, "2024_20_6": 0.007372456502506634, "2024_20_6_2": 0.16219404305514598, "2024_20_7": 3.118549100560307, "2024_20_8": 0.022117369507519902, "2024_20_9": 10.34355647301681, "2024_20_9_1": 0.022117369507519902, "2024_20_10": 0.11058684753759954, "2024_20_15": 0.4570923031554114, "2024_21_5": 0.7151282807431436, "2024_26_1": 0.007372456502506634, "2024_26_3_1": 2.8973754054851075, "2024_26_4": 0.022117369507519902, "2024_26_6": 1.5555883220289, "2024_26_7": 44.09466234149219, "2024_26_8": 14.752285461515777, "2024_26_10": 6.369802418165732, "2024_26_11": 0.9657918018283692, "2024_26_20": 4.047478619876142, "2024_27_5": 1.1722205838985549, "2024_32": 0.13270421704511945, "2024_32_3": 0.36862282512533173}