{"2024_32_20": 0.10965837199493887, "2024_32_20_1": 0.26992830029523407, "2024_33_5": 18.78532264867145, "2024_33_15": 0.522986081822016, "2024_33_25": 0.21931674398987774, "2024_33_30": 0.01687051876845213, "2024_33_35": 7.414592998734712, "2024_33_40": 0.9278785322648672, "2024_38": 0.008435259384226065, "2024_38_2": 1.872627583298187, "2024_38_4": 0.21088148460565165, "2024_38_6": 2.0750738085196123, "2024_38_7": 5.710670603121047, "2024_39_5": 1.130324757486293, "2024_39_15": 0.2277520033741038, "2024_44_1": 0.25305778152678204, "2024_44_3": 0.9110080134964152, "2024_44_3_1": 23.509067903838048, "2024_44_4": 0.767608603964572, "2024_44_25_2": 14.60143399409532, "2024_44_25_3": 0.4470687473639815, "2024_44_25_4": 0.8603964571910587, "2024_45_25_5": 4.07423028258119, "2024_45_25_6": 1.0628426824124844, "2024_45_25_10": 0.1687051876845213, "2024_45_25_15": 1.8220160269928305, "2024_45_32": 4.175453395191902, "2024_45_32_1": 4.884015183466891, "2024_45_32_2": 2.9607760438633495}