{"2024_2_6": 0.030075187969924803, "2024_2_7": 0.11278195488721802, "2024_2_8": 0.015037593984962402, "2024_3_6": 0.015037593984962402, "2024_3_10": 0.06015037593984961, "2024_3_15": 0.12030075187969921, "2024_3_25": 0.9624060150375937, "2024_8_7": 0.05263157894736841, "2024_8_9": 0.19548872180451127, "2024_14_3": 0.007518796992481201, "2024_14_5": 0.007518796992481201, "2024_14_6": 0.16541353383458646, "2024_14_7": 0.04511278195488721, "2024_14_8": 0.29323308270676685, "2024_14_9": 18.07518796992481, "2024_14_11": 0.007518796992481201, "2024_15_15": 5.105263157894736, "2024_20_1": 2.5864661654135332, "2024_20_3": 1.744360902255639, "2024_20_6": 0.27819548872180444, "2024_20_6_1": 0.015037593984962402, "2024_20_6_2": 2.6616541353383454, "2024_20_7": 20.849624060150372, "2024_20_8": 0.15789473684210523, "2024_20_9": 37.939849624060145, "2024_20_9_1": 0.022556390977443604, "2024_20_10": 1.6616541353383456, "2024_20_15": 2.654135338345864, "2024_26_1": 0.08270676691729323, "2024_26_3_1": 4.075187969924811}