{"2023_38_9_1": 0.07577910391209625, "2023_44_1": 12.683527517287107, "2023_44_25": 0.004736193994506015, "2023_44_30_1": 0.13261343184616842, "2023_44_30_2": 0.40257648953301123, "2023_44_30_3": 0.00947238798901203, "2023_44_30_4": 0.25575447570332477, "2023_44_30_5_1": 4.399924220896088, "2023_44_30_6": 0.8383063370275646, "2023_44_30_7": 0.7577910391209624, "2023_44_30_8": 19.977266268826373, "2023_44_30_9": 4.570427204698305, "2023_44_30_10": 0.004736193994506015, "2023_44_30_12": 0.014208581983518044, "2023_44_30_13": 0.3883679075494932, "2023_44_30_14": 13.270815572605855, "2023_44_30_16": 0.0615705219285782, "2023_44_30_20": 0.3836317135549872, "2023_44_30_25": 0.004736193994506015, "2024_2_2": 0.08051529790660225, "2024_2_2_1": 5.115089514066497, "2024_2_3": 1.3356067064506962, "2024_2_6": 2.306526475324429, "2024_2_7": 30.633702756464903, "2024_2_8": 2.292317893340911}