{"2023_26_12": 0.7213114754098362, "2023_27_6": 0.06557377049180328, "2023_27_7": 9.05386416861827, "2023_27_12": 3.4894613583138177, "2023_32_4": 0.09367681498829039, "2023_32_6": 0.11709601873536302, "2023_32_7": 0.1779859484777518, "2023_32_9": 1.213114754098361, "2023_38_1": 0.004683840749414521, "2023_38_4": 0.01405152224824356, "2023_38_6": 7.51288056206089, "2023_38_8": 0.18266978922716628, "2023_38_9": 4.201405152224825, "2023_38_9_1": 0.5105386416861827, "2023_44_1": 20.68384074941452, "2023_44_25": 0.004683840749414521, "2023_44_30_1": 0.4309133489461359, "2023_44_30_2": 1.1428571428571428, "2023_44_30_3": 0.018735362997658083, "2023_44_30_4": 0.9555035128805622, "2023_44_30_5_1": 34.660421545667454, "2023_44_30_6": 6.173302107728338, "2023_44_30_7": 8.557377049180328, "2023_44_30_10": 0.01405152224824356}