{"2022_44_30": 0.035542918073573834, "2022_44_30_2": 0.011847639357857945, "2022_44_30_5": 0.011847639357857945, "2022_44_30_10": 0.09478111486286356, "2022_45_12": 0.05331437711036075, "2022_45_13": 0.12440021325750841, "2022_45_15": 2.1029559860197855, "2023_2_10": 0.07108583614714767, "2023_2_12": 0.34358154137788033, "2023_2_301": 0.011847639357857945, "2023_6_8": 0.07700965582607665, "2023_6_9": 0.005923819678928972, "2023_6_11": 0.7937918369764824, "2023_7_5": 0.04739055743143178, "2023_7_10": 29.88567028019667, "2023_7_15": 0.15994313133108226, "2023_12_1": 0.04739055743143178, "2023_12_1_1": 0.15994313133108226, "2023_12_5": 16.55115218292755, "2023_12_5_3": 0.005923819678928972, "2023_12_5_4": 0.7286298205082636, "2023_12_8": 0.005923819678928972, "2023_12_9": 32.338131627273256, "2023_12_9_1": 13.245660802085183, "2023_12_10": 2.2332800189562225, "2023_12_11": 0.6220010662875421, "2023_20_4_1": 0.2310289674782299}