{"2024_32_20": 0.11015082189459412, "2024_32_20_1": 0.27114048466361634, "2024_33_5": 18.971360786307404, "2024_33_15": 0.5338078291814947, "2024_33_25": 0.22030164378918823, "2024_33_30": 0.01694628029147602, "2024_33_35": 7.430943907812234, "2024_33_40": 0.940518556176919, "2024_38": 0.00847314014573801, "2024_38_2": 1.881037112353838, "2024_38_4": 0.21182850364345027, "2024_38_6": 2.0928656159972885, "2024_38_7": 5.770208439247585, "2024_39_5": 1.1269276393831553, "2024_39_15": 0.2372479240806643, "2024_44_1": 0.2541942043721403, "2024_44_3": 0.9320454160311811, "2024_44_3_1": 23.70784612777495, "2024_44_4": 0.754109472970683, "2024_44_25_2": 15.251652262328419, "2024_44_25_3": 0.4829689883070666, "2024_44_25_4": 0.8303677342823249, "2024_45_25_5": 4.2365700728690046, "2024_45_25_6": 1.0083036773428231, "2024_45_25_10": 0.22877478393492626, "2024_45_25_15": 1.0167768174885612, "2024_45_32": 4.6263345195729535, "2024_45_32_1": 6.60057617352991, "2024_45_32_2": 0.24572106422640233}