{"2023_38_9_1": 0.03735524841240195, "2023_44_30_14": 0.0747104968248039, "2023_44_30_30": 0.0747104968248039, "2024_8_9": 0.03735524841240195, "2024_14_9": 0.03735524841240195, "2024_15_15": 0.03735524841240195, "2024_20_6_2": 0.03735524841240195, "2024_26_8": 0.2614867388868136, "2024_32_3": 0.03735524841240195, "2024_32_6": 0.0747104968248039, "2024_32_7": 0.4109077325364214, "2024_32_10": 0.709749719835637, "2024_33_5": 0.6723944714232349, "2024_33_35": 0.18677624206200968, "2024_33_40": 0.0747104968248039, "2024_38_2": 0.03735524841240195, "2024_38_6": 0.1494209936496078, "2024_38_7": 0.33619723571161747, "2024_39_5": 0.03735524841240195, "2024_39_15": 0.1494209936496078, "2024_44_1": 0.03735524841240195, "2024_44_3_1": 0.48561822936122523, "2024_44_4": 1.7556966753828913, "2024_44_25_2": 18.528203212551364, "2024_44_25_3": 0.33619723571161747, "2024_44_25_4": 3.3619723571161746, "2024_45_25_5": 14.157639148300335, "2024_45_25_6": 3.586103847590586, "2024_45_25_10": 0.5229734777736272, "2024_45_25_15": 8.292865147553231, "2024_45_32": 8.516996638027642, "2024_45_32_1": 16.585730295106462, "2024_45_32_2": 19.83563690698543, "2024_45_32_5": 0.5229734777736272}