{"2023_12_5": 0.011285407967498025, "2023_12_9": 0.011285407967498025, "2023_12_9_1": 0.016928111951247035, "2023_12_11": 0.011285407967498025, "2023_20_4_1": 0.02257081593499605, "2023_20_7": 0.02257081593499605, "2023_20_9": 0.03385622390249407, "2023_26_1": 0.005642703983749013, "2023_26_3": 0.005642703983749013, "2023_26_7": 0.011285407967498025, "2023_26_8": 0.08464055975623519, "2023_26_9": 0.0959259677237332, "2023_26_10": 0.011285407967498025, "2023_26_11": 0.005642703983749013, "2023_26_12": 0.9649023812210812, "2023_27_6": 0.15799571154497236, "2023_27_7": 28.371515630290034, "2023_27_11": 0.016928111951247035, "2023_31_600": 0.03385622390249407, "2023_32_1": 0.005642703983749013, "2023_32_4": 0.29906331113869766, "2023_32_6": 0.8125493736598578, "2023_32_7": 1.2244667644735356, "2023_32_9": 8.802618214648462, "2023_38_1": 0.005642703983749013, "2023_38_4": 0.2877779031711996, "2023_38_6": 54.739871346349176, "2023_38_8": 1.4614603317909944, "2023_38_9": 2.4658616408983187}