{"2023_38_6": 6.577001955453808, "2023_38_8": 0.1573901845757619, "2023_38_9": 3.457814661134163, "2023_38_9_1": 0.1907759813039538, "2023_44_1": 15.071302523012351, "2023_44_9_1": 0.004769399532598844, "2023_44_9_2": 0.009538799065197688, "2023_44_25": 0.004769399532598844, "2023_44_30_1": 0.2003147803691515, "2023_44_30_2": 0.5007869509228787, "2023_44_30_3": 0.009538799065197688, "2023_44_30_4": 0.3433967663471168, "2023_44_30_5_1": 5.728048838651214, "2023_44_30_6": 1.1732722850193158, "2023_44_30_7": 0.9872657032479611, "2023_44_30_8": 36.285591644012015, "2023_44_30_9": 11.603949062812992, "2023_44_30_10": 0.004769399532598844, "2023_44_30_12": 0.02861639719559307, "2023_44_30_13": 0.338627366814518, "2024_2_2": 0.20985357943434924, "2024_2_2_1": 16.845519149139122, "2024_2_3": 0.26708637382553535}