{"2023_12_9": 0.015514299012256294, "2023_12_9_1": 0.015514299012256294, "2023_12_11": 0.010342866008170862, "2023_20_4_1": 0.020685732016341725, "2023_20_7": 0.020685732016341725, "2023_20_9": 0.025857165020427158, "2023_26_1": 0.005171433004085431, "2023_26_3": 0.005171433004085431, "2023_26_7": 0.015514299012256294, "2023_26_8": 0.06722862905311061, "2023_26_9": 0.10342866008170863, "2023_26_10": 0.010342866008170862, "2023_26_11": 0.005171433004085431, "2023_26_12": 0.8532864456740962, "2023_27_6": 0.1499715571184775, "2023_27_7": 27.920566789057244, "2023_27_11": 0.015514299012256294, "2023_31_600": 0.025857165020427158, "2023_32_1": 0.005171433004085431, "2023_32_4": 0.1965144541552464, "2023_32_6": 0.6309148264984226, "2023_32_7": 0.9308579407353776, "2023_32_9": 5.926462222681905, "2023_38_1": 0.005171433004085431, "2023_38_4": 0.20685732016341726, "2023_38_6": 30.454568961059103, "2023_38_8": 0.5378290324248849, "2023_38_9": 16.72958576821637, "2023_44_1": 15.09024150592129}