{"2023_26_12": 0.29563932002956395, "2023_32_6": 0.016424406668309105, "2023_38_9": 0.016424406668309105, "2023_44_1": 0.016424406668309105, "2023_44_30_8": 0.09854644000985464, "2023_44_30_9": 0.008212203334154553, "2023_44_30_13": 0.016424406668309105, "2023_44_30_14": 0.6816128767348278, "2023_44_30_20": 0.008212203334154553, "2023_44_30_25": 0.07390983000739099, "2023_44_30_30": 0.18888067668555475, "2024_2_6": 0.03284881333661821, "2024_2_7": 0.6816128767348278, "2024_2_8": 0.02463661000246366, "2024_2_12": 0.008212203334154553, "2024_2_13": 0.008212203334154553, "2024_3_6": 0.3449125400344913, "2024_3_10": 1.2236182967890283, "2024_3_15": 6.922887410692289, "2024_3_20": 0.7144616900714462, "2024_3_25": 40.19873532068654, "2024_8_4": 0.1396074566806274, "2024_8_7": 0.38597355670526406, "2024_8_8": 0.016424406668309105, "2024_8_9": 24.40666830910733, "2024_8_12": 0.08212203334154553, "2024_14_3": 1.8970189701897018, "2024_14_5": 0.09033423667570009, "2024_14_6": 21.359940872135994, "2024_14_7": 0.04106101667077276}