{"2023_2_12": 0.09017560512577126, "2023_6_11": 0.018984337921215, "2023_7_10": 0.25154247745609876, "2023_7_15": 0.2183198860939725, "2023_7_20": 5.652586616041766, "2023_7_26": 0.09492168960607501, "2023_7_30": 22.03607024205031, "2023_12_1": 0.00474608448030375, "2023_12_1_1": 0.033222591362126255, "2023_12_5": 0.07593735168486, "2023_12_5_4": 0.0094921689606075, "2023_12_9": 0.06644518272425251, "2023_12_9_1": 0.028476506881822503, "2023_12_10": 0.07593735168486, "2023_12_11": 0.09966777408637875, "2023_20_4_1": 0.13289036544850502, "2023_20_7": 0.20882771713336504, "2023_20_8": 0.25154247745609876, "2023_20_9": 6.279069767441861, "2023_26_1": 0.37494067394399627, "2023_26_3": 0.018984337921215, "2023_26_6": 0.14712861888941628, "2023_26_7": 8.623635500711915, "2023_26_8": 23.455149501661133, "2023_26_9": 27.299477930707166, "2023_26_10": 1.40484100616991, "2023_26_11": 1.5045087802562889, "2023_32_1": 1.5424774560987187}