{"2022_44_30_10": 0.023818030248898416, "2022_45_12": 0.011909015124449208, "2022_45_13": 0.03572704537334763, "2022_45_15": 0.1488626890556151, "2023_2_10": 0.023818030248898416, "2023_2_12": 0.22627128736453497, "2023_2_301": 0.011909015124449208, "2023_6_8": 0.029772537811123018, "2023_6_11": 0.04763606049779683, "2023_7_10": 1.065856853638204, "2023_7_15": 0.9110396570203645, "2023_7_20": 27.68250565678218, "2023_7_26": 0.4227700369179469, "2023_12_1": 0.017863522686673815, "2023_12_1_1": 0.05359056806002144, "2023_12_5": 0.3274979159223533, "2023_12_5_4": 0.14290818149339052, "2023_12_9": 0.1726807193045135, "2023_12_9_1": 0.04763606049779683, "2023_12_10": 0.1726807193045135, "2023_12_11": 0.4763606049779683, "2023_20_4_1": 0.315588900797904, "2023_20_6": 0.005954507562224604, "2023_20_7": 0.7859949982136478, "2023_20_8": 0.7919495057758723, "2023_20_9": 38.51970942003097, "2023_26_1": 1.071811361200429, "2023_26_3": 0.07145409074669526, "2023_26_6": 1.3338096939383113, "2023_26_7": 25.05061331427891}