{"2024_3_20": 0.1472667295004712, "2024_3_25": 7.598963242224316, "2024_8_4": 0.041234684260131944, "2024_8_7": 0.20617342130065971, "2024_8_8": 0.011781338360037696, "2024_8_9": 4.541705937794532, "2024_8_12": 0.041234684260131944, "2024_9_5": 0.005890669180018848, "2024_14_3": 0.21795475966069744, "2024_14_5": 0.029453345900094244, "2024_14_6": 1.796654099905749, "2024_14_7": 0.7304429783223373, "2024_14_8": 2.085296889726673, "2024_14_9": 23.945570216776623, "2024_14_11": 0.08246936852026389, "2024_15_10": 0.005890669180018848, "2024_15_15": 4.211828463713477, "2024_20_1": 6.485626767200753, "2024_20_3": 2.8805372290292173, "2024_20_6": 0.3711121583411875, "2024_20_6_1": 0.023562676720075393, "2024_20_6_2": 2.821630537229029, "2024_20_7": 18.720546654099905, "2024_20_8": 0.1354853911404335, "2024_20_9": 22.45523091423185, "2024_20_9_1": 0.017672007540056545, "2024_20_10": 0.31809613572101786, "2024_26_1": 0.07068803016022618}