{"2023_7_20": 0.037345283824157055, "2023_7_30": 0.08002560819462227, "2023_12_9": 0.016005121638924452, "2023_12_9_1": 0.010670081092616303, "2023_20_4_1": 0.021340162185232606, "2023_20_7": 0.010670081092616303, "2023_20_9": 0.032010243277848904, "2023_26_3": 0.005335040546308152, "2023_26_7": 0.010670081092616303, "2023_26_8": 0.06402048655569781, "2023_26_9": 0.06935552710200597, "2023_26_10": 0.005335040546308152, "2023_26_11": 0.005335040546308152, "2023_26_12": 0.7469056764831412, "2023_27_6": 0.11737089201877933, "2023_27_7": 19.750320102432777, "2023_27_12": 8.221297481860862, "2023_32_4": 0.1440460947503201, "2023_32_6": 0.10670081092616303, "2023_32_7": 0.22407170294494239, "2023_32_9": 2.155356380708493, "2023_38_1": 0.005335040546308152, "2023_38_4": 0.010670081092616303, "2023_38_6": 12.777422108408024, "2023_38_8": 0.3254374733247973, "2023_38_9": 9.277635510029876, "2023_44_1": 45.75864276568502, "2023_44_25": 0.010670081092616303}