{"2023_7_15": 0.010928364570242065, "2023_7_20": 0.03278509371072619, "2023_7_30": 0.08742691656193652, "2023_12_9": 0.016392546855363094, "2023_12_9_1": 0.010928364570242065, "2023_20_4_1": 0.02185672914048413, "2023_20_7": 0.010928364570242065, "2023_20_9": 0.027320911425605155, "2023_26_3": 0.005464182285121032, "2023_26_7": 0.010928364570242065, "2023_26_8": 0.06010600513633135, "2023_26_9": 0.07103436970657341, "2023_26_10": 0.005464182285121032, "2023_26_11": 0.005464182285121032, "2023_26_12": 0.7704497022020653, "2023_27_6": 0.14753292169826787, "2023_27_7": 24.872957761870936, "2023_27_12": 3.0763346265231406, "2023_32_4": 0.14753292169826787, "2023_32_6": 0.13114037484290475, "2023_32_7": 0.2568165674006884, "2023_32_9": 2.344134200316923, "2023_38_1": 0.005464182285121032, "2023_38_4": 0.016392546855363094, "2023_38_6": 15.835200262280749, "2023_38_8": 0.3879569422435933, "2023_38_9": 10.130593956614392, "2023_44_1": 41.50046445549423}