{"2022_45_12": 0.0303275374039628, "2022_45_13": 0.050545895673271335, "2022_45_15": 1.0210270926000808, "2023_2_10": 0.020218358269308533, "2023_2_12": 0.16174686615446826, "2023_2_301": 0.010109179134654266, "2023_6_8": 0.04549130610594419, "2023_6_9": 0.005054589567327133, "2023_6_11": 0.11625556004852408, "2023_7_5": 0.0303275374039628, "2023_7_10": 5.797614233724221, "2023_7_15": 3.290537808329963, "2023_7_20": 20.774363121714515, "2023_12_1": 0.0151637687019814, "2023_12_1_1": 0.07076425394257987, "2023_12_5": 3.5028305701577036, "2023_12_5_4": 0.38920339668418924, "2023_12_8": 0.005054589567327133, "2023_12_9": 6.394055802668823, "2023_12_9_1": 2.0268904164981802, "2023_12_10": 0.9957541447634453, "2023_12_11": 3.9173069146785275, "2023_20_4_1": 44.24787707238172, "2023_20_6": 1.106955115244642, "2023_20_7": 5.974524868580672}