{"2024_3_25": 7.260496404546508, "2024_8_4": 0.040593829737879845, "2024_8_7": 0.1971700301554164, "2024_8_8": 0.011598237067965669, "2024_8_9": 4.389932730225006, "2024_8_12": 0.040593829737879845, "2024_9_5": 0.005799118533982834, "2024_14_3": 0.21456738575736486, "2024_14_5": 0.028995592669914173, "2024_14_6": 1.6759452563210393, "2024_14_7": 0.6784968684759918, "2024_14_8": 1.960102064486198, "2024_14_9": 20.25052192066806, "2024_14_11": 0.08118765947575969, "2024_15_10": 0.005799118533982834, "2024_15_15": 3.9549988401762928, "2024_20_1": 6.09487357921596, "2024_20_3": 2.5632103920204132, "2024_20_6": 0.32475063790303876, "2024_20_6_1": 0.017397355601948505, "2024_20_6_2": 2.5168174437485504, "2024_20_7": 17.507538854094175, "2024_20_8": 0.12178148921363954, "2024_20_9": 27.25005799118534, "2024_20_9_1": 0.017397355601948505, "2024_20_10": 2.6849918812340525, "2024_26_1": 0.07538854094177685, "2024_26_3_1": 0.028995592669914173}