{"2023_26_9": 0.0716092996610493, "2023_26_12": 0.7256409032319664, "2023_27_6": 0.0716092996610493, "2023_27_7": 10.082589392275745, "2023_27_12": 4.062634267436864, "2023_32_1": 0.0047739533107366205, "2023_32_4": 0.09547906621473241, "2023_32_6": 0.11934883276841551, "2023_32_7": 0.1814102258079916, "2023_32_9": 1.2889673938988875, "2023_38_1": 0.0047739533107366205, "2023_38_4": 0.019095813242946482, "2023_38_6": 8.106172721630783, "2023_38_8": 0.2052799923616747, "2023_38_9": 4.640282618035996, "2023_38_9_1": 0.48216928438439866, "2023_44_1": 23.425788895784596, "2023_44_25": 0.0047739533107366205, "2023_44_30_1": 0.6110660237742874, "2023_44_30_2": 1.6947534253115004, "2023_44_30_3": 0.03341767317515634, "2023_44_30_4": 1.3319329736955172, "2023_44_30_5_1": 34.74005824223039, "2023_44_30_6": 7.991597842173102, "2023_44_30_10": 0.0047739533107366205}