{"2022_40_4_2": 0.06825580174314816, "2022_44_2": 0.1207602646224929, "2022_44_25_1": 0.0630053554552137, "2022_44_25_2": 0.1417620497742308, "2022_44_25_3": 0.6983093562952851, "2022_44_25_5": 1.0763414890265672, "2022_44_30": 0.5040428436417096, "2022_44_30_1": 0.052504462879344745, "2022_44_30_2": 0.0787566943190171, "2022_44_30_5": 1.8534075396408696, "2022_44_30_10": 18.01428121390318, "2022_45_10": 0.010500892575868948, "2022_45_11": 0.3255276698519374, "2022_45_12": 7.48713640659456, "2022_45_13": 4.20035703034758, "2022_45_14": 0.22051874409324793, "2023_2_0_5": 0.05775490916727922, "2023_2_10": 1.0815919353145016, "2023_2_11": 0.1575133886380342, "2023_2_12": 28.331408169694427, "2023_2_13": 0.021001785151737895, "2023_2_201": 0.021001785151737895, "2023_2_301": 0.21001785151737898, "2023_6_1": 0.5722986453848578, "2023_6_8": 29.61776751023837, "2023_6_9": 5.0141762049774234}