{"2023_7_20": 0.033585222502099076, "2023_7_30": 0.07836551917156452, "2023_12_9": 0.016792611251049538, "2023_12_9_1": 0.01119507416736636, "2023_20_4_1": 0.016792611251049538, "2023_20_7": 0.01119507416736636, "2023_20_9": 0.016792611251049538, "2023_26_3": 0.00559753708368318, "2023_26_7": 0.01119507416736636, "2023_26_8": 0.05597537083683179, "2023_26_9": 0.07276798208788132, "2023_26_10": 0.00559753708368318, "2023_26_11": 0.00559753708368318, "2023_26_12": 0.8172404142177441, "2023_27_6": 0.15113350125944583, "2023_27_7": 27.523089840470195, "2023_27_12": 0.5149734116988525, "2023_31_600": 0.00559753708368318, "2023_32_4": 0.17912118667786175, "2023_32_6": 0.1343408900083963, "2023_32_7": 0.25748670584942623, "2023_32_9": 2.65883011474951, "2023_38_1": 0.00559753708368318, "2023_38_4": 0.02239014833473272, "2023_38_6": 20.951581304226142, "2023_38_8": 0.43101035544360483, "2023_38_9": 14.139378673383712, "2023_44_1": 31.866778617408343}