{"2024_27_25": 2.861500915192191, "2024_32": 0.03050640634533253, "2024_32_3": 5.021354484441734, "2024_32_4_1": 0.2135448444173277, "2024_32_4_2": 0.024405125076266024, "2024_32_5_3": 0.018303843807199516, "2024_32_5_4": 0.024405125076266024, "2024_32_6": 2.39170225747407, "2024_32_7": 7.321537522879806, "2024_32_9": 0.03660768761439903, "2024_32_9_1": 0.012202562538133012, "2024_32_10": 15.552165954850523, "2024_32_20": 0.07931665649786458, "2024_32_20_1": 0.20744356314826118, "2024_33_5": 17.91336180597926, "2024_33_15": 0.4026845637583894, "2024_33_25": 0.1952410006101282, "2024_33_30": 0.012202562538133012, "2024_33_35": 7.620500305064065, "2024_33_40": 0.7321537522879806, "2024_38": 0.006101281269066506, "2024_38_2": 1.482611348383161, "2024_38_4": 0.15253203172666266, "2024_38_6": 1.6595485051860894, "2024_38_7": 5.478950579621722, "2024_39_5": 1.1897498474679686, "2024_44_1": 0.2135448444173277, "2024_44_3": 0.8907870652837099, "2024_44_3_1": 23.29469188529592, "2024_44_4": 0.17083587553386215, "2024_44_25_2": 4.789505796217207}