{"2023_6_11": 0.012671594508975719, "2023_7_10": 0.16473072861668434, "2023_7_15": 0.11404435058078145, "2023_7_20": 3.2608236536430844, "2023_7_26": 0.06335797254487859, "2023_7_30": 23.84371700105597, "2023_12_1_1": 0.029567053854276673, "2023_12_5": 0.0760295670538543, "2023_12_5_4": 0.008447729672650478, "2023_12_9": 0.06758183738120382, "2023_12_9_1": 0.016895459345300956, "2023_12_10": 0.0760295670538543, "2023_12_11": 0.08025343189017954, "2023_20_4_1": 0.12671594508975717, "2023_20_7": 0.13093980992608242, "2023_20_8": 0.194297782470961, "2023_20_9": 4.3041182682154195, "2023_26_1": 0.2449841605068639, "2023_26_3": 0.012671594508975719, "2023_26_6": 0.10559662090813098, "2023_26_7": 4.802534318901797, "2023_26_8": 12.599788806758186, "2023_26_9": 19.336853220696945, "2023_26_10": 0.9376979936642031, "2023_26_11": 0.7476240760295673, "2023_27_6": 0.008447729672650478, "2023_32_1": 2.4794086589229156, "2023_32_4": 23.4297782470961, "2023_32_6": 2.7243928194297795}