{"2024_14_7": 0.026544561682925218, "2024_14_8": 0.11945052757316348, "2024_14_9": 2.3624659897803446, "2024_15_15": 3.371159333731502, "2024_20_1": 0.6503417612316678, "2024_20_3": 0.18581193178047656, "2024_20_6": 0.006636140420731304, "2024_20_6_2": 0.11945052757316348, "2024_20_7": 2.4022828323047323, "2024_20_8": 0.006636140420731304, "2024_20_9": 7.545291658371493, "2024_20_9_1": 0.006636140420731304, "2024_20_10": 0.09290596589023828, "2024_20_15": 0.3583515827194904, "2024_21_5": 0.5375273740792357, "2024_26_1": 0.006636140420731304, "2024_26_3_1": 1.9775698453779287, "2024_26_4": 0.01990842126219391, "2024_26_6": 1.021965624792621, "2024_26_7": 23.23976375340103, "2024_26_8": 15.09721945716372, "2024_26_10": 5.567721812993564, "2024_26_11": 1.1414161523657844, "2024_26_20": 4.539120047780211, "2024_27_5": 1.8382108965425712, "2024_27_10": 3.2052558232132196, "2024_32": 0.05972526378658174, "2024_32_3": 24.493994292919247}