{"2022_44_25_5": 0.021700211577062874, "2022_44_30": 0.027125264471328594, "2022_44_30_2": 0.010850105788531437, "2022_44_30_5": 0.010850105788531437, "2022_44_30_10": 0.09765095209678291, "2022_45_12": 0.05425052894265719, "2022_45_13": 0.10850105788531438, "2022_45_15": 1.4376390169804154, "2023_2_10": 0.07052568762545433, "2023_2_12": 0.2821027505018173, "2023_2_301": 0.010850105788531437, "2023_6_8": 0.05425052894265719, "2023_6_11": 0.23327727445342591, "2023_7_5": 0.03797537025986003, "2023_7_10": 14.181088265610589, "2023_7_15": 15.786903922313241, "2023_7_20": 0.016275158682797157, "2023_12_1": 0.04882547604839146, "2023_12_1_1": 0.10307600499104867, "2023_12_5": 7.991102913253403, "2023_12_5_4": 0.49367981337818034, "2023_12_8": 0.005425052894265718, "2023_12_9": 12.87365051809255, "2023_12_9_1": 8.15927955297564, "2023_12_10": 1.5298649161829325, "2023_12_11": 3.076004991048662, "2023_20_4_1": 33.27727445342592}