{"2024_3_25": 7.231213872832369, "2024_8_4": 0.03468208092485549, "2024_8_7": 0.19653179190751444, "2024_8_8": 0.011560693641618497, "2024_8_9": 4.38150289017341, "2024_8_12": 0.040462427745664734, "2024_9_5": 0.005780346820809248, "2024_14_3": 0.2080924855491329, "2024_14_5": 0.02890173410404624, "2024_14_6": 1.653179190751445, "2024_14_7": 0.6473988439306357, "2024_14_8": 1.930635838150289, "2024_14_9": 19.89017341040462, "2024_14_11": 0.08092485549132947, "2024_15_10": 0.005780346820809248, "2024_15_15": 3.9537572254335256, "2024_20_1": 6.011560693641618, "2024_20_3": 2.520231213872832, "2024_20_6": 0.32369942196531787, "2024_20_6_1": 0.017341040462427744, "2024_20_6_2": 2.450867052023121, "2024_20_7": 17.32369942196532, "2024_20_8": 0.12716763005780346, "2024_20_9": 27.757225433526006, "2024_20_9_1": 0.023121387283236993, "2024_20_10": 2.7514450867052025, "2024_26_1": 0.07514450867052022, "2024_26_3_1": 0.3179190751445087}