{"2024_32_9": 0.04285714285714285, "2024_32_9_1": 0.014285714285714284, "2024_32_10": 16.335714285714285, "2024_32_20": 0.09285714285714283, "2024_32_20_1": 0.22857142857142854, "2024_33_5": 16.207142857142852, "2024_33_15": 0.44999999999999996, "2024_33_25": 0.1928571428571428, "2024_33_30": 0.014285714285714284, "2024_33_35": 6.3357142857142845, "2024_33_40": 0.8071428571428569, "2024_38": 0.007142857142857142, "2024_38_2": 1.5857142857142854, "2024_38_4": 0.17857142857142855, "2024_38_6": 1.7785714285714282, "2024_38_7": 4.935714285714285, "2024_39_5": 0.9785714285714284, "2024_39_15": 0.22857142857142854, "2024_44_1": 0.21428571428571425, "2024_44_3": 0.8071428571428569, "2024_44_3_1": 20.16428571428571, "2024_44_4": 0.6071428571428571, "2024_44_25_2": 13.49285714285714, "2024_44_25_3": 0.5285714285714285, "2024_44_25_4": 0.6142857142857142, "2024_45_25_5": 3.3714285714285706, "2024_45_25_6": 0.7499999999999999, "2024_45_25_10": 0.1928571428571428, "2024_45_32": 8.842857142857142}