{"2023_38_9_1": 0.1220345601874451, "2023_44_1": 13.506785121546422, "2023_44_25": 0.004881382407497803, "2023_44_30_1": 0.1562042370399297, "2023_44_30_2": 0.43932441667480226, "2023_44_30_3": 0.009762764814995606, "2023_44_30_4": 0.27823879722737477, "2023_44_30_5_1": 4.79839890657034, "2023_44_30_6": 0.9274626574245826, "2023_44_30_7": 0.8249536268671288, "2023_44_30_8": 22.547105340232353, "2023_44_30_9": 5.506199355657522, "2023_44_30_10": 0.004881382407497803, "2023_44_30_12": 0.01464414722249341, "2023_44_30_13": 0.40515473982231764, "2023_44_30_14": 13.711803182661331, "2023_44_30_16": 0.039051059259982424, "2023_44_30_20": 0.3661036805623353, "2024_2_2": 0.08786488333496045, "2024_2_2_1": 6.541052426047058, "2024_2_3": 1.8695694620716585, "2024_2_6": 4.7691106121253535, "2024_2_7": 21.741677242995216, "2024_2_8": 1.3277360148394024}