{"2023_6_11": 0.013423419392366548, "2023_7_10": 0.2013512908854982, "2023_7_15": 0.14318314018524317, "2023_7_20": 4.349187883126761, "2023_7_26": 0.07159157009262158, "2023_7_30": 22.85560875206944, "2023_12_1": 0.004474473130788849, "2023_12_1_1": 0.03132131191552194, "2023_12_5": 0.07606604322341043, "2023_12_5_4": 0.008948946261577698, "2023_12_9": 0.07159157009262158, "2023_12_9_1": 0.017897892523155396, "2023_12_10": 0.08054051635419929, "2023_12_11": 0.08948946261577698, "2023_20_4_1": 0.13423419392366545, "2023_20_7": 0.16108103270839857, "2023_20_8": 0.22819812967023126, "2023_20_9": 5.208286724238221, "2023_26_1": 0.3087386460244306, "2023_26_3": 0.013423419392366548, "2023_26_6": 0.12081077453129892, "2023_26_7": 5.816815070025504, "2023_26_8": 14.644950557071903, "2023_26_9": 19.168642892299427, "2023_26_10": 0.9351648843348693, "2023_26_11": 0.8233030560651481, "2023_27_5": 0.008948946261577698, "2023_32_1": 2.6309902009038435, "2023_32_4": 21.781735200680117}