{"2023_44_30_9": 0.020689655172413796, "2023_44_30_13": 0.013793103448275862, "2023_44_30_14": 0.46896551724137936, "2023_44_30_25": 0.07586206896551725, "2023_44_30_30": 0.1724137931034483, "2024_2_6": 0.034482758620689655, "2024_2_7": 0.46896551724137936, "2024_2_8": 0.006896551724137931, "2024_2_12": 0.006896551724137931, "2024_3_6": 0.18620689655172415, "2024_3_10": 0.6620689655172415, "2024_3_15": 3.855172413793104, "2024_3_20": 0.3448275862068966, "2024_3_25": 28.51034482758621, "2024_8_3": 0.006896551724137931, "2024_8_4": 0.06896551724137931, "2024_8_7": 0.27586206896551724, "2024_8_8": 0.020689655172413796, "2024_8_9": 8.379310344827587, "2024_8_12": 0.05517241379310345, "2024_9_5": 0.006896551724137931, "2024_14_3": 0.42068965517241386, "2024_14_5": 0.048275862068965524, "2024_14_6": 5.641379310344828, "2024_14_7": 3.006896551724138, "2024_14_8": 8.013793103448275, "2024_14_9": 24.331034482758625, "2024_14_11": 0.12413793103448277, "2024_15_5": 0.034482758620689655, "2024_20_1": 14.73793103448276}