{"2023_12_9": 0.0537551835355552, "2023_12_9_1": 0.011518967900476117, "2023_12_10": 0.05759483950238059, "2023_12_11": 0.05759483950238059, "2023_20_4_1": 0.08831208723698356, "2023_20_7": 0.061434495469205964, "2023_20_8": 0.11135002303793579, "2023_20_9": 2.795269543848871, "2023_26_1": 0.16126555060666561, "2023_26_3": 0.011518967900476117, "2023_26_6": 0.0537551835355552, "2023_26_7": 1.9774228229150665, "2023_26_8": 3.6975886960528337, "2023_26_9": 4.699738903394255, "2023_26_10": 0.2918138534787283, "2023_26_11": 0.25341729381047456, "2023_26_12": 0.8063277530333282, "2023_27_6": 6.254799569958531, "2023_27_7": 16.42988788204577, "2023_32_1": 0.3570880049147596, "2023_32_4": 3.0064506220242664, "2023_32_6": 14.060820150514514, "2023_32_7": 22.20473045615113, "2023_32_9": 22.12025802488097, "2023_38_1": 0.3724466287820611, "2023_38_4": 0.0038396559668253728}