{"2022_40_4": 0.01599488163787588, "2022_40_4_1": 0.0799744081893794, "2022_40_4_2": 0.06397952655150352, "2022_44_2": 0.12262742589038172, "2022_44_25_1": 0.06397952655150352, "2022_44_25_2": 0.1439539347408829, "2022_44_25_3": 0.7144380464917892, "2022_44_25_5": 1.3595649392194498, "2022_44_30": 0.5331627212625293, "2022_44_30_1": 0.05864789933887822, "2022_44_30_2": 0.11196417146513114, "2022_44_30_5": 2.0526764768607375, "2022_44_30_10": 22.206227340584345, "2022_45_10": 0.01599488163787588, "2022_45_11": 0.3572190232458946, "2022_45_12": 7.245681381957773, "2023_2_0_5": 0.05864789933887822, "2023_2_10": 1.130304969076562, "2023_2_11": 0.16528044359138405, "2023_2_12": 29.137342716997228, "2023_2_13": 0.02132650885050117, "2023_2_201": 0.02132650885050117, "2023_2_301": 0.13862230752825763, "2023_6_1": 0.6078055022392834, "2023_6_8": 29.195990616336104, "2023_6_9": 4.377265941565365}