{"2023_44_1": 0.012850992739189103, "2023_44_30_5_1": 0.019276489108783657, "2023_44_30_8": 0.571869176893915, "2023_44_30_9": 0.03855297821756731, "2023_44_30_13": 0.019276489108783657, "2023_44_30_14": 2.4481141168155243, "2023_44_30_16": 0.006425496369594551, "2023_44_30_20": 0.019276489108783657, "2023_44_30_25": 1.6834800488337724, "2023_44_30_30": 0.3662532930668894, "2024_2_2_1": 0.006425496369594551, "2024_2_3": 0.012850992739189103, "2024_2_6": 0.04497847458716186, "2024_2_7": 9.014971406541155, "2024_2_8": 0.7132300970249952, "2024_2_12": 0.025701985478378205, "2024_2_13": 0.04497847458716186, "2024_3_6": 1.188716828374992, "2024_3_10": 8.012593972884405, "2024_3_15": 7.29936387585941, "2024_3_20": 0.8096125425689136, "2024_3_25": 28.349289982651165, "2024_8_3": 0.07068046006554006, "2024_8_4": 1.6256505815074218, "2024_8_7": 4.876951744522264, "2024_8_8": 0.07710595643513463, "2024_8_9": 30.932339523228176, "2024_8_12": 0.07710595643513463, "2024_14_3": 1.4971406541155305, "2024_14_5": 0.1349354237614856}