{"2024_2_6": 0.029960302599056254, "2024_2_7": 0.1423114373455172, "2024_2_8": 0.014980151299528127, "2024_3_6": 0.014980151299528127, "2024_3_10": 0.05992060519811251, "2024_3_15": 0.11235113474646094, "2024_3_25": 0.9662197588195642, "2024_8_7": 0.044940453898584386, "2024_8_9": 0.17227173994457345, "2024_14_3": 0.007490075649764063, "2024_14_5": 0.007490075649764063, "2024_14_6": 0.1647816642948094, "2024_14_7": 0.044940453898584386, "2024_14_8": 0.2846228746910344, "2024_14_9": 17.51179686914838, "2024_14_11": 0.007490075649764063, "2024_15_15": 4.973410231443338, "2024_20_1": 2.5391356452700173, "2024_20_3": 1.692757096846678, "2024_20_6": 0.2696427233915063, "2024_20_6_1": 0.014980151299528127, "2024_20_6_2": 2.606546326117894, "2024_20_7": 20.455396599505658, "2024_20_8": 0.1647816642948094, "2024_20_9": 38.04209422515167, "2024_20_9_1": 0.022470226949292193, "2024_20_10": 1.0111602127181485, "2024_20_15": 4.089581304771179, "2024_26_1": 0.0823908321474047, "2024_26_3_1": 4.449104935959854}