{"2023_27_7": 7.07720996314878, "2023_27_12": 2.6506238067752963, "2023_32_4": 0.07547839985792301, "2023_32_6": 0.09767792922790036, "2023_32_7": 0.13319717621986413, "2023_32_9": 1.0566975980109221, "2023_38_1": 0.0044399058739954715, "2023_38_4": 0.013319717621986414, "2023_38_6": 6.433423611419438, "2023_38_8": 0.15539670558984148, "2023_38_9": 3.4853261110864446, "2023_38_9_1": 0.20867557607778714, "2023_44_1": 15.646228299960038, "2023_44_9_1": 0.008879811747990943, "2023_44_25": 0.0044399058739954715, "2023_44_30_1": 0.226435199573769, "2023_44_30_2": 0.5727478577454158, "2023_44_30_3": 0.008879811747990943, "2023_44_30_4": 0.386271811037606, "2023_44_30_5_1": 7.1216090218887365, "2023_44_30_6": 1.425209785552546, "2023_44_30_7": 1.3230919504506504, "2023_44_30_8": 42.10806730897305, "2023_44_30_9": 9.758913111042045, "2023_44_30_10": 0.0044399058739954715, "2023_44_30_12": 0.013319717621986414}