{"2023_12_9": 0.016214463301264727, "2023_12_9_1": 0.016214463301264727, "2023_12_11": 0.010809642200843152, "2023_20_4_1": 0.021619284401686305, "2023_20_7": 0.021619284401686305, "2023_20_9": 0.027024105502107883, "2023_26_1": 0.005404821100421576, "2023_26_3": 0.005404821100421576, "2023_26_7": 0.010809642200843152, "2023_26_8": 0.09188195870716678, "2023_26_9": 0.09728677980758837, "2023_26_10": 0.010809642200843152, "2023_26_11": 0.005404821100421576, "2023_26_12": 0.9188195870716679, "2023_27_6": 0.14052534861096094, "2023_27_7": 28.207761323100204, "2023_27_11": 0.016214463301264727, "2023_31_600": 0.027024105502107883, "2023_32_1": 0.005404821100421576, "2023_32_4": 0.2702410550210788, "2023_32_6": 0.7404604907577559, "2023_32_7": 1.1025835044860015, "2023_32_9": 8.134255756134472, "2023_38_1": 0.005404821100421576, "2023_38_4": 0.22159766511728457, "2023_38_6": 41.665765863149936, "2023_38_8": 0.8161279861636579, "2023_38_9": 14.598421792238675, "2023_44_1": 2.788887687817533}