{"2024_27_25": 2.7799601136157612, "2024_32": 0.03021695775669306, "2024_32_3": 4.949537680546323, "2024_32_4_1": 0.21151870429685143, "2024_32_4_2": 0.02417356620535445, "2024_32_5_3": 0.018130174654015833, "2024_32_5_4": 0.02417356620535445, "2024_32_6": 2.344835921919381, "2024_32_7": 7.088898289720191, "2024_32_9": 0.03626034930803167, "2024_32_9_1": 0.012086783102677225, "2024_32_10": 14.461835982353296, "2024_32_20": 0.07856409016740196, "2024_32_20_1": 0.20547531274551278, "2024_33_5": 14.751918776817552, "2024_33_15": 0.3867770592856712, "2024_33_25": 0.17525835498881973, "2024_33_30": 0.012086783102677225, "2024_33_35": 6.158215990814045, "2024_33_40": 1.752583549888197, "2024_38": 0.006043391551338612, "2024_38_2": 1.4201970145645737, "2024_38_4": 0.1510847887834653, "2024_38_6": 1.5833685864507163, "2024_38_7": 4.9737112467516775, "2024_39_5": 1.2026349187163838, "2024_44_1": 0.1933885296428356, "2024_44_3": 0.7191635946092948, "2024_44_3_1": 18.275216051247963, "2024_44_4": 0.3928204508370098, "2024_44_25_2": 15.57986341935094}