{"2022_45_15": 0.7016248153618905, "2023_2_10": 0.013847858197932052, "2023_2_12": 0.1984859675036927, "2023_6_8": 0.050775480059084194, "2023_6_9": 0.004615952732644017, "2023_6_11": 0.09231905465288034, "2023_7_5": 0.023079763663220086, "2023_7_10": 3.8173929098966024, "2023_7_15": 2.1187223042836036, "2023_7_20": 23.17669867060561, "2023_7_25": 0.018463810930576068, "2023_12_1": 0.009231905465288034, "2023_12_1_1": 0.06462333825701623, "2023_12_5": 2.4787666174298373, "2023_12_5_4": 0.3231166912850812, "2023_12_8": 0.004615952732644017, "2023_12_9": 4.371307237813885, "2023_12_9_1": 1.1632200886262922, "2023_12_10": 0.6323855243722304, "2023_12_11": 2.594165435745938, "2023_20_4_1": 13.658604135893649, "2023_20_6": 0.27695716395864106, "2023_20_7": 22.9135893648449, "2023_20_8": 21.279542097488918, "2023_20_9": 0.009231905465288034, "2023_26": 0.004615952732644017}