{"2023_38_6": 0.013373453694416587, "2023_38_9": 0.020060180541624877, "2023_44_1": 0.020060180541624877, "2023_44_30_5_1": 0.013373453694416587, "2023_44_30_8": 0.6820461384152458, "2023_44_30_9": 0.046807087930458055, "2023_44_30_13": 0.020060180541624877, "2023_44_30_14": 2.9488465396188572, "2023_44_30_16": 0.020060180541624877, "2023_44_30_20": 0.020060180541624877, "2023_44_30_25": 2.3403543965229026, "2023_44_30_30": 0.45469742561016385, "2024_2_2_1": 0.006686726847208294, "2024_2_3": 0.020060180541624877, "2024_2_6": 0.06686726847208292, "2024_2_7": 12.537612838515546, "2024_2_7_1": 0.006686726847208294, "2024_2_8": 0.9027081243731194, "2024_2_12": 0.03343363423604146, "2024_2_13": 0.06686726847208292, "2024_3_6": 1.6115011701771982, "2024_3_10": 12.818455366098297, "2024_3_15": 28.04413239719158, "2024_3_20": 0.6820461384152458, "2024_8_3": 0.0869274490137078, "2024_8_4": 2.260113674356403, "2024_8_7": 7.469073888331662, "2024_8_8": 0.12036108324974927, "2024_8_9": 26.379137412236712, "2024_8_12": 0.28752925442995664}