{"2023_38_6": 6.651959138650425, "2023_38_8": 0.15826579060956308, "2023_38_9": 3.5154189247518106, "2023_38_9_1": 0.19183732195098555, "2023_44_1": 15.370965421322719, "2023_44_9_1": 0.009591866097549279, "2023_44_9_2": 0.01438779914632392, "2023_44_25": 0.004795933048774639, "2023_44_30_1": 0.20622512109730948, "2023_44_30_2": 0.5131648362188864, "2023_44_30_3": 0.009591866097549279, "2023_44_30_4": 0.36449091170687264, "2023_44_30_5_1": 5.91338544913913, "2023_44_30_6": 1.2133710613399837, "2023_44_30_7": 1.0119418732914487, "2023_44_30_8": 40.779818713730755, "2023_44_30_9": 12.277588604863075, "2023_44_30_10": 0.004795933048774639, "2023_44_30_12": 0.02877559829264784, "2023_44_30_13": 0.30214378207280224, "2024_2_2": 0.24938851853628127, "2024_2_2_1": 11.208095534986331}