{"2023_26_12": 0.28876921876219463, "2023_32_6": 0.01560914696011863, "2023_38_9": 0.01560914696011863, "2023_44_1": 0.01560914696011863, "2023_44_30_8": 0.0936548817607118, "2023_44_30_9": 0.02341372044017795, "2023_44_30_13": 0.01560914696011863, "2023_44_30_14": 0.6165613049246859, "2023_44_30_20": 0.007804573480059315, "2023_44_30_25": 0.0936548817607118, "2023_44_30_30": 0.19511433700148287, "2024_2_6": 0.02341372044017795, "2024_2_7": 0.593147584484508, "2024_2_8": 0.02341372044017795, "2024_2_12": 0.007804573480059315, "2024_3_6": 0.296573792242254, "2024_3_10": 1.0614219932880669, "2024_3_15": 5.876843830484664, "2024_3_20": 0.6087567314446266, "2024_3_25": 40.12331226098494, "2024_8_4": 0.13267774916100836, "2024_8_7": 0.3746195270428472, "2024_8_8": 0.01560914696011863, "2024_8_9": 21.969874346366975, "2024_8_12": 0.07024116132053385, "2024_9_5": 0.01560914696011863, "2024_14_3": 1.2253180363693126, "2024_14_5": 0.06243658784047452, "2024_14_6": 14.95356278779365, "2024_14_7": 7.515804261297121, "2024_14_8": 3.6681495356278786}