{"2023_32_6": 0.038834951456310676, "2023_38_9_1": 0.038834951456310676, "2023_44_30_14": 0.038834951456310676, "2023_44_30_30": 0.038834951456310676, "2024_8_9": 0.038834951456310676, "2024_14_9": 0.038834951456310676, "2024_15_15": 0.038834951456310676, "2024_20_6_2": 0.038834951456310676, "2024_26_8": 0.11650485436893204, "2024_32_6": 0.07766990291262135, "2024_32_7": 0.3106796116504854, "2024_32_10": 0.5825242718446602, "2024_33_5": 0.5048543689320389, "2024_33_35": 0.27184466019417475, "2024_38_2": 0.038834951456310676, "2024_38_6": 0.1553398058252427, "2024_38_7": 0.38834951456310685, "2024_39_5": 0.038834951456310676, "2024_39_15": 0.11650485436893204, "2024_44_3_1": 0.4271844660194175, "2024_44_4": 1.6699029126213591, "2024_44_25_2": 17.24271844660194, "2024_44_25_3": 0.19417475728155342, "2024_44_25_4": 3.3398058252427183, "2024_45_25_5": 14.019417475728154, "2024_45_25_6": 3.5339805825242716, "2024_45_25_10": 0.4271844660194175, "2024_45_25_15": 9.63106796116505, "2024_45_32": 5.70873786407767, "2024_45_32_1": 10.757281553398059, "2024_45_32_2": 23.844660194174754, "2024_45_32_5": 0.27184466019417475, "2024_45_32_6": 0.8932038834951455, "2025_2": 5.126213592233009}