{"2022_44_25_5": 0.033938571186153066, "2022_44_30": 0.1074721420894847, "2022_44_30_2": 0.016969285593076533, "2022_44_30_5": 0.016969285593076533, "2022_44_30_10": 0.13575428474461226, "2022_45_11": 0.022625714124102043, "2022_45_12": 0.09050285649640817, "2022_45_13": 0.2206007127099949, "2022_45_15": 22.569149838791787, "2023_2_10": 0.1018157135584592, "2023_2_11": 0.005656428531025511, "2023_2_12": 1.0803778494258727, "2023_2_13": 0.011312857062051021, "2023_2_301": 0.011312857062051021, "2023_6_8": 0.14141071327563776, "2023_6_9": 0.005656428531025511, "2023_6_11": 0.24888285536512245, "2023_6_11_2": 0.005656428531025511, "2023_7_5": 0.3789807115787092, "2023_7_10": 8.643022795406981, "2023_12_1": 0.13575428474461226, "2023_12_1_1": 0.33938571186153066, "2023_12_5": 29.854629786752646, "2023_12_5_3": 0.13009785621358674, "2023_12_5_4": 0.6391764240058827, "2023_12_8": 0.13009785621358674, "2023_12_9": 33.35595904745744, "2023_12_9_1": 0.005656428531025511, "2023_12_10": 1.561174274563041}