{"2023_20_4_1": 0.025445292620865135, "2023_20_7": 0.015267175572519078, "2023_20_9": 0.030534351145038156, "2023_26_7": 0.010178117048346053, "2023_26_8": 0.07124681933842238, "2023_26_9": 0.07124681933842238, "2023_26_10": 0.005089058524173027, "2023_26_11": 0.005089058524173027, "2023_26_12": 0.753180661577608, "2023_27_6": 0.09160305343511448, "2023_27_7": 18.83460559796437, "2023_27_12": 8.651399491094146, "2023_32_4": 0.14758269720101777, "2023_32_6": 0.11704834605597962, "2023_32_7": 0.20356234096692108, "2023_32_9": 1.7862595419847325, "2023_38_1": 0.005089058524173027, "2023_38_4": 0.010178117048346053, "2023_38_6": 10.992366412213737, "2023_38_8": 0.29516539440203554, "2023_38_9": 8.402035623409668, "2023_38_9_1": 0.35623409669211187, "2023_44_1": 48.432569974554696, "2023_44_25": 0.005089058524173027, "2023_44_30_1": 0.6819338422391856}