{"2023_20_9": 0.02491032283778398, "2023_26_8": 0.07473096851335193, "2023_26_9": 0.07473096851335193, "2023_26_12": 0.7572738142686329, "2023_27_6": 0.08469509764846553, "2023_27_7": 15.12554802710243, "2023_27_12": 6.710840972499003, "2023_32_4": 0.11956954962136308, "2023_32_6": 0.1145874850538063, "2023_32_7": 0.18931845356715823, "2023_32_9": 1.6440813072937426, "2023_38_1": 0.004982064567556795, "2023_38_4": 0.00996412913511359, "2023_38_6": 9.724990035870865, "2023_38_8": 0.25408529294539656, "2023_38_9": 6.496612196094061, "2023_38_9_1": 0.41849342367477077, "2023_44_1": 36.887206058190515, "2023_44_25": 0.004982064567556795, "2023_44_30_1": 3.0689517736149865, "2023_44_30_2": 13.396771622160223, "2023_44_30_3": 0.1145874850538063, "2023_44_30_4": 4.698086887206058}