{"2023_38_6": 0.013386880856760373, "2023_38_9": 0.020080321285140562, "2023_44_1": 0.020080321285140562, "2023_44_30_5_1": 0.013386880856760373, "2023_44_30_8": 0.682730923694779, "2023_44_30_9": 0.046854082998661305, "2023_44_30_13": 0.020080321285140562, "2023_44_30_14": 2.951807228915662, "2023_44_30_16": 0.020080321285140562, "2023_44_30_20": 0.020080321285140562, "2023_44_30_25": 2.3427041499330654, "2023_44_30_30": 0.45515394912985263, "2024_2_2_1": 0.0066934404283801865, "2024_2_3": 0.020080321285140562, "2024_2_6": 0.07362784471218205, "2024_2_7": 12.637215528781793, "2024_2_7_1": 0.0066934404283801865, "2024_2_8": 0.9170013386880856, "2024_2_12": 0.03346720214190093, "2024_2_13": 0.06693440428380186, "2024_3_6": 1.6198125836680053, "2024_3_10": 12.851405622489958, "2024_3_15": 28.025435073627836, "2024_3_20": 0.6559571619812582, "2024_8_3": 0.08701472556894244, "2024_8_4": 2.269076305220883, "2024_8_7": 7.536813922356089, "2024_8_8": 0.12048192771084335, "2024_8_9": 26.18473895582329, "2024_8_12": 0.2811244979919678}