{"2023_38_6": 6.437768240343349, "2023_38_8": 0.1556383530632458, "2023_38_9": 3.3344338065368113, "2023_38_9_1": 0.18865254916757065, "2023_44_1": 14.559260482007264, "2023_44_9_1": 0.004716313729189267, "2023_44_9_2": 0.009432627458378534, "2023_44_25": 0.004716313729189267, "2023_44_30_1": 0.18393623543838142, "2023_44_30_2": 0.4669150591897374, "2023_44_30_3": 0.009432627458378534, "2023_44_30_4": 0.3112767061264916, "2023_44_30_5_1": 5.4567749846719815, "2023_44_30_6": 1.098901098901099, "2023_44_30_7": 0.9102485497335283, "2023_44_30_8": 34.86770739989625, "2023_44_30_9": 11.474791303117486, "2023_44_30_10": 0.004716313729189267, "2023_44_30_12": 0.023581568645946332, "2023_44_30_13": 0.34429090223081643, "2023_44_30_15": 0.004716313729189267, "2024_2_2": 0.13677309814648875, "2024_2_2_1": 16.926849974060275, "2024_2_3": 3.0844691788897802}