{"2022_44_25_3": 0.05462988254575251, "2022_44_25_5": 0.021851953018301003, "2022_44_30": 0.027314941272876255, "2022_44_30_2": 0.010925976509150502, "2022_44_30_5": 0.010925976509150502, "2022_44_30_10": 0.09287080032777928, "2022_45_11": 0.005462988254575251, "2022_45_12": 0.05462988254575251, "2022_45_13": 0.10379677683692978, "2022_45_15": 1.4695438404807426, "2023_2_10": 0.07101884730947827, "2023_2_12": 0.262223436219612, "2023_2_301": 0.010925976509150502, "2023_6_8": 0.06009287080032777, "2023_6_11": 0.22944550669216057, "2023_7_5": 0.038240917782026755, "2023_7_10": 14.444140945096965, "2023_7_15": 15.618683419830642, "2023_12_1": 0.04370390603660201, "2023_12_1_1": 0.10379677683692978, "2023_12_5": 8.718929254302102, "2023_12_5_4": 0.5135208959300737, "2023_12_8": 0.005462988254575251, "2023_12_9": 14.138213602840752, "2023_12_9_1": 9.915323682054082, "2023_12_10": 1.5897295820813981, "2023_12_11": 2.93362469270691, "2023_20_4_1": 29.450969680415177}