{"2022_36_6": 0.1595834033260541, "2022_36_20": 0.24357466823450363, "2022_40_4": 0.025197379472534864, "2022_40_4_1": 0.11758777087182935, "2022_40_4_2": 0.13018646060809674, "2022_40_4_10": 0.025197379472534864, "2022_44_2": 0.17218209306232155, "2022_44_2_8": 0.0041995632454224765, "2022_44_25_1": 0.6425331765496389, "2022_44_25_2": 1.5202418948429366, "2022_44_25_3": 5.736603393247103, "2022_44_25_5": 3.2126658827481953, "2022_44_30": 4.048378968587268, "2022_44_30_1": 0.46195195699647246, "2022_44_30_2": 0.08399126490844955, "2022_44_30_5": 4.9806820090710575, "2022_44_30_8": 0.016798252981689906, "2022_44_30_10": 23.958508315135234, "2022_45_10": 0.020997816227112387, "2022_45_11": 0.1427851503443642, "2023_2_0_5": 0.5879388543591468, "2023_2_10": 5.493028725012599, "2023_2_11": 0.8273139593482279, "2023_2_12": 45.16210314127331, "2023_2_13": 0.008399126490844953, "2023_2_201": 0.041995632454224774, "2023_6_1": 1.8058121955316653, "2023_6_8": 0.36956156559717795}