{"2024_26_6": 0.5567799559215868, "2024_26_7": 7.15114255886788, "2024_26_8": 5.533000811970769, "2024_26_10": 1.4267486370490663, "2024_26_11": 0.2203920658856281, "2024_26_20": 1.304953021691219, "2024_27_5": 0.24939102192321075, "2024_27_10": 0.7307736921470828, "2024_27_25": 3.416077021227235, "2024_32": 0.02899895603758265, "2024_32_3": 5.793991416309012, "2024_32_4_1": 0.295789351583343, "2024_32_4_2": 0.02319916483006612, "2024_32_5_3": 0.017399373622549587, "2024_32_5_4": 0.02899895603758265, "2024_32_6": 2.9636933070409466, "2024_32_7": 13.403317480570701, "2024_32_9": 0.0579979120751653, "2024_32_9_1": 0.01159958241503306, "2024_32_10": 34.827746201136755, "2024_32_20": 0.10439624173529752, "2024_32_20_1": 0.33058809882844215, "2024_33_5": 6.530564899663611, "2024_33_15": 0.9279665932026449, "2024_33_25": 1.0555619997680084, "2024_38": 0.00579979120751653, "2024_38_2": 5.272010207632525, "2024_38_4": 0.5973784943742025, "2024_38_6": 7.133743185245331}