{"2024_26_3_1": 1.1334272962179939, "2024_26_4": 0.017618040873854823, "2024_26_6": 0.5755226685459243, "2024_26_7": 7.587502936340145, "2024_26_8": 5.737608644585388, "2024_26_10": 1.49753347427766, "2024_26_11": 0.24665257223396753, "2024_26_20": 1.3507164669955365, "2024_27_5": 0.26427061310782235, "2024_27_10": 0.798684519614752, "2024_27_25": 3.764388066713647, "2024_32": 0.029363401456424708, "2024_32_3": 6.242659149635893, "2024_32_4_1": 0.3171247357293868, "2024_32_4_2": 0.023490721165139766, "2024_32_5_3": 0.017618040873854823, "2024_32_5_4": 0.029363401456424708, "2024_32_6": 3.412027249236551, "2024_32_7": 15.873854827343195, "2024_32_9": 0.099835564951844, "2024_32_9_1": 0.011745360582569883, "2024_32_10": 39.0004698144233, "2024_32_20": 0.1291989664082687, "2024_32_20_1": 0.41108762038994595, "2024_33_5": 0.041108762038994585, "2024_33_15": 0.7634484378670424, "2024_33_25": 0.8515386422363165, "2024_38": 0.005872680291284941, "2024_38_2": 8.585858585858585, "2024_38_4": 1.180408738548273}