{"2023_38_6": 6.131058834319255, "2023_38_8": 0.15132755537212822, "2023_38_9": 3.1274361443573166, "2023_38_9_1": 0.1788416563488788, "2023_44_1": 13.371853074700784, "2023_44_9_2": 0.009171366992250195, "2023_44_25": 0.004585683496125098, "2023_44_30_1": 0.16049892236437843, "2023_44_30_2": 0.4310542486357592, "2023_44_30_3": 0.009171366992250195, "2023_44_30_4": 0.27055532627138074, "2023_44_30_5_1": 4.824139037923602, "2023_44_30_6": 0.9584078506901454, "2023_44_30_7": 0.8208373458063923, "2023_44_30_8": 24.331636630439764, "2023_44_30_9": 6.993167331590773, "2023_44_30_10": 0.004585683496125098, "2023_44_30_12": 0.01834273398450039, "2023_44_30_13": 0.3530976292016325, "2023_44_30_14": 12.060347594809006, "2023_44_30_20": 0.26138395927913055, "2024_2_2": 0.09629935341862704, "2024_2_2_1": 9.90507635163021, "2024_2_3": 4.448112991241344, "2024_2_6": 10.744256431421103, "2024_2_7": 0.33475489521713214}