{"2024_32_4_2": 0.02614208221684857, "2024_32_5_3": 0.01960656166263643, "2024_32_5_4": 0.02614208221684857, "2024_32_6": 2.516175413371675, "2024_32_7": 7.672701130645056, "2024_32_9": 0.03921312332527286, "2024_32_9_1": 0.013071041108424285, "2024_32_10": 15.417292987386446, "2024_32_20": 0.08496176720475787, "2024_32_20_1": 0.22220769884321287, "2024_33_5": 15.528396836808051, "2024_33_15": 0.411737794915365, "2024_33_25": 0.18953009607215215, "2024_33_30": 0.013071041108424285, "2024_33_35": 6.228351088164172, "2024_33_40": 1.1829292203123978, "2024_38": 0.006535520554212143, "2024_38_2": 1.5162407685772172, "2024_38_4": 0.16338801385530358, "2024_38_6": 1.686164302986733, "2024_38_7": 5.293771648911836, "2024_39_5": 1.0195412064570943, "2024_39_15": 1.4312790013724592, "2024_44_1": 0.20260113718057643, "2024_44_3": 0.777726945951245, "2024_44_3_1": 19.26017907326319, "2024_44_4": 0.49669956212012284, "2024_44_25_2": 16.639435331024117, "2024_44_25_3": 1.9149075223841578}