{"2023_38_6": 6.2274785179709875, "2023_38_8": 0.15245310911946777, "2023_38_9": 3.192275709137947, "2023_38_9_1": 0.18479164741753673, "2023_44_1": 13.628383997043333, "2023_44_9_2": 0.009239582370876838, "2023_44_25": 0.004619791185438419, "2023_44_30_1": 0.16169269149034463, "2023_44_30_2": 0.43426037143121127, "2023_44_30_3": 0.009239582370876838, "2023_44_30_4": 0.27256767994086667, "2023_44_30_5_1": 4.970895315531738, "2023_44_30_6": 0.984015522498383, "2023_44_30_7": 0.8500415781206688, "2023_44_30_8": 25.736856694077424, "2023_44_30_9": 7.895223135914256, "2023_44_30_10": 0.004619791185438419, "2023_44_30_12": 0.018479164741753675, "2023_44_30_13": 0.3557239212787582, "2023_44_30_14": 10.648618682435554, "2023_44_30_20": 0.013859373556315255, "2024_2_2": 0.1062551972650836, "2024_2_2_1": 11.725030028642704, "2024_2_3": 5.996488958699066, "2024_2_6": 6.4168899565739626}