{"2022_44_30_10": 0.023584905660377364, "2022_45_12": 0.011792452830188682, "2022_45_13": 0.03537735849056605, "2022_45_15": 0.14740566037735853, "2023_2_10": 0.023584905660377364, "2023_2_12": 0.224056603773585, "2023_2_301": 0.011792452830188682, "2023_6_8": 0.029481132075471702, "2023_6_11": 0.04716981132075473, "2023_7_10": 1.0613207547169814, "2023_7_15": 0.9139150943396229, "2023_7_20": 27.6120283018868, "2023_7_26": 0.4245283018867925, "2023_12_1": 0.017688679245283025, "2023_12_1_1": 0.053066037735849066, "2023_12_5": 0.32429245283018876, "2023_12_5_4": 0.1297169811320755, "2023_12_9": 0.16509433962264156, "2023_12_9_1": 0.04716981132075473, "2023_12_10": 0.17688679245283023, "2023_12_11": 0.45990566037735864, "2023_20_4_1": 0.3066037735849057, "2023_20_6": 0.005896226415094341, "2023_20_7": 0.7311320754716983, "2023_20_8": 0.7547169811320756, "2023_20_9": 36.75707547169812, "2023_26_1": 0.984669811320755, "2023_26_3": 0.058962264150943404, "2023_26_6": 1.261792452830189, "2023_26_7": 27.1992924528302}