{"2024_27_25": 2.805380513814833, "2024_32": 0.030295685894328652, "2024_32_3": 4.9684924866698985, "2024_32_4_1": 0.21206980126030053, "2024_32_4_2": 0.024236548715462918, "2024_32_5_3": 0.01817741153659719, "2024_32_5_4": 0.024236548715462918, "2024_32_6": 2.350945225399903, "2024_32_7": 7.167959282598159, "2024_32_9": 0.03635482307319438, "2024_32_9_1": 0.012118274357731459, "2024_32_10": 14.626757149781872, "2024_32_20": 0.07876878332525449, "2024_32_20_1": 0.20601066408143476, "2024_33_5": 15.147842947164325, "2024_33_15": 0.39384391662627244, "2024_33_25": 0.17571497818710619, "2024_33_30": 0.012118274357731459, "2024_33_35": 6.471158507028599, "2024_33_40": 1.5087251575375666, "2024_38": 0.0060591371788657295, "2024_38_2": 1.4360155113911781, "2024_38_4": 0.15147842947164325, "2024_38_6": 1.6117304895782842, "2024_38_7": 5.041202132816287, "2024_39_5": 1.1936500242365489, "2024_44_1": 0.1999515269025691, "2024_44_3": 0.7331555986427534, "2024_44_3_1": 18.831798351914685, "2024_44_4": 0.35142995637421237, "2024_44_25_2": 14.17232186136694}