{"2023_44_1": 0.013029315960912054, "2023_44_30_5_1": 0.013029315960912054, "2023_44_30_8": 0.6254071661237787, "2023_44_30_9": 0.03908794788273617, "2023_44_30_13": 0.02605863192182411, "2023_44_30_14": 2.7296416938110752, "2023_44_30_16": 0.013029315960912054, "2023_44_30_20": 0.013029315960912054, "2023_44_30_25": 2.03257328990228, "2023_44_30_30": 0.41042345276872966, "2024_2_2_1": 0.006514657980456027, "2024_2_3": 0.013029315960912054, "2024_2_6": 0.05211726384364822, "2024_2_7": 10.918566775244301, "2024_2_8": 0.7882736156351794, "2024_2_12": 0.02605863192182411, "2024_2_13": 0.05211726384364822, "2024_3_6": 1.3811074918566777, "2024_3_10": 10.175895765472315, "2024_3_15": 13.563517915309447, "2024_3_20": 2.195439739413681, "2024_3_25": 16.944625407166125, "2024_8_3": 0.08469055374592835, "2024_8_4": 1.9674267100977205, "2024_8_7": 6.221498371335507, "2024_8_8": 0.09120521172638438, "2024_8_9": 29.172638436482085, "2024_8_12": 0.247557003257329, "2024_14_3": 0.18241042345276876}