{"2024_8_9": 0.17673274934685723, "2024_8_12": 0.01536806516059628, "2024_14_3": 0.023052097740894423, "2024_14_6": 0.09220839096357769, "2024_14_7": 0.01536806516059628, "2024_14_8": 0.11526048870447211, "2024_14_9": 4.026433072076226, "2024_14_11": 0.00768403258029814, "2024_15_15": 4.280006147226064, "2024_20_1": 0.8375595512524974, "2024_20_3": 0.2919932380513294, "2024_20_6": 0.01536806516059628, "2024_20_6_2": 0.19978484708775165, "2024_20_7": 3.4808667588750577, "2024_20_8": 0.023052097740894423, "2024_20_9": 12.840018441678192, "2024_20_9_1": 0.023052097740894423, "2024_20_10": 0.1459966190256647, "2024_20_15": 0.49177808513908094, "2024_21_5": 0.8836637467342862, "2024_26_1": 0.023052097740894423, "2024_26_3_1": 4.011065006915629, "2024_26_4": 0.023052097740894423, "2024_26_6": 1.9440602428154294, "2024_26_7": 51.65975103734441, "2024_26_8": 3.4654986937144616, "2024_26_10": 7.161518364837867, "2024_26_11": 0.3611495312740126, "2024_26_20": 3.2810819117873056, "2024_32": 0.08452435838327954}