{"2024_3_6": 0.11345315578909652, "2024_3_10": 0.44784140443064424, "2024_3_15": 2.5855377082462527, "2024_3_20": 0.15525168686929, "2024_3_25": 8.461216934376303, "2024_8_4": 0.04776974980593538, "2024_8_7": 0.22690631157819305, "2024_8_8": 0.011942437451483845, "2024_8_9": 4.932226667462829, "2024_8_12": 0.04179853108019346, "2024_9_5": 0.005971218725741923, "2024_14_3": 0.23884874902967687, "2024_14_5": 0.02985609362870961, "2024_14_6": 1.9764733982205764, "2024_14_7": 0.7882008717979339, "2024_14_8": 2.3944587090225107, "2024_14_9": 26.410700423956524, "2024_14_11": 0.077625843434645, "2024_15_10": 0.005971218725741923, "2024_15_15": 3.7797814533946372, "2024_20_1": 7.8939511554308215, "2024_20_3": 3.8574072968292823, "2024_20_6": 0.7046038096375469, "2024_20_6_1": 0.02985609362870961, "2024_20_6_2": 4.1320833582134116, "2024_20_7": 21.568042037379822, "2024_20_8": 0.1373380306920642, "2024_20_9": 8.932943213709917, "2024_20_9_1": 0.011942437451483845}