{"2023_12_9": 0.04956723986731231, "2023_12_9_1": 0.011438593815533612, "2023_12_10": 0.057192969077668056, "2023_12_11": 0.053380104472490184, "2023_20_4_1": 0.08388302131391313, "2023_20_7": 0.06100583368284592, "2023_20_8": 0.11057307355015825, "2023_20_9": 2.7567011095436, "2023_26_1": 0.16014031341747056, "2023_26_3": 0.011438593815533612, "2023_26_6": 0.053380104472490184, "2023_26_7": 1.940748084035536, "2023_26_8": 3.606969916498265, "2023_26_9": 4.560186067792732, "2023_26_10": 0.2783391161779845, "2023_26_11": 0.24402333473138368, "2023_26_12": 0.8083272962977084, "2023_27_6": 5.093987112517635, "2023_27_7": 17.703130361840852, "2023_32_1": 0.3545964082815419, "2023_32_4": 2.88252564151447, "2023_32_6": 13.287833149044875, "2023_32_7": 20.048042094025245, "2023_32_9": 22.86193617264651, "2023_38_1": 0.38128646051778703, "2023_38_4": 2.5393678270484616}