{"2023_26_9": 0.07168116219057633, "2023_26_12": 0.72636911019784, "2023_27_6": 0.07168116219057633, "2023_27_7": 10.145273822039568, "2023_27_12": 4.08582624486285, "2023_32_1": 0.004778744146038421, "2023_32_4": 0.09557488292076842, "2023_32_6": 0.11946860365096051, "2023_32_7": 0.1863710216954984, "2023_32_9": 1.295039663576412, "2023_38_1": 0.004778744146038421, "2023_38_4": 0.019114976584153683, "2023_38_6": 8.14298002484947, "2023_38_8": 0.20548599827965208, "2023_38_9": 4.673611774825575, "2023_38_9_1": 0.4730956704578037, "2023_44_1": 23.60221733728376, "2023_44_25": 0.004778744146038421, "2023_44_30_1": 0.6260154831310333, "2023_44_30_2": 1.7776928223262927, "2023_44_30_3": 0.033451209022268946, "2023_44_30_4": 1.371499569913027, "2023_44_30_5_1": 34.34483417757813, "2023_44_30_6": 7.913600305839625, "2023_44_30_10": 0.004778744146038421}