{"2023_38_6": 0.01331646580997403, "2023_38_9": 0.019974698714961044, "2023_44_1": 0.019974698714961044, "2023_44_30_5_1": 0.01331646580997403, "2023_44_30_8": 0.6724815234036886, "2023_44_30_9": 0.046607630334909105, "2023_44_30_13": 0.019974698714961044, "2023_44_30_14": 2.9296224781942866, "2023_44_30_16": 0.019974698714961044, "2023_44_30_20": 0.019974698714961044, "2023_44_30_25": 2.29709035222052, "2023_44_30_30": 0.44610160463412996, "2024_2_2_1": 0.006658232904987015, "2024_2_3": 0.019974698714961044, "2024_2_6": 0.06658232904987015, "2024_2_7": 12.177907983221251, "2024_2_7_1": 0.006658232904987015, "2024_2_8": 0.8589120447433249, "2024_2_12": 0.03329116452493507, "2024_2_13": 0.06658232904987015, "2024_3_6": 1.5780011984819227, "2024_3_10": 12.550769025900522, "2024_3_15": 27.991211132565414, "2024_3_20": 1.191823689992676, "2024_8_3": 0.0865570277648312, "2024_8_4": 2.2105333244556893, "2024_8_7": 7.290765030960782, "2024_8_8": 0.11318995938477926, "2024_8_9": 26.939210333577464, "2024_8_12": 0.2929622478194287}