{"2022_44_2": 0.10881931048127812, "2022_44_25_1": 0.05440965524063906, "2022_44_25_2": 0.12365830736508877, "2022_44_25_3": 0.5787208784686155, "2022_44_25_5": 0.5539892169955977, "2022_44_30": 0.4253845773359054, "2022_44_30_1": 0.029677993767621303, "2022_44_30_2": 0.059355987535242606, "2022_44_30_5": 1.167334421526438, "2022_44_30_10": 8.675866844734628, "2022_45_10": 0.009892664589207104, "2022_45_11": 0.20279962407874558, "2022_45_12": 5.490428847009942, "2022_45_13": 10.792897066824949, "2022_45_14": 0.18796062719493495, "2022_45_15": 5.584409160607408, "2023_2_0_5": 0.044516990651431956, "2023_2_10": 0.9348568036800712, "2023_2_11": 0.11376564277588168, "2023_2_12": 24.291437898798037, "2023_2_13": 0.019785329178414208, "2023_2_201": 0.004946332294603552, "2023_2_301": 0.2918336053816095, "2023_6_1": 0.40065291586288765, "2023_6_8": 26.245239155166445, "2023_6_9": 5.683335806499481, "2023_6_11": 7.9141316713656815, "2023_6_11_2": 0.009892664589207104}