{"2024_3_25": 0.8875949726620749, "2024_8_7": 0.0568060782503728, "2024_8_9": 0.22012355322019458, "2024_14_3": 0.021302279343889795, "2024_14_6": 0.1846197543137116, "2024_14_7": 0.04970531846907619, "2024_14_8": 0.2698288716892708, "2024_14_9": 14.670169708158776, "2024_14_11": 0.0071007597812966, "2024_15_15": 4.793012852375204, "2024_20_1": 2.258041610452319, "2024_20_3": 1.5195625931974723, "2024_20_6": 0.213022793438898, "2024_20_6_1": 0.0142015195625932, "2024_20_6_2": 2.243840090889725, "2024_20_7": 15.948306468792165, "2024_20_8": 0.1136121565007456, "2024_20_9": 38.081374707093666, "2024_20_9_1": 0.021302279343889795, "2024_20_10": 0.461549385784279, "2024_20_15": 0.8165873748491089, "2024_21_5": 4.672299936093162, "2024_26_1": 0.0781083575942626, "2024_26_3_1": 10.89966626429028, "2024_26_4": 0.08520911737555918, "2024_26_6": 1.2852375204146842, "2024_26_10": 0.1278136760633388}