{"2024_3_6": 0.1138269829858615, "2024_3_10": 0.455307931943446, "2024_3_15": 2.600047927150731, "2024_3_20": 0.15576323987538943, "2024_3_25": 8.578959980829142, "2024_8_4": 0.04193625688952792, "2024_8_7": 0.227653965971723, "2024_8_8": 0.011981787682722263, "2024_8_9": 4.9784327821711, "2024_8_12": 0.04193625688952792, "2024_9_5": 0.0059908938413611315, "2024_14_3": 0.23963575365444525, "2024_14_5": 0.029954469206805657, "2024_14_6": 2.000958543014618, "2024_14_7": 0.8027797747423916, "2024_14_8": 2.432302899592619, "2024_14_9": 26.455787203450758, "2024_14_11": 0.07788161993769471, "2024_15_10": 0.0059908938413611315, "2024_15_15": 3.6604361370716516, "2024_20_1": 8.027797747423916, "2024_20_3": 4.037862449077402, "2024_20_6": 0.7368799424874192, "2024_20_6_1": 0.029954469206805657, "2024_20_6_2": 4.439252336448598, "2024_20_7": 22.453870117421523, "2024_20_8": 0.13779055835130602, "2024_20_9": 7.213036184998802, "2024_20_9_1": 0.0059908938413611315}