{"2023_6_8": 0.051048623814183, "2023_6_11": 0.06381077976772875, "2023_7_5": 0.017016207938061002, "2023_7_10": 2.7098311141362146, "2023_7_15": 1.3655506870293954, "2023_7_20": 24.05240992044923, "2023_7_25": 0.004254051984515251, "2023_7_26": 0.3105457948696133, "2023_12_1": 0.01276215595354575, "2023_12_1_1": 0.07231888373675927, "2023_12_5": 1.846258561279619, "2023_12_5_4": 0.22546475517930828, "2023_12_8": 0.004254051984515251, "2023_12_9": 3.3011443399838343, "2023_12_9_1": 0.7742374611817756, "2023_12_10": 0.5189943421108606, "2023_12_11": 1.4463776747351853, "2023_20_4_1": 6.185391585485174, "2023_20_6": 0.10635129961288127, "2023_20_7": 4.875143574254477, "2023_20_8": 2.969328285191645, "2023_20_9": 33.964351044369764, "2023_26_1": 1.4633938826732462, "2023_26_3": 0.06806483175224401, "2023_26_6": 1.2634534394010295, "2023_26_7": 12.328242651125196}