{"2023_38_9_1": 0.07982344931210968, "2023_44_1": 12.438371601634032, "2023_44_30_1": 0.12677841949570362, "2023_44_30_2": 0.3897262525238296, "2023_44_30_3": 0.009390994036718787, "2023_44_30_4": 0.24886134197304785, "2023_44_30_5_1": 4.258815795651969, "2023_44_30_6": 0.8217119782128938, "2023_44_30_7": 0.7418885289007842, "2023_44_30_8": 19.359534206695777, "2023_44_30_9": 4.305770765835564, "2023_44_30_10": 0.004695497018359394, "2023_44_30_12": 0.014086491055078181, "2023_44_30_13": 0.3850307555054702, "2023_44_30_14": 13.166173639479739, "2023_44_30_16": 0.04225947316523453, "2023_44_30_20": 0.14086491055078176, "2023_44_30_25": 0.5916326243132836, "2024_2_2": 0.07982344931210968, "2024_2_2_1": 4.864534911020331, "2024_2_3": 1.2583932009203171, "2024_2_6": 1.9861952387660233, "2024_2_7": 31.680518382870826, "2024_2_8": 2.441658449546884, "2024_8_3": 0.563459642203127}