{"2024_32_9_1": 0.014228799089356864, "2024_32_10": 16.17814456459875, "2024_32_20": 0.09248719408081961, "2024_32_20_1": 0.22766078542970983, "2024_33_5": 15.993170176437117, "2024_33_15": 0.44820717131474114, "2024_33_25": 0.18497438816163922, "2024_33_30": 0.014228799089356864, "2024_33_35": 6.246442800227663, "2024_33_40": 0.8039271485486628, "2024_38": 0.007114399544678432, "2024_38_2": 1.579396698918612, "2024_38_4": 0.1778599886169608, "2024_38_6": 1.7572566875355724, "2024_38_7": 4.866249288560047, "2024_39_5": 0.9675583380762666, "2024_39_15": 0.21343198634035296, "2024_44_1": 0.21343198634035296, "2024_44_3": 0.7825839499146275, "2024_44_3_1": 19.92031872509961, "2024_44_4": 0.626067159931702, "2024_44_25_2": 13.296812749003989, "2024_44_25_3": 0.44109277177006284, "2024_44_25_4": 0.6687535571997725, "2024_45_25_5": 3.564314171883894, "2024_45_25_6": 0.8323847467273764, "2024_45_25_10": 0.2988047808764941, "2024_45_25_15": 0.1992031872509961, "2024_45_32": 4.439385315879341, "2024_45_32_1": 4.94450768355151}