{"2023_26_12": 0.2888781896966779, "2023_32_6": 0.016048788316482106, "2023_38_9": 0.016048788316482106, "2023_44_1": 0.016048788316482106, "2023_44_30_8": 0.09629272989889265, "2023_44_30_9": 0.016048788316482106, "2023_44_30_13": 0.016048788316482106, "2023_44_30_14": 0.6499759268175251, "2023_44_30_20": 0.008024394158241053, "2023_44_30_25": 0.07221954742416947, "2023_44_30_30": 0.20863424811426737, "2024_2_6": 0.024073182474723162, "2024_2_7": 0.6339271385010431, "2024_2_8": 0.03209757663296421, "2024_2_12": 0.008024394158241053, "2024_3_6": 0.33702455464612424, "2024_3_10": 1.1314395763119884, "2024_3_15": 6.427539720751082, "2024_3_20": 0.6740491092922485, "2024_3_25": 40.218263521104156, "2024_8_4": 0.12839030653185685, "2024_8_7": 0.4252928903867758, "2024_8_8": 0.016048788316482106, "2024_8_9": 23.32691381800674, "2024_8_12": 0.08024394158241054, "2024_9_5": 0.008024394158241053, "2024_14_3": 1.380195795217461, "2024_14_5": 0.08024394158241054, "2024_14_6": 17.14010592200289, "2024_14_7": 6.523832450649975}