{"2024_3_25": 7.645458845789971, "2024_8_4": 0.04139072847682118, "2024_8_7": 0.2128666035950804, "2024_8_8": 0.01182592242194891, "2024_8_9": 4.570719016083254, "2024_8_12": 0.04139072847682118, "2024_9_5": 0.005912961210974455, "2024_14_3": 0.21877956480605484, "2024_14_5": 0.029564806054872276, "2024_14_6": 1.8152790917691577, "2024_14_7": 0.7332071901608325, "2024_14_8": 2.093188268684957, "2024_14_9": 24.467833491012296, "2024_14_11": 0.08278145695364236, "2024_15_10": 0.005912961210974455, "2024_15_15": 4.292809839167454, "2024_20_1": 6.5692999053926195, "2024_20_3": 2.93282876064333, "2024_20_6": 0.36660359508041623, "2024_20_6_1": 0.02365184484389782, "2024_20_6_2": 2.926915799432355, "2024_20_7": 19.06929990539262, "2024_20_8": 0.13599810785241248, "2024_20_9": 21.375354777672655, "2024_20_9_1": 0.017738883632923367, "2024_20_10": 0.24243140964995266, "2024_26_1": 0.07095553453169347}