{"2023_38_9_1": 0.03570153516601215, "2023_44_30_14": 0.03570153516601215, "2023_44_30_30": 0.0714030703320243, "2024_8_9": 0.03570153516601215, "2024_14_9": 0.03570153516601215, "2024_15_15": 0.03570153516601215, "2024_20_6_2": 0.03570153516601215, "2024_26_8": 0.21420921099607285, "2024_32_6": 0.0714030703320243, "2024_32_7": 0.39271688682613354, "2024_32_10": 0.7854337736522671, "2024_33_5": 0.6426276329882185, "2024_33_35": 0.2856122813280972, "2024_33_40": 0.0714030703320243, "2024_38_2": 0.03570153516601215, "2024_38_6": 0.1428061406640486, "2024_38_7": 0.32131381649410923, "2024_39_5": 0.03570153516601215, "2024_39_15": 0.1428061406640486, "2024_44_3_1": 0.6426276329882185, "2024_44_4": 1.7493752231345951, "2024_44_25_2": 17.81506604784006, "2024_44_25_3": 0.32131381649410923, "2024_44_25_4": 3.3559443056051417, "2024_45_25_5": 13.745091038914675, "2024_45_25_6": 3.570153516601214, "2024_45_25_10": 0.46411995715815774, "2024_45_25_15": 8.711174580506961, "2024_45_32": 7.67583006069261, "2024_45_32_1": 12.67404498393431, "2024_45_32_2": 24.31274544805427, "2024_45_32_5": 0.5712245626561944, "2024_45_32_6": 0.3570153516601214, "2025_2": 0.6069260978222064}