{"2024_32_5_4": 0.026079019428869473, "2024_32_6": 2.5035858651714697, "2024_32_7": 7.628113182944323, "2024_32_9": 0.039118529143304215, "2024_32_9_1": 0.013039509714434737, "2024_32_10": 15.327943669318033, "2024_32_20": 0.08475681314382578, "2024_32_20_1": 0.20863215543095578, "2024_33_5": 15.28882514017473, "2024_33_15": 0.41726431086191157, "2024_33_25": 0.18907289085930368, "2024_33_30": 0.013039509714434737, "2024_33_35": 6.050332507497718, "2024_33_40": 1.010562002868692, "2024_38": 0.006519754857217368, "2024_38_2": 1.499543617159995, "2024_38_4": 0.16299387143043423, "2024_38_6": 1.6690572434476463, "2024_38_7": 5.261442169774417, "2024_39_5": 0.9649237188681705, "2024_39_15": 1.5191028817316468, "2024_44_1": 0.20863215543095578, "2024_44_3": 0.775850828008867, "2024_44_3_1": 18.98552614421698, "2024_44_4": 0.5215803885773895, "2024_44_25_2": 16.892684835050208, "2024_44_25_3": 2.3601512583126874, "2024_44_25_4": 0.039118529143304215, "2024_45_25_5": 0.33250749771808585}