{"2024_32_20": 0.10998307952622673, "2024_32_20_1": 0.2707275803722504, "2024_33_5": 18.92554991539763, "2024_33_15": 0.5245346869712352, "2024_33_25": 0.21996615905245345, "2024_33_30": 0.01692047377326565, "2024_33_35": 7.428087986463622, "2024_33_40": 0.9390862944162437, "2024_38": 0.008460236886632826, "2024_38_2": 1.8781725888324874, "2024_38_4": 0.21150592216582065, "2024_38_6": 2.0812182741116754, "2024_38_7": 5.761421319796954, "2024_39_5": 1.1252115059221657, "2024_39_15": 0.23688663282571912, "2024_44_1": 0.2538071065989848, "2024_44_3": 0.9306260575296109, "2024_44_3_1": 23.646362098138752, "2024_44_4": 0.7529610829103215, "2024_44_25_2": 14.822335025380712, "2024_44_25_3": 0.4822335025380711, "2024_44_25_4": 0.829103214890017, "2024_45_25_5": 4.162436548223351, "2024_45_25_6": 1.023688663282572, "2024_45_25_10": 0.17766497461928935, "2024_45_25_15": 1.5313028764805416, "2024_45_32": 4.416243654822336, "2024_45_32_1": 6.4467005076142145, "2024_45_32_2": 0.786802030456853}