{"2022_45_12": 0.03036437246963563, "2022_45_13": 0.050607287449392704, "2022_45_15": 1.0222672064777327, "2023_2_10": 0.025303643724696352, "2023_2_12": 0.16194331983805668, "2023_2_301": 0.010121457489878543, "2023_6_8": 0.04554655870445344, "2023_6_9": 0.005060728744939271, "2023_6_11": 0.11639676113360325, "2023_7_5": 0.03036437246963563, "2023_7_10": 5.809716599190283, "2023_7_15": 3.309716599190283, "2023_7_20": 20.738866396761136, "2023_12_1": 0.015182186234817815, "2023_12_1_1": 0.07085020242914979, "2023_12_5": 3.5222672064777325, "2023_12_5_4": 0.39473684210526316, "2023_12_8": 0.005060728744939271, "2023_12_9": 6.411943319838056, "2023_12_9_1": 2.0344129554655868, "2023_12_10": 0.9919028340080972, "2023_12_11": 3.9271255060728745, "2023_20_4_1": 44.89372469635628, "2023_20_6": 1.118421052631579, "2023_20_7": 5.258097165991902}