{"2024_32_9": 0.042970708300508476, "2024_32_9_1": 0.014323569433502827, "2024_32_10": 16.47210484852825, "2024_32_20": 0.09310320131776836, "2024_32_20_1": 0.22917711093604523, "2024_33_5": 16.357516293060225, "2024_33_15": 0.451192437155339, "2024_33_25": 0.19336818735228814, "2024_33_30": 0.014323569433502827, "2024_33_35": 6.373988397908757, "2024_33_40": 0.8092816729929098, "2024_38": 0.0071617847167514135, "2024_38_2": 1.5899162071188138, "2024_38_4": 0.17904461791878534, "2024_38_6": 1.7832843944711014, "2024_38_7": 4.984602162858983, "2024_39_5": 0.988326290911695, "2024_39_15": 0.2506624650862994, "2024_44_1": 0.21485354150254243, "2024_44_3": 0.8092816729929098, "2024_44_3_1": 20.267850748406502, "2024_44_4": 0.5872663467736158, "2024_44_25_2": 13.614552746544433, "2024_44_25_3": 0.6159134856406215, "2024_44_25_4": 0.6015899162071187, "2024_45_25_5": 3.272935615555396, "2024_45_25_6": 0.7376638258253955, "2024_45_25_10": 0.05729427773401131, "2024_45_32": 8.386449903315905}