{"2024_20_9": 5.759706511770101, "2024_20_10": 0.055029043106083766, "2024_20_15": 0.29960256802201163, "2024_21_5": 0.3913176398654846, "2024_26_1": 0.006114338122898197, "2024_26_3_1": 1.4062977682665854, "2024_26_4": 0.018343014368694593, "2024_26_6": 0.7214918985019872, "2024_26_7": 10.10700091715072, "2024_26_8": 7.386120452461022, "2024_26_10": 2.1644756955059616, "2024_26_11": 0.2934882298991135, "2024_26_20": 1.7487007031488842, "2024_27_5": 0.37908896361968825, "2024_27_10": 1.5041271782329562, "2024_27_25": 12.075817792723937, "2024_32": 0.030571690614490984, "2024_32_3": 12.185875878936105, "2024_32_4_1": 0.6420055029043107, "2024_32_4_2": 0.06114338122898197, "2024_32_5_3": 0.030571690614490984, "2024_32_5_4": 0.07948639559767656, "2024_32_6": 21.155609905227763, "2024_32_7": 7.710180372974626, "2024_32_10": 12.815652705594621, "2024_32_20": 0.8560073372057475, "2024_32_20_1": 0.11617242433506574}