{"2022_44_30": 0.0401399162796032, "2022_44_30_2": 0.011468547508458056, "2022_44_30_5": 0.011468547508458056, "2022_44_30_10": 0.09174838006766445, "2022_45_12": 0.06307701129651931, "2022_45_13": 0.10895120133035154, "2022_45_15": 1.8693732438786632, "2023_2_10": 0.06881128505074834, "2023_2_12": 0.33832215149951267, "2023_2_301": 0.011468547508458056, "2023_6_8": 0.06307701129651931, "2023_6_9": 0.005734273754229028, "2023_6_11": 0.785595504329377, "2023_7_5": 0.045874190033832224, "2023_7_10": 28.155284133264523, "2023_7_15": 1.863638970124434, "2023_12_1": 0.045874190033832224, "2023_12_1_1": 0.1433568438557257, "2023_12_5": 14.582258157004418, "2023_12_5_3": 0.005734273754229028, "2023_12_5_4": 0.6537072079821091, "2023_12_8": 0.005734273754229028, "2023_12_9": 25.626469407649523, "2023_12_9_1": 16.795687826136824, "2023_12_10": 2.282240954183153, "2023_12_11": 1.2558059521761573, "2023_20_4_1": 5.069097998738461}