{"2022_40_4_2": 0.02189860943830067, "2022_44_2": 0.049271871236176504, "2022_44_25_2": 0.032847914157451, "2022_44_25_3": 0.2354100514617322, "2022_44_25_5": 0.1149676995510785, "2022_44_30": 0.24088470382130733, "2022_44_30_1": 0.005474652359575167, "2022_44_30_2": 0.02189860943830067, "2022_44_30_5": 0.27373261797875836, "2022_44_30_10": 2.058469287200263, "2022_45_10": 0.005474652359575167, "2022_45_11": 0.06022117595532683, "2022_45_12": 1.4891054418044454, "2022_45_13": 2.2172342056279426, "2022_45_14": 0.04379721887660134, "2022_45_15": 26.81484725719917, "2023_2_0_5": 0.02189860943830067, "2023_2_10": 0.5036680170809154, "2023_2_11": 0.04379721887660134, "2023_2_12": 17.852841344574617, "2023_2_13": 0.0164239570787255, "2023_2_301": 0.08211978539362752, "2023_6_1": 0.10401839483192817, "2023_6_8": 23.272747180554035, "2023_6_9": 1.702616883827877, "2023_6_11": 22.429650717179463, "2023_6_11_2": 0.27373261797875836, "2023_6_15": 0.005474652359575167, "2023_12_1": 0.005474652359575167}