{"2024_27_5": 0.21804136556192372, "2024_27_10": 0.6665836032893095, "2024_27_25": 3.040119611263393, "2024_32": 0.031148766508846244, "2024_32_3": 5.320209319710938, "2024_32_4_1": 0.23050087216546217, "2024_32_4_2": 0.024919013207076995, "2024_32_5_3": 0.018689259905307745, "2024_32_5_4": 0.024919013207076995, "2024_32_6": 2.5853476202342387, "2024_32_7": 8.04884126588587, "2024_32_9": 0.04360827311238474, "2024_32_9_1": 0.018689259905307745, "2024_32_10": 18.820084724644897, "2024_32_20": 0.08721654622476949, "2024_32_20_1": 0.25541988537253923, "2024_33_5": 19.06927485671567, "2024_33_15": 0.4672314976326936, "2024_33_25": 0.23673062546723145, "2024_33_30": 0.012459506603538497, "2024_33_35": 8.765262895589334, "2024_38": 0.006229753301769249, "2024_38_2": 1.7194119112883128, "2024_38_4": 0.17443309244953897, "2024_38_6": 1.9997508098679289, "2024_38_7": 8.011462746075255, "2024_39_5": 0.9967605282830798, "2024_44_1": 0.3052579117866932, "2024_44_3": 1.1711936207326188, "2024_44_3_1": 17.630201844006972}