{"2024_14_6": 0.11106483409690407, "2024_14_7": 0.027766208524226017, "2024_14_8": 0.12494793835901709, "2024_14_9": 2.6100236012772458, "2024_15_15": 3.9289185061779817, "2024_20_1": 0.6525059003193114, "2024_20_3": 0.21518811606275162, "2024_20_6": 0.006941552131056504, "2024_20_6_2": 0.1318894904900736, "2024_20_7": 2.665556018325698, "2024_20_8": 0.020824656393169515, "2024_20_9": 8.586699986116898, "2024_20_9_1": 0.006941552131056504, "2024_20_10": 0.10412328196584757, "2024_20_15": 0.3887269193391642, "2024_21_5": 0.6108565875329723, "2024_26_1": 0.006941552131056504, "2024_26_3_1": 2.242121338331251, "2024_26_4": 0.020824656393169515, "2024_26_6": 1.1939469665417186, "2024_26_7": 27.32889073996946, "2024_26_8": 23.413855338053587, "2024_26_10": 5.935027072053311, "2024_26_11": 1.1037067888379841, "2024_26_20": 4.553658197973067, "2024_27_5": 1.8742190753852563, "2024_32": 0.10412328196584757, "2024_32_3": 12.029709843120923}