{"2022_40_4_1": 0.07950810982720238, "2022_40_4_2": 0.06890702851690872, "2022_44_2": 0.12191243506837696, "2022_44_25_1": 0.0636064878617619, "2022_44_25_2": 0.14311459768896428, "2022_44_25_3": 0.7049719071345277, "2022_44_25_5": 1.2880313792006786, "2022_44_30": 0.5300540655146825, "2022_44_30_1": 0.058305947206615076, "2022_44_30_2": 0.11131135375808333, "2022_44_30_5": 2.0089049083006465, "2022_44_30_10": 21.14915721403583, "2022_45_10": 0.015901621965440475, "2022_45_11": 0.34453514258454365, "2022_45_12": 7.341248807378352, "2022_45_13": 1.028304887098484, "2023_2_0_5": 0.058305947206615076, "2023_2_10": 1.1131135375808332, "2023_2_11": 0.16431676030955156, "2023_2_12": 28.766034135481817, "2023_2_13": 0.0212021626205873, "2023_2_201": 0.02650270327573412, "2023_2_301": 0.17491784161984522, "2023_6_1": 0.6042616346867381, "2023_6_8": 29.322590904272232, "2023_6_9": 4.69097847980494}