{"2023_32_6": 0.08741683259676557, "2023_32_7": 0.13598173959496865, "2023_32_9": 1.1364188237579524, "2023_38_1": 0.00485649069982031, "2023_38_4": 0.00971298139964062, "2023_38_6": 6.939925210043222, "2023_38_8": 0.16997717449371083, "2023_38_9": 3.7249283667621778, "2023_38_9_1": 0.20882910009227332, "2023_44_1": 16.536350832888154, "2023_44_9_1": 0.00971298139964062, "2023_44_9_2": 0.00485649069982031, "2023_44_25": 0.00485649069982031, "2023_44_30_1": 0.23311155359137486, "2023_44_30_2": 0.5876353746782575, "2023_44_30_3": 0.00971298139964062, "2023_44_30_4": 0.4030887280850858, "2023_44_30_5_1": 6.978777135641785, "2023_44_30_6": 1.3598173959496866, "2023_44_30_7": 1.2724005633529212, "2023_44_30_8": 47.3459278325482, "2023_44_30_9": 12.646301782332086, "2023_44_30_10": 0.00485649069982031, "2023_44_30_12": 0.01942596279928124, "2023_44_30_13": 0.16512068379389053}