{"2022_44_30_10": 0.023698086379524863, "2022_45_12": 0.011849043189762432, "2022_45_13": 0.03554712956928729, "2022_45_15": 0.1481130398720304, "2023_2_10": 0.023698086379524863, "2023_2_12": 0.22513182060548614, "2023_2_301": 0.011849043189762432, "2023_6_8": 0.029622607974406075, "2023_6_11": 0.047396172759049726, "2023_7_10": 1.0723384086735, "2023_7_15": 0.9064518040168258, "2023_7_20": 27.626044196931105, "2023_7_26": 0.4206410332365663, "2023_12_1": 0.017773564784643644, "2023_12_1_1": 0.053320694353930935, "2023_12_5": 0.3258486877184668, "2023_12_5_4": 0.14218851827714915, "2023_12_9": 0.17181112625155523, "2023_12_9_1": 0.047396172759049726, "2023_12_10": 0.17773564784643645, "2023_12_11": 0.46803720599561593, "2023_20_4_1": 0.31399964452870444, "2023_20_6": 0.005924521594881216, "2023_20_7": 0.7642632857396768, "2023_20_8": 0.7583387641447956, "2023_20_9": 37.721428994608694, "2023_26_1": 1.0249422359144502, "2023_26_3": 0.06516973754369336, "2023_26_6": 1.297470229278986, "2023_26_7": 26.061970495882463}