{"2024_32_9_1": 0.01422879908935686, "2024_32_10": 16.17814456459875, "2024_32_20": 0.0924871940808196, "2024_32_20_1": 0.22766078542970977, "2024_33_5": 15.986055776892433, "2024_33_15": 0.4482071713147411, "2024_33_25": 0.1849743881616392, "2024_33_30": 0.01422879908935686, "2024_33_35": 6.246442800227662, "2024_33_40": 0.8039271485486625, "2024_38": 0.00711439954467843, "2024_38_2": 1.579396698918612, "2024_38_4": 0.17785998861696078, "2024_38_6": 1.7572566875355724, "2024_38_7": 4.866249288560046, "2024_39_5": 0.9675583380762665, "2024_39_15": 0.21343198634035293, "2024_44_1": 0.21343198634035293, "2024_44_3": 0.7825839499146274, "2024_44_3_1": 19.913204325554926, "2024_44_4": 0.6260671599317019, "2024_44_25_2": 13.239897552646559, "2024_44_25_3": 0.44109277177006273, "2024_44_25_4": 0.6687535571997724, "2024_45_25_5": 3.5643141718838938, "2024_45_25_6": 0.8323847467273764, "2024_45_25_10": 0.2988047808764941, "2024_45_25_15": 0.2490039840637451, "2024_45_32": 4.375355719977235, "2024_45_32_1": 5.029880478087651}