{"2023_2_12": 0.2385775376997524, "2023_6_8": 0.05401755570560433, "2023_6_11": 0.08552779653387353, "2023_7_5": 0.022507314877335136, "2023_7_10": 3.4121089354040066, "2023_7_15": 1.872608597794283, "2023_7_20": 23.69570110285843, "2023_7_25": 0.004501462975467027, "2023_7_26": 0.013504388926401082, "2023_12_1": 0.009002925950934054, "2023_12_1_1": 0.07202340760747243, "2023_12_5": 2.2912446545127167, "2023_12_5_4": 0.2925950934053568, "2023_12_8": 0.004501462975467027, "2023_12_9": 4.028809363042989, "2023_12_9_1": 0.99932478055368, "2023_12_10": 0.5806887238352465, "2023_12_11": 2.2057168579788433, "2023_20_4_1": 8.561782579338287, "2023_20_6": 0.1845599819941481, "2023_20_7": 7.855052892189963, "2023_20_8": 5.743866756695927, "2023_20_9": 32.26198514517218, "2023_26_1": 5.505289218996174, "2023_26_3": 0.004501462975467027}