{"2023_44_30_14": 0.4710096855512804, "2023_44_30_25": 0.08624121003051612, "2023_44_30_30": 0.1525806023616824, "2024_2_6": 0.04643757463181637, "2024_2_7": 0.40467029322011416, "2024_2_8": 0.01326787846623325, "2024_3_6": 0.14594666312856577, "2024_3_10": 0.5837866525142631, "2024_3_15": 3.3236035557914287, "2024_3_20": 0.24545575162531513, "2024_3_25": 14.196629958869577, "2024_8_3": 0.006633939233116625, "2024_8_4": 0.053071513864933, "2024_8_7": 0.25872363009154836, "2024_8_8": 0.01326787846623325, "2024_8_9": 7.098314979434789, "2024_8_12": 0.04643757463181637, "2024_9_5": 0.006633939233116625, "2024_14_3": 0.3648666578214144, "2024_14_5": 0.04643757463181637, "2024_14_6": 3.3766750696563625, "2024_14_7": 1.5523417805492903, "2024_14_8": 4.696828977046571, "2024_14_9": 30.177789571447523, "2024_14_11": 0.11941090619609923, "2024_15_5": 0.03316969616558312, "2024_20_1": 32.479766485339}