{"2022_40_4": 0.011082174322602091, "2022_40_4_1": 0.07757522025821464, "2022_40_4_2": 0.06649304593561255, "2022_44_2": 0.12744500470992406, "2022_44_25_1": 0.07757522025821464, "2022_44_25_2": 0.1828558763229345, "2022_44_25_3": 0.7591289410982434, "2022_44_25_5": 1.5792098409707984, "2022_44_30": 0.5651908904527068, "2022_44_30_1": 0.0720341330969136, "2022_44_30_2": 0.11082174322602095, "2022_44_30_5": 2.27738682329473, "2022_44_30_10": 23.643818917271567, "2022_45_10": 0.016623261483903137, "2022_45_11": 0.6150606749044162, "2022_45_12": 5.40810106942982, "2023_2_0_5": 0.060951958774311504, "2023_2_10": 1.2024159140023272, "2023_2_11": 0.17731478916163346, "2023_2_12": 31.816922480190605, "2023_2_13": 0.022164348645204182, "2023_2_201": 0.09419848174211778, "2023_2_301": 0.022164348645204182, "2023_6_1": 0.731423505291738, "2023_6_8": 28.259544522635338, "2023_6_9": 2.0224968138748816}