{"2023_7_26": 0.03501264345458083, "2023_7_30": 7.313752188290218, "2023_12_1_1": 0.031122349737405172, "2023_12_5": 0.066134993191986, "2023_12_9": 0.062244699474810344, "2023_12_9_1": 0.019451468585878234, "2023_12_10": 0.07780587434351294, "2023_12_11": 0.07002528690916165, "2023_20_4_1": 0.10114763664656683, "2023_20_7": 0.08947675549503988, "2023_20_8": 0.1400505738183233, "2023_20_9": 3.1861505543668547, "2023_26_1": 0.18284380470725542, "2023_26_3": 0.011670881151526941, "2023_26_6": 0.062244699474810344, "2023_26_7": 2.4314335732347794, "2023_26_8": 4.936782727095896, "2023_26_9": 6.8196848862089094, "2023_26_10": 0.7430460999805486, "2023_26_11": 0.474615833495429, "2023_26_12": 0.6496790507683332, "2023_27_6": 18.44777280684692, "2023_32_1": 0.5212993581015368, "2023_32_4": 5.181871231277961, "2023_32_6": 18.75121571678662, "2023_32_7": 29.58957401283797, "2023_38": 0.0038902937171756465}