{"2024_32_7": 7.65295954294825, "2024_32_9": 0.039859164286188804, "2024_32_9_1": 0.013286388095396265, "2024_32_10": 15.345778250182688, "2024_32_20": 0.08636152262007574, "2024_32_20_1": 0.21258220952634024, "2024_33_5": 15.285989503753406, "2024_33_15": 0.41852122500498246, "2024_33_25": 0.18600943333554776, "2024_33_30": 0.013286388095396265, "2024_33_35": 5.972231448880621, "2024_33_40": 0.790540091676078, "2024_38": 0.006643194047698133, "2024_38_2": 1.488075466684382, "2024_38_4": 0.16607985119245333, "2024_38_6": 1.6607985119245334, "2024_38_7": 4.69673819172258, "2024_39_5": 0.9167607785823425, "2024_39_15": 0.24579817976483095, "2024_44_1": 0.20593901547864216, "2024_44_3": 0.7772537035806816, "2024_44_3_1": 18.906530259748884, "2024_44_4": 0.5314555238158506, "2024_44_25_2": 13.279744901348566, "2024_44_25_3": 0.8370424500099649, "2024_44_25_4": 0.5115259416727562, "2024_45_25_5": 2.7967846940809142, "2024_45_25_6": 0.5912442702451339, "2024_45_32": 6.364179897694812}