{"2024_32_4_2": 0.026106252447461165, "2024_32_5_3": 0.01957968933559588, "2024_32_5_4": 0.026106252447461165, "2024_32_6": 2.5062002349562724, "2024_32_7": 7.655658530217988, "2024_32_9": 0.03915937867119176, "2024_32_9_1": 0.013053126223730583, "2024_32_10": 15.396162380890225, "2024_32_20": 0.0848453204542488, "2024_32_20_1": 0.21537658269155463, "2024_33_5": 15.428795196449549, "2024_33_15": 0.41770003915937864, "2024_33_25": 0.18927033024409345, "2024_33_30": 0.013053126223730583, "2024_33_35": 6.161075577600836, "2024_33_40": 1.187834486359483, "2024_38": 0.006526563111865291, "2024_38_2": 1.520689205064613, "2024_38_4": 0.16316407779663228, "2024_38_6": 1.6773267197493797, "2024_38_7": 5.312622373058347, "2024_39_5": 0.9855110298916592, "2024_39_15": 1.507636078840882, "2024_44_1": 0.20232345646782404, "2024_44_3": 0.7766610103119697, "2024_44_3_1": 19.17504242266023, "2024_44_4": 0.5090719227254928, "2024_44_25_2": 16.655789061480224, "2024_44_25_3": 2.127659574468085}