{"2023_44_30_13": 0.0137221269296741, "2023_44_30_14": 0.45969125214408246, "2023_44_30_25": 0.07547169811320754, "2023_44_30_30": 0.16466552315608923, "2024_2_6": 0.04116638078902231, "2024_2_7": 0.45969125214408246, "2024_2_8": 0.0137221269296741, "2024_2_12": 0.00686106346483705, "2024_3_6": 0.16466552315608923, "2024_3_10": 0.6449399656946828, "2024_3_15": 3.7735849056603774, "2024_3_20": 0.3224699828473414, "2024_3_25": 26.222984562607206, "2024_8_3": 0.00686106346483705, "2024_8_4": 0.07547169811320754, "2024_8_7": 0.2607204116638079, "2024_8_8": 0.0137221269296741, "2024_8_9": 8.054888507718697, "2024_8_12": 0.0548885077186964, "2024_9_5": 0.00686106346483705, "2024_14_3": 0.4253859348198971, "2024_14_5": 0.04802744425385935, "2024_14_6": 5.036020583190395, "2024_14_7": 2.703259005145798, "2024_14_8": 6.854202401372213, "2024_14_9": 22.593481989708405, "2024_14_11": 0.1097770154373928, "2024_15_5": 0.03430531732418524, "2024_20_1": 21.358490566037737}