{"2023_6_11": 0.013383894713361587, "2023_7_10": 0.20075842070042382, "2023_7_15": 0.13830024537140306, "2023_7_20": 4.291768904751283, "2023_7_26": 0.07138077180459514, "2023_7_30": 22.908766451037252, "2023_12_1_1": 0.03122908766451037, "2023_12_5": 0.07584207004238232, "2023_12_5_4": 0.008922596475574392, "2023_12_9": 0.07138077180459514, "2023_12_9_1": 0.013383894713361587, "2023_12_10": 0.08030336828016953, "2023_12_11": 0.08922596475574393, "2023_20_4_1": 0.13383894713361588, "2023_20_7": 0.16060673656033905, "2023_20_8": 0.227526210127147, "2023_20_9": 5.161722061119786, "2023_26_1": 0.3078295784073165, "2023_26_3": 0.013383894713361587, "2023_26_6": 0.12045505242025428, "2023_26_7": 5.728306937318759, "2023_26_8": 14.454606290430515, "2023_26_9": 19.210350211911663, "2023_26_10": 0.932411331697524, "2023_26_11": 0.8208788757528441, "2023_27_5": 0.008922596475574392, "2023_32_1": 2.632165960294446, "2023_32_4": 22.092348873522198}