{"2024_32_7": 7.672855526718575, "2024_32_9": 0.03992812936713915, "2024_32_9_1": 0.013309376455713054, "2024_32_10": 15.405603247487857, "2024_32_20": 0.08651094696213484, "2024_32_20_1": 0.21295002329140886, "2024_33_5": 15.392293871032143, "2024_33_15": 0.41924535835496113, "2024_33_25": 0.18633127037998273, "2024_33_30": 0.013309376455713054, "2024_33_35": 6.002528781526586, "2024_33_40": 0.8052172755706397, "2024_38": 0.006654688227856527, "2024_38_2": 1.497304851267718, "2024_38_4": 0.16636720569641314, "2024_38_6": 1.6703267451919876, "2024_38_7": 4.7314833300059895, "2024_39_5": 0.925001663672057, "2024_39_15": 0.26618752911426097, "2024_44_1": 0.21295002329140886, "2024_44_3": 0.7785985226592135, "2024_44_3_1": 18.9658614493911, "2024_44_4": 0.5323750582285219, "2024_44_25_2": 13.781859319890867, "2024_44_25_3": 1.0980235575963269, "2024_44_25_4": 0.4924469288613828, "2024_45_25_5": 2.675184667598323, "2024_45_25_6": 0.5789578758235177, "2024_45_32": 5.370333399880216}