{"2024_14_6": 0.08447729672650477, "2024_14_7": 0.02815909890883492, "2024_14_8": 0.1196761703625484, "2024_14_9": 2.7384723688841954, "2024_15_15": 3.9704329461457237, "2024_20_1": 0.6969376979936642, "2024_20_3": 0.21823301654347063, "2024_20_6_2": 0.1478352692713833, "2024_20_7": 2.865188313973953, "2024_20_8": 0.02111932418162619, "2024_20_9": 8.933474128827879, "2024_20_9_1": 0.00703977472720873, "2024_20_10": 0.10559662090813095, "2024_20_15": 0.3871876099964801, "2024_21_5": 0.6335797254487857, "2024_26_1": 0.00703977472720873, "2024_26_3_1": 2.3653643083421327, "2024_26_4": 0.02111932418162619, "2024_26_6": 1.2319605772615276, "2024_26_7": 28.77155931010208, "2024_26_8": 25.871172122492077, "2024_26_10": 5.9767687434002115, "2024_26_11": 1.0770855332629357, "2024_26_20": 4.420978528687082, "2024_27_5": 1.8233016543470606, "2024_32": 0.12671594508975714, "2024_32_3": 7.349524815205913}