{"2023_32_7": 0.14013046629620682, "2023_32_9": 1.1210437303696545, "2023_38_4": 0.009664170089393572, "2023_38_6": 6.827736168156559, "2023_38_8": 0.16429089151969076, "2023_38_9": 3.628895868567287, "2023_38_9_1": 0.19328340178787146, "2023_44_1": 16.04252234839333, "2023_44_9_1": 0.009664170089393572, "2023_44_9_2": 0.009664170089393572, "2023_44_25": 0.004832085044696786, "2023_44_30_1": 0.22227591205605216, "2023_44_30_2": 0.5460256100507369, "2023_44_30_3": 0.009664170089393572, "2023_44_30_4": 0.3817347185310462, "2023_44_30_5_1": 6.5571394056535395, "2023_44_30_6": 1.3046629620681325, "2023_44_30_7": 1.1741966658613192, "2023_44_30_8": 48.17105581058227, "2023_44_30_9": 13.24957719255859, "2023_44_30_10": 0.004832085044696786, "2023_44_30_12": 0.019328340178787144, "2023_44_30_13": 0.20777965692196182}