{"2023_12_10": 0.03317483136127391, "2023_12_11": 0.051605293228648305, "2023_20_4_1": 0.07372184746949759, "2023_20_7": 0.06266357034907295, "2023_20_8": 0.09952449408382175, "2023_20_9": 2.5544620148180908, "2023_26_1": 0.14744369493899517, "2023_26_3": 0.011058277120424637, "2023_26_6": 0.04791920085517343, "2023_26_7": 1.7435216926536177, "2023_26_8": 3.1737255335618704, "2023_26_9": 4.039957241328467, "2023_26_10": 0.2395960042758671, "2023_26_11": 0.20642117291459322, "2023_26_12": 0.8478012458992221, "2023_27_6": 3.19584208780272, "2023_27_7": 20.09288952781156, "2023_31_600": 0.03317483136127391, "2023_32_1": 0.3133178517453647, "2023_32_4": 2.344354749530023, "2023_32_6": 10.94032216447344, "2023_32_7": 15.219875410077776, "2023_32_9": 28.530354970695566, "2023_38_1": 0.11795495595119612, "2023_38_4": 4.253750598990011, "2023_38_6": 1.6255667367024214}