{"2023_27_6": 0.049142244460328804, "2023_27_7": 7.299857040743388, "2023_27_12": 2.729628305932809, "2023_32_4": 0.07594710507505362, "2023_32_6": 0.10275196568977842, "2023_32_7": 0.13402430307362403, "2023_32_9": 1.0677269478198712, "2023_38_1": 0.004467476769120801, "2023_38_4": 0.013402430307362403, "2023_38_6": 6.535918513223732, "2023_38_8": 0.15636168691922803, "2023_38_9": 3.5471765546819154, "2023_38_9_1": 0.20997140814867765, "2023_44_1": 16.100786275911368, "2023_44_9_1": 0.008934953538241601, "2023_44_25": 0.004467476769120801, "2023_44_30_1": 0.23677626876340246, "2023_44_30_2": 0.5986418870621874, "2023_44_30_3": 0.008934953538241601, "2023_44_30_4": 0.40654038598999287, "2023_44_30_5_1": 7.661722659042174, "2023_44_30_6": 1.50553967119371, "2023_44_30_7": 1.4474624731951393, "2023_44_30_8": 41.7307005003574, "2023_44_30_9": 8.349714081486777, "2023_44_30_10": 0.004467476769120801, "2023_44_30_11": 0.008934953538241601}