{"2024_26_6": 0.5589845114708283, "2024_26_7": 7.208571095842554, "2024_26_8": 5.53161756143007, "2024_26_10": 1.4382205659718184, "2024_26_11": 0.22126470245720284, "2024_26_20": 1.3159427040875746, "2024_27_5": 0.25037847909630845, "2024_27_10": 0.7453126819611041, "2024_27_25": 3.470362175381391, "2024_32": 0.02911377663910563, "2024_32_3": 5.863514615115874, "2024_32_4_1": 0.29696052171887743, "2024_32_4_2": 0.023291021311284504, "2024_32_5_3": 0.017468265983463384, "2024_32_5_4": 0.02911377663910563, "2024_32_6": 3.027832770466986, "2024_32_7": 13.968790031442882, "2024_32_9": 0.05822755327821126, "2024_32_9_1": 0.011645510655642252, "2024_32_10": 38.31373005706301, "2024_32_20": 0.10480959590078029, "2024_32_20_1": 0.3493653196692676, "2024_33_5": 2.8298590893210673, "2024_33_15": 0.9083498311400958, "2024_33_25": 1.0422732036799816, "2024_38": 0.005822755327821126, "2024_38_2": 5.799464306509843, "2024_38_4": 0.7103761499941774, "2024_38_6": 5.869337370443696}