{"2023_38_9": 3.0739718336218598, "2023_38_9_1": 0.08889720675618773, "2023_44_1": 12.791840172179855, "2023_44_9_2": 0.009357600711177654, "2023_44_25": 0.004678800355588827, "2023_44_30_1": 0.14504281102325364, "2023_44_30_2": 0.4164132316474056, "2023_44_30_3": 0.009357600711177654, "2023_44_30_4": 0.26669162026856313, "2023_44_30_5_1": 4.50568474243204, "2023_44_30_6": 0.865578065783933, "2023_44_30_7": 0.7813596593833343, "2023_44_30_8": 20.806625181303517, "2023_44_30_9": 4.940813175501802, "2023_44_30_10": 0.004678800355588827, "2023_44_30_12": 0.014036401066766483, "2023_44_30_13": 0.3883404295138727, "2023_44_30_14": 13.64338183689702, "2023_44_30_16": 0.06550320497824359, "2023_44_30_20": 0.3555888270247509, "2024_2_2": 0.0842184064005989, "2024_2_2_1": 5.806391241285734, "2024_2_3": 1.5065737144996023, "2024_2_6": 3.0505778318439156, "2024_2_7": 24.601132269686055, "2024_2_8": 1.7732653347681655}