{"2023_38_9": 0.029194949273775632, "2023_44_1": 0.03649368659221954, "2023_44_30_5_1": 0.021896211955331722, "2023_44_30_6": 0.014597474636887816, "2023_44_30_8": 0.8466535289394932, "2023_44_30_9": 0.043792423910663444, "2023_44_30_13": 0.021896211955331722, "2023_44_30_14": 3.6055762353112906, "2023_44_30_16": 0.021896211955331722, "2023_44_30_20": 0.021896211955331722, "2023_44_30_25": 3.4158090650317487, "2023_44_30_30": 0.4598204510619663, "2024_2_2_1": 0.007298737318443908, "2024_2_3": 0.043792423910663444, "2024_2_6": 0.08028611050288299, "2024_2_7": 17.509670826946934, "2024_2_7_1": 0.007298737318443908, "2024_2_8": 1.2407853441354644, "2024_2_12": 0.043792423910663444, "2024_2_13": 0.11677979709510253, "2024_3_6": 2.9924823005620023, "2024_3_10": 32.58886212685205, "2024_3_15": 3.6785636084957303, "2024_8_3": 0.12407853441354644, "2024_8_4": 3.34282169184731, "2024_8_7": 15.130282461134223, "2024_8_8": 0.17516969564265378, "2024_8_9": 14.239836508284064, "2024_8_12": 0.13867600905043423}