{"2022_40_4": 0.010972732759093653, "2022_40_4_1": 0.07680912931365556, "2022_40_4_2": 0.06583639655456192, "2022_44_2": 0.126186426729577, "2022_44_25_1": 0.07132276293410873, "2022_44_25_2": 0.17556372414549845, "2022_44_25_3": 0.7461458276183685, "2022_44_25_5": 1.4977780216162835, "2022_44_30": 0.5596093707137764, "2022_44_30_1": 0.06583639655456192, "2022_44_30_2": 0.11521369397048335, "2022_44_30_5": 2.2110056509573712, "2022_44_30_10": 22.883634169089813, "2022_45_10": 0.01645909913864048, "2022_45_11": 0.4882866077796676, "2022_45_12": 6.3751577330334115, "2023_2_0_5": 0.06035003017501509, "2023_2_10": 1.1905415043616612, "2023_2_11": 0.17556372414549845, "2023_2_12": 31.04186097547594, "2023_2_13": 0.021945465518187306, "2023_2_201": 0.04389093103637461, "2023_2_301": 0.08778186207274923, "2023_6_1": 0.6912821638229001, "2023_6_8": 28.775991660723104, "2023_6_9": 2.4249739397596977}