{"2022_44_2": 0.07832770352964213, "2022_44_25_1": 0.03916385176482107, "2022_44_25_2": 0.10770059235325795, "2022_44_25_3": 0.48954814706026334, "2022_44_25_5": 0.440593332354237, "2022_44_30": 0.37205659176580014, "2022_44_30_1": 0.02447740735301317, "2022_44_30_2": 0.03916385176482107, "2022_44_30_5": 0.8713957017672688, "2022_44_30_10": 6.324962060018602, "2022_45_10": 0.009790962941205267, "2022_45_11": 0.1909237773535027, "2022_45_12": 2.765947030890488, "2022_45_13": 4.244382435012484, "2022_45_14": 0.0587457776472316, "2022_45_15": 17.68247907181671, "2023_2_0_5": 0.03916385176482107, "2023_2_10": 0.827336368531845, "2023_2_11": 0.11259607382386057, "2023_2_12": 23.855681206246633, "2023_2_13": 0.019581925882410534, "2023_2_201": 0.004895481470602633, "2023_2_301": 0.2202966661771185, "2023_6_1": 0.3818475547070054, "2023_6_8": 25.00611935183825, "2023_6_9": 4.856317618837813, "2023_6_11": 10.858177901796642, "2023_6_11_2": 0.07832770352964213}