{"2024_32": 0.031069409059839678, "2024_32_3": 5.089169204001739, "2024_32_4_1": 0.21748586341887774, "2024_32_4_2": 0.024855527247871746, "2024_32_5_3": 0.018641645435903808, "2024_32_5_4": 0.024855527247871746, "2024_32_6": 2.4109861430435595, "2024_32_7": 7.282669483626421, "2024_32_9": 0.037283290871807616, "2024_32_9_1": 0.012427763623935873, "2024_32_10": 14.838749766979427, "2024_32_20": 0.08078046355558317, "2024_32_20_1": 0.2112719816069098, "2024_33_5": 15.112160566706018, "2024_33_15": 0.39768843596594794, "2024_33_25": 0.18020257254707012, "2024_33_30": 0.012427763623935873, "2024_33_35": 6.313303920959422, "2024_33_40": 1.8020257254707013, "2024_38": 0.0062138818119679366, "2024_38_2": 1.454048344000497, "2024_38_4": 0.15534704529919838, "2024_38_6": 1.6280370347355992, "2024_38_7": 5.082955322189772, "2024_39_5": 1.236562480581619, "2024_39_15": 0.012427763623935873, "2024_44_1": 0.19884421798297397, "2024_44_3": 0.7394519356241843, "2024_44_3_1": 18.747281426707264, "2024_44_4": 0.4101161995898837, "2024_44_25_2": 16.23065929286025}