{"2024_21_5": 0.3394271422616566, "2024_26_3_1": 1.19692729113321, "2024_26_4": 0.017864586434824033, "2024_26_6": 0.6193056630738998, "2024_26_7": 7.985470136366343, "2024_26_8": 5.960817007086286, "2024_26_10": 1.5780384684094564, "2024_26_11": 0.2560590722324778, "2024_26_20": 1.435121776930864, "2024_27_5": 0.26796879652236044, "2024_27_10": 0.8396355624367295, "2024_27_25": 4.0850354314297626, "2024_32": 0.029774310724706717, "2024_32_3": 6.621806705174774, "2024_32_4_1": 0.3394271422616566, "2024_32_4_2": 0.029774310724706717, "2024_32_5_3": 0.017864586434824033, "2024_32_5_4": 0.029774310724706717, "2024_32_6": 3.817066634907402, "2024_32_7": 20.210802119930925, "2024_32_9": 0.4287500744357768, "2024_32_10": 37.60495444530459, "2024_32_20": 0.1488715536235336, "2024_32_20_1": 0.6728994223783719, "2024_33_15": 0.4823438337402489, "2024_33_25": 0.1607812779134163, "2024_38": 0.0059548621449413445, "2024_38_2": 4.817483475257547}