{"2023_26_7": 0.01452503147090152, "2023_26_8": 0.07746683451147478, "2023_26_9": 0.08230851166844196, "2023_26_12": 0.7262515735450761, "2023_27_6": 0.07746683451147478, "2023_27_7": 11.101965720925728, "2023_27_12": 4.531809818921275, "2023_32_4": 0.09683354313934349, "2023_32_6": 0.11620025176721216, "2023_32_7": 0.18398373196475262, "2023_32_9": 1.3798779897356446, "2023_38_1": 0.004841677156967174, "2023_38_4": 0.01452503147090152, "2023_38_6": 8.613343662244603, "2023_38_8": 0.21303379490655566, "2023_38_9": 5.045027597559796, "2023_38_9_1": 0.44543429844098004, "2023_44_1": 26.03853975016946, "2023_44_25": 0.004841677156967174, "2023_44_30_1": 0.9102353055098286, "2023_44_30_2": 2.701655853587683, "2023_44_30_3": 0.048416771569671745, "2023_44_30_4": 1.7817371937639201, "2023_44_30_5_1": 29.040379587489106, "2023_44_30_6": 6.74929795681224}