{"2022_45_12": 0.011731581417175035, "2022_45_13": 0.035194744251525106, "2022_45_15": 0.14664476771468793, "2023_2_10": 0.02346316283435007, "2023_2_12": 0.22290004692632567, "2023_2_301": 0.011731581417175035, "2023_6_8": 0.029328953542937592, "2023_6_11": 0.04692632566870014, "2023_7_10": 1.0558423275457534, "2023_7_15": 0.9150633505396528, "2023_7_20": 27.575082121069922, "2023_7_26": 0.4282027217268888, "2023_12_1": 0.017597372125762553, "2023_12_1_1": 0.058657907085875184, "2023_12_5": 0.316752698263726, "2023_12_5_4": 0.12318160488033789, "2023_12_9": 0.158376349131863, "2023_12_9_1": 0.04692632566870014, "2023_12_10": 0.18183951196621306, "2023_12_11": 0.4575316752698264, "2023_20_4_1": 0.305021116846551, "2023_20_6": 0.005865790708587518, "2023_20_7": 0.7038948850305021, "2023_20_8": 0.7332238385734398, "2023_20_9": 34.12717034256218, "2023_26_1": 0.9737212576255282, "2023_26_3": 0.058657907085875184, "2023_26_6": 1.1555607695917411, "2023_26_7": 29.933129985922108, "2023_26_8": 0.14077897700610043}