{"2022_44_30": 0.159317745185324, "2022_44_30_2": 0.01874326413944988, "2022_44_30_5": 0.11714540087156176, "2022_44_30_10": 0.9324773909376317, "2022_45_11": 0.03748652827889976, "2022_45_12": 0.6841291410899207, "2022_45_13": 1.0636802399137806, "2022_45_14": 0.023429080174312354, "2022_45_15": 28.475704043859235, "2023_2_0_5": 0.023429080174312354, "2023_2_10": 0.3326929384752354, "2023_2_11": 0.014057448104587408, "2023_2_12": 5.187198350592754, "2023_2_13": 0.01874326413944988, "2023_2_201": 0.00468581603486247, "2023_2_301": 0.04685816034862471, "2023_6_1": 0.03280071224403729, "2023_6_8": 5.215313246801929, "2023_6_9": 0.955906471111944, "2023_6_11": 3.7720819080642882, "2023_6_11_2": 0.028114896209174817, "2023_7_5": 0.22491916967339853, "2023_12_1": 2.0055292629211374, "2023_12_1_1": 5.580806897521202, "2023_12_5": 43.81706574199896, "2023_12_5_3": 0.4451525233119346, "2023_12_8": 0.7825312778220326}