{"2023_44_30_14": 0.11029411764705885, "2023_44_30_30": 0.0735294117647059, "2024_8_9": 0.03676470588235295, "2024_14_9": 0.03676470588235295, "2024_15_15": 0.03676470588235295, "2024_20_6_2": 0.03676470588235295, "2024_26_8": 0.2573529411764707, "2024_32_3": 0.03676470588235295, "2024_32_6": 0.0735294117647059, "2024_32_7": 0.4411764705882354, "2024_32_10": 0.7720588235294119, "2024_33_5": 0.698529411764706, "2024_33_35": 0.2205882352941177, "2024_33_40": 0.0735294117647059, "2024_38_2": 0.03676470588235295, "2024_38_6": 0.1470588235294118, "2024_38_7": 0.3308823529411765, "2024_39_5": 0.03676470588235295, "2024_39_15": 0.1470588235294118, "2024_44_1": 0.03676470588235295, "2024_44_3_1": 0.661764705882353, "2024_44_4": 1.7647058823529416, "2024_44_25_2": 18.235294117647065, "2024_44_25_3": 0.3308823529411765, "2024_44_25_4": 3.345588235294118, "2024_45_25_5": 14.007352941176471, "2024_45_25_6": 3.4926470588235303, "2024_45_25_10": 0.5147058823529413, "2024_45_25_15": 8.34558823529412, "2024_45_32": 8.051470588235295, "2024_45_32_1": 14.779411764705886, "2024_45_32_2": 21.72794117647059, "2024_45_32_5": 0.7720588235294119, "2025_2": 0.3308823529411765}