{"2022_40_4_1": 0.011225234326766571, "2022_44_25_2": 0.01683785149014986, "2022_44_25_3": 0.05051355447044958, "2022_44_25_5": 0.05612617163383286, "2022_44_30": 0.08980187461413257, "2022_44_30_2": 0.01683785149014986, "2022_44_30_5": 0.011225234326766571, "2022_44_30_10": 0.19082898355503175, "2022_45_11": 0.022450468653533142, "2022_45_12": 0.10102710894089915, "2022_45_13": 0.25818038951563116, "2022_45_15": 30.470898580007855, "2023_2_0_5": 0.01683785149014986, "2023_2_10": 0.19644160071841502, "2023_2_11": 0.011225234326766571, "2023_2_12": 1.5546949542571704, "2023_2_13": 0.01683785149014986, "2023_2_201": 0.0056126171633832855, "2023_2_301": 0.011225234326766571, "2023_6_8": 0.4265589044171298, "2023_6_9": 0.039288320143683, "2023_6_11": 0.6679014424426111, "2023_6_11_2": 0.0056126171633832855, "2023_7_5": 0.903631363304709, "2023_12_1": 0.5949374193186283, "2023_12_1_1": 3.9176067800415333, "2023_12_5": 42.010439467923895, "2023_12_5_3": 0.684739293932761, "2023_12_8": 0.2525677723522479, "2023_12_9": 17.387887972161423}