{"2022_44_2": 0.10908910596519067, "2022_44_25_1": 0.054544552982595335, "2022_44_25_2": 0.12396489314226213, "2022_44_25_3": 0.5851142956314772, "2022_44_25_5": 0.5702385084544057, "2022_44_30": 0.42643923240938164, "2022_44_30_1": 0.02975157435414291, "2022_44_30_2": 0.05950314870828582, "2022_44_30_5": 1.1950215698914068, "2022_44_30_10": 8.940348093419944, "2022_45_10": 0.00991719145138097, "2022_45_11": 0.20826102047900039, "2022_45_12": 6.470967422026083, "2022_45_13": 12.188228293747212, "2022_45_14": 0.2231368076560718, "2022_45_15": 2.880944116626172, "2023_2_0_5": 0.03966876580552388, "2023_2_10": 0.9470917836068826, "2023_2_11": 0.11900629741657164, "2023_2_12": 24.376456587494424, "2023_2_13": 0.01983438290276194, "2023_2_201": 0.004958595725690485, "2023_2_301": 0.2826399563643576, "2023_6_1": 0.4016462537809292, "2023_6_8": 26.315267516239405, "2023_6_9": 5.662716318738534, "2023_6_11": 7.745326523528538, "2023_6_11_2": 0.00991719145138097}