{"2023_20_4_1": 0.0210781472308584, "2023_20_7": 0.015808610423143802, "2023_20_9": 0.031617220846287604, "2023_26_7": 0.0105390736154292, "2023_26_8": 0.06850397850028982, "2023_26_9": 0.06850397850028982, "2023_26_10": 0.0052695368077146, "2023_26_11": 0.0052695368077146, "2023_26_12": 0.7482742266954733, "2023_27_6": 0.10539073615429201, "2023_27_7": 19.465668967697734, "2023_27_12": 8.447067502766506, "2023_32_4": 0.14227749380829421, "2023_32_6": 0.11066027296200662, "2023_32_7": 0.22132054592401323, "2023_32_9": 2.0709279654318387, "2023_38_1": 0.0052695368077146, "2023_38_4": 0.0105390736154292, "2023_38_6": 12.214786320282442, "2023_38_8": 0.3319808188860198, "2023_38_9": 9.237498023923694, "2023_38_9_1": 0.10012119934657741, "2023_44_1": 46.55108815935078, "2023_44_25": 0.0052695368077146, "2023_44_25_1": 0.0052695368077146}