{"2024_2_8": 0.01261431725007884, "2024_3_6": 0.1261431725007884, "2024_3_10": 0.5234941658782719, "2024_3_15": 2.8949858088930935, "2024_3_20": 0.1892147587511826, "2024_3_25": 10.596026490066226, "2024_8_3": 0.01261431725007884, "2024_8_4": 0.05045726900031536, "2024_8_7": 0.23336486912645854, "2024_8_8": 0.01261431725007884, "2024_8_9": 5.8215074109113845, "2024_8_12": 0.04415011037527594, "2024_9_5": 0.00630715862503942, "2024_14_3": 0.2964364553768527, "2024_14_5": 0.0315357931251971, "2024_14_6": 2.4156417533900982, "2024_14_7": 1.0406811731315044, "2024_14_8": 3.229265216020183, "2024_14_9": 29.498580889309366, "2024_14_11": 0.08199306212551245, "2024_15_5": 0.02522863450015768, "2024_15_10": 0.00630715862503942, "2024_20_1": 12.954903815830967, "2024_20_3": 10.854619993692841, "2024_20_6": 4.087038789025544, "2024_20_6_1": 0.0315357931251971, "2024_20_6_2": 14.922737306843267}