{"2022_44_30_10": 0.023716352424997034, "2022_45_12": 0.011858176212498517, "2022_45_13": 0.03557452863749555, "2022_45_15": 0.14822720265623146, "2023_2_10": 0.023716352424997034, "2023_2_12": 0.2253053480374718, "2023_2_301": 0.011858176212498517, "2023_6_8": 0.029645440531246292, "2023_6_11": 0.04743270484999407, "2023_7_10": 1.0731649472311156, "2023_7_15": 0.9071504802561365, "2023_7_20": 27.647337839440294, "2023_7_26": 0.42096525554369735, "2023_12_1": 0.017787264318747775, "2023_12_1_1": 0.05336179295624333, "2023_12_5": 0.3260998458437092, "2023_12_5_4": 0.1422981145499822, "2023_12_9": 0.1719435550812285, "2023_12_9_1": 0.04743270484999407, "2023_12_10": 0.17787264318747775, "2023_12_11": 0.4683979603936914, "2023_20_4_1": 0.3142416696312107, "2023_20_6": 0.005929088106249258, "2023_20_7": 0.7707814538124036, "2023_20_8": 0.7885687181311514, "2023_20_9": 38.01138384916399, "2023_26_1": 1.0375904185936202, "2023_26_3": 0.06521996916874184, "2023_26_6": 1.3162575595873354, "2023_26_7": 25.678880588165537}