{"2023_44_30_8": 0.0793879907621247, "2023_44_30_9": 0.021651270207852194, "2023_44_30_13": 0.014434180138568129, "2023_44_30_14": 0.5124133949191686, "2023_44_30_25": 0.10103926096997691, "2023_44_30_30": 0.18042725173210164, "2024_2_6": 0.028868360277136258, "2024_2_7": 0.4907621247113163, "2024_2_8": 0.014434180138568129, "2024_2_12": 0.007217090069284064, "2024_2_13": 0.007217090069284064, "2024_3_6": 0.20207852193995382, "2024_3_10": 0.7866628175519629, "2024_3_15": 4.503464203233256, "2024_3_20": 0.40415704387990764, "2024_3_25": 35.3709584295612, "2024_8_4": 0.07217090069284064, "2024_8_7": 0.29590069284064663, "2024_8_8": 0.014434180138568129, "2024_8_9": 10.443129330254042, "2024_8_12": 0.06495381062355658, "2024_9_5": 0.014434180138568129, "2024_14_3": 0.5990184757505773, "2024_14_5": 0.050519630484988455, "2024_14_6": 7.40473441108545, "2024_14_7": 3.78175519630485, "2024_14_8": 25.873267898383368, "2024_14_9": 8.176963048498846, "2024_14_11": 0.48354503464203236}