{"2024_8_4": 0.01330140994945464, "2024_8_7": 0.06650704974727321, "2024_8_9": 0.19952114924181963, "2024_14_3": 0.01995211492418196, "2024_14_6": 0.16626762436818301, "2024_14_7": 0.05320563979781856, "2024_14_8": 0.2527267890396382, "2024_14_9": 12.157488693801541, "2024_14_11": 0.00665070497472732, "2024_15_15": 4.795158286778398, "2024_20_1": 1.928704442670923, "2024_20_3": 1.2436818302740091, "2024_20_6": 0.16626762436818301, "2024_20_6_1": 0.01330140994945464, "2024_20_6_2": 1.7291832934291034, "2024_20_7": 9.191274275073157, "2024_20_8": 0.06650704974727321, "2024_20_9": 26.270284650172915, "2024_20_9_1": 0.01995211492418196, "2024_20_10": 0.31258313381218406, "2024_20_15": 0.49880287310454907, "2024_21_5": 1.2170790103750997, "2024_26_1": 0.03990422984836392, "2024_26_3_1": 4.575685022612397, "2024_26_4": 0.01995211492418196, "2024_26_6": 3.1989890928438416, "2024_26_7": 26.908752327746736, "2024_26_10": 4.868316041500399}