{"2023_38_9_1": 0.07606008746910059, "2023_44_1": 12.787602205742536, "2023_44_25": 0.004753755466818787, "2023_44_30_1": 0.13310515307092602, "2023_44_30_2": 0.40882297014641567, "2023_44_30_3": 0.009507510933637574, "2023_44_30_4": 0.26145655067503326, "2023_44_30_5_1": 4.440007606008747, "2023_44_30_6": 0.8509222285605628, "2023_44_30_7": 0.7606008746910058, "2023_44_30_8": 20.20821448944666, "2023_44_30_9": 4.682449134816505, "2023_44_30_10": 0.004753755466818787, "2023_44_30_12": 0.014261266400456357, "2023_44_30_13": 0.3898079482791405, "2023_44_30_14": 13.16790264308804, "2023_44_30_16": 0.08081384293591937, "2023_44_30_20": 0.3850541928123217, "2023_44_30_25": 0.004753755466818787, "2024_2_2": 0.08081384293591937, "2024_2_2_1": 5.300437345502947, "2024_2_3": 1.3880965963110856, "2024_2_6": 2.4291690435444, "2024_2_7": 29.896368130823348, "2024_2_8": 2.23426506940483}