{"2023_38_6": 6.390465912823161, "2023_38_8": 0.15483507718294004, "2023_38_9": 3.2843804250926674, "2023_38_9_1": 0.1876788814338667, "2023_44_1": 14.240135128794638, "2023_44_9_1": 0.004691972035846668, "2023_44_9_2": 0.009383944071693335, "2023_44_25": 0.004691972035846668, "2023_44_30_1": 0.16891099329048007, "2023_44_30_2": 0.4551212874771267, "2023_44_30_3": 0.009383944071693335, "2023_44_30_4": 0.2955942382583401, "2023_44_30_5_1": 5.348848120865201, "2023_44_30_6": 1.0603856801013472, "2023_44_30_7": 0.8867827147750202, "2023_44_30_8": 32.48252240416648, "2023_44_30_9": 11.15281752920753, "2023_44_30_10": 0.004691972035846668, "2023_44_30_12": 0.02345986017923334, "2023_44_30_13": 0.3706657908318868, "2023_44_30_14": 1.9847041711631404, "2023_44_30_15": 0.004691972035846668, "2024_2_2": 0.12668324496786001, "2024_2_2_1": 14.44658189837189, "2024_2_3": 6.3482381645005415, "2024_2_6": 0.5536527002299068}