{"2023_32_9": 0.020945332681700762, "2023_38_6": 0.013963555121133842, "2023_38_9": 0.027927110242267683, "2023_44_1": 0.013963555121133842, "2023_44_30_5_1": 0.020945332681700762, "2023_44_30_8": 0.7679955316623613, "2023_44_30_9": 0.041890665363401525, "2023_44_30_13": 0.020945332681700762, "2023_44_30_14": 3.3303078963904214, "2023_44_30_16": 0.020945332681700762, "2023_44_30_20": 0.020945332681700762, "2023_44_30_25": 2.729875026181666, "2023_44_30_30": 0.4607973189974167, "2024_2_2_1": 0.020945332681700762, "2024_2_3": 0.041890665363401525, "2024_2_6": 0.08378133072680305, "2024_2_7": 15.087621308385115, "2024_2_7_1": 0.006981777560566921, "2024_2_8": 1.0612301892061722, "2024_2_12": 0.034908887802834604, "2024_2_13": 0.09774488584793689, "2024_3_6": 1.9618794945193048, "2024_3_10": 16.253578160999794, "2024_3_15": 23.228373944006147, "2024_8_3": 0.11170844096907073, "2024_8_4": 2.8764923549535713, "2024_8_7": 10.437757453047546, "2024_8_8": 0.15359910633247226, "2024_8_9": 20.847587795852824, "2024_8_12": 0.20247154925644067}