{"2023_38_6": 6.667946810042727, "2023_38_8": 0.1584177427871922, "2023_38_9": 3.523594642599972, "2023_38_9_1": 0.19202150640871782, "2023_44_1": 15.409725889299603, "2023_44_9_1": 0.00960107532043589, "2023_44_9_2": 0.014401612980653835, "2023_44_25": 0.004800537660217945, "2023_44_30_1": 0.20642311938937163, "2023_44_30_2": 0.532859680284192, "2023_44_30_3": 0.00960107532043589, "2023_44_30_4": 0.3696413998367818, "2023_44_30_5_1": 5.938265085689599, "2023_44_30_6": 1.2097354903749225, "2023_44_30_7": 1.0321155969468583, "2023_44_30_8": 42.302337861840535, "2023_44_30_9": 12.346982862080555, "2023_44_30_10": 0.004800537660217945, "2023_44_30_12": 0.02880322596130767, "2023_44_30_13": 0.3072344102539485, "2024_2_2": 0.264029571311987, "2024_2_2_1": 9.46666026594979}