{"2022_44_25_2": 0.016473559936302236, "2022_44_25_3": 0.06040305309977487, "2022_44_25_5": 0.027455933227170392, "2022_44_30": 0.07687661303607711, "2022_44_30_2": 0.010982373290868158, "2022_44_30_10": 0.10982373290868157, "2022_45_11": 0.005491186645434079, "2022_45_12": 0.054911866454340784, "2022_45_13": 0.14826203942672012, "2022_45_15": 7.753555543352919, "2023_2_10": 0.10433254626324749, "2023_2_11": 0.005491186645434079, "2023_2_12": 0.977431222887266, "2023_2_201": 0.005491186645434079, "2023_2_301": 0.010982373290868158, "2023_6_8": 0.1317884794904179, "2023_6_11": 0.34045357201691284, "2023_7_5": 0.2525945856899677, "2023_7_10": 23.513261215748724, "2023_12_1": 0.10433254626324749, "2023_12_1_1": 0.3239800120806107, "2023_12_5": 27.2472681346439, "2023_12_5_3": 0.10982373290868157, "2023_12_5_4": 0.6754159573883917, "2023_12_8": 0.08785898632694526, "2023_12_9": 35.92883422107518, "2023_12_9_1": 0.049420679808906715, "2023_12_10": 1.867003459447587}