{"2023_27_6": 0.053780307444090895, "2023_27_7": 7.376865504414468, "2023_27_12": 2.7741675256576888, "2023_32_4": 0.07618876887912879, "2023_32_6": 0.10307892260117421, "2023_32_7": 0.13445076861022726, "2023_32_9": 1.0800878411688257, "2023_38_1": 0.004481692287007575, "2023_38_4": 0.013445076861022724, "2023_38_6": 6.5791242773271215, "2023_38_8": 0.1568592300452651, "2023_38_9": 3.5674270604580296, "2023_38_9_1": 0.21512122977636358, "2023_44_1": 16.331286693855603, "2023_44_9_1": 0.00896338457401515, "2023_44_25": 0.004481692287007575, "2023_44_30_1": 0.2420113834984091, "2023_44_30_2": 0.6139918433200376, "2023_44_30_3": 0.00896338457401515, "2023_44_30_4": 0.41231569040469684, "2023_44_30_5_1": 7.905705194281362, "2023_44_30_6": 1.5641106081656437, "2023_44_30_7": 1.4744767624254922, "2023_44_30_8": 42.54918657284992, "2023_44_30_9": 6.735983507372385, "2023_44_30_10": 0.004481692287007575, "2023_44_30_11": 0.00896338457401515}