{"2023_7_10": 0.1922824804439977, "2023_7_15": 0.1311016912118166, "2023_7_20": 3.8806100598697713, "2023_7_26": 0.06992090197963553, "2023_7_30": 23.218109513612724, "2023_12_1_1": 0.030590394616090543, "2023_12_5": 0.07429095835336273, "2023_12_5_4": 0.008740112747454442, "2023_12_9": 0.06992090197963553, "2023_12_9_1": 0.017480225494908883, "2023_12_10": 0.07866101472708997, "2023_12_11": 0.08740112747454441, "2023_20_4_1": 0.1311016912118166, "2023_20_7": 0.14858191670672546, "2023_20_8": 0.20539264956517936, "2023_20_9": 4.758991390988943, "2023_26_1": 0.2884237206659966, "2023_26_3": 0.013110169121181663, "2023_26_6": 0.10925140934318052, "2023_26_7": 5.340208888694663, "2023_26_8": 13.638945942402655, "2023_26_9": 19.280688720884495, "2023_26_10": 0.9526722894725342, "2023_26_11": 0.790980203644627, "2023_27_5": 0.008740112747454442, "2023_32_1": 2.5695931477516054, "2023_32_4": 22.851024778219635, "2023_32_6": 1.0531835860682601}