{"2024_2_6": 0.04605263157894738, "2024_2_7": 0.4144736842105263, "2024_2_8": 0.013157894736842108, "2024_3_6": 0.14473684210526316, "2024_3_10": 0.5460526315789475, "2024_3_15": 3.2302631578947376, "2024_3_20": 0.22368421052631576, "2024_3_25": 12.986842105263161, "2024_8_3": 0.006578947368421054, "2024_8_4": 0.05263157894736843, "2024_8_7": 0.23026315789473692, "2024_8_8": 0.013157894736842108, "2024_8_9": 6.736842105263159, "2024_8_12": 0.04605263157894738, "2024_9_5": 0.006578947368421054, "2024_14_3": 0.35526315789473695, "2024_14_5": 0.03947368421052633, "2024_14_6": 3.0526315789473686, "2024_14_7": 1.3815789473684212, "2024_14_8": 3.9276315789473686, "2024_14_9": 29.25657894736842, "2024_14_11": 0.11184210526315788, "2024_15_5": 0.03289473684210527, "2024_20_1": 35.625, "2024_20_3": 1.5197368421052633}