{"2024_3_20": 0.15201264745226806, "2024_3_25": 8.281649033199564, "2024_8_4": 0.04256354128663505, "2024_8_7": 0.218898212331266, "2024_8_8": 0.012161011796181443, "2024_8_9": 4.88872674206494, "2024_8_12": 0.04256354128663505, "2024_9_5": 0.0060805058980907215, "2024_14_3": 0.2249787182293567, "2024_14_5": 0.03040252949045361, "2024_14_6": 1.945761887389031, "2024_14_7": 0.7904657667517939, "2024_14_8": 2.322753253070656, "2024_14_9": 26.96096315213426, "2024_14_11": 0.0851270825732701, "2024_15_10": 0.0060805058980907215, "2024_15_15": 4.195549069682598, "2024_20_1": 7.570229843122949, "2024_20_3": 3.5631764562811625, "2024_20_6": 0.6080505898090722, "2024_20_6_1": 0.03040252949045361, "2024_20_6_2": 3.6422230329563425, "2024_20_7": 20.0535084519032, "2024_20_8": 0.1398516356560866, "2024_20_9": 14.106773683570475, "2024_20_9_1": 0.012161011796181443, "2024_26_1": 0.06688556487899794}