{"2024_26_20": 1.3899765074393107, "2024_27_5": 0.267554163403811, "2024_27_10": 0.7569825110937091, "2024_27_25": 3.497781258157139, "2024_32": 0.03262855651265988, "2024_32_3": 6.081962933959802, "2024_32_4_1": 0.280605586008875, "2024_32_4_2": 0.026102845210127904, "2024_32_5_3": 0.019577133907595926, "2024_32_5_4": 0.026102845210127904, "2024_32_6": 2.988775776559645, "2024_32_7": 10.852257896110675, "2024_32_9": 0.045679979117723826, "2024_32_9_1": 0.08483424693291569, "2024_32_10": 24.41268598277212, "2024_32_20": 0.11093709214304358, "2024_32_20_1": 0.3197598538240668, "2024_33_5": 19.39441399112503, "2024_33_15": 1.1681023231532237, "2024_33_25": 0.3915426781519185, "2024_33_30": 0.026102845210127904, "2024_33_35": 7.661185069172539, "2024_38": 0.006525711302531976, "2024_38_2": 2.8191072826938135, "2024_38_4": 0.2871312973114069, "2024_38_6": 5.866614460976247, "2024_38_7": 11.00234925606891, "2024_44_1": 0.1827199164708953}