{"2023_38_9_1": 0.12198692300185421, "2023_44_1": 13.491753684005072, "2023_44_25": 0.0048794769200741685, "2023_44_30_1": 0.1561432614423734, "2023_44_30_2": 0.4391529228066751, "2023_44_30_3": 0.009758953840148337, "2023_44_30_4": 0.2781301844442276, "2023_44_30_5_1": 4.791646335512834, "2023_44_30_6": 0.927100614814092, "2023_44_30_7": 0.8246315994925344, "2023_44_30_8": 22.513906509222213, "2023_44_30_9": 5.450375719722846, "2023_44_30_10": 0.0048794769200741685, "2023_44_30_12": 0.014638430760222506, "2023_44_30_13": 0.4049965843661559, "2023_44_30_14": 13.706450668488337, "2023_44_30_16": 0.03903581536059335, "2023_44_30_20": 0.3659607690055626, "2024_2_2": 0.08783058456133502, "2024_2_2_1": 6.523860642139163, "2024_2_3": 1.8444422757880359, "2024_2_6": 4.689177320191275, "2024_2_7": 21.88445398653264, "2024_2_8": 1.424807260661657}