{"2022_40_4": 0.010949304719150335, "2022_40_4_1": 0.07664513303405233, "2022_40_4_2": 0.065695828314902, "2022_44_2": 0.12591700427022884, "2022_44_25_1": 0.07117048067447718, "2022_44_25_2": 0.17518887550640536, "2022_44_25_3": 0.7336034161830725, "2022_44_25_5": 1.4781561370852951, "2022_44_30": 0.5529398883170918, "2022_44_30_1": 0.065695828314902, "2022_44_30_2": 0.1149676995510785, "2022_44_30_5": 2.2062849009087926, "2022_44_30_10": 22.8183510347093, "2022_45_10": 0.0164239570787255, "2022_45_11": 0.4762947552830396, "2022_45_12": 6.460089784298696, "2023_2_0_5": 0.06022117595532683, "2023_2_10": 1.1934742143873864, "2023_2_11": 0.17518887550640536, "2023_2_12": 30.953684441037993, "2023_2_13": 0.02189860943830067, "2023_2_201": 0.04379721887660134, "2023_2_301": 0.08759443775320268, "2023_6_1": 0.6788568925873207, "2023_6_8": 28.878791196759007, "2023_6_9": 2.45811890944925}