{"2022_44_30": 0.028028476932563478, "2022_44_30_2": 0.01121139077302539, "2022_44_30_5": 0.01121139077302539, "2022_44_30_10": 0.08969112618420312, "2022_45_12": 0.05045125847861426, "2022_45_13": 0.11211390773025391, "2022_45_15": 1.6032288805426307, "2023_2_10": 0.06166264925163966, "2023_2_12": 0.2914961600986602, "2023_2_301": 0.01121139077302539, "2023_6_8": 0.056056953865126956, "2023_6_9": 0.005605695386512695, "2023_6_11": 0.3083132462581983, "2023_7_5": 0.03923986770558887, "2023_7_10": 15.852906553057904, "2023_7_15": 14.384214361791578, "2023_12_1": 0.04484556309210156, "2023_12_1_1": 0.12332529850327932, "2023_12_5": 12.12511912102696, "2023_12_5_3": 0.005605695386512695, "2023_12_5_4": 0.5325410617187061, "2023_12_8": 0.005605695386512695, "2023_12_9": 20.57850776388811, "2023_12_9_1": 14.288917540220863, "2023_12_10": 1.7377655698189356, "2023_12_11": 2.634676831660967, "2023_20_4_1": 15.006446549694486}