{"2024_20_9": 5.8395959098188985, "2024_20_10": 0.05543920167549587, "2024_20_15": 0.30183565356658865, "2024_21_5": 0.3942343230257484, "2024_26_1": 0.006159911297277319, "2024_26_3_1": 1.4414192435628925, "2024_26_4": 0.01847973389183196, "2024_26_6": 0.7391893556732784, "2024_26_7": 10.453369471479611, "2024_26_8": 7.656769742515708, "2024_26_10": 2.2545275348034988, "2024_26_11": 0.31415547616114325, "2024_26_20": 1.7925341875076999, "2024_27_5": 0.40039423432302573, "2024_27_10": 1.601576937292103, "2024_27_25": 19.88419366761119, "2024_32": 0.0307995564863866, "2024_32_3": 13.194529998768017, "2024_32_4_1": 0.7268695330787236, "2024_32_4_2": 0.0615991129727732, "2024_32_5_3": 0.03695946778366392, "2024_32_5_4": 0.0923986694591598, "2024_32_6": 27.091289885425645, "2024_32_7": 0.33263521005297525, "2024_32_10": 4.3612171984723425, "2024_32_20": 0.9178267832943207}