{"2022_44_25_2": 0.014991005396761941, "2022_44_25_3": 0.19488307015790526, "2022_44_25_5": 0.07495502698380972, "2022_44_30": 0.19488307015790526, "2022_44_30_2": 0.024985008994603236, "2022_44_30_5": 0.1798920647611433, "2022_44_30_10": 1.2942234659204477, "2022_45_11": 0.039976014391365174, "2022_45_12": 0.9144513292024784, "2022_45_13": 1.3991605036977812, "2022_45_14": 0.024985008994603236, "2022_45_15": 28.278033180091946, "2023_2_0_5": 0.019988007195682587, "2023_2_10": 0.4147511493104138, "2023_2_11": 0.019988007195682587, "2023_2_12": 10.573655806516088, "2023_2_13": 0.019988007195682587, "2023_2_201": 0.004997001798920647, "2023_2_301": 0.04997001798920647, "2023_6_1": 0.084949030581651, "2023_6_8": 11.403158105136917, "2023_6_9": 1.119328402958225, "2023_6_11": 9.689186488107136, "2023_6_11_2": 0.05496701978812711, "2023_6_15": 0.004997001798920647, "2023_12_1": 8.40995402758345, "2023_12_1_1": 25.40475714571257, "2023_12_5": 0.08994603238057165}