{"2023_26_12": 0.2879153373278344, "2023_32_6": 0.015562991206909967, "2023_38_9": 0.015562991206909967, "2023_44_1": 0.015562991206909967, "2023_44_30_8": 0.08559645163800483, "2023_44_30_9": 0.02334448681036495, "2023_44_30_13": 0.015562991206909967, "2023_44_30_14": 0.6225196482763987, "2023_44_30_20": 0.007781495603454983, "2023_44_30_25": 0.0933779472414598, "2023_44_30_30": 0.1867558944829196, "2024_2_6": 0.02334448681036495, "2024_2_7": 0.5758306746556688, "2024_2_8": 0.02334448681036495, "2024_2_12": 0.007781495603454983, "2024_3_6": 0.29569683293128934, "2024_3_10": 1.066064897673333, "2024_3_15": 5.843903198194693, "2024_3_20": 0.5991751614660338, "2024_3_25": 40.09804684460353, "2024_8_4": 0.1322854252587347, "2024_8_7": 0.3657302933623843, "2024_8_8": 0.015562991206909967, "2024_8_9": 21.79596918527741, "2024_8_12": 0.07003346043109486, "2024_9_5": 0.015562991206909967, "2024_14_3": 1.2139133141389777, "2024_14_5": 0.062251964827639866, "2024_14_6": 14.520270796046999, "2024_14_7": 7.439109796902965, "2024_14_8": 4.466578476383161}