{"2022_44_25_2": 0.014970806926493342, "2022_44_25_3": 0.19462049004441345, "2022_44_25_5": 0.07485403463246672, "2022_44_30": 0.19462049004441345, "2022_44_30_2": 0.0249513448774889, "2022_44_30_5": 0.17465941414242234, "2022_44_30_10": 1.2824991267029295, "2022_45_11": 0.039922151803982245, "2022_45_12": 0.9082289535405961, "2022_45_13": 1.392285044163881, "2022_45_14": 0.0249513448774889, "2022_45_15": 28.29482509107242, "2023_2_0_5": 0.019961075901991122, "2023_2_10": 0.4141923249663158, "2023_2_11": 0.019961075901991122, "2023_2_12": 10.514496731373825, "2023_2_13": 0.019961075901991122, "2023_2_201": 0.004990268975497781, "2023_2_301": 0.0499026897549778, "2023_6_1": 0.08483457258346228, "2023_6_8": 11.297968960526974, "2023_6_9": 1.117820250511503, "2023_6_11": 9.631219122710718, "2023_6_11_2": 0.0499026897549778, "2023_6_15": 0.004990268975497781, "2023_12_1": 8.363690802934281, "2023_12_1_1": 25.69489495483807, "2023_12_5": 0.08982484155896005}