{"2022_45_13": 0.034814900777532784, "2022_45_15": 0.1508645700359754, "2023_2_10": 0.017407450388766392, "2023_2_12": 0.2262968550539631, "2023_2_301": 0.01160496692584426, "2023_6_8": 0.02901241731461065, "2023_6_11": 0.04641986770337704, "2023_7_10": 1.0212370894742948, "2023_7_15": 0.887779969827086, "2023_7_20": 27.631426250435187, "2023_7_26": 0.4351862597191598, "2023_12_1": 0.017407450388766392, "2023_12_1_1": 0.0580248346292213, "2023_12_5": 0.3191365904607172, "2023_12_5_4": 0.12765463618428685, "2023_12_9": 0.1566670534988975, "2023_12_9_1": 0.04641986770337704, "2023_12_10": 0.17987698735058605, "2023_12_11": 0.4583961935708484, "2023_20_4_1": 0.29592665660902867, "2023_20_7": 0.6556806313102007, "2023_20_8": 0.6788905651618893, "2023_20_9": 23.099686665893003, "2023_26_1": 0.8993849367529302, "2023_26_3": 0.052222351166299176, "2023_26_6": 0.7311129163281884, "2023_26_7": 41.47615179296739, "2023_26_8": 0.2553092723685737}