{"2023_7_20": 0.033515808289576586, "2023_7_30": 0.07820355267567869, "2023_12_9": 0.016757904144788293, "2023_12_9_1": 0.011171936096525528, "2023_20_4_1": 0.022343872193051055, "2023_20_7": 0.011171936096525528, "2023_20_9": 0.016757904144788293, "2023_26_3": 0.005585968048262764, "2023_26_7": 0.011171936096525528, "2023_26_8": 0.05585968048262764, "2023_26_9": 0.07820355267567869, "2023_26_10": 0.005585968048262764, "2023_26_11": 0.005585968048262764, "2023_26_12": 0.8155513350463636, "2023_27_6": 0.15082113730309463, "2023_27_7": 27.443861021114955, "2023_27_12": 0.5530108367780135, "2023_31_600": 0.005585968048262764, "2023_32_4": 0.17875097754440844, "2023_32_6": 0.1396492012065691, "2023_32_7": 0.2625404982683499, "2023_32_9": 2.653334822924813, "2023_38_1": 0.005585968048262764, "2023_38_4": 0.022343872193051055, "2023_38_6": 20.95855211708189, "2023_38_8": 0.4301195397162328, "2023_38_9": 14.04312367333259, "2023_44_1": 31.985253044352586}