{"2023_32_6": 0.036036036036036036, "2023_38_9_1": 0.036036036036036036, "2023_44_30_14": 0.07207207207207207, "2023_44_30_30": 0.07207207207207207, "2024_8_9": 0.036036036036036036, "2024_14_9": 0.036036036036036036, "2024_15_15": 0.036036036036036036, "2024_20_6_2": 0.036036036036036036, "2024_26_8": 0.25225225225225223, "2024_32_6": 0.07207207207207207, "2024_32_7": 0.3963963963963964, "2024_32_10": 0.7567567567567568, "2024_33_5": 0.6846846846846847, "2024_33_35": 0.18018018018018017, "2024_33_40": 0.07207207207207207, "2024_38_2": 0.036036036036036036, "2024_38_6": 0.14414414414414414, "2024_38_7": 0.36036036036036034, "2024_39_5": 0.036036036036036036, "2024_39_15": 0.14414414414414414, "2024_44_3_1": 0.5765765765765766, "2024_44_4": 1.7657657657657657, "2024_44_25_2": 18.126126126126124, "2024_44_25_3": 0.32432432432432434, "2024_44_25_4": 3.3513513513513513, "2024_45_25_5": 13.83783783783784, "2024_45_25_6": 3.4954954954954958, "2024_45_25_10": 0.5045045045045045, "2024_45_25_15": 8.576576576576578, "2024_45_32": 7.891891891891892, "2024_45_32_1": 13.261261261261263, "2024_45_32_2": 23.459459459459463, "2024_45_32_5": 0.7927927927927928, "2025_2": 0.5405405405405406}