{"2024_2_7": 0.12479812068712379, "2024_2_8": 0.014682131845543973, "2024_3_6": 0.014682131845543973, "2024_3_10": 0.07341065922771986, "2024_3_15": 0.11745705476435178, "2024_3_25": 0.9249743062692704, "2024_8_7": 0.05138746145940392, "2024_8_9": 0.20554984583761568, "2024_14_3": 0.007341065922771986, "2024_14_5": 0.007341065922771986, "2024_14_6": 0.1688445162237557, "2024_14_7": 0.05138746145940392, "2024_14_8": 0.2789605050653355, "2024_14_9": 16.348553810013215, "2024_14_11": 0.007341065922771986, "2024_15_15": 4.859785640875056, "2024_20_1": 2.4372338863603, "2024_20_3": 1.6370577007781533, "2024_20_6": 0.23491410952870356, "2024_20_6_1": 0.014682131845543973, "2024_20_6_2": 2.4665981500513876, "2024_20_7": 17.824108060490385, "2024_20_8": 0.12479812068712379, "2024_20_9": 36.02995154896491, "2024_20_9_1": 0.02202319776831596, "2024_20_10": 0.6313316693583909, "2024_20_15": 4.492732344736456, "2024_21_5": 0.5432388782851271, "2024_26_1": 0.06606959330494787, "2024_26_3_1": 10.218763764498606}