{"2024_20_6_2": 0.12406137773424747, "2024_20_7": 2.1155729676787463, "2024_20_9": 6.738491674828598, "2024_20_10": 0.07182500816193274, "2024_20_15": 0.326477309826967, "2024_21_5": 0.4766568723473718, "2024_26_1": 0.006529546196539341, "2024_26_3_1": 1.7368592882794645, "2024_26_4": 0.01958863858961802, "2024_26_6": 0.8684296441397322, "2024_26_7": 17.13352921971923, "2024_26_8": 9.977146588312111, "2024_26_10": 3.656545870062031, "2024_26_11": 0.5746000652954619, "2024_26_20": 3.1798889977146585, "2024_27_5": 0.9010773751224289, "2024_27_10": 7.626509957557949, "2024_27_25": 7.345739471106757, "2024_32": 0.05223636957231473, "2024_32_3": 33.346392425726414, "2024_32_4_1": 2.6901730329742084, "2024_32_4_2": 0.2807704864511917, "2024_32_5_3": 0.5288932419196866, "2024_32_5_4": 0.21547502448579825, "2024_32_6": 0.006529546196539341}