{"2022_44_25_3": 0.15507632662951298, "2022_44_25_5": 0.06784589290041193, "2022_44_30": 0.16961473225102985, "2022_44_30_2": 0.02423067603586141, "2022_44_30_5": 0.15023019142234073, "2022_44_30_10": 1.1000726920281076, "2022_45_11": 0.038769081657378246, "2022_45_12": 0.7511509571117035, "2022_45_13": 1.2406106130361039, "2022_45_14": 0.02423067603586141, "2022_45_15": 28.543736370244737, "2023_2_0_5": 0.02423067603586141, "2023_2_10": 0.37315241095226565, "2023_2_11": 0.014538405621516846, "2023_2_12": 6.803973830869882, "2023_2_13": 0.019384540828689123, "2023_2_201": 0.004846135207172281, "2023_2_301": 0.043615216864550534, "2023_6_1": 0.033922946450205965, "2023_6_8": 6.513205718439545, "2023_6_9": 1.0273806639205236, "2023_6_11": 4.720135691785802, "2023_6_11_2": 0.038769081657378246, "2023_6_15": 0.004846135207172281, "2023_12_1": 3.4989096195783866, "2023_12_1_1": 23.28083353525564, "2023_12_5": 21.332687181972382}