{"2023_7_30": 0.0745113773141514, "2023_12_5": 0.011463288817561756, "2023_12_9": 0.011463288817561756, "2023_12_9_1": 0.017194933226342635, "2023_12_11": 0.011463288817561756, "2023_20_4_1": 0.017194933226342635, "2023_20_7": 0.028658222043904388, "2023_20_8": 0.005731644408780878, "2023_20_9": 0.03438986645268527, "2023_26_1": 0.005731644408780878, "2023_26_3": 0.005731644408780878, "2023_26_7": 0.011463288817561756, "2023_26_8": 0.0802430217229323, "2023_26_9": 0.09743795494927493, "2023_26_10": 0.011463288817561756, "2023_26_11": 0.005731644408780878, "2023_26_12": 0.9801111939015302, "2023_27_6": 0.1547543990370837, "2023_27_7": 28.342981601421442, "2023_27_11": 0.017194933226342635, "2023_31_600": 0.03438986645268527, "2023_32_1": 0.005731644408780878, "2023_32_4": 0.30377715366538655, "2023_32_6": 0.8368200836820083, "2023_32_7": 1.266693414340574, "2023_32_9": 8.975755144150856, "2023_38_1": 0.005731644408780878, "2023_38_4": 0.30377715366538655, "2023_38_6": 55.803289963890634, "2023_38_8": 2.5391184730899288}