{"2023_27_7": 7.226283880171184, "2023_27_12": 2.6970399429386593, "2023_32_4": 0.07578459343794579, "2023_32_6": 0.10253209700427961, "2023_32_7": 0.13373751783166904, "2023_32_9": 1.0654422253922968, "2023_38_1": 0.004457917261055635, "2023_38_4": 0.013373751783166904, "2023_38_6": 6.508559201141227, "2023_38_8": 0.15602710413694723, "2023_38_9": 3.5217546362339522, "2023_38_9_1": 0.20952211126961484, "2023_44_1": 15.977175463623396, "2023_44_9_1": 0.00891583452211127, "2023_44_25": 0.004457917261055635, "2023_44_30_1": 0.23181169757489303, "2023_44_30_2": 0.5884450784593438, "2023_44_30_3": 0.00891583452211127, "2023_44_30_4": 0.40121255349500723, "2023_44_30_5_1": 7.449179743223966, "2023_44_30_6": 1.4711126961483596, "2023_44_30_7": 1.4309914407988589, "2023_44_30_8": 41.74839514978603, "2023_44_30_9": 8.951497860199716, "2023_44_30_10": 0.004457917261055635, "2023_44_30_11": 0.00891583452211127}