{"2023_44_30_14": 0.07339449541284404, "2023_44_30_30": 0.07339449541284404, "2024_8_9": 0.03669724770642202, "2024_14_9": 0.03669724770642202, "2024_15_15": 0.03669724770642202, "2024_20_6_2": 0.03669724770642202, "2024_26_8": 0.25688073394495414, "2024_32_3": 0.03669724770642202, "2024_32_6": 0.07339449541284404, "2024_32_7": 0.4403669724770642, "2024_32_10": 0.7339449541284403, "2024_33_5": 0.7339449541284403, "2024_33_35": 0.18348623853211007, "2024_33_40": 0.07339449541284404, "2024_38_2": 0.03669724770642202, "2024_38_6": 0.14678899082568808, "2024_38_7": 0.33027522935779813, "2024_39_5": 0.03669724770642202, "2024_39_15": 0.14678899082568808, "2024_44_1": 0.03669724770642202, "2024_44_3_1": 0.6605504587155963, "2024_44_4": 1.7614678899082568, "2024_44_25_2": 18.165137614678898, "2024_44_25_3": 0.33027522935779813, "2024_44_25_4": 3.3761467889908254, "2024_45_25_5": 14.01834862385321, "2024_45_25_6": 3.4862385321100913, "2024_45_25_10": 0.5137614678899083, "2024_45_25_15": 8.440366972477065, "2024_45_32": 7.999999999999999, "2024_45_32_1": 14.458715596330274, "2024_45_32_2": 22.091743119266056, "2024_45_32_5": 0.7706422018348623, "2025_2": 0.36697247706422015}