{"2022_44_25_2": 0.01617337861879347, "2022_44_25_3": 0.059302388268909385, "2022_44_25_5": 0.026955631031322445, "2022_44_30": 0.05391126206264489, "2022_44_30_5": 0.01078225241252898, "2022_44_30_10": 0.1024313979190253, "2022_45_11": 0.00539112620626449, "2022_45_12": 0.059302388268909385, "2022_45_13": 0.1401692813628767, "2022_45_15": 6.1189282441101955, "2023_2_10": 0.1024313979190253, "2023_2_11": 0.00539112620626449, "2023_2_12": 0.6307617661329452, "2023_2_201": 0.00539112620626449, "2023_2_301": 0.01078225241252898, "2023_6_8": 0.1347781551566122, "2023_6_11": 0.6577173971642677, "2023_7_5": 0.2048627958380506, "2023_7_10": 25.138821499811314, "2023_12_1": 0.09704027171276079, "2023_12_1_1": 0.31807644616960484, "2023_12_5": 25.979837187988576, "2023_12_5_3": 0.10782252412528978, "2023_12_5_4": 0.6900641544018548, "2023_12_8": 0.08625801930023184, "2023_12_9": 37.112512803924744, "2023_12_9_1": 0.16712491239419916, "2023_12_10": 1.9569788128740095}