{"2023_6_11": 0.013473457289140395, "2023_7_10": 0.21557531662624632, "2023_7_15": 0.1437168777508309, "2023_7_20": 4.428276295697477, "2023_7_26": 0.07185843887541545, "2023_7_30": 22.783616275936406, "2023_12_1": 0.004491152429713465, "2023_12_1_1": 0.03143806700799426, "2023_12_5": 0.0763495913051289, "2023_12_5_4": 0.00898230485942693, "2023_12_9": 0.07185843887541545, "2023_12_9_1": 0.022455762148567326, "2023_12_10": 0.08084074373484237, "2023_12_11": 0.0898230485942693, "2023_20_4_1": 0.13473457289140395, "2023_20_7": 0.16168148746968475, "2023_20_8": 0.22904877391538675, "2023_20_9": 5.259139495194467, "2023_26_1": 0.31887182250965607, "2023_26_3": 0.013473457289140395, "2023_26_6": 0.12126111560226355, "2023_26_7": 5.955268121800055, "2023_26_8": 14.924099523937844, "2023_26_9": 18.95266325339082, "2023_26_10": 0.9341597053804008, "2023_26_11": 0.8308631994969911, "2023_27_5": 0.00898230485942693, "2023_32_1": 2.600377256804096, "2023_32_4": 21.5126201383275}