{"2023_7_20": 0.03226326826907566, "2023_7_30": 0.08065817067268916, "2023_12_9": 0.01613163413453783, "2023_12_9_1": 0.010754422756358554, "2023_20_4_1": 0.021508845512717107, "2023_20_7": 0.010754422756358554, "2023_20_9": 0.026886056890896383, "2023_26_3": 0.005377211378179277, "2023_26_7": 0.010754422756358554, "2023_26_8": 0.06452653653815132, "2023_26_9": 0.0699037479163306, "2023_26_10": 0.005377211378179277, "2023_26_11": 0.005377211378179277, "2023_26_12": 0.7528095929450987, "2023_27_6": 0.12367586169812336, "2023_27_7": 20.12152497714685, "2023_27_12": 7.834596978007206, "2023_32_4": 0.1398074958326612, "2023_32_6": 0.10754422756358553, "2023_32_7": 0.24197451201806744, "2023_32_9": 2.1885250309189654, "2023_38_1": 0.005377211378179277, "2023_38_4": 0.010754422756358554, "2023_38_6": 13.297843738237352, "2023_38_8": 0.3441415282034737, "2023_38_9": 9.318707318384686, "2023_44_1": 45.141689519815024, "2023_44_25": 0.010754422756358554}