{"2023_12_9": 0.04923123532530485, "2023_12_9_1": 0.011361054305839582, "2023_12_10": 0.04923123532530485, "2023_12_11": 0.053018253427251374, "2023_20_4_1": 0.08331439824282359, "2023_20_7": 0.060592289631144436, "2023_20_8": 0.10982352495644929, "2023_20_9": 2.719078997197607, "2023_26_1": 0.15905476028175417, "2023_26_3": 0.011361054305839582, "2023_26_6": 0.053018253427251374, "2023_26_7": 1.9086571233810499, "2023_26_8": 3.525713852912217, "2023_26_9": 4.434598197379383, "2023_26_10": 0.2688782852382034, "2023_26_11": 0.23479512232068467, "2023_26_12": 0.8293569643262895, "2023_27_6": 4.540634704233886, "2023_27_7": 18.355676740134818, "2023_32_1": 0.34083162917518744, "2023_32_4": 2.756949178217072, "2023_32_6": 12.61455729758388, "2023_32_7": 18.454139210785428, "2023_32_9": 23.305309399378928, "2023_38_1": 0.10224948875255625, "2023_38_4": 4.968567749753844}