{"2022_44_2": 0.11729906160750714, "2022_44_25_1": 0.05609955120359037, "2022_44_25_2": 0.13769889840881272, "2022_44_25_3": 0.6323949408404732, "2022_44_25_5": 0.6323949408404732, "2022_44_30": 0.44879640962872297, "2022_44_30_1": 0.04079967360261118, "2022_44_30_2": 0.06119951040391676, "2022_44_30_5": 1.3412892696858425, "2022_44_30_10": 9.980620155038759, "2022_45_10": 0.010199918400652794, "2022_45_11": 0.2294981640146879, "2022_45_12": 7.751937984496124, "2022_45_13": 12.668298653610771, "2022_45_14": 0.3263973888208894, "2023_2_0_5": 0.04589963280293757, "2023_2_10": 1.0046919624643003, "2023_2_11": 0.13259893920848637, "2023_2_12": 26.24439004487964, "2023_2_13": 0.02039983680130559, "2023_2_201": 0.01529987760097919, "2023_2_301": 0.23969808241534069, "2023_6_1": 0.46919624643002855, "2023_6_8": 27.48368013055895, "2023_6_9": 5.334557323541412, "2023_6_11": 4.569563443492452, "2023_6_11_1": 0.005099959200326397}