{"2023_26_12": 0.4399859204505456, "2023_27_7": 0.026399155227032733, "2023_32_7": 0.01759943681802182, "2023_32_9": 0.026399155227032733, "2023_38_9": 0.05279831045406547, "2023_44_1": 0.04399859204505455, "2023_44_30_5_1": 0.01759943681802182, "2023_44_30_6": 0.00879971840901091, "2023_44_30_8": 2.0503343892995423, "2023_44_30_9": 0.01759943681802182, "2023_44_30_13": 0.05279831045406547, "2023_44_30_14": 7.506159802886306, "2023_44_30_16": 0.01759943681802182, "2023_44_30_20": 0.07039774727208728, "2023_44_30_25": 18.936994016191477, "2023_44_30_30": 0.5719816965857092, "2024_2_2_1": 0.03519887363604364, "2024_2_3": 0.01759943681802182, "2024_2_6": 0.07919746568109821, "2024_2_7": 46.67370644139387, "2024_2_7_1": 0.00879971840901091, "2024_2_8": 3.731080605420626, "2024_2_12": 0.46638507567757825, "2024_2_13": 0.0879971840901091, "2024_3_5": 0.01759943681802182, "2024_8_3": 0.5631819781766982, "2024_8_4": 18.109820485744454, "2024_8_7": 0.3519887363604364}