{"2023_44_30_14": 0.11295180722891568, "2023_44_30_30": 0.07530120481927713, "2024_8_9": 0.037650602409638564, "2024_14_9": 0.037650602409638564, "2024_15_15": 0.037650602409638564, "2024_20_6_2": 0.037650602409638564, "2024_26_8": 0.2635542168674699, "2024_27_25": 0.037650602409638564, "2024_32_3": 0.037650602409638564, "2024_32_6": 0.07530120481927713, "2024_32_7": 0.41415662650602414, "2024_32_10": 0.7530120481927711, "2024_33_5": 0.7153614457831327, "2024_33_35": 0.15060240963855426, "2024_33_40": 0.07530120481927713, "2024_38_2": 0.037650602409638564, "2024_38_6": 0.15060240963855426, "2024_38_7": 0.33885542168674704, "2024_39_5": 0.07530120481927713, "2024_39_15": 0.15060240963855426, "2024_44_1": 0.037650602409638564, "2024_44_3_1": 0.5271084337349398, "2024_44_4": 1.6942771084337351, "2024_44_25_2": 18.674698795180724, "2024_44_25_3": 0.33885542168674704, "2024_44_25_4": 3.3885542168674703, "2024_45_25_5": 14.38253012048193, "2024_45_25_6": 3.5391566265060246, "2024_45_25_10": 0.5647590361445785, "2024_45_25_15": 8.283132530120483, "2024_45_32": 8.659638554216869, "2024_45_32_1": 18.07228915662651, "2024_45_32_2": 18.10993975903615, "2024_45_32_5": 0.11295180722891568}