{"2023_12_5": 0.06351726875744344, "2023_12_9": 0.05557761016276302, "2023_12_9_1": 0.01587931718936086, "2023_12_10": 0.06748709805478366, "2023_12_11": 0.06351726875744344, "2023_20_4_1": 0.09130607383882494, "2023_20_7": 0.07145692735212386, "2023_20_8": 0.13497419610956732, "2023_20_9": 3.0131004366812233, "2023_26_1": 0.17070265978562926, "2023_26_3": 0.011909487892020645, "2023_26_6": 0.05557761016276302, "2023_26_7": 2.2032552600238193, "2023_26_8": 4.327113934100834, "2023_26_9": 5.593489479952363, "2023_26_10": 0.36522429535529977, "2023_26_11": 0.32552600238189766, "2023_26_12": 0.7622072250893213, "2023_27_6": 22.040492258832874, "2023_32_1": 0.4049225883287019, "2023_32_4": 3.7872171496625655, "2023_32_6": 17.399761810242165, "2023_32_7": 31.0361254466058, "2023_32_9": 7.74513695911076, "2023_38": 0.003969829297340215, "2023_38_1": 0.19055180627233032}