{"2022_44_30_10": 0.05626022913256957, "2022_45_12": 0.03068739770867431, "2022_45_13": 0.05114566284779052, "2022_45_15": 1.074058919803601, "2023_2_10": 0.02557283142389526, "2023_2_12": 0.16878068739770868, "2023_2_301": 0.010229132569558104, "2023_6_8": 0.05626022913256957, "2023_6_11": 0.12786415711947627, "2023_7_5": 0.03068739770867431, "2023_7_10": 6.183510638297873, "2023_7_15": 3.544394435351883, "2023_7_20": 20.182078559738134, "2023_12_1": 0.015343698854337154, "2023_12_1_1": 0.07160392798690672, "2023_12_5": 3.7489770867430448, "2023_12_5_4": 0.41427986906710323, "2023_12_8": 0.005114566284779052, "2023_12_9": 6.822831423895255, "2023_12_9_1": 2.2504091653027825, "2023_12_10": 1.1047463175122751, "2023_12_11": 3.917757774140753, "2023_20_4_1": 48.782733224222596, "2023_20_6": 1.1865793780687401, "2023_20_7": 0.1380932896890344}