{"2023_7_10": 0.14147702008973687, "2023_7_15": 0.09701281377581956, "2023_7_20": 2.7365697885929103, "2023_7_26": 0.0444642063139173, "2023_7_30": 23.363919317676547, "2023_12_1_1": 0.028295404017947376, "2023_12_5": 0.07680181090585717, "2023_12_5_4": 0.004042200573992481, "2023_12_9": 0.060633008609887226, "2023_12_9_1": 0.016168802295969925, "2023_12_10": 0.08084401147984964, "2023_12_11": 0.07275961033186468, "2023_20_4_1": 0.10105501434981204, "2023_20_7": 0.1131816160717895, "2023_20_8": 0.1778568252556692, "2023_20_9": 3.755204333239016, "2023_26_1": 0.21827883099559403, "2023_26_3": 0.012126601721977446, "2023_26_6": 0.07275961033186468, "2023_26_7": 3.5005456970774897, "2023_26_8": 7.934839726747242, "2023_26_9": 11.22114879340313, "2023_26_10": 0.8650309228343912, "2023_26_11": 0.7397227050406242, "2023_26_12": 0.16977242410768423, "2023_27_6": 0.8731153239823761, "2023_32_1": 0.9701281377581956, "2023_32_4": 8.884756861635475, "2023_32_6": 33.667488580783385}