{"2022_44_2": 0.10355540214014498, "2022_44_25_1": 0.054243305882933086, "2022_44_25_2": 0.11834903101730855, "2022_44_25_3": 0.5720203165836579, "2022_44_25_5": 0.5375018492036098, "2022_44_30": 0.4240840278120223, "2022_44_30_1": 0.029587257754327138, "2022_44_30_2": 0.059174515508654275, "2022_44_30_5": 1.1243157946644313, "2022_44_30_10": 8.249913703831552, "2022_45_10": 0.009862419251442378, "2022_45_11": 0.1923171754031264, "2022_45_12": 4.76354849844667, "2022_45_13": 9.66023965678781, "2022_45_14": 0.14300507914591448, "2022_45_15": 8.008284432171212, "2023_2_0_5": 0.0443808866314907, "2023_2_10": 0.9221362000098624, "2023_2_11": 0.11341782139158738, "2023_2_12": 24.148133537156664, "2023_2_13": 0.019724838502884756, "2023_2_201": 0.004931209625721189, "2023_2_301": 0.28601015829182896, "2023_6_1": 0.39449677005769523, "2023_6_8": 26.164998274076627, "2023_6_9": 5.72020316583658, "2023_6_11": 8.116771043937078, "2023_6_11_2": 0.014793628877163569}