{"2024_32_20": 0.10999238514256703, "2024_32_20_1": 0.2707504865047804, "2024_33_5": 18.927151197224806, "2024_33_15": 0.5245790676030119, "2024_33_25": 0.21998477028513405, "2024_33_30": 0.016921905406548775, "2024_33_35": 7.428716473474911, "2024_33_40": 0.9391657500634569, "2024_38": 0.008460952703274387, "2024_38_2": 1.8783315001269139, "2024_38_4": 0.21152381758185967, "2024_38_6": 2.0813943650054996, "2024_38_7": 5.761908790929858, "2024_39_5": 1.1253067095354934, "2024_39_15": 0.23690667569168286, "2024_44_1": 0.25382858109823164, "2024_44_3": 0.9307047973601825, "2024_44_3_1": 23.665284711058458, "2024_44_4": 0.7530247905914205, "2024_44_25_2": 14.840511041543275, "2024_44_25_3": 0.48227430408664007, "2024_44_25_4": 0.8291733649208899, "2024_45_25_5": 4.162788730010999, "2024_45_25_6": 1.0237752770962008, "2024_45_25_10": 0.17768000676876214, "2024_45_25_15": 1.5229714865893897, "2024_45_32": 4.442000169219053, "2024_45_32_1": 6.447245959895083, "2024_45_32_2": 0.7276419324815973}