{"2022_44_25_5": 0.021459227467811152, "2022_44_30": 0.016094420600858368, "2022_44_30_2": 0.010729613733905576, "2022_44_30_5": 0.010729613733905576, "2022_44_30_10": 0.0912017167381974, "2022_45_12": 0.037553648068669516, "2022_45_13": 0.0912017167381974, "2022_45_15": 1.325107296137339, "2023_2_10": 0.032188841201716736, "2023_2_12": 0.24678111587982826, "2023_2_301": 0.010729613733905576, "2023_6_8": 0.053648068669527885, "2023_6_11": 0.19849785407725315, "2023_7_5": 0.032188841201716736, "2023_7_10": 11.65772532188841, "2023_7_15": 12.784334763948497, "2023_7_20": 5.5311158798283255, "2023_12_1": 0.032188841201716736, "2023_12_1_1": 0.06437768240343347, "2023_12_5": 5.71351931330472, "2023_12_5_4": 0.4774678111587982, "2023_12_8": 0.005364806866952788, "2023_12_9": 10.021459227467808, "2023_12_9_1": 4.03969957081545, "2023_12_10": 1.4002145922746778, "2023_12_11": 3.2618025751072954, "2023_20_4_1": 42.83261802575106}