{"2023_26_12": 0.29801324503311255, "2023_32_6": 0.016556291390728478, "2023_38_9": 0.016556291390728478, "2023_44_1": 0.016556291390728478, "2023_44_30_5_1": 0.008278145695364239, "2023_44_30_8": 0.0910596026490066, "2023_44_30_9": 0.008278145695364239, "2023_44_30_13": 0.016556291390728478, "2023_44_30_14": 0.7119205298013245, "2023_44_30_20": 0.008278145695364239, "2023_44_30_25": 0.07450331125827814, "2023_44_30_30": 0.19867549668874168, "2024_2_6": 0.04139072847682119, "2024_2_7": 0.6456953642384106, "2024_2_8": 0.033112582781456956, "2024_2_12": 0.008278145695364239, "2024_2_13": 0.008278145695364239, "2024_3_6": 0.3642384105960264, "2024_3_10": 1.2665562913907282, "2024_3_15": 7.193708609271522, "2024_3_20": 0.7450331125827814, "2024_3_25": 39.92549668874172, "2024_8_4": 0.1572847682119205, "2024_8_7": 0.3642384105960264, "2024_8_8": 0.016556291390728478, "2024_8_9": 24.90066225165562, "2024_8_12": 0.08278145695364238, "2024_14_3": 1.9122516556291391, "2024_14_5": 0.0910596026490066, "2024_14_6": 20.778145695364238}