{"2023_27_6": 0.0541907514450867, "2023_27_7": 7.564125722543354, "2023_27_12": 2.8540462427745665, "2023_32_4": 0.07677023121387283, "2023_32_6": 0.09934971098265895, "2023_32_7": 0.14902456647398846, "2023_32_9": 1.0928468208092486, "2023_38_1": 0.004515895953757226, "2023_38_4": 0.013547687861271675, "2023_38_6": 6.683526011560693, "2023_38_8": 0.1625722543352601, "2023_38_9": 3.6172326589595376, "2023_38_9_1": 0.22127890173410403, "2023_44_1": 16.871387283236995, "2023_44_9_1": 0.009031791907514452, "2023_44_25": 0.004515895953757226, "2023_44_30_1": 0.2574060693641618, "2023_44_30_2": 0.6593208092485549, "2023_44_30_3": 0.009031791907514452, "2023_44_30_4": 0.4515895953757225, "2023_44_30_5_1": 8.571170520231213, "2023_44_30_6": 1.6979768786127165, "2023_44_30_7": 1.6573338150289016, "2023_44_30_8": 45.845375722543345, "2023_44_30_9": 1.359284682080925, "2023_44_30_10": 0.004515895953757226, "2023_44_30_11": 0.009031791907514452}