{"2022_44_25_2": 0.01518064973180852, "2022_44_25_3": 0.19734844651351077, "2022_44_25_5": 0.07084303208177309, "2022_44_30": 0.19228822993624126, "2022_44_30_2": 0.025301082886347533, "2022_44_30_5": 0.18722801335897174, "2022_44_30_10": 1.3713186924400365, "2022_45_10": 0.005060216577269507, "2022_45_11": 0.040481732618156054, "2022_45_12": 0.9766217994130146, "2022_45_13": 1.4725230239854266, "2022_45_14": 0.03036129946361704, "2022_45_15": 28.160105252504806, "2023_2_0_5": 0.020240866309078027, "2023_2_10": 0.4250581924906386, "2023_2_11": 0.020240866309078027, "2023_2_12": 11.339945349660963, "2023_2_13": 0.020240866309078027, "2023_2_201": 0.005060216577269507, "2023_2_301": 0.055662382349964575, "2023_6_1": 0.08602368181358161, "2023_6_8": 12.544276895051107, "2023_6_9": 1.168910029349256, "2023_6_11": 10.494889181256955, "2023_6_11_2": 0.050602165772695065, "2023_6_15": 0.005060216577269507, "2023_12_1": 9.366460884525855, "2023_12_1_1": 21.65266673413622}