{"2022_45_12": 0.029971527049303157, "2022_45_13": 0.04995254508217194, "2022_45_15": 0.9640841200859183, "2023_2_10": 0.019981018032868773, "2023_2_12": 0.154852889754733, "2023_2_301": 0.009990509016434387, "2023_6_8": 0.034966781557520345, "2023_6_11": 0.10989559918077824, "2023_7_5": 0.029971527049303157, "2023_7_10": 5.3748938508416995, "2023_7_15": 3.077076777061791, "2023_7_20": 21.359708277136715, "2023_12_1": 0.009990509016434387, "2023_12_1_1": 0.06493830860682351, "2023_12_5": 3.2419201758329583, "2023_12_5_4": 0.38463459713272385, "2023_12_8": 0.004995254508217193, "2023_12_9": 6.004295918877066, "2023_12_9_1": 1.8682251860732302, "2023_12_10": 0.9391078475448323, "2023_12_11": 3.981217843049103, "2023_20_4_1": 43.738448473949745, "2023_20_6": 1.133922773365303, "2023_20_7": 7.407962435686098, "2023_26": 0.004995254508217193}