{"2023_6_8": 0.0561409569873899, "2023_6_11": 0.06909656244601832, "2023_7_5": 0.01727414061150458, "2023_7_10": 2.871825876662636, "2023_7_15": 1.4855760925893937, "2023_7_20": 23.92900328208672, "2023_7_25": 0.004318535152876145, "2023_7_26": 0.31093453100708246, "2023_12_1": 0.012955605458628438, "2023_12_1_1": 0.07341509759889446, "2023_12_5": 1.9822076351701505, "2023_12_5_4": 0.24183796856106413, "2023_12_8": 0.004318535152876145, "2023_12_9": 3.5282432198998106, "2023_12_9_1": 0.8334772845050961, "2023_12_10": 0.5268612886508898, "2023_12_11": 1.5546726550354124, "2023_20_4_1": 6.650544135429263, "2023_20_6": 0.11660044912765591, "2023_20_7": 5.475902573846952, "2023_20_8": 3.5368802902055623, "2023_20_9": 39.860079461046816, "2023_26_1": 4.741751597858007, "2023_26_3": 0.12955605458628436, "2023_26_6": 1.9822076351701505, "2023_26_7": 0.004318535152876145}