{"2023_38_6": 6.197585475992997, "2023_38_8": 0.1520597179983412, "2023_38_9": 3.1702147267532945, "2023_38_9_1": 0.17970693945258506, "2023_44_1": 13.560962123306608, "2023_44_9_2": 0.00921574048474795, "2023_44_25": 0.004607870242373975, "2023_44_30_1": 0.16127545848308916, "2023_44_30_2": 0.43313980278315367, "2023_44_30_3": 0.00921574048474795, "2023_44_30_4": 0.2718643443000645, "2023_44_30_5_1": 4.9304211593401535, "2023_44_30_6": 0.9722606211409088, "2023_44_30_7": 0.8478481245968115, "2023_44_30_8": 25.39397290572298, "2023_44_30_9": 7.621417380886555, "2023_44_30_10": 0.004607870242373975, "2023_44_30_12": 0.0184314809694959, "2023_44_30_13": 0.35480600866279616, "2023_44_30_14": 11.086535803151785, "2023_44_30_20": 0.013823610727121927, "2024_2_2": 0.10137314533222747, "2024_2_2_1": 11.436733941572207, "2024_2_3": 6.1837618652658755, "2024_2_6": 6.8841581421067195}