{"2023_38_6": 6.301522984490708, "2023_38_8": 0.15369568254855387, "2023_38_9": 3.2229518885939177, "2023_38_9_1": 0.18629779702855018, "2023_44_1": 13.80932420474128, "2023_44_9_1": 0.004657444925713754, "2023_44_9_2": 0.009314889851427508, "2023_44_25": 0.004657444925713754, "2023_44_30_1": 0.16301057239998137, "2023_44_30_2": 0.4377998230170929, "2023_44_30_3": 0.009314889851427508, "2023_44_30_4": 0.27944669554282525, "2023_44_30_5_1": 5.071957524102278, "2023_44_30_6": 1.0106655488798846, "2023_44_30_7": 0.8616273112570445, "2023_44_30_8": 26.6172977504541, "2023_44_30_9": 8.350798751804762, "2023_44_30_10": 0.004657444925713754, "2023_44_30_12": 0.023287224628568772, "2023_44_30_13": 0.3586232592799591, "2023_44_30_14": 9.654883331004612, "2023_44_30_15": 0.004657444925713754, "2024_2_2": 0.11643612314284384, "2024_2_2_1": 12.18387592566718, "2024_2_3": 5.658795584742212, "2024_2_6": 5.500442457267943}