{"2024_32_7": 7.78778778778779, "2024_32_9": 0.040040040040040054, "2024_32_9_1": 0.013346680013346686, "2024_32_10": 15.562228895562235, "2024_32_20": 0.08675342008675346, "2024_32_20_1": 0.21354688021354698, "2024_33_5": 15.502168835502175, "2024_33_15": 0.42709376042709396, "2024_33_25": 0.18685352018685358, "2024_33_30": 0.013346680013346686, "2024_33_35": 6.059392726059396, "2024_33_40": 0.8408408408408412, "2024_38": 0.006673340006673343, "2024_38_2": 1.5081748415081755, "2024_38_4": 0.16683350016683357, "2024_38_6": 1.695028361695029, "2024_38_7": 4.99165832499166, "2024_39_5": 0.954287620954288, "2024_39_15": 0.4204204204204206, "2024_44_1": 0.21354688021354698, "2024_44_3": 0.7874541207874545, "2024_44_3_1": 19.252585919252592, "2024_44_4": 0.5405405405405407, "2024_44_25_2": 16.623289956623292, "2024_44_25_3": 2.1888555221888564, "2024_44_25_4": 0.4004004004004006, "2024_45_25_5": 2.33566900233567, "2024_45_25_6": 0.41374708041374725, "2024_45_32": 0.7674341007674345}