{"2022_40_4": 0.017031906438060632, "2022_40_4_2": 0.039741115022141484, "2022_44_2": 0.0510957193141819, "2022_44_25_1": 0.011354604292040422, "2022_44_25_2": 0.04541841716816169, "2022_44_25_3": 0.2554785965709095, "2022_44_25_5": 0.11922334506642444, "2022_44_30": 0.2384466901328489, "2022_44_30_1": 0.005677302146020211, "2022_44_30_2": 0.022709208584080844, "2022_44_30_5": 0.3463154309072329, "2022_44_30_10": 2.441239922788691, "2022_45_10": 0.011354604292040422, "2022_45_11": 0.062450323606222324, "2022_45_12": 1.964346542522993, "2022_45_13": 2.974906324514591, "2022_45_14": 0.0510957193141819, "2022_45_15": 25.383217894856365, "2023_2_0_5": 0.022709208584080844, "2023_2_10": 0.5563756103099806, "2023_2_11": 0.062450323606222324, "2023_2_12": 18.30929942091518, "2023_2_13": 0.017031906438060632, "2023_2_301": 0.12490064721244465, "2023_6_1": 0.10786874077438402, "2023_6_8": 23.90711933689111, "2023_6_9": 2.5831724764391963, "2023_6_11": 20.035199273305327, "2023_6_11_2": 0.23276938798682864}