{"2024_27_5": 0.22962112514351313, "2024_27_10": 0.7079984691924989, "2024_27_25": 3.189182293659905, "2024_32": 0.03189182293659905, "2024_32_3": 5.612960836841433, "2024_32_4_1": 0.24237785431815276, "2024_32_4_2": 0.02551345834927924, "2024_32_5_3": 0.019135093761959432, "2024_32_5_4": 0.02551345834927924, "2024_32_6": 2.729940043372878, "2024_32_7": 8.904196963898455, "2024_32_9": 0.044648552111238665, "2024_32_9_1": 0.03189182293659905, "2024_32_10": 21.660926138538077, "2024_32_20": 0.09567546880979715, "2024_32_20_1": 0.2806480418420716, "2024_33_5": 22.604924097461407, "2024_33_15": 1.1289705319556065, "2024_33_25": 0.2806480418420716, "2024_33_30": 0.01275672917463962, "2024_33_35": 8.929710422247734, "2024_38": 0.00637836458731981, "2024_38_2": 2.0474550325296588, "2024_38_4": 0.1977293022069141, "2024_38_6": 2.5577241995152438, "2024_38_7": 13.215971424926648, "2024_39_5": 0.13394565633371602, "2024_44_1": 0.8100523025896158, "2024_44_3": 2.825615512182676, "2024_44_3_1": 1.4159969383849977}