{"2024_26_10": 1.556699016478864, "2024_26_11": 0.2475086302351332, "2024_26_20": 1.4068911613365465, "2024_27_5": 0.27356217025988405, "2024_27_10": 0.7816062007425258, "2024_27_25": 3.6474956034651207, "2024_32": 0.03256692503093858, "2024_32_3": 6.194229140884518, "2024_32_4_1": 0.30612909529082266, "2024_32_4_2": 0.026053540024750858, "2024_32_5_3": 0.019540155018563148, "2024_32_5_4": 0.03256692503093858, "2024_32_6": 3.074317722920602, "2024_32_7": 12.245163811632905, "2024_32_9": 0.05862046505568945, "2024_32_9_1": 0.1758613951670683, "2024_32_10": 28.717514492281637, "2024_32_20": 0.1172409301113789, "2024_32_20_1": 0.3321826353155735, "2024_33_5": 19.2991597733342, "2024_33_15": 1.1072754510519118, "2024_33_25": 1.1203022210642872, "2024_33_30": 0.11072754510519117, "2024_33_35": 1.0095746759590958, "2024_38": 0.006513385006187714, "2024_38_2": 4.337914414121019, "2024_38_4": 0.3452094053279489, "2024_38_6": 13.417573112746695}