{"2023_32_9": 0.020859407592824362, "2023_38_6": 0.013906271728549574, "2023_38_9": 0.02781254345709915, "2023_44_1": 0.013906271728549574, "2023_44_30_5_1": 0.020859407592824362, "2023_44_30_8": 0.7717980809345014, "2023_44_30_9": 0.041718815185648725, "2023_44_30_13": 0.020859407592824362, "2023_44_30_14": 3.295786399666249, "2023_44_30_16": 0.020859407592824362, "2023_44_30_20": 0.020859407592824362, "2023_44_30_25": 2.676957307745793, "2023_44_30_30": 0.4658601029064107, "2024_2_2_1": 0.020859407592824362, "2024_2_3": 0.041718815185648725, "2024_2_6": 0.09039076623557223, "2024_2_7": 14.858851341955223, "2024_2_7_1": 0.006953135864274787, "2024_2_8": 1.042970379641218, "2024_2_12": 0.034765679321373935, "2024_2_13": 0.09039076623557223, "2024_3_6": 1.9190654985398414, "2024_3_10": 15.929634265053538, "2024_3_15": 23.828396606869696, "2024_8_3": 0.1112501738283966, "2024_8_4": 2.816020025031289, "2024_8_7": 10.207203448755386, "2024_8_8": 0.15296898901404532, "2024_8_9": 21.227923793630925, "2024_8_12": 0.2085940759282436}