{"2023_38_6": 6.11675359136243, "2023_38_8": 0.15097447158934943, "2023_38_9": 3.1064141275505537, "2023_38_9_1": 0.1784243755146857, "2023_44_1": 13.313203403788087, "2023_44_9_2": 0.009149967975112087, "2023_44_25": 0.004574983987556043, "2023_44_30_1": 0.16012443956446154, "2023_44_30_2": 0.4254735108427121, "2023_44_30_3": 0.009149967975112087, "2023_44_30_4": 0.2699240552658066, "2023_44_30_5_1": 4.785433250983622, "2023_44_30_6": 0.9424467014365451, "2023_44_30_7": 0.8189221337725319, "2023_44_30_8": 23.831091591179433, "2023_44_30_9": 6.702351541769604, "2023_44_30_10": 0.004574983987556043, "2023_44_30_12": 0.01372495196266813, "2023_44_30_13": 0.3476987830542593, "2023_44_30_14": 12.517156189953335, "2023_44_30_20": 0.2790740232409186, "2024_2_2": 0.09149967975112089, "2024_2_2_1": 9.451916918290786, "2024_2_3": 4.044285844999543, "2024_2_6": 11.121786073748742, "2024_2_7": 1.3038704364534723}