{"2023_6_11": 0.013875398917718884, "2023_7_10": 0.231256648628648, "2023_7_15": 0.1665047870126266, "2023_7_20": 4.898015817954766, "2023_7_26": 0.0832523935063133, "2023_7_30": 22.524397576430317, "2023_12_1": 0.004625132972572961, "2023_12_1_1": 0.032375930808010725, "2023_12_5": 0.06012672864344849, "2023_12_5_4": 0.009250265945145922, "2023_12_9": 0.0693769945885944, "2023_12_9_1": 0.023125664862864805, "2023_12_10": 0.07400212756116738, "2023_12_11": 0.09250265945145922, "2023_20_4_1": 0.13412885620461587, "2023_20_7": 0.18038018593034547, "2023_20_8": 0.24513204754636692, "2023_20_9": 5.725914620045325, "2023_26_1": 0.3422598399703991, "2023_26_3": 0.018500531890291844, "2023_26_6": 0.1295037232320429, "2023_26_7": 7.3493362934184345, "2023_26_8": 18.990795985384576, "2023_26_9": 25.461357014014148, "2023_26_10": 1.165533509088386, "2023_26_11": 0.9204014615420194, "2023_32_1": 4.176495074233384, "2023_32_4": 6.877572730215993}