{"2023_32_7": 0.016223231667748216, "2023_32_9": 0.03244646333549643, "2023_38_9": 0.04866969500324464, "2023_44_1": 0.04866969500324464, "2023_44_30_5_1": 0.016223231667748216, "2023_44_30_6": 0.02433484750162232, "2023_44_30_7": 0.008111615833874108, "2023_44_30_8": 1.36275146009085, "2023_44_30_9": 0.040558079169370535, "2023_44_30_13": 0.03244646333549643, "2023_44_30_14": 5.248215444516547, "2023_44_30_16": 0.02433484750162232, "2023_44_30_20": 0.02433484750162232, "2023_44_30_25": 13.935756002595717, "2023_44_30_30": 0.989617131732641, "2024_2_2_1": 0.02433484750162232, "2024_2_3": 0.016223231667748216, "2024_2_6": 0.04866969500324464, "2024_2_7": 30.46722907203115, "2024_2_7_1": 0.008111615833874108, "2024_2_8": 2.5470473718364692, "2024_2_12": 0.05678131083711875, "2024_2_13": 0.19467878001297856, "2024_3_6": 7.251784555483452, "2024_3_10": 12.889357560025955, "2024_8_3": 0.19467878001297856, "2024_8_4": 6.692083062946137, "2024_8_7": 17.75632706035042}