{"2023_6_11": 0.013433036313974836, "2023_7_10": 0.20149554470962253, "2023_7_15": 0.14328572068239828, "2023_7_20": 4.3523037657278465, "2023_7_26": 0.07164286034119914, "2023_7_30": 22.854072448842523, "2023_12_1": 0.004477678771324946, "2023_12_1_1": 0.031343751399274616, "2023_12_5": 0.07612053911252406, "2023_12_5_4": 0.008955357542649893, "2023_12_9": 0.07164286034119914, "2023_12_9_1": 0.017910715085299785, "2023_12_10": 0.08059821788384902, "2023_12_11": 0.08955357542649889, "2023_20_4_1": 0.13433036313974836, "2023_20_7": 0.16119643576769804, "2023_20_8": 0.22836161733757218, "2023_20_9": 5.225451126136211, "2023_26_1": 0.30895983522142123, "2023_26_3": 0.013433036313974836, "2023_26_6": 0.12089732682577352, "2023_26_7": 5.825460081493753, "2023_26_8": 14.704697085031121, "2023_26_9": 19.13312138987149, "2023_26_10": 0.9358348632069136, "2023_26_11": 0.8238928939237898, "2023_27_5": 0.008955357542649893, "2023_32_1": 2.6194420812250927, "2023_32_4": 21.73913043478261}