{"2024_32_9": 0.042786850174712975, "2024_32_9_1": 0.014262283391570995, "2024_32_10": 16.251871924695145, "2024_32_20": 0.09270484204521144, "2024_32_20_1": 0.22819653426513592, "2024_33_5": 16.08785566569208, "2024_33_15": 0.4492619268344862, "2024_33_25": 0.19254082578620837, "2024_33_30": 0.014262283391570995, "2024_33_35": 6.303929259074378, "2024_33_40": 0.8129501533195466, "2024_38": 0.0071311416957854975, "2024_38_2": 1.58311345646438, "2024_38_4": 0.1782785423946374, "2024_38_6": 1.7685231405548028, "2024_38_7": 4.89196320330885, "2024_39_5": 0.9769664123226129, "2024_39_15": 0.21393425087356488, "2024_44_1": 0.21393425087356488, "2024_44_3": 0.79155672823219, "2024_44_3_1": 20.0599015902446, "2024_44_4": 0.6275404692291237, "2024_44_25_2": 13.442202096555658, "2024_44_25_3": 0.4421307851387007, "2024_44_25_4": 0.6560650360122657, "2024_45_25_5": 3.501390572630678, "2024_45_25_6": 0.79155672823219, "2024_45_25_10": 0.30663909291877633, "2024_45_32": 6.68187976895101, "2024_45_32_1": 2.3746701846965705}