{"2023_44_30_5_1": 0.019080328181644728, "2023_44_30_8": 0.5596896266615785, "2023_44_30_9": 0.038160656363289455, "2023_44_30_13": 0.019080328181644728, "2023_44_30_14": 2.3723208039178276, "2023_44_30_20": 0.019080328181644728, "2023_44_30_25": 1.6218278954398018, "2023_44_30_30": 0.3625262354512498, "2024_2_2_1": 0.006360109393881574, "2024_2_3": 0.012720218787763148, "2024_2_6": 0.044520765757171024, "2024_2_7": 8.732430197799403, "2024_2_8": 0.6805317051453286, "2024_2_12": 0.019080328181644728, "2024_2_13": 0.044520765757171024, "2024_3_6": 1.151179800292565, "2024_3_10": 7.632131272657891, "2024_3_15": 6.760796285696113, "2024_3_20": 0.7568530178719075, "2024_3_25": 29.631749666094258, "2024_8_3": 0.06360109393881576, "2024_8_4": 1.5645869108948673, "2024_8_7": 4.630159638745787, "2024_8_8": 0.06996120333269731, "2024_8_9": 29.949755135788337, "2024_8_12": 0.06360109393881576, "2024_14_3": 1.5264262545315779, "2024_14_5": 0.19080328181644723, "2024_14_6": 1.4564650511988808}