{"2022_44_2": 0.11014318614198458, "2022_44_25_1": 0.05507159307099229, "2022_44_25_2": 0.13016921998598177, "2022_44_25_3": 0.5957745068589166, "2022_44_25_5": 0.5857614899369179, "2022_44_30": 0.435566236106939, "2022_44_30_1": 0.03504555922699509, "2022_44_30_2": 0.06508460999299089, "2022_44_30_5": 1.2466206067888255, "2022_44_30_10": 9.2870731951537, "2022_45_10": 0.0100130169219986, "2022_45_11": 0.21027335536197056, "2022_45_12": 7.684990487633925, "2022_45_13": 13.132071693201159, "2022_45_14": 0.32542304996495447, "2022_45_15": 0.3053970161209572, "2023_2_0_5": 0.045058576148993695, "2023_2_10": 0.9762691498948632, "2023_2_11": 0.13016921998598177, "2023_2_12": 24.742164814258537, "2023_2_13": 0.0200260338439972, "2023_2_201": 0.0050065084609993, "2023_2_301": 0.27535796535496143, "2023_6_1": 0.40552718534094323, "2023_6_8": 26.4243516571543, "2023_6_9": 5.567237408631221, "2023_6_11": 7.1843396415339935, "2023_6_11_1": 0.0100130169219986}