{"2022_44_2": 0.09828975820719484, "2022_44_25_1": 0.04914487910359742, "2022_44_25_2": 0.1179477098486338, "2022_44_25_3": 0.5455081580499314, "2022_44_25_5": 0.5061922547670533, "2022_44_30": 0.39807352073913904, "2022_44_30_1": 0.02948692746215845, "2022_44_30_2": 0.05405936701395716, "2022_44_30_5": 1.0861018281895027, "2022_44_30_10": 7.838608217023786, "2022_45_10": 0.009828975820719482, "2022_45_11": 0.19166502850402992, "2022_45_12": 4.142913308433262, "2022_45_13": 8.3251425201494, "2022_45_14": 0.07863180656575586, "2022_45_15": 10.477688224886968, "2023_2_0_5": 0.04423039119323768, "2023_2_10": 0.9042657755061925, "2023_2_11": 0.11303322193827406, "2023_2_12": 23.987615490465895, "2023_2_13": 0.019657951641438964, "2023_2_201": 0.004914487910359741, "2023_2_301": 0.24080990760762733, "2023_6_1": 0.38333005700805983, "2023_6_8": 25.55533713387066, "2023_6_9": 5.238844112443484, "2023_6_11": 9.499705130725381, "2023_6_11_2": 0.0589738549243169}