{"2023_38_6": 0.013479813978567096, "2023_38_9": 0.020219720967850647, "2023_44_1": 0.020219720967850647, "2023_44_30_5_1": 0.013479813978567096, "2023_44_30_8": 0.6874705129069218, "2023_44_30_9": 0.047179348924984835, "2023_44_30_13": 0.020219720967850647, "2023_44_30_14": 3.0464379591561634, "2023_44_30_16": 0.020219720967850647, "2023_44_30_20": 0.020219720967850647, "2023_44_30_25": 2.4128867021635103, "2023_44_30_30": 0.4583136752712813, "2024_2_2_1": 0.020219720967850647, "2024_2_3": 0.02695962795713419, "2024_2_6": 0.08087888387140259, "2024_2_7": 13.419154815663543, "2024_2_7_1": 0.006739906989283548, "2024_2_8": 0.936847071510413, "2024_2_12": 0.03369953494641774, "2024_2_13": 0.07413897688211904, "2024_3_6": 1.6580171193637532, "2024_3_10": 13.405675001684978, "2024_3_15": 27.545999865201864, "2024_3_20": 0.29655590752847616, "2024_8_3": 0.10109860483925322, "2024_8_4": 2.358967446249242, "2024_8_7": 7.811552200579633, "2024_8_8": 0.12805823279638742, "2024_8_9": 25.052234279166946, "2024_8_12": 0.2628563725820584}