{"2024_27_25": 2.7833242572759733, "2024_32": 0.030253524535608402, "2024_32_3": 4.9615780238397775, "2024_32_4_1": 0.21177467174925882, "2024_32_4_2": 0.02420281962848672, "2024_32_5_3": 0.01815211472136504, "2024_32_5_4": 0.02420281962848672, "2024_32_6": 2.3476735039632124, "2024_32_7": 7.109578265867975, "2024_32_9": 0.03630422944273008, "2024_32_9_1": 0.01210140981424336, "2024_32_10": 14.533793186906276, "2024_32_20": 0.07865916379258185, "2024_32_20_1": 0.20572396684213715, "2024_33_5": 14.878683366612211, "2024_33_15": 0.3932958189629092, "2024_33_25": 0.17547044230652875, "2024_33_30": 0.01210140981424336, "2024_33_35": 6.26247957887094, "2024_33_40": 1.6639438494584622, "2024_38": 0.00605070490712168, "2024_38_2": 1.4219156531735948, "2024_38_4": 0.15126762267804203, "2024_38_6": 1.5973860954801238, "2024_38_7": 4.979730138561143, "2024_39_5": 1.198039571610093, "2024_44_1": 0.19362255702789377, "2024_44_3": 0.7260845888546017, "2024_44_3_1": 18.46675137653537, "2024_44_4": 0.3690929993344225, "2024_44_25_2": 15.126762267804203}