{"2023_44_30_5_1": 0.019248043115616578, "2023_44_30_8": 0.5710252790966251, "2023_44_30_9": 0.038496086231233156, "2023_44_30_13": 0.019248043115616578, "2023_44_30_14": 2.4316694469395608, "2023_44_30_20": 0.019248043115616578, "2023_44_30_25": 1.661747722314898, "2023_44_30_30": 0.365712819196715, "2024_2_2_1": 0.006416014371872192, "2024_2_3": 0.012832028743744384, "2024_2_6": 0.044912100603105354, "2024_2_7": 8.950340048761708, "2024_2_8": 0.7057615809059412, "2024_2_12": 0.02566405748748877, "2024_2_13": 0.044912100603105354, "2024_3_6": 1.1869626587963558, "2024_3_10": 7.96227383549339, "2024_3_15": 7.192352110868729, "2024_3_20": 0.802001796484024, "2024_3_25": 28.557679969203132, "2024_8_3": 0.07057615809059412, "2024_8_4": 1.6168356217117925, "2024_8_7": 4.856922879507249, "2024_8_8": 0.07699217246246631, "2024_8_9": 30.809701013730272, "2024_8_12": 0.07699217246246631, "2024_14_3": 1.5077633773899652, "2024_14_5": 0.15398434492493263, "2024_14_6": 0.2117284742717824}