{"2022_44_30_10": 0.028156323910350264, "2022_45_13": 0.033787588692420316, "2022_45_15": 0.14641288433382138, "2023_2_10": 0.016893794346210158, "2023_2_12": 0.20272553215452188, "2023_2_301": 0.011262529564140106, "2023_6_8": 0.028156323910350264, "2023_6_11": 0.05068138303863047, "2023_7_10": 0.9854713368622592, "2023_7_15": 0.8559522468746481, "2023_7_20": 27.46367834215565, "2023_7_26": 0.42234485865525395, "2023_12_1": 0.016893794346210158, "2023_12_1_1": 0.05631264782070053, "2023_12_5": 0.3040882982317828, "2023_12_5_4": 0.12388782520554117, "2023_12_9": 0.1520441491158914, "2023_12_9_1": 0.05631264782070053, "2023_12_10": 0.1745692082441716, "2023_12_11": 0.44486991778353424, "2023_20_4_1": 0.3097195630138529, "2023_20_7": 0.6194391260277058, "2023_20_8": 0.5687577429890754, "2023_20_9": 16.646018695799075, "2023_26_1": 0.7827458047077374, "2023_26_3": 0.045050118256560426, "2023_26_6": 0.5124450951683748, "2023_26_7": 36.38923302173668, "2023_26_8": 12.552089199234148}