{"2024_32_7": 7.710233703974964, "2024_32_9": 0.039949397429922096, "2024_32_9_1": 0.013316465809974032, "2024_32_10": 15.427125640854914, "2024_32_20": 0.08655702776483121, "2024_32_20_1": 0.2130634529595845, "2024_33_5": 15.413809175044943, "2024_33_15": 0.419468673014182, "2024_33_25": 0.18643052133963645, "2024_33_30": 0.013316465809974032, "2024_33_35": 6.012384313203275, "2024_33_40": 0.8056461815034287, "2024_38": 0.006658232904987016, "2024_38_2": 1.5047606365270656, "2024_38_4": 0.16645582262467537, "2024_38_6": 1.6712164591517409, "2024_38_7": 4.780611225780677, "2024_39_5": 0.9388108396031692, "2024_39_15": 0.2929622478194287, "2024_44_1": 0.2130634529595845, "2024_44_3": 0.779013249883481, "2024_44_3_1": 19.01591317664292, "2024_44_4": 0.5260003994939743, "2024_44_25_2": 14.135428457287436, "2024_44_25_3": 1.278380717757507, "2024_44_25_4": 0.47273453625407813, "2024_45_25_5": 2.623343764564884, "2024_45_25_6": 0.5459750982089353, "2024_45_32": 4.70737066382582}