{"2023_2_12": 0.23699861378169296, "2023_6_8": 0.05366006349774179, "2023_6_11": 0.0715467513303224, "2023_7_5": 0.022358359790725753, "2023_7_10": 3.3045655770692655, "2023_7_15": 1.7976121271743504, "2023_7_20": 23.55676787550865, "2023_7_25": 0.00447167195814515, "2023_7_26": 0.25041362965612846, "2023_12_1": 0.0089433439162903, "2023_12_1_1": 0.0715467513303224, "2023_12_5": 2.2224209631981395, "2023_12_5_4": 0.2817153333631444, "2023_12_8": 0.00447167195814515, "2023_12_9": 3.9484863390421676, "2023_12_9_1": 0.983767830791933, "2023_12_10": 0.5634306667262888, "2023_12_11": 2.1642892277422523, "2023_20_4_1": 8.19657469928006, "2023_20_6": 0.17439520636766082, "2023_20_7": 7.378258730939498, "2023_20_8": 5.303402942360148, "2023_20_9": 33.61355810937709, "2023_26_1": 5.629834995304743, "2023_26_3": 0.15650851853508024}