{"2022_45_13": 0.03189623092871192, "2022_45_15": 0.13821700069108503, "2023_2_12": 0.1169528467386104, "2023_2_301": 0.010632076976237307, "2023_6_8": 0.010632076976237307, "2023_6_11": 0.02658019244059327, "2023_7_10": 0.8824623890276965, "2023_7_15": 0.7761416192653234, "2023_7_20": 27.234065174631866, "2023_7_26": 0.4146510020732551, "2023_12_1": 0.0053160384881186535, "2023_12_1_1": 0.037212269416830576, "2023_12_5": 0.12758492371484767, "2023_12_5_4": 0.02658019244059327, "2023_12_9": 0.09037265429801712, "2023_12_9_1": 0.03189623092871192, "2023_12_10": 0.13821700069108503, "2023_12_11": 0.20200946254850882, "2023_20_4_1": 0.16479719313167832, "2023_20_7": 0.43591515602572956, "2023_20_8": 0.4146510020732551, "2023_20_9": 11.620860135027378, "2023_26_1": 0.6166604646217638, "2023_26_3": 0.02658019244059327, "2023_26_6": 0.2604858859178141, "2023_26_7": 19.664026367550903, "2023_26_8": 36.239434373504864, "2023_26_10": 0.25516984742969534}