{"2023_6_11": 0.013941816153917652, "2023_7_10": 0.23701087461660003, "2023_7_15": 0.17659633794962357, "2023_7_20": 5.037642903615577, "2023_7_26": 0.0836508969235059, "2023_7_30": 22.4323821916535, "2023_12_1": 0.004647272051305883, "2023_12_1_1": 0.03253090435914118, "2023_12_5": 0.06506180871828236, "2023_12_5_4": 0.009294544102611766, "2023_12_9": 0.06970908076958826, "2023_12_9_1": 0.023236360256529417, "2023_12_10": 0.07435635282089413, "2023_12_11": 0.09294544102611767, "2023_20_4_1": 0.1347708894878706, "2023_20_7": 0.18589088205223533, "2023_20_8": 0.24630541871921177, "2023_20_9": 5.832326424388884, "2023_26_1": 0.34854540384794125, "2023_26_3": 0.018589088205223533, "2023_26_6": 0.13012361743656473, "2023_26_7": 7.635467980295567, "2023_26_8": 19.848498931127427, "2023_26_9": 26.18737800910866, "2023_26_10": 1.431359791802212, "2023_26_11": 1.4127707035969885, "2023_32_1": 5.734733711311461, "2023_32_4": 2.5002323636025654}