{"2024_2_7": 0.33646956196647765, "2024_2_8": 0.012461835628388061, "2024_3_6": 0.11838743846968658, "2024_3_10": 0.49224250732132846, "2024_3_15": 2.8350676054582844, "2024_3_20": 0.17446569879743284, "2024_3_25": 10.156396037136268, "2024_8_3": 0.006230917814194031, "2024_8_4": 0.049847342513552245, "2024_8_7": 0.2243130413109851, "2024_8_8": 0.012461835628388061, "2024_8_9": 5.663904293102374, "2024_8_12": 0.04361642469935821, "2024_9_5": 0.006230917814194031, "2024_14_3": 0.2928531372671195, "2024_14_5": 0.03115458907097015, "2024_14_6": 2.2992086734375974, "2024_14_7": 0.990715932456851, "2024_14_8": 3.096766153654433, "2024_14_9": 29.335161069225492, "2024_14_11": 0.08100193158452239, "2024_15_10": 0.03115458907097015, "2024_20_1": 11.527197956258957, "2024_20_3": 8.168733254408373, "2024_20_6": 3.009533304255717, "2024_20_6_1": 0.037385506885164184, "2024_20_6_2": 16.873325440837434, "2024_20_7": 4.093713003925478}