{"2024_21_5": 0.3432494279176202, "2024_26_3_1": 1.2284716367577986, "2024_26_4": 0.018065759364085273, "2024_26_6": 0.6262796579549561, "2024_26_7": 8.274117788751056, "2024_26_8": 6.130314344212937, "2024_26_10": 1.6801156208599302, "2024_26_11": 0.2589425508852222, "2024_26_20": 1.4813922678549922, "2024_27_5": 0.2709863904612791, "2024_27_10": 0.9153318077803205, "2024_27_25": 4.287606889076238, "2024_32": 0.030109598940142118, "2024_32_3": 6.913163916656631, "2024_32_4_1": 0.3673371070697339, "2024_32_4_2": 0.030109598940142118, "2024_32_5_3": 0.0240876791521137, "2024_32_5_4": 0.030109598940142118, "2024_32_6": 4.082861616283272, "2024_32_7": 22.823075996627725, "2024_32_9": 0.49379742261833076, "2024_32_10": 36.215825605202944, "2024_32_20": 0.15656991448873903, "2024_32_20_1": 1.0839455618451164, "2024_33_15": 0.030109598940142118, "2024_38": 0.006021919788028425, "2024_38_2": 2.198000722630375}