{"2023_38_9": 0.015760441292356188, "2023_44_1": 0.015760441292356188, "2023_44_30_8": 0.08668242710795902, "2023_44_30_9": 0.023640661938534282, "2023_44_30_13": 0.015760441292356188, "2023_44_30_14": 0.6225374310480694, "2023_44_30_20": 0.007880220646178094, "2023_44_30_25": 0.08668242710795902, "2023_44_30_30": 0.19700551615445236, "2024_2_2_1": 0.007880220646178094, "2024_2_6": 0.023640661938534282, "2024_2_7": 0.6225374310480694, "2024_2_8": 0.023640661938534282, "2024_2_12": 0.007880220646178094, "2024_3_6": 0.3073286052009456, "2024_3_10": 1.1111111111111112, "2024_3_15": 6.020488573680064, "2024_3_20": 0.6225374310480694, "2024_3_25": 40.49645390070922, "2024_8_3": 0.007880220646178094, "2024_8_4": 0.13396375098502758, "2024_8_7": 0.3703703703703704, "2024_8_8": 0.015760441292356188, "2024_8_9": 22.592592592592595, "2024_8_12": 0.07880220646178092, "2024_9_5": 0.015760441292356188, "2024_14_3": 1.2371946414499606, "2024_14_5": 0.06304176516942475, "2024_14_6": 16.375098502758078, "2024_14_7": 8.05358550039401, "2024_14_8": 0.7407407407407408}