{"2023_7_26": 0.03584229390681003, "2023_7_30": 18.048586220629232, "2023_12_1_1": 0.02787733970529669, "2023_12_5": 0.06371963361210672, "2023_12_9": 0.05575467941059338, "2023_12_9_1": 0.01592990840302668, "2023_12_10": 0.0796495420151334, "2023_12_11": 0.06371963361210672, "2023_20_4_1": 0.09159697331740341, "2023_20_7": 0.09557945041816009, "2023_20_8": 0.15133412982875347, "2023_20_9": 3.4408602150537626, "2023_26_1": 0.1991238550378335, "2023_26_3": 0.01194743130227001, "2023_26_6": 0.06371963361210672, "2023_26_7": 2.7439267224213455, "2023_26_8": 5.710872162485065, "2023_26_9": 7.921146953405017, "2023_26_10": 0.8482676224611707, "2023_26_11": 0.6172839506172838, "2023_26_12": 0.5814416567104739, "2023_27_6": 7.502986857825567, "2023_32_1": 0.6770211071286338, "2023_32_4": 6.694544006371962, "2023_32_6": 32.55276782158503, "2023_32_7": 11.700517722023097, "2023_38": 0.00398247710075667}