{"2022_44_25_5": 0.021818578519609444, "2022_44_30": 0.0272732231495118, "2022_44_30_2": 0.010909289259804722, "2022_44_30_5": 0.010909289259804722, "2022_44_30_10": 0.09272895870834015, "2022_45_12": 0.0545464462990236, "2022_45_13": 0.10363824796814486, "2022_45_15": 1.4509354715540281, "2023_2_10": 0.07091038018873069, "2023_2_12": 0.25636829760541097, "2023_2_301": 0.010909289259804722, "2023_6_8": 0.060001090928925964, "2023_6_11": 0.22909507445589922, "2023_7_5": 0.03818251240931653, "2023_7_10": 14.383897889052527, "2023_7_15": 15.665739377079582, "2023_7_20": 0.005454644629902361, "2023_12_1": 0.04363715703921889, "2023_12_1_1": 0.10363824796814486, "2023_12_5": 8.591065292096218, "2023_12_5_4": 0.5018273059510172, "2023_12_8": 0.005454644629902361, "2023_12_9": 13.925707740140728, "2023_12_9_1": 9.74744995363552, "2023_12_10": 1.5818469426716848, "2023_12_11": 2.9727813232967866, "2023_20_4_1": 30.0332733322424}