{"2023_6_11": 0.012492192379762653, "2023_7_10": 0.15823443681032692, "2023_7_15": 0.1082656672912763, "2023_7_20": 3.081407453674787, "2023_7_26": 0.04996876951905061, "2023_7_30": 24.00582968977723, "2023_12_1_1": 0.029148448886112857, "2023_12_5": 0.0749531542785759, "2023_12_5_4": 0.008328128253175101, "2023_12_9": 0.06662502602540081, "2023_12_9_1": 0.016656256506350203, "2023_12_10": 0.0749531542785759, "2023_12_11": 0.07911721840516346, "2023_20_4_1": 0.11659379554445143, "2023_20_7": 0.13325005205080162, "2023_20_8": 0.17905475744326466, "2023_20_9": 4.109931292941912, "2023_26_1": 0.23318759108890286, "2023_26_3": 0.012492192379762653, "2023_26_6": 0.09993753903810122, "2023_26_7": 4.55548615448678, "2023_26_8": 11.767645221736418, "2023_26_9": 18.130335207162197, "2023_26_10": 0.9036019154694985, "2023_26_11": 0.7328752862794089, "2023_27_6": 0.008328128253175101, "2023_32_1": 2.032063293774725, "2023_32_4": 19.400374765771396, "2023_32_6": 9.818863210493443}