{"2023_26_12": 0.4713868200245121, "2023_27_7": 0.028283209201470722, "2023_32_6": 0.00942773640049024, "2023_32_7": 0.01885547280098048, "2023_32_9": 0.028283209201470722, "2023_38_6": 0.01885547280098048, "2023_38_9": 0.0471386820024512, "2023_44_1": 0.0471386820024512, "2023_44_30_5_1": 0.028283209201470722, "2023_44_30_6": 0.00942773640049024, "2023_44_30_8": 4.6478740454416885, "2023_44_30_9": 0.01885547280098048, "2023_44_30_13": 0.07542189120392193, "2023_44_30_14": 12.425756575846139, "2023_44_30_16": 0.0471386820024512, "2023_44_30_20": 0.10370510040539264, "2023_44_30_25": 12.350334684642219, "2024_2_2_1": 0.028283209201470722, "2024_2_3": 0.028283209201470722, "2024_2_6": 0.07542189120392193, "2024_2_7": 48.38314320731592, "2024_2_7_1": 0.00942773640049024, "2024_2_8": 3.837088714999528, "2024_8_3": 0.5562364476289243, "2024_8_4": 16.70594890166871}