{"2022_44_25_5": 0.03398278205709108, "2022_44_30": 0.10761214318078839, "2022_44_30_2": 0.01699139102854554, "2022_44_30_5": 0.01699139102854554, "2022_44_30_10": 0.1359311282283643, "2022_45_11": 0.022655188038060714, "2022_45_12": 0.09062075215224286, "2022_45_13": 0.22088808337109195, "2022_45_15": 22.638196647032167, "2023_2_10": 0.10194834617127321, "2023_2_11": 0.0056637970095151785, "2023_2_12": 1.0874490258269145, "2023_2_13": 0.011327594019030357, "2023_2_301": 0.011327594019030357, "2023_6_8": 0.14159492523787945, "2023_6_9": 0.0056637970095151785, "2023_6_11": 0.24920706841866785, "2023_6_11_2": 0.0056637970095151785, "2023_7_5": 0.37947439963751695, "2023_7_10": 8.597643860444041, "2023_12_1": 0.1359311282283643, "2023_12_1_1": 0.3398278205709107, "2023_12_5": 30.05777072949705, "2023_12_5_3": 0.1302673312188491, "2023_12_5_4": 0.6400090620752151, "2023_12_8": 0.1302673312188491, "2023_12_9": 33.116221114635245, "2023_12_9_1": 0.0056637970095151785, "2023_12_10": 1.5632079746261893}