{"2023_27_7": 7.08955223880597, "2023_27_12": 2.6519189765458426, "2023_32_4": 0.07551528073916133, "2023_32_6": 0.09772565742714996, "2023_32_7": 0.13326226012793177, "2023_32_9": 1.0616560056858566, "2023_38_1": 0.004442075337597726, "2023_38_4": 0.013326226012793176, "2023_38_6": 6.436567164179103, "2023_38_8": 0.15547263681592038, "2023_38_9": 3.4959132906894097, "2023_38_9_1": 0.2087775408670931, "2023_44_1": 15.684968017057571, "2023_44_9_1": 0.008884150675195452, "2023_44_25": 0.004442075337597726, "2023_44_30_1": 0.226545842217484, "2023_44_30_2": 0.5730277185501066, "2023_44_30_3": 0.008884150675195452, "2023_44_30_4": 0.39090262970859985, "2023_44_30_5_1": 7.1783937455579245, "2023_44_30_6": 1.4347903340440655, "2023_44_30_7": 1.341506751954513, "2023_44_30_8": 42.244136460554365, "2023_44_30_9": 9.461620469083156, "2023_44_30_10": 0.004442075337597726, "2023_44_30_12": 0.013326226012793176}