{"2023_26_12": 0.7118412046543463, "2023_27_6": 0.059320100387862194, "2023_27_7": 8.181610768879764, "2023_27_12": 3.0663928815879533, "2023_32_4": 0.08213552361396305, "2023_32_6": 0.10038786219484372, "2023_32_7": 0.15514487793748577, "2023_32_9": 1.1635865845311433, "2023_38_1": 0.004563084645220168, "2023_38_4": 0.013689253935660506, "2023_38_6": 6.981519507186857, "2023_38_8": 0.16883413187314625, "2023_38_9": 3.8056125941136205, "2023_38_9_1": 0.25096965548710926, "2023_44_1": 18.078941364362308, "2023_44_9_1": 0.004563084645220168, "2023_44_25": 0.004563084645220168, "2023_44_30_1": 0.2920374172940908, "2023_44_30_2": 0.7665982203969883, "2023_44_30_3": 0.013689253935660506, "2023_44_30_4": 0.5338809034907599, "2023_44_30_5_1": 14.277891854893909, "2023_44_30_6": 2.7789185489390826, "2023_44_30_7": 4.499201460187086, "2023_44_30_8": 33.99041752224504, "2023_44_30_10": 0.013689253935660506}