{"2022_44_30": 0.01584618635115149, "2022_44_30_5": 0.010564124234100993, "2022_44_30_10": 0.06866680752165646, "2022_45_12": 0.036974434819353474, "2022_45_13": 0.06338474540460597, "2022_45_15": 1.2201563490386649, "2023_2_10": 0.026410310585252485, "2023_2_12": 0.21128248468201988, "2023_2_301": 0.010564124234100993, "2023_6_8": 0.058102683287555475, "2023_6_11": 0.15317980139446444, "2023_7_5": 0.03169237270230298, "2023_7_10": 7.516374392562858, "2023_7_15": 4.801394464398902, "2023_7_20": 17.700190154236214, "2023_12_1": 0.026410310585252485, "2023_12_1_1": 0.06338474540460597, "2023_12_5": 4.532009296429327, "2023_12_5_4": 0.4542573420663428, "2023_12_8": 0.005282062117050497, "2023_12_9": 8.150221846608916, "2023_12_9_1": 2.8945700401436727, "2023_12_10": 1.2993872807944225, "2023_12_11": 3.517853369955631, "2023_20_4_1": 47.131840270441586}