{"2024_3_20": 0.15001500150015, "2024_3_25": 7.9747974797479735, "2024_8_4": 0.042004200420042, "2024_8_7": 0.22802280228022798, "2024_8_8": 0.012001200120011999, "2024_8_9": 4.704470447044704, "2024_8_12": 0.042004200420042, "2024_9_5": 0.006000600060005999, "2024_14_3": 0.222022202220222, "2024_14_5": 0.03000300030003, "2024_14_6": 1.878187818781878, "2024_14_7": 0.756075607560756, "2024_14_8": 2.196219621962196, "2024_14_9": 26.65466546654665, "2024_14_11": 0.084008400840084, "2024_15_10": 0.006000600060005999, "2024_15_15": 4.416441644164416, "2024_20_1": 7.002700270027002, "2024_20_3": 3.204320432043204, "2024_20_6": 0.438043804380438, "2024_20_6_1": 0.03000300030003, "2024_20_6_2": 3.27032703270327, "2024_20_7": 19.909990999099907, "2024_20_8": 0.138013801380138, "2024_20_9": 16.495649564956494, "2024_20_9_1": 0.018001800180018, "2024_26_1": 0.09000900090009}