{"2024_14_7": 0.03437134804427029, "2024_14_8": 0.12373685295937309, "2024_14_9": 2.5778511033202727, "2024_15_15": 3.91145940743796, "2024_20_1": 0.6393070736234274, "2024_20_3": 0.21310235787447585, "2024_20_6": 0.00687426960885406, "2024_20_6_2": 0.14435966178593523, "2024_20_7": 2.570976833711418, "2024_20_8": 0.01374853921770812, "2024_20_9": 8.379734653193099, "2024_20_9_1": 0.00687426960885406, "2024_20_10": 0.10311404413281086, "2024_20_15": 0.3849590980958273, "2024_21_5": 0.5911871863614491, "2024_26_1": 0.00687426960885406, "2024_26_3_1": 2.1791434660067366, "2024_26_4": 0.020622808826562176, "2024_26_6": 1.1548772942874819, "2024_26_7": 26.86464563140166, "2024_26_8": 23.406888018148074, "2024_26_10": 5.953117481267616, "2024_26_11": 1.1273802158520658, "2024_26_20": 4.592012098714511, "2024_27_5": 1.9247954904791365, "2024_27_10": 0.020622808826562176, "2024_32": 0.08936550491510277, "2024_32_3": 12.957998212689903}