{"2023_6_8": 0.05079580088046053, "2023_6_11": 0.06349475110057569, "2023_7_5": 0.016931933626820182, "2023_7_10": 2.6752455130375887, "2023_7_15": 1.3503217067389095, "2023_7_20": 24.06451066711818, "2023_7_25": 0.004232983406705046, "2023_7_26": 0.31324077209617335, "2023_12_1": 0.012698950220115133, "2023_12_1_1": 0.07196071791398578, "2023_12_5": 1.8201828648831693, "2023_12_5_4": 0.22434812055536743, "2023_12_8": 0.004232983406705046, "2023_12_9": 3.2593972231628845, "2023_12_9_1": 0.7619370132069082, "2023_12_10": 0.5079580088046055, "2023_12_11": 1.4053504910260752, "2023_20_4_1": 6.02353538774128, "2023_20_6": 0.10159160176092107, "2023_20_7": 4.499661361327464, "2023_20_8": 2.5863528614967826, "2023_20_9": 30.701828648831697, "2023_26_1": 1.3037588892651542, "2023_26_3": 0.07196071791398578, "2023_26_6": 0.9693532001354555, "2023_26_7": 17.135116830342024}