{"2022_45_13": 0.03253443227415682, "2022_45_15": 0.14640494523370565, "2023_2_12": 0.13013772909662727, "2023_2_301": 0.010844810758052272, "2023_6_8": 0.010844810758052272, "2023_6_11": 0.02711202689513068, "2023_7_10": 0.9001192929183385, "2023_7_15": 0.8242056176119728, "2023_7_20": 27.307233488775616, "2023_7_26": 0.4175252141850124, "2023_12_1": 0.005422405379026136, "2023_12_1_1": 0.04337924303220909, "2023_12_5": 0.13556013447565338, "2023_12_5_4": 0.03253443227415682, "2023_12_9": 0.09760329682247043, "2023_12_9_1": 0.03795683765318295, "2023_12_10": 0.16267216137078405, "2023_12_11": 0.23858583667714992, "2023_20_4_1": 0.18436178288688862, "2023_20_7": 0.5259733217655351, "2023_20_8": 0.4825940787333261, "2023_20_9": 12.76976466760655, "2023_26_1": 0.6994902938943715, "2023_26_3": 0.03795683765318295, "2023_26_6": 0.4066804034269601, "2023_26_7": 21.743845569894805, "2023_26_8": 32.58865632794707}