{"2024_27_5": 0.2164903816416156, "2024_27_10": 0.6618420238757963, "2024_27_25": 2.99375270612977, "2024_32": 0.030927197377373657, "2024_32_3": 5.245252675202573, "2024_32_4_1": 0.22886126059256506, "2024_32_4_2": 0.024741757901898927, "2024_32_5_3": 0.018556318426424197, "2024_32_5_4": 0.024741757901898927, "2024_32_6": 2.5174738665182157, "2024_32_7": 7.880249891754808, "2024_32_9": 0.037112636852848394, "2024_32_9_1": 0.012370878950949463, "2024_32_10": 17.999628873631472, "2024_32_20": 0.08659615265664625, "2024_32_20_1": 0.24123213954351455, "2024_33_5": 18.9954846291829, "2024_33_15": 0.43916620275870594, "2024_33_25": 0.22267582111709033, "2024_33_30": 0.012370878950949463, "2024_33_35": 8.75858229727222, "2024_38": 0.006185439475474732, "2024_38_2": 1.6576977794272278, "2024_38_4": 0.16700686583781776, "2024_38_6": 1.8803736005443186, "2024_38_7": 6.896765015154325, "2024_39_5": 1.0638955897816538, "2024_44_1": 0.26597389744541344, "2024_44_3": 1.0638955897816538, "2024_44_3_1": 20.35009587431187}