{"2024_32_9_1": 0.014225762856533186, "2024_32_10": 16.1604666050217, "2024_32_20": 0.09246745856746572, "2024_32_20_1": 0.22761220570453097, "2024_33_5": 15.975531687886772, "2024_33_15": 0.44811152998079534, "2024_33_25": 0.18493491713493143, "2024_33_30": 0.014225762856533186, "2024_33_35": 6.24510989401807, "2024_33_40": 0.803755601394125, "2024_38": 0.007112881428266593, "2024_38_2": 1.5790596770751837, "2024_38_4": 0.17782203570666485, "2024_38_6": 1.7568817127818486, "2024_38_7": 4.86521089693435, "2024_39_5": 0.9602389928159901, "2024_39_15": 0.2062735614197312, "2024_44_1": 0.21338644284799776, "2024_44_3": 0.7824169571093254, "2024_44_3_1": 19.908955117718193, "2024_44_4": 0.6259335656874601, "2024_44_25_2": 13.208620812291064, "2024_44_25_3": 0.4338857671242622, "2024_44_25_4": 0.6686108542570598, "2024_45_25_5": 3.5706664769898304, "2024_45_25_6": 0.8393200085354581, "2024_45_25_10": 0.2916281385589303, "2024_45_25_15": 0.29874101998719693, "2024_45_32": 4.296180382673023, "2024_45_32_1": 5.142613272636747}