{"2023_38_6": 6.4338235294117645, "2023_38_8": 0.15554298642533937, "2023_38_9": 3.3276772247360475, "2023_38_9_1": 0.18853695324283556, "2023_44_1": 14.536199095022623, "2023_44_9_1": 0.0047134238310708905, "2023_44_9_2": 0.009426847662141781, "2023_44_25": 0.0047134238310708905, "2023_44_30_1": 0.1791101055806938, "2023_44_30_2": 0.466628959276018, "2023_44_30_3": 0.009426847662141781, "2023_44_30_4": 0.30637254901960786, "2023_44_30_5_1": 5.448717948717948, "2023_44_30_6": 1.098227752639517, "2023_44_30_7": 0.9096907993966815, "2023_44_30_8": 34.827488687782804, "2023_44_30_9": 11.477187028657616, "2023_44_30_10": 0.0047134238310708905, "2023_44_30_12": 0.023567119155354446, "2023_44_30_13": 0.3440799396681749, "2023_44_30_15": 0.0047134238310708905, "2024_2_2": 0.13668929110105577, "2024_2_2_1": 16.96361236802413, "2024_2_3": 3.1391402714932117}