{"2023_38_6": 6.478192925131411, "2023_38_8": 0.15627219775536297, "2023_38_9": 3.3764265757446608, "2023_38_9_1": 0.18942084576407636, "2023_44_1": 14.774825969597954, "2023_44_9_1": 0.004735521144101908, "2023_44_9_2": 0.009471042288203816, "2023_44_25": 0.004735521144101908, "2023_44_30_1": 0.19415636690817825, "2023_44_30_2": 0.47828763555429277, "2023_44_30_3": 0.009471042288203816, "2023_44_30_4": 0.3267509589430317, "2023_44_30_5_1": 5.587914950040252, "2023_44_30_6": 1.1128474688639483, "2023_44_30_7": 0.9281621442439739, "2023_44_30_8": 35.13756688923616, "2023_44_30_9": 11.44101908415021, "2023_44_30_10": 0.004735521144101908, "2023_44_30_12": 0.023677605720509545, "2023_44_30_13": 0.3409575223753374, "2023_44_30_15": 0.004735521144101908, "2024_2_2": 0.1657432400435668, "2024_2_2_1": 16.659563384950516, "2024_2_3": 2.5903300658237436}