{"2024_32_7": 7.721518987341774, "2024_32_9": 0.03997335109926716, "2024_32_9_1": 0.013324450366422389, "2024_32_10": 15.449700199866761, "2024_32_20": 0.08660892738174553, "2024_32_20_1": 0.21319120586275822, "2024_33_5": 15.456362425049969, "2024_33_15": 0.42638241172551644, "2024_33_25": 0.18654230512991343, "2024_33_30": 0.013324450366422389, "2024_33_35": 6.015989340439708, "2024_33_40": 0.8127914723517657, "2024_38": 0.006662225183211194, "2024_38_2": 1.50566289140573, "2024_38_4": 0.16655562958027986, "2024_38_6": 1.6722185209860099, "2024_38_7": 4.843437708194538, "2024_39_5": 0.9393737508327784, "2024_39_15": 0.3264490339773485, "2024_44_1": 0.21319120586275822, "2024_44_3": 0.7861425716189209, "2024_44_3_1": 19.08727514990007, "2024_44_4": 0.5329780146568955, "2024_44_25_2": 15.196535642904735, "2024_44_25_3": 1.6255829447035315, "2024_44_25_4": 0.44636908727514996, "2024_45_25_5": 2.5649566955363095, "2024_45_25_6": 0.5396402398401067, "2024_45_32": 3.111259160559628}