{"2024_3_6": 0.12154360376785173, "2024_3_10": 0.4740200546946217, "2024_3_15": 2.6618049225159526, "2024_3_20": 0.17016104527499243, "2024_3_25": 9.14007900334245, "2024_8_3": 0.006077180188392586, "2024_8_4": 0.04254026131874811, "2024_8_7": 0.2248556669705257, "2024_8_8": 0.012154360376785172, "2024_8_9": 5.2142206016408394, "2024_8_12": 0.04254026131874811, "2024_9_5": 0.006077180188392586, "2024_14_3": 0.25524156791248864, "2024_14_5": 0.03038590094196293, "2024_14_6": 2.0905499848070495, "2024_14_7": 0.8447280461865696, "2024_14_8": 2.5949559404436346, "2024_14_9": 28.647827408082648, "2024_14_11": 0.07900334244910363, "2024_15_10": 0.006077180188392586, "2024_15_15": 1.22151321786691, "2024_20_1": 9.225159525979945, "2024_20_3": 4.93467031297478, "2024_20_6": 0.9966575508963842, "2024_20_6_1": 0.03038590094196293, "2024_20_6_2": 7.23792160437557, "2024_20_7": 23.39714372531146, "2024_20_8": 0.29170464904284416}