{"2023_12_10": 0.03314795035173659, "2023_12_11": 0.051563478324923584, "2023_20_4_1": 0.07366211189274796, "2023_20_7": 0.06261279510883577, "2023_20_8": 0.09944385105520977, "2023_20_9": 2.5560752826783544, "2023_26_1": 0.14732422378549592, "2023_26_3": 0.011049316783912196, "2023_26_6": 0.04788037273028618, "2023_26_7": 1.7421089462634896, "2023_26_8": 3.163787705793525, "2023_26_9": 4.036683731722588, "2023_26_10": 0.23940186365143087, "2023_26_11": 0.20625391329969434, "2023_26_12": 0.8471142867666016, "2023_27_6": 3.1490552834149756, "2023_27_7": 20.150270708261207, "2023_31_600": 0.03683105594637398, "2023_32_1": 0.31306397554417886, "2023_32_4": 2.338772052594748, "2023_32_6": 10.9019925601267, "2023_32_7": 15.144930205148983, "2023_32_9": 28.606681153548674, "2023_38_1": 0.11785937902839676, "2023_38_4": 4.010901992560126, "2023_38_6": 1.9115318036168096}