{"2023_7_15": 0.09228423544517114, "2023_7_20": 2.668218111784296, "2023_7_26": 0.0441359386911688, "2023_7_30": 23.071058861292784, "2023_12_1_1": 0.028086506439834694, "2023_12_5": 0.06419772900533643, "2023_12_9": 0.05216065481683586, "2023_12_9_1": 0.02006179031416764, "2023_12_10": 0.08024716125667056, "2023_12_11": 0.0722224451310035, "2023_20_4_1": 0.1003089515708382, "2023_20_7": 0.10432130963367171, "2023_20_8": 0.1725313967018417, "2023_20_9": 3.687357059744012, "2023_26_1": 0.212654977330177, "2023_26_3": 0.012037074188500583, "2023_26_6": 0.0722224451310035, "2023_26_7": 3.201861734141155, "2023_26_8": 7.01761425189584, "2023_26_9": 9.838301970067809, "2023_26_10": 0.8546322673835414, "2023_26_11": 0.730249167435702, "2023_26_12": 0.212654977330177, "2023_27_6": 1.3561770252377325, "2023_32_1": 0.9148176383260443, "2023_32_4": 8.265457609437068, "2023_32_6": 37.050114352204794, "2023_32_7": 0.004012358062833527}