{"2023_26_12": 0.2880921895006402, "2023_32_6": 0.016005121638924456, "2023_38_9": 0.016005121638924456, "2023_44_1": 0.016005121638924456, "2023_44_30_8": 0.09603072983354674, "2023_44_30_9": 0.024007682458386685, "2023_44_30_13": 0.016005121638924456, "2023_44_30_14": 0.6402048655569783, "2023_44_30_20": 0.008002560819462228, "2023_44_30_25": 0.08802816901408451, "2023_44_30_30": 0.2000640204865557, "2024_2_6": 0.024007682458386685, "2024_2_7": 0.632202304737516, "2024_2_8": 0.03201024327784891, "2024_2_12": 0.008002560819462228, "2024_3_6": 0.3361075544174135, "2024_3_10": 1.1363636363636365, "2024_3_15": 6.378040973111395, "2024_3_20": 0.672215108834827, "2024_3_25": 40.140845070422536, "2024_8_4": 0.12804097311139565, "2024_8_7": 0.41613316261203587, "2024_8_8": 0.016005121638924456, "2024_8_9": 23.24743918053777, "2024_8_12": 0.08002560819462229, "2024_9_5": 0.008002560819462228, "2024_14_3": 1.3604353393085789, "2024_14_5": 0.08002560819462229, "2024_14_6": 16.81338028169014, "2024_14_7": 7.0822663252240705}