{"2023_2_10": 0.010383137784238395, "2023_2_12": 0.11421451562662237, "2023_2_301": 0.010383137784238395, "2023_6_8": 0.010383137784238395, "2023_6_11": 0.02076627556847679, "2023_7_10": 0.8721835738760253, "2023_7_15": 0.7216280760045686, "2023_7_20": 25.78133111826394, "2023_7_26": 0.3478351157719863, "2023_7_30": 1.3498079119509916, "2023_12_1": 0.005191568892119198, "2023_12_1_1": 0.03634098224483438, "2023_12_5": 0.11940608451874157, "2023_12_5_4": 0.02076627556847679, "2023_12_9": 0.09863980895026475, "2023_12_9_1": 0.03114941335271519, "2023_12_10": 0.10902294673450316, "2023_12_11": 0.13498079119509918, "2023_20_4_1": 0.16093863565569516, "2023_20_7": 0.38936766690893987, "2023_20_8": 0.3686013913404631, "2023_20_9": 9.983386979545218, "2023_26_1": 0.5554978714567542, "2023_26_3": 0.02595784446059599, "2023_26_6": 0.21285432457688716, "2023_26_7": 16.81549164157408, "2023_26_8": 39.61167064686948, "2023_26_9": 0.7216280760045686, "2023_26_10": 1.36019104973523}