{"2024_26_20": 1.3794000910924586, "2024_27_5": 0.26026416813065256, "2024_27_10": 0.7417528791723599, "2024_27_25": 3.474526644544212, "2024_32": 0.03253302101633157, "2024_32_3": 6.044635304834406, "2024_32_4_1": 0.2797839807404516, "2024_32_4_2": 0.026026416813065258, "2024_32_5_3": 0.019519812609798945, "2024_32_5_4": 0.026026416813065258, "2024_32_6": 2.960504912486173, "2024_32_7": 10.599258247120828, "2024_32_9": 0.0455462294228642, "2024_32_9_1": 0.06506604203266314, "2024_32_10": 24.035395926865764, "2024_32_20": 0.11061227145552734, "2024_32_20_1": 0.31882360596004944, "2024_33_5": 19.760556965319797, "2024_33_15": 1.1711887565879366, "2024_33_25": 0.3903962521959789, "2024_33_30": 0.026026416813065258, "2024_33_35": 7.807925043919576, "2024_38": 0.006506604203266314, "2024_38_2": 2.719760556965319, "2024_38_4": 0.26026416813065256, "2024_38_6": 5.257336196239182, "2024_38_7": 11.874552670961025, "2024_44_1": 0.3058103975535168}