{"2023_38_6": 0.015233452662045854, "2023_38_9": 0.015233452662045854, "2023_44_1": 0.015233452662045854, "2023_44_30_8": 0.09140071597227513, "2023_44_30_9": 0.022850178993068782, "2023_44_30_13": 0.015233452662045854, "2023_44_30_14": 0.5864879274887653, "2023_44_30_20": 0.007616726331022927, "2023_44_30_25": 0.07616726331022926, "2023_44_30_30": 0.19041815827557315, "2024_2_3": 0.007616726331022927, "2024_2_6": 0.022850178993068782, "2024_2_7": 0.5636377484956967, "2024_2_8": 0.022850178993068782, "2024_2_12": 0.007616726331022927, "2024_3_6": 0.27420214791682535, "2024_3_10": 1.035874781019118, "2024_3_15": 5.461192779343438, "2024_3_20": 0.5331708431716048, "2024_3_25": 39.66029400563638, "2024_8_4": 0.08378398964125221, "2024_8_7": 0.35798613755807757, "2024_8_8": 0.015233452662045854, "2024_8_9": 19.750171376342447, "2024_8_12": 0.06855053697920634, "2024_9_5": 0.015233452662045854, "2024_14_3": 1.1196587706603702, "2024_14_5": 0.05331708431716048, "2024_14_6": 11.988727245030088, "2024_14_7": 6.032447254170157, "2024_14_8": 11.889709802726788}