{"2022_45_15": 0.6914035492048858, "2023_2_10": 0.013828070984097718, "2023_2_12": 0.2166397787508642, "2023_6_8": 0.05070292694169163, "2023_6_9": 0.004609356994699239, "2023_6_11": 0.09679649688868402, "2023_7_5": 0.023046784973496198, "2023_7_10": 3.793500806637474, "2023_7_15": 2.1018667895828527, "2023_7_20": 23.217331182300068, "2023_7_25": 0.018437427978796956, "2023_12_1": 0.018437427978796956, "2023_12_1_1": 0.06914035492048859, "2023_12_5": 2.5443650610739796, "2023_12_5_4": 0.32726434662364595, "2023_12_8": 0.004609356994699239, "2023_12_9": 4.388107858953676, "2023_12_9_1": 1.156948605669509, "2023_12_10": 0.6314819082737957, "2023_12_11": 2.558193132058078, "2023_20_4_1": 13.362525927633095, "2023_20_6": 0.27195206268725514, "2023_20_7": 22.35077206729661, "2023_20_8": 22.069601290619957, "2023_20_9": 0.013828070984097718, "2023_26": 0.004609356994699239}