{"2023_7_20": 0.03326311120966847, "2023_7_30": 0.0776139261558931, "2023_12_9": 0.016631555604834234, "2023_12_9_1": 0.011087703736556157, "2023_20_4_1": 0.022175407473112314, "2023_20_7": 0.011087703736556157, "2023_20_9": 0.016631555604834234, "2023_26_3": 0.005543851868278079, "2023_26_7": 0.011087703736556157, "2023_26_8": 0.060982370551058866, "2023_26_9": 0.0776139261558931, "2023_26_10": 0.011087703736556157, "2023_26_11": 0.005543851868278079, "2023_26_12": 0.8094023727685994, "2023_27_6": 0.14968400044350813, "2023_27_7": 26.843330746202458, "2023_27_12": 1.1697527442066746, "2023_31_600": 0.005543851868278079, "2023_32_4": 0.17740325978489851, "2023_32_6": 0.13305244483867387, "2023_32_7": 0.2605610378090697, "2023_32_9": 2.5224526000665257, "2023_38_1": 0.005543851868278079, "2023_38_4": 0.016631555604834234, "2023_38_6": 20.412462578999886, "2023_38_8": 0.4102450382525778, "2023_38_9": 13.754296485197914, "2023_44_1": 32.96928706064973}