{"2023_12_9": 0.0158144438587243, "2023_12_9_1": 0.0158144438587243, "2023_12_11": 0.010542962572482866, "2023_20_4_1": 0.021085925144965732, "2023_20_7": 0.021085925144965732, "2023_20_9": 0.02635740643120717, "2023_26_1": 0.005271481286241433, "2023_26_3": 0.005271481286241433, "2023_26_7": 0.0158144438587243, "2023_26_8": 0.08434370057986293, "2023_26_9": 0.0948866631523458, "2023_26_10": 0.010542962572482866, "2023_26_11": 0.005271481286241433, "2023_26_12": 0.8803373748023195, "2023_27_6": 0.14760147601476015, "2023_27_7": 28.14443858724302, "2023_27_11": 0.0158144438587243, "2023_31_600": 0.02635740643120717, "2023_32_1": 0.005271481286241433, "2023_32_4": 0.23194517659462308, "2023_32_6": 0.6852925672113864, "2023_32_7": 1.006852925672114, "2023_32_9": 7.870321560358461, "2023_38_1": 0.005271481286241433, "2023_38_4": 0.21613073273589878, "2023_38_6": 34.81286241433843, "2023_38_8": 0.6325777543489721, "2023_38_9": 14.986821296784395, "2023_44_1": 10.0}