{"2023_38_6": 6.360275190714653, "2023_38_8": 0.15444376842794963, "2023_38_9": 3.27139982215566, "2023_38_9_1": 0.18720456779145409, "2023_44_1": 14.073103383722563, "2023_44_9_1": 0.004680114194786353, "2023_44_9_2": 0.009360228389572706, "2023_44_25": 0.004680114194786353, "2023_44_30_1": 0.16848411101230867, "2023_44_30_2": 0.4539710768942762, "2023_44_30_3": 0.009360228389572706, "2023_44_30_4": 0.29484719427154016, "2023_44_30_5_1": 5.223007441381569, "2023_44_30_6": 1.0436654654373565, "2023_44_30_7": 0.8658211260354752, "2023_44_30_8": 28.778022183741275, "2023_44_30_9": 9.641035241259885, "2023_44_30_10": 0.004680114194786353, "2023_44_30_12": 0.02340057097393176, "2023_44_30_13": 0.3603687929985491, "2023_44_30_14": 6.992090607010811, "2023_44_30_15": 0.004680114194786353, "2024_2_2": 0.1263630832592315, "2024_2_2_1": 13.731455047503156, "2024_2_3": 6.14498993775448, "2024_2_6": 2.0686104740955678}