{"2022_44_25_5": 0.021372088053002777, "2022_44_30": 0.016029066039752078, "2022_44_30_2": 0.010686044026501388, "2022_44_30_5": 0.010686044026501388, "2022_44_30_10": 0.09617439623851251, "2022_45_12": 0.037401154092754865, "2022_45_13": 0.09083137422526179, "2022_45_15": 1.2823252831801664, "2023_2_10": 0.02671511006625347, "2023_2_12": 0.20837785851677706, "2023_2_301": 0.010686044026501388, "2023_6_8": 0.05877324214575763, "2023_6_11": 0.1709767044240222, "2023_7_5": 0.032058132079504156, "2023_7_10": 11.439410130369735, "2023_7_15": 12.7003633254969, "2023_7_20": 5.802521906390254, "2023_12_1": 0.032058132079504156, "2023_12_1_1": 0.06411626415900831, "2023_12_5": 5.017097670442402, "2023_12_5_4": 0.46484291515281034, "2023_12_8": 0.005343022013250694, "2023_12_9": 9.15793973071169, "2023_12_9_1": 3.4462491985466976, "2023_12_10": 1.3678136353921777, "2023_12_11": 3.3447317802949343, "2023_20_4_1": 45.084419747809356}