{"2022_40_4_2": 0.06750791919821364, "2022_44_2": 0.11943708781222413, "2022_44_25_1": 0.062315002336812586, "2022_44_25_2": 0.1402087552578283, "2022_44_25_3": 0.6698862751207353, "2022_44_25_5": 0.8152879472399647, "2022_44_30": 0.47774835124889653, "2022_44_30_1": 0.04154333489120839, "2022_44_30_2": 0.07270083605961469, "2022_44_30_5": 1.5267175572519083, "2022_44_30_10": 12.213740458015266, "2022_45_10": 0.010385833722802098, "2022_45_11": 0.28561042737705766, "2022_45_12": 7.586851534506931, "2022_45_13": 10.401412473386301, "2022_45_14": 0.2959962610998598, "2023_2_0_5": 0.05712208547541153, "2023_2_10": 1.0385833722802096, "2023_2_11": 0.1505945889806304, "2023_2_12": 27.84961312769382, "2023_2_13": 0.020771667445604197, "2023_2_201": 0.015578750584203147, "2023_2_301": 0.23887417562444827, "2023_6_1": 0.5608350210313132, "2023_6_8": 29.95793737342265, "2023_6_9": 5.3227397829360745}