{"2023_32_6": 0.015888147442008265, "2023_38_9": 0.015888147442008265, "2023_44_1": 0.015888147442008265, "2023_44_30_8": 0.08738481093104547, "2023_44_30_9": 0.023832221163012396, "2023_44_30_13": 0.015888147442008265, "2023_44_30_14": 0.6275818239593265, "2023_44_30_20": 0.007944073721004133, "2023_44_30_25": 0.08738481093104547, "2023_44_30_30": 0.1986018430251033, "2024_2_6": 0.023832221163012396, "2024_2_7": 0.6196377502383223, "2024_2_8": 0.023832221163012396, "2024_2_12": 0.007944073721004133, "2024_3_6": 0.31776294884016526, "2024_3_10": 1.1201143946615828, "2024_3_15": 6.172545281220209, "2024_3_20": 0.6593581188433429, "2024_3_25": 40.403558945027015, "2024_8_3": 0.007944073721004133, "2024_8_4": 0.12710517953606612, "2024_8_7": 0.3892596123292025, "2024_8_8": 0.015888147442008265, "2024_8_9": 22.831267874165874, "2024_8_12": 0.07944073721004132, "2024_9_5": 0.015888147442008265, "2024_14_3": 1.255163647918653, "2024_14_5": 0.07149666348903719, "2024_14_6": 16.42040038131554, "2024_14_7": 7.832856688910074, "2024_14_8": 0.5084207181442645}