{"2023_26_12": 0.457516339869281, "2023_27_7": 0.028011204481792715, "2023_32_6": 0.00933706816059757, "2023_32_7": 0.01867413632119514, "2023_32_9": 0.028011204481792715, "2023_38_6": 0.01867413632119514, "2023_38_9": 0.046685340802987856, "2023_44_1": 0.046685340802987856, "2023_44_30_5_1": 0.028011204481792715, "2023_44_30_6": 0.00933706816059757, "2023_44_30_8": 4.472455648926236, "2023_44_30_9": 0.00933706816059757, "2023_44_30_13": 0.07469654528478056, "2023_44_30_14": 12.156862745098039, "2023_44_30_16": 0.046685340802987856, "2023_44_30_20": 0.10270774976657328, "2023_44_30_25": 12.72642390289449, "2024_2_2_1": 0.028011204481792715, "2024_2_3": 0.028011204481792715, "2024_2_6": 0.07469654528478056, "2024_2_7": 48.11391223155928, "2024_2_7_1": 0.00933706816059757, "2024_2_8": 3.8281979458450044, "2024_8_3": 0.5602240896358542, "2024_8_4": 17.07749766573296}