{"2023_38_6": 6.0501296456352645, "2023_38_8": 0.14556702906791616, "2023_38_9": 3.0751034890597286, "2023_38_9_1": 0.16376290770140567, "2023_44_1": 13.119228494745942, "2023_44_9_2": 0.00909793931674476, "2023_44_25": 0.00454896965837238, "2023_44_30_1": 0.1546649683846609, "2023_44_30_2": 0.4185052085702589, "2023_44_30_3": 0.00909793931674476, "2023_44_30_4": 0.263840240185598, "2023_44_30_5_1": 4.680889778465177, "2023_44_30_6": 0.9143429013328483, "2023_44_30_7": 0.814265568848656, "2023_44_30_8": 22.917709138880046, "2023_44_30_9": 6.177500796069692, "2023_44_30_10": 0.00454896965837238, "2023_44_30_12": 0.01364690897511714, "2023_44_30_13": 0.3730155119865351, "2023_44_30_14": 12.036573716053315, "2023_44_30_20": 0.2956830277942047, "2024_2_2": 0.08188145385070283, "2024_2_2_1": 8.438338716280763, "2024_2_3": 2.747577673656917, "2024_2_6": 8.206341263703774, "2024_2_7": 8.884137742801258}