{"2022_44_30_5": 0.01030715316429602, "2022_44_30_10": 0.05668934240362812, "2022_45_12": 0.030921459492888066, "2022_45_13": 0.0515357658214801, "2022_45_15": 1.0874046588332302, "2023_2_0_5": 0.00515357658214801, "2023_2_10": 0.02576788291074005, "2023_2_12": 0.17522160379303237, "2023_2_301": 0.01030715316429602, "2023_6_8": 0.05668934240362812, "2023_6_11": 0.12883941455370027, "2023_7_5": 0.030921459492888066, "2023_7_10": 6.483199340342198, "2023_7_15": 3.7569573283859, "2023_7_20": 19.71243042671614, "2023_12_1": 0.02061430632859204, "2023_12_1_1": 0.07215007215007214, "2023_12_5": 3.9012574726860443, "2023_12_5_4": 0.42259327973613686, "2023_12_8": 0.00515357658214801, "2023_12_9": 7.055246340960626, "2023_12_9_1": 2.360338074623789, "2023_12_10": 1.1286332714904144, "2023_12_11": 3.83426097711812, "2023_20_4_1": 48.63945578231293, "2023_20_6": 0.937950937950938}