{"2024_3_20": 0.14525594096798558, "2024_3_25": 7.309278949509035, "2024_8_4": 0.040671663471035964, "2024_8_7": 0.2033583173551798, "2024_8_8": 0.011620475277438848, "2024_8_9": 4.409970367788043, "2024_8_12": 0.040671663471035964, "2024_9_5": 0.005810237638719424, "2024_14_3": 0.21497879263261865, "2024_14_5": 0.029051188193597123, "2024_14_6": 1.7082098657835105, "2024_14_7": 0.6914182790076113, "2024_14_8": 1.9696705595258843, "2024_14_9": 20.66120504328627, "2024_14_11": 0.08134332694207193, "2024_15_10": 0.005810237638719424, "2024_15_15": 3.9683923072453666, "2024_20_1": 6.129800708848991, "2024_20_3": 2.6146069374237406, "2024_20_6": 0.3253733077682877, "2024_20_6_1": 0.017430712916158272, "2024_20_6_2": 2.5681250363139854, "2024_20_7": 17.692173609900642, "2024_20_8": 0.1220149904131079, "2024_20_9": 26.390099355063622, "2024_20_9_1": 0.017430712916158272, "2024_20_10": 2.550694323397827, "2024_26_1": 0.07553308930335251}