{"2023_12_9": 0.05406031586670269, "2023_12_9_1": 0.011584353400007722, "2023_12_10": 0.05792176700003861, "2023_12_11": 0.061783218133374514, "2023_20_4_1": 0.08495192493338996, "2023_20_7": 0.061783218133374514, "2023_20_8": 0.11584353400007721, "2023_20_9": 2.826582229601884, "2023_26_1": 0.16218094760010812, "2023_26_3": 0.011584353400007722, "2023_26_6": 0.05406031586670269, "2023_26_7": 2.000231687068, "2023_26_8": 3.8151137197358755, "2023_26_9": 4.8036452098698685, "2023_26_10": 0.2973317372668648, "2023_26_11": 0.25871722593350577, "2023_26_12": 0.7877360312005249, "2023_27_6": 6.939027686604625, "2023_27_7": 15.65046144341043, "2023_32_1": 0.3668378576669112, "2023_32_4": 3.116191064602077, "2023_32_6": 14.503610456809668, "2023_32_7": 23.07603197281538, "2023_32_9": 20.519751322547013, "2023_38_1": 0.35911495540023936, "2023_38_4": 0.003861451133335907}