{"2022_45_12": 0.030543677458766037, "2022_45_13": 0.05090612909794339, "2022_45_15": 1.048666259417634, "2023_2_10": 0.025453064548971695, "2023_2_12": 0.1679902260232132, "2023_2_301": 0.01018122581958868, "2023_6_8": 0.05090612909794339, "2023_6_11": 0.1272653227448585, "2023_7_5": 0.030543677458766037, "2023_7_10": 6.042557523925881, "2023_7_15": 3.4361637141111787, "2023_7_20": 20.428629607004684, "2023_12_1": 0.015271838729383019, "2023_12_1_1": 0.07126858073712075, "2023_12_5": 3.6906943596008963, "2023_12_5_4": 0.4021584198737527, "2023_12_8": 0.00509061290979434, "2023_12_9": 6.668702911830585, "2023_12_9_1": 2.1533292608430057, "2023_12_10": 1.063938098147017, "2023_12_11": 3.9706780696395847, "2023_20_4_1": 48.46263490124211, "2023_20_6": 1.1912034208918754, "2023_20_7": 0.8552229688454489}