{"2024_2_7": 0.34166403037013604, "2024_2_8": 0.012654223347042075, "2024_3_6": 0.1328693451439418, "2024_3_10": 0.5314773805757672, "2024_3_15": 2.935779816513761, "2024_3_20": 0.18981335020563112, "2024_3_25": 10.869977855109141, "2024_8_3": 0.006327111673521037, "2024_8_4": 0.05694400506168934, "2024_8_7": 0.22777602024675736, "2024_8_8": 0.012654223347042075, "2024_8_9": 5.9348307497627335, "2024_8_12": 0.04428978171464726, "2024_9_5": 0.006327111673521037, "2024_14_3": 0.31002847200253086, "2024_14_5": 0.03163555836760519, "2024_14_6": 2.486554887693768, "2024_14_7": 1.0819360961720974, "2024_14_8": 3.2584625118633337, "2024_14_9": 29.38943372350522, "2024_14_11": 0.0822524517557735, "2024_15_5": 0.03163555836760519, "2024_20_1": 14.780132869345145, "2024_20_3": 14.046187915216702, "2024_20_6": 3.9544447959506486, "2024_20_6_1": 0.02530844669408415, "2024_20_6_2": 9.21860170832015}