{"2022_44_2": 0.1034380849177421, "2022_44_25_1": 0.05418185400453158, "2022_44_25_2": 0.1132893311003842, "2022_44_25_3": 0.5565954093192789, "2022_44_25_5": 0.5270416707713524, "2022_44_30": 0.4236035858536104, "2022_44_30_1": 0.02955373854792631, "2022_44_30_2": 0.05418185400453158, "2022_44_30_5": 1.1082651955472365, "2022_44_30_10": 8.161757462318983, "2022_45_10": 0.009851246182642102, "2022_45_11": 0.18717367747019995, "2022_45_12": 4.575903851837257, "2022_45_13": 9.437493842971136, "2022_45_14": 0.12806620037434738, "2022_45_15": 8.560732932715988, "2023_2_0_5": 0.044330607821889474, "2023_2_10": 0.9260171411683579, "2023_2_11": 0.1132893311003842, "2023_2_12": 24.101073785833908, "2023_2_13": 0.019702492365284204, "2023_2_201": 0.004925623091321051, "2023_2_301": 0.25120677765737365, "2023_6_1": 0.3891242242143631, "2023_6_8": 26.105802384001574, "2023_6_9": 5.6792434242931735, "2023_6_11": 8.284898039602009, "2023_6_11_2": 0.04925623091321052}