{"2023_2_12": 0.09879958504174283, "2023_6_11": 0.019759917008348563, "2023_7_10": 0.3210986513856641, "2023_7_15": 0.2865187966210542, "2023_7_20": 7.642147902978806, "2023_7_26": 0.11361952279800422, "2023_7_30": 20.21439509954058, "2023_12_1": 0.004939979252087141, "2023_12_1_1": 0.029639875512522843, "2023_12_5": 0.08891962653756853, "2023_12_5_4": 0.014819937756261422, "2023_12_9": 0.08397964728548139, "2023_12_9_1": 0.029639875512522843, "2023_12_10": 0.09385960578965567, "2023_12_11": 0.09879958504174283, "2023_20_4_1": 0.13831941905843995, "2023_20_7": 0.2667588796127056, "2023_20_8": 0.2865187966210542, "2023_20_9": 7.790347280541423, "2023_26_1": 0.4347181741836684, "2023_26_3": 0.019759917008348563, "2023_26_6": 0.17783925307513707, "2023_26_7": 10.818554562070839, "2023_26_8": 29.555895865237364, "2023_26_9": 18.678061552141482, "2023_26_10": 1.368374252828138, "2023_26_11": 1.3239144395593538}