{"2023_2_10": 0.010455876202425765, "2023_2_12": 0.10978670012547051, "2023_2_301": 0.010455876202425765, "2023_6_8": 0.010455876202425765, "2023_6_11": 0.02091175240485153, "2023_7_10": 0.8730656629025512, "2023_7_15": 0.7528230865746549, "2023_7_20": 26.69907988289419, "2023_7_26": 0.3607277289836889, "2023_7_30": 0.41300710999581763, "2023_12_1": 0.005227938101212882, "2023_12_1_1": 0.03659556670849017, "2023_12_5": 0.1150146382266834, "2023_12_5_4": 0.02091175240485153, "2023_12_9": 0.09933082392304475, "2023_12_9_1": 0.03136762860727729, "2023_12_10": 0.12024257632789628, "2023_12_11": 0.13592639063153492, "2023_20_4_1": 0.1725219573400251, "2023_20_7": 0.39209535759096614, "2023_20_8": 0.38686741948975323, "2023_20_9": 10.225846925972398, "2023_26_1": 0.575073191133417, "2023_26_3": 0.03136762860727729, "2023_26_6": 0.21434546214972816, "2023_26_7": 17.471769134253453, "2023_26_8": 38.880175658720205, "2023_26_9": 0.6273525721455459, "2023_26_10": 1.1971978251777502}