{"2024_27_5": 0.21903748670129555, "2024_27_10": 0.6821453157268917, "2024_27_25": 3.07904124162964, "2024_32": 0.03129106952875651, "2024_32_3": 5.363289317228865, "2024_32_4_1": 0.2315539145127981, "2024_32_4_2": 0.0250328556230052, "2024_32_5_3": 0.018774641717253904, "2024_32_5_4": 0.0250328556230052, "2024_32_6": 2.6096751986982922, "2024_32_7": 8.204518430439956, "2024_32_9": 0.043807497340259106, "2024_32_9_1": 0.0125164278115026, "2024_32_10": 19.187683835033486, "2024_32_20": 0.08761499468051821, "2024_32_20_1": 0.26284498404155465, "2024_33_5": 19.031228487389704, "2024_33_15": 0.49439889855435276, "2024_33_25": 0.2378121284185494, "2024_33_30": 0.0125164278115026, "2024_33_35": 8.767757681957573, "2024_38": 0.0062582139057513, "2024_38_2": 1.7648163214218666, "2024_38_4": 0.18148820326678772, "2024_38_6": 2.027661305463422, "2024_38_7": 8.304649852931977, "2024_39_5": 0.9262156580511924, "2024_44_1": 0.30039426747606246, "2024_44_3": 1.1765442142812446, "2024_44_3_1": 16.684398272732967}