{"2022_40_4": 0.016808606006275217, "2022_40_4_2": 0.03361721201255043, "2022_44_2": 0.050425818018825654, "2022_44_25_2": 0.03922008068130883, "2022_44_25_3": 0.24652622142536978, "2022_44_25_5": 0.1064545047064097, "2022_44_30": 0.22411474675033619, "2022_44_30_1": 0.005602868668758405, "2022_44_30_2": 0.02241147467503362, "2022_44_30_5": 0.30815777678171224, "2022_44_30_10": 2.3307933662034968, "2022_45_10": 0.01120573733751681, "2022_45_11": 0.06723442402510087, "2022_45_12": 1.7649036306588972, "2022_45_13": 2.6893769610040343, "2022_45_14": 0.050425818018825654, "2022_45_15": 25.946884805020176, "2023_2_0_5": 0.02241147467503362, "2023_2_10": 0.5378753922008069, "2023_2_11": 0.056028686687584046, "2023_2_12": 18.23733751680861, "2023_2_13": 0.016808606006275217, "2023_2_301": 0.10085163603765131, "2023_6_1": 0.10085163603765131, "2023_6_8": 23.67772299417302, "2023_6_9": 2.3251904975347384, "2023_6_11": 20.753025549081134, "2023_6_11_2": 0.2577319587628866}