{"2024_20_15": 0.26040089626354995, "2024_21_5": 0.3572942530127778, "2024_26_3_1": 1.2475019681463089, "2024_26_4": 0.01816750439048023, "2024_26_6": 0.6298068188699812, "2024_26_7": 8.46000121116696, "2024_26_8": 6.255677345122026, "2024_26_10": 1.7259129170956216, "2024_26_11": 0.26645673106037665, "2024_26_20": 1.4897353600193788, "2024_27_5": 0.29068007024768366, "2024_27_10": 0.9507660631017987, "2024_27_25": 4.49948525404227, "2024_32": 0.03027917398413371, "2024_32_3": 7.176164234239691, "2024_32_4_1": 0.3694059226064313, "2024_32_4_2": 0.03027917398413371, "2024_32_5_3": 0.02422333918730697, "2024_32_5_4": 0.03027917398413371, "2024_32_6": 4.245140192575547, "2024_32_7": 24.598800944710227, "2024_32_9": 0.5329134621207533, "2024_32_10": 34.83921758614426, "2024_32_20": 0.1574517047174953, "2024_32_20_1": 1.1021619330224672, "2024_38": 0.012111669593653484, "2024_38_2": 0.39968509659056506}