{"2022_40_4_2": 0.0685907244235741, "2022_44_2": 0.12135282013401574, "2022_44_25_1": 0.06331451485252995, "2022_44_25_2": 0.14245765841819236, "2022_44_25_3": 0.7070120825199177, "2022_44_25_5": 1.1713185247718039, "2022_44_30": 0.5170685379623279, "2022_44_30_1": 0.05803830528148579, "2022_44_30_2": 0.09497177227879493, "2022_44_30_5": 1.95219754128634, "2022_44_30_10": 19.22650767688493, "2022_45_10": 0.015828628713132488, "2022_45_11": 0.33240120297578224, "2022_45_12": 7.39196960903287, "2022_45_13": 2.9494011502136863, "2022_45_14": 0.1266290297050599, "2023_2_0_5": 0.05803830528148579, "2023_2_10": 1.0921753812061414, "2023_2_11": 0.15828628713132487, "2023_2_12": 28.539017569777876, "2023_2_13": 0.021104838284176645, "2023_2_201": 0.021104838284176645, "2023_2_301": 0.18994354455758986, "2023_6_1": 0.5803830528148577, "2023_6_8": 29.472906663852687, "2023_6_9": 4.927979739355248}