{"2024_27_5": 0.22947475777664456, "2024_27_10": 0.7011728709841916, "2024_27_25": 3.1871494135645073, "2024_32": 0.03187149413564507, "2024_32_3": 5.603008669046404, "2024_32_4_1": 0.2422233554309026, "2024_32_4_2": 0.02549719530851606, "2024_32_5_3": 0.01912289648138705, "2024_32_5_4": 0.02549719530851606, "2024_32_6": 2.7154513003569605, "2024_32_7": 8.892146863844976, "2024_32_9": 0.0446200917899031, "2024_32_9_1": 0.03187149413564507, "2024_32_10": 21.596124426313104, "2024_32_20": 0.09561448240693522, "2024_32_20_1": 0.2868434472208056, "2024_33_5": 22.667006629270777, "2024_33_15": 1.0772565017848035, "2024_33_25": 0.28046914839367665, "2024_33_30": 0.01274859765425803, "2024_33_35": 8.943141254462008, "2024_38": 0.006374298827129015, "2024_38_2": 2.033401325854156, "2024_38_4": 0.1976032636409995, "2024_38_6": 2.5178480367159612, "2024_38_7": 13.220295767465576, "2024_39_5": 0.18485466598674144, "2024_44_1": 0.8095359510453849, "2024_44_3": 2.8110657827638956, "2024_44_3_1": 1.5107088220295766}