{"2023_38_9": 3.09826046074283, "2023_38_9_1": 0.0940291490362012, "2023_44_1": 12.919605077574046, "2023_44_9_2": 0.00940291490362012, "2023_44_25": 0.00470145745181006, "2023_44_30_1": 0.15044663845792192, "2023_44_30_2": 0.4184297132110954, "2023_44_30_3": 0.00940291490362012, "2023_44_30_4": 0.2679830747531734, "2023_44_30_5_1": 4.579219558062999, "2023_44_30_6": 0.8791725434884813, "2023_44_30_7": 0.7898448519040902, "2023_44_30_8": 21.19417019275975, "2023_44_30_9": 5.068171133051245, "2023_44_30_10": 0.00470145745181006, "2023_44_30_12": 0.014104372355430182, "2023_44_30_13": 0.38551951104842497, "2023_44_30_14": 13.479078514339443, "2023_44_30_16": 0.06111894687353079, "2023_44_30_20": 0.35260930888575454, "2024_2_2": 0.08462623413258108, "2024_2_2_1": 5.994358251057828, "2024_2_3": 1.5749882463563705, "2024_2_6": 3.9210155148095907, "2024_2_7": 22.99482839680301, "2024_2_8": 1.650211565585331}