{"2024_20_10": 0.05739795918367345, "2024_20_15": 0.3124999999999999, "2024_21_5": 0.40178571428571425, "2024_26_3_1": 1.42219387755102, "2024_26_4": 0.019132653061224483, "2024_26_6": 0.7397959183673467, "2024_26_7": 10.153061224489793, "2024_26_8": 7.448979591836732, "2024_26_10": 2.136479591836734, "2024_26_11": 0.29974489795918363, "2024_26_20": 1.7410714285714284, "2024_27_5": 0.35714285714285704, "2024_27_10": 1.4795918367346934, "2024_27_25": 9.043367346938775, "2024_32": 0.03188775510204081, "2024_32_3": 10.554846938775508, "2024_32_4_1": 0.5357142857142856, "2024_32_4_2": 0.04464285714285713, "2024_32_5_3": 0.025510204081632643, "2024_32_5_4": 0.07015306122448978, "2024_32_6": 10.108418367346937, "2024_32_7": 23.63520408163265, "2024_32_10": 18.233418367346935, "2024_32_20": 0.3316326530612244, "2024_32_20_1": 0.7971938775510202, "2024_38": 0.019132653061224483}