{"2023_44_30_5_1": 0.025190503180301027, "2023_44_30_8": 0.5415958183764722, "2023_44_30_9": 0.03778575477045154, "2023_44_30_13": 0.01889287738522577, "2023_44_30_14": 2.330121544177845, "2023_44_30_20": 0.01889287738522577, "2023_44_30_25": 1.5744064487688145, "2023_44_30_30": 0.3715599219094402, "2024_2_2_1": 0.006297625795075257, "2024_2_3": 0.012595251590150514, "2024_2_6": 0.05667863215567731, "2024_2_7": 8.482901945966372, "2024_2_8": 0.661250708482902, "2024_2_12": 0.01889287738522577, "2024_2_13": 0.0440833805655268, "2024_3_6": 1.0894892625480195, "2024_3_10": 7.204483909566095, "2024_3_15": 6.316518672460483, "2024_3_20": 0.7116317148435041, "2024_3_25": 30.556080357705145, "2024_8_3": 0.06297625795075258, "2024_8_4": 1.4862396876377608, "2024_8_7": 4.389445179167455, "2024_8_8": 0.05667863215567731, "2024_8_9": 27.999244284904595, "2024_8_12": 0.06297625795075258, "2024_14_3": 1.4421563070722339, "2024_14_5": 0.09446438692612885, "2024_14_6": 4.326468921216701}