{"2024_3_20": 0.14920919128618326, "2024_3_25": 7.830498358698898, "2024_8_4": 0.04177857356013131, "2024_8_7": 0.21486123545210392, "2024_8_8": 0.011936735302894661, "2024_8_9": 4.619516562220234, "2024_8_12": 0.04177857356013131, "2024_9_5": 0.005968367651447331, "2024_14_3": 0.22082960310355124, "2024_14_5": 0.02984183825723665, "2024_14_6": 1.8501939719486722, "2024_14_7": 0.7460459564309163, "2024_14_8": 2.154580722172486, "2024_14_9": 26.62488809310655, "2024_14_11": 0.08355714712026262, "2024_15_10": 0.005968367651447331, "2024_15_15": 4.458370635631156, "2024_20_1": 6.8755595344673255, "2024_20_3": 3.1154879140555067, "2024_20_6": 0.4237541032527605, "2024_20_6_1": 0.02984183825723665, "2024_20_6_2": 3.139361384661296, "2024_20_7": 19.868695911668162, "2024_20_8": 0.14324082363473592, "2024_20_9": 17.224709042076995, "2024_20_9_1": 0.01790510295434199, "2024_26_1": 0.07162041181736796}