{"2023_38_6": 6.63538873994638, "2023_38_8": 0.15798544618919952, "2023_38_9": 3.4900421294523163, "2023_38_9_1": 0.19149751053236305, "2023_44_1": 15.23841440061279, "2023_44_9_1": 0.009574875526618152, "2023_44_9_2": 0.014362313289927231, "2023_44_25": 0.004787437763309076, "2023_44_30_1": 0.2058598238222903, "2023_44_30_2": 0.5074684029107621, "2023_44_30_3": 0.009574875526618152, "2023_44_30_4": 0.3590578322481808, "2023_44_30_5_1": 5.835886633473765, "2023_44_30_6": 1.1968594408272692, "2023_44_30_7": 1.000574492531597, "2023_44_30_8": 37.70107238605898, "2023_44_30_9": 11.734009957870548, "2023_44_30_10": 0.004787437763309076, "2023_44_30_12": 0.028724626579854463, "2023_44_30_13": 0.30639601685178086, "2024_2_2": 0.2297970126388357, "2024_2_2_1": 15.137878207583299}