{"2024_32_9_1": 0.014279594459517351, "2024_32_10": 16.293017278309296, "2024_32_20": 0.0928173639868628, "2024_32_20_1": 0.22847351135227761, "2024_33_5": 16.150221333714125, "2024_33_15": 0.44980722547479657, "2024_33_25": 0.19277452520348426, "2024_33_30": 0.014279594459517351, "2024_33_35": 6.311580751106669, "2024_33_40": 0.8067970869627303, "2024_38": 0.0071397972297586754, "2024_38_2": 1.5850349850064258, "2024_38_4": 0.17849493074396688, "2024_38_6": 1.77780951020991, "2024_38_7": 4.912180494073969, "2024_39_5": 0.9781522204769385, "2024_39_15": 0.2141939168927603, "2024_44_1": 0.2141939168927603, "2024_44_3": 0.8067970869627303, "2024_44_3_1": 20.09852920177067, "2024_44_4": 0.6068827645294874, "2024_44_25_2": 13.52277595316293, "2024_44_25_3": 0.4997858060831073, "2024_44_25_4": 0.6568613451377981, "2024_45_25_5": 3.4413822647436816, "2024_45_25_6": 0.7996572897329716, "2024_45_25_10": 0.22133371412251895, "2024_45_32": 8.617735256318722, "2024_45_32_1": 0.30701128087962304}