{"2022_40_4_2": 0.02146153020710377, "2022_44_2": 0.04292306041420754, "2022_44_25_2": 0.03219229531065566, "2022_44_25_3": 0.23607683227814144, "2022_44_25_5": 0.10730765103551883, "2022_44_30": 0.21998068462281356, "2022_44_30_1": 0.005365382551775943, "2022_44_30_2": 0.02146153020710377, "2022_44_30_5": 0.20924991951926172, "2022_44_30_10": 1.829595450155596, "2022_45_10": 0.005365382551775943, "2022_45_11": 0.05901920806953536, "2022_45_12": 1.2715956647708981, "2022_45_13": 1.9851915441570986, "2022_45_14": 0.03219229531065566, "2022_45_15": 27.406374074471508, "2023_2_0_5": 0.02146153020710377, "2023_2_10": 0.4936151947633866, "2023_2_11": 0.037557677862431596, "2023_2_12": 17.099474192509927, "2023_2_13": 0.01609614765532783, "2023_2_301": 0.06974997317308725, "2023_6_1": 0.09657688593196695, "2023_6_8": 20.59770361626784, "2023_6_9": 1.4915763493937118, "2023_6_11": 18.91833887756197, "2023_6_11_2": 0.10730765103551883, "2023_6_15": 0.005365382551775943, "2023_12_1": 7.559824015452301}