{"2022_44_25_2": 0.01677008217340265, "2022_44_25_3": 0.05031024652020795, "2022_44_25_5": 0.055900273911342155, "2022_44_30": 0.08944043825814746, "2022_44_30_2": 0.01677008217340265, "2022_44_30_5": 0.011180054782268432, "2022_44_30_10": 0.19006093129856336, "2022_45_11": 0.022360109564536865, "2022_45_12": 0.1006204930404159, "2022_45_13": 0.26273128738330814, "2022_45_15": 30.42092906255241, "2023_2_0_5": 0.01677008217340265, "2023_2_10": 0.1956509586896976, "2023_2_11": 0.011180054782268432, "2023_2_12": 1.548437587344178, "2023_2_13": 0.01677008217340265, "2023_2_201": 0.005590027391134216, "2023_2_301": 0.011180054782268432, "2023_6_8": 0.41925205433506624, "2023_6_9": 0.03913019173793952, "2023_6_11": 0.6652132595449717, "2023_6_11_2": 0.005590027391134216, "2023_7_5": 0.9055844373637431, "2023_12_1": 0.5813628486779585, "2023_12_1_1": 3.8515288724914756, "2023_12_5": 41.05875118788082, "2023_12_5_3": 0.6763933143272403, "2023_12_5_4": 0.005590027391134216, "2023_12_8": 0.24596120520990555, "2023_12_9": 18.502990664654256}