{"2023_2_12": 0.11084133854111684, "2023_2_301": 0.010556317956296843, "2023_6_8": 0.010556317956296843, "2023_6_11": 0.026390794890742107, "2023_7_10": 0.8867307083289347, "2023_7_15": 0.7706112108096695, "2023_7_20": 27.050564763010666, "2023_7_26": 0.38002744642668634, "2023_7_30": 0.10556317956296843, "2023_12_1": 0.0052781589781484214, "2023_12_1_1": 0.03694711284703895, "2023_12_5": 0.12667581547556211, "2023_12_5_4": 0.021112635912593686, "2023_12_9": 0.09500686160667159, "2023_12_9_1": 0.03166895386889053, "2023_12_10": 0.12667581547556211, "2023_12_11": 0.18473556423519474, "2023_20_4_1": 0.16362292832260106, "2023_20_7": 0.4011400823392801, "2023_20_8": 0.41169640029557686, "2023_20_9": 11.115802807980577, "2023_26_1": 0.60171012350892, "2023_26_3": 0.026390794890742107, "2023_26_6": 0.23751715401667894, "2023_26_7": 18.806080439142825, "2023_26_8": 37.52243217565713, "2023_26_9": 0.07917238467222631, "2023_26_10": 0.6544917132904042}