{"2023_26_7": 0.019492227474294625, "2023_26_8": 0.08284196676575217, "2023_26_9": 0.09746113737147313, "2023_26_12": 0.7309585302860485, "2023_27_6": 0.0779689098971785, "2023_27_7": 11.627113688416744, "2023_27_12": 4.785341844939331, "2023_32_4": 0.1023341942400468, "2023_32_6": 0.16568393353150435, "2023_32_7": 0.19004921787437262, "2023_32_9": 1.4180595487549341, "2023_38_1": 0.004873056868573656, "2023_38_4": 0.014619170605720969, "2023_38_6": 8.981043808781248, "2023_38_8": 0.21928755908581454, "2023_38_9": 5.345743384825301, "2023_38_9_1": 0.4239559475659081, "2023_44_1": 28.42454071439014, "2023_44_25": 0.004873056868573656, "2023_44_30_1": 1.8371424394522686, "2023_44_30_2": 5.472442863408217, "2023_44_30_3": 0.053603625554310225, "2023_44_30_4": 2.7825154719555583, "2023_44_30_5_1": 21.74357974757565, "2023_44_30_6": 5.394473953511038}