{"2024_8_4": 0.013316465809974032, "2024_8_7": 0.06658232904987016, "2024_8_9": 0.19974698714961048, "2024_14_3": 0.019974698714961044, "2024_14_6": 0.17311405552966241, "2024_14_7": 0.05326586323989613, "2024_14_8": 0.2530128503895066, "2024_14_9": 12.18456621612624, "2024_14_11": 0.006658232904987016, "2024_15_15": 4.800585924495639, "2024_20_1": 1.9375457753512217, "2024_20_3": 1.245089553232572, "2024_20_6": 0.1664558226246754, "2024_20_6_1": 0.013316465809974032, "2024_20_6_2": 1.7311405552966241, "2024_20_7": 9.201677874692056, "2024_20_8": 0.06658232904987016, "2024_20_9": 26.339969372128635, "2024_20_9_1": 0.019974698714961044, "2024_20_10": 0.31293694653438975, "2024_20_15": 0.4993674678740262, "2024_21_5": 1.265064251947533, "2024_26_1": 0.03994939742992209, "2024_26_3_1": 4.600838937346028, "2024_26_4": 0.019974698714961044, "2024_26_6": 3.3357746853984946, "2024_26_7": 26.619615154138092, "2024_26_10": 4.8139023903056115}