{"2022_40_4": 0.010840108401084014, "2022_40_4_1": 0.08130081300813011, "2022_40_4_2": 0.06504065040650409, "2022_44_2": 0.12466124661246615, "2022_44_25_1": 0.07046070460704608, "2022_44_25_2": 0.17344173441734423, "2022_44_25_3": 0.7317073170731709, "2022_44_25_5": 1.4254742547425476, "2022_44_30": 0.5420054200542006, "2022_44_30_1": 0.05962059620596207, "2022_44_30_2": 0.11382113821138215, "2022_44_30_5": 2.1517615176151765, "2022_44_30_10": 22.46612466124662, "2022_45_10": 0.01626016260162602, "2022_45_11": 0.4281842818428185, "2022_45_12": 6.94308943089431, "2023_2_0_5": 0.05962059620596207, "2023_2_10": 1.1761517615176154, "2023_2_11": 0.1788617886178862, "2023_2_12": 30.17886178861789, "2023_2_13": 0.02168021680216803, "2023_2_201": 0.027100271002710032, "2023_2_301": 0.11924119241192414, "2023_6_1": 0.6612466124661247, "2023_6_8": 29.10027100271003, "2023_6_9": 3.073170731707318}