{"2023_12_11": 0.05081300813008131, "2023_20_4_1": 0.06896051103368177, "2023_20_7": 0.06170150987224157, "2023_20_8": 0.09799651567944251, "2023_20_9": 2.464430894308943, "2023_26_1": 0.13792102206736354, "2023_26_3": 0.01088850174216028, "2023_26_6": 0.04718350754936121, "2023_26_7": 1.6514227642276427, "2023_26_8": 2.9725609756097566, "2023_26_9": 3.8327526132404177, "2023_26_10": 0.21777003484320556, "2023_26_11": 0.19599303135888502, "2023_26_12": 0.8456736353077816, "2023_27_6": 2.7801974448315914, "2023_27_7": 20.702671312427412, "2023_31_600": 0.06533101045296166, "2023_32_1": 0.29036004645760743, "2023_32_4": 2.0869628339140536, "2023_32_6": 8.050232288037167, "2023_32_7": 8.19178281068525, "2023_32_9": 13.363821138211382, "2023_38_1": 0.04718350754936121, "2023_38_4": 1.1614401858304297, "2023_38_6": 30.4914343786295, "2023_38_8": 0.11251451800232287}