{"2023_20_4_1": 0.025347257426746424, "2023_20_7": 0.015208354456047856, "2023_20_9": 0.030416708912095712, "2023_26_7": 0.010138902970698568, "2023_26_8": 0.07097232079488999, "2023_26_9": 0.07097232079488999, "2023_26_10": 0.005069451485349284, "2023_26_11": 0.005069451485349284, "2023_26_12": 0.7502788198316942, "2023_27_6": 0.09125012673628713, "2023_27_7": 18.756970495792356, "2023_27_12": 8.668762039947277, "2023_32_4": 0.15208354456047854, "2023_32_6": 0.12166683564838285, "2023_32_7": 0.2027780594139714, "2023_32_9": 1.7540302139308528, "2023_38_1": 0.005069451485349284, "2023_38_4": 0.010138902970698568, "2023_38_6": 10.833417824191422, "2023_38_8": 0.2940281861502585, "2023_38_9": 8.1668863428977, "2023_38_9_1": 0.3599310554597992, "2023_44_1": 48.42340058805637, "2023_44_25": 0.005069451485349284, "2023_44_30_1": 1.171043293115685}