{"2024_26_3_1": 1.1182669789227166, "2024_26_4": 0.01756440281030445, "2024_26_6": 0.5679156908665105, "2024_26_7": 7.505854800936769, "2024_26_8": 5.690866510538641, "2024_26_10": 1.4871194379391102, "2024_26_11": 0.23419203747072595, "2024_26_20": 1.3466042154566744, "2024_27_5": 0.26346604215456676, "2024_27_10": 0.7845433255269321, "2024_27_25": 3.694379391100703, "2024_32": 0.029274004683840744, "2024_32_3": 6.206088992974239, "2024_32_4_1": 0.31615925058548006, "2024_32_4_2": 0.023419203747072598, "2024_32_5_3": 0.01756440281030445, "2024_32_5_4": 0.029274004683840744, "2024_32_6": 3.3430913348946136, "2024_32_7": 15.843091334894613, "2024_32_9": 0.1053864168618267, "2024_32_9_1": 0.011709601873536299, "2024_32_10": 39.16276346604216, "2024_32_20": 0.12295081967213116, "2024_32_20_1": 0.40398126463700235, "2024_33_5": 0.1288056206088993, "2024_33_15": 0.7962529274004685, "2024_33_25": 0.9016393442622952, "2024_38": 0.0058548009367681494, "2024_38_2": 8.57728337236534, "2024_38_4": 1.2646370023419202}