{"2023_12_9_1": 0.010564124234100993, "2023_20_4_1": 0.021128248468201986, "2023_20_7": 0.010564124234100993, "2023_20_9": 0.031692372702302976, "2023_26_7": 0.010564124234100993, "2023_26_8": 0.06866680752165644, "2023_26_9": 0.06866680752165644, "2023_26_10": 0.005282062117050497, "2023_26_11": 0.005282062117050497, "2023_26_12": 0.7500528206211703, "2023_27_6": 0.10564124234100991, "2023_27_7": 19.52778364673568, "2023_27_12": 8.41432495246144, "2023_32_4": 0.14261567716036336, "2023_32_6": 0.11092330445806042, "2023_32_7": 0.2165645467990703, "2023_32_9": 2.0864145362349458, "2023_38_1": 0.005282062117050497, "2023_38_4": 0.010564124234100993, "2023_38_6": 12.2491020494401, "2023_38_8": 0.3274878512571307, "2023_38_9": 9.27530107754067, "2023_38_9_1": 0.09507711810690891, "2023_44_1": 46.43989013310796, "2023_44_25": 0.005282062117050497, "2023_44_25_1": 0.005282062117050497}