{"2022_44_30": 0.028378455076905614, "2022_44_30_2": 0.011351382030762247, "2022_44_30_5": 0.011351382030762247, "2022_44_30_10": 0.09081105624609798, "2022_45_12": 0.05108121913843011, "2022_45_13": 0.11351382030762246, "2022_45_15": 1.77081559679891, "2023_2_10": 0.06810829218457348, "2023_2_12": 0.30648731483058067, "2023_2_301": 0.011351382030762247, "2023_6_8": 0.05675691015381123, "2023_6_9": 0.0056756910153811235, "2023_6_11": 0.5675691015381122, "2023_7_5": 0.03972983710766786, "2023_7_10": 24.030875759123674, "2023_7_15": 6.050286622396277, "2023_12_1": 0.04540552812304899, "2023_12_1_1": 0.13621658436914696, "2023_12_5": 12.912197059992057, "2023_12_5_3": 0.0056756910153811235, "2023_12_5_4": 0.5675691015381122, "2023_12_8": 0.0056756910153811235, "2023_12_9": 21.964924229524946, "2023_12_9_1": 14.16652477439128, "2023_12_10": 2.02054600147568, "2023_12_11": 1.9467620182757253, "2023_20_4_1": 13.014359498268913}