{"2023_26_12": 0.7115018580621771, "2023_27_6": 0.054382307622586785, "2023_27_7": 7.858243451463791, "2023_27_12": 2.9321127526511375, "2023_32_4": 0.08157346143388018, "2023_32_6": 0.09970089730807577, "2023_32_7": 0.14955134596211367, "2023_32_9": 1.1329647421372249, "2023_38_1": 0.004531858968548899, "2023_38_4": 0.013595576905646696, "2023_38_6": 6.806852170760445, "2023_38_8": 0.16767878183630924, "2023_38_9": 3.7025287773044506, "2023_38_9_1": 0.2311248073959938, "2023_44_1": 17.44312516994471, "2023_44_9_1": 0.004531858968548899, "2023_44_25": 0.004531858968548899, "2023_44_30_1": 0.2855071150185806, "2023_44_30_2": 0.7205655759992748, "2023_44_30_3": 0.013595576905646696, "2023_44_30_4": 0.489440768603281, "2023_44_30_5_1": 9.91117556421644, "2023_44_30_6": 2.0257409589413577, "2023_44_30_7": 2.17982416387202, "2023_44_30_8": 42.962023021843564, "2023_44_30_10": 0.004531858968548899, "2023_44_30_11": 0.009063717937097798}