{"2023_26_12": 0.719626168224299, "2023_27_6": 0.06542056074766354, "2023_27_7": 8.911214953271028, "2023_27_12": 3.4252336448598126, "2023_32_4": 0.09345794392523363, "2023_32_6": 0.11682242990654203, "2023_32_7": 0.1728971962616822, "2023_32_9": 1.2056074766355138, "2023_38_1": 0.004672897196261681, "2023_38_4": 0.014018691588785045, "2023_38_6": 7.425233644859812, "2023_38_8": 0.17757009345794392, "2023_38_9": 4.149532710280373, "2023_38_9_1": 0.5280373831775699, "2023_44_1": 20.327102803738313, "2023_44_25": 0.004672897196261681, "2023_44_30_1": 0.42523364485981296, "2023_44_30_2": 1.0934579439252337, "2023_44_30_3": 0.018691588785046724, "2023_44_30_4": 0.9252336448598129, "2023_44_30_5_1": 33.40654205607476, "2023_44_30_6": 5.827102803738317, "2023_44_30_7": 10.771028037383177, "2023_44_30_8": 0.17757009345794392, "2023_44_30_10": 0.014018691588785045}