{"2023_27_7": 7.176884377365211, "2023_27_12": 2.680201237700904, "2023_32_4": 0.0756867459151418, "2023_32_6": 0.10239971506166243, "2023_32_7": 0.1335648457326032, "2023_32_9": 1.0596144428119851, "2023_38_1": 0.004452161524420107, "2023_38_4": 0.013356484573260316, "2023_38_6": 6.491251502604515, "2023_38_8": 0.15582565335470372, "2023_38_9": 3.512755442767464, "2023_38_9_1": 0.20479943012332485, "2023_44_1": 15.858599349984418, "2023_44_9_1": 0.008904323048840214, "2023_44_25": 0.004452161524420107, "2023_44_30_1": 0.23151239926984551, "2023_44_30_2": 0.583233159699034, "2023_44_30_3": 0.008904323048840214, "2023_44_30_4": 0.40069453719780945, "2023_44_30_5_1": 7.3638751613908555, "2023_44_30_6": 1.4514046569609547, "2023_44_30_7": 1.389074395619073, "2023_44_30_8": 42.0284047905258, "2023_44_30_9": 9.042340056097235, "2023_44_30_10": 0.004452161524420107, "2023_44_30_12": 0.013356484573260316}