{"2023_38_6": 6.545212386433905, "2023_38_8": 0.156970936593255, "2023_38_9": 3.4390905199067676, "2023_38_9_1": 0.19026780193121817, "2023_44_1": 14.997859487228274, "2023_44_9_1": 0.004756695048280455, "2023_44_9_2": 0.00951339009656091, "2023_44_25": 0.004756695048280455, "2023_44_30_1": 0.19502449697949864, "2023_44_30_2": 0.4946962850211672, "2023_44_30_3": 0.00951339009656091, "2023_44_30_4": 0.3424820434761927, "2023_44_30_5_1": 5.703277362888266, "2023_44_30_6": 1.1368501165390286, "2023_44_30_7": 0.9703657898492127, "2023_44_30_8": 35.80364362840698, "2023_44_30_9": 11.577795747514626, "2023_44_30_10": 0.004756695048280455, "2023_44_30_12": 0.02854017028968273, "2023_44_30_13": 0.3424820434761927, "2024_2_2": 0.1855111068829377, "2024_2_2_1": 17.17642581934072, "2024_2_3": 0.680207391904105}