{"2024_3_6": 0.11631466176920721, "2024_3_10": 0.4897459442913987, "2024_3_15": 2.711968166513621, "2024_3_20": 0.17141108050198955, "2024_3_25": 9.323538414447503, "2024_8_3": 0.006121824303642484, "2024_8_4": 0.04285277012549739, "2024_8_7": 0.23262932353841442, "2024_8_8": 0.012243648607284968, "2024_8_9": 5.344352617079889, "2024_8_12": 0.04285277012549739, "2024_9_5": 0.006121824303642484, "2024_14_3": 0.26936026936026936, "2024_14_5": 0.03060912151821242, "2024_14_6": 2.1365166819712273, "2024_14_7": 0.8815426997245178, "2024_14_8": 2.7670645852464033, "2024_14_9": 29.280685644322002, "2024_14_11": 0.07958371594735231, "2024_15_10": 0.006121824303642484, "2024_15_15": 0.4591368227731863, "2024_20_1": 10.045913682277318, "2024_20_3": 6.029996939087848, "2024_20_6": 1.6835016835016832, "2024_20_6_1": 0.03060912151821242, "2024_20_6_2": 13.284358738904192, "2024_20_7": 14.196510560146924, "2024_20_8": 0.31833486378940923}