{"2024_27_25": 2.7848407797554176, "2024_32": 0.030270008475602368, "2024_32_3": 4.9642813899987885, "2024_32_4_1": 0.2118900593292166, "2024_32_4_2": 0.024216006780481893, "2024_32_5_3": 0.018162005085361418, "2024_32_5_4": 0.024216006780481893, "2024_32_6": 2.348952657706744, "2024_32_7": 7.125559995156798, "2024_32_9": 0.036324010170722835, "2024_32_9_1": 0.012108003390240946, "2024_32_10": 14.55382007506962, "2024_32_20": 0.07870202203656615, "2024_32_20_1": 0.20583605763409615, "2024_33_5": 14.917060176776847, "2024_33_15": 0.3935101101828308, "2024_33_25": 0.17556604915849372, "2024_33_30": 0.012108003390240946, "2024_33_35": 6.314323768010654, "2024_33_40": 1.628526455987407, "2024_38": 0.006054001695120473, "2024_38_2": 1.4226903983533115, "2024_38_4": 0.15135004237801186, "2024_38_6": 1.598256447511805, "2024_38_7": 5.006659401864632, "2024_39_5": 1.198692335633854, "2024_44_1": 0.19372805424385514, "2024_44_3": 0.7264802034144568, "2024_44_3_1": 18.549461193849133, "2024_44_4": 0.3632401017072284, "2024_44_25_2": 14.92311417847197}