{"2023_26_12": 0.719326818675353, "2023_27_6": 0.05428881650380023, "2023_27_7": 7.817589576547232, "2023_27_12": 2.9134998190372787, "2023_32_4": 0.08143322475570033, "2023_32_6": 0.09952949692363375, "2023_32_7": 0.14929424538545064, "2023_32_9": 1.1264929424538546, "2023_38_1": 0.004524068041983352, "2023_38_4": 0.013572204125950057, "2023_38_6": 6.781577994933044, "2023_38_8": 0.16739051755338402, "2023_38_9": 3.696163590300399, "2023_38_9_1": 0.23072747014115097, "2023_44_1": 17.34527687296417, "2023_44_9_1": 0.004524068041983352, "2023_44_25": 0.004524068041983352, "2023_44_30_1": 0.28049221860296786, "2023_44_30_2": 0.7057546145494029, "2023_44_30_3": 0.013572204125950057, "2023_44_30_4": 0.4795512124502353, "2023_44_30_5_1": 9.654361201592474, "2023_44_30_6": 1.9770177343467248, "2023_44_30_7": 2.040354686934492, "2023_44_30_8": 43.62558812884546, "2023_44_30_10": 0.004524068041983352, "2023_44_30_11": 0.009048136083966703}