{"2023_38_6": 6.324036936852904, "2023_38_8": 0.15390355377296894, "2023_38_9": 3.2366383732860737, "2023_38_9_1": 0.18654976214905325, "2023_44_1": 13.888629791997015, "2023_44_9_1": 0.004663744053726332, "2023_44_9_2": 0.009327488107452663, "2023_44_25": 0.004663744053726332, "2023_44_30_1": 0.1632310418804216, "2023_44_30_2": 0.4430556851040015, "2023_44_30_3": 0.009327488107452663, "2023_44_30_4": 0.2798246432235799, "2023_44_30_5_1": 5.102135994776606, "2023_44_30_6": 1.0213599477660666, "2023_44_30_7": 0.8627926499393713, "2023_44_30_8": 27.091689208096252, "2023_44_30_9": 8.548642850480364, "2023_44_30_10": 0.004663744053726332, "2023_44_30_12": 0.023318720268631656, "2023_44_30_13": 0.3591082921369275, "2023_44_30_14": 9.14093834530361, "2023_44_30_15": 0.004663744053726332, "2024_2_2": 0.11659360134315828, "2024_2_2_1": 12.489506575879114, "2024_2_3": 5.4285980785374495, "2024_2_6": 5.102135994776606}