{"2024_26_10": 1.5792922673656622, "2024_26_11": 0.24901703800786373, "2024_26_20": 1.415465268676278, "2024_27_5": 0.27522935779816515, "2024_27_10": 0.8060288335517694, "2024_27_25": 3.7155963302752304, "2024_32": 0.0327653997378768, "2024_32_3": 6.304062909567499, "2024_32_4_1": 0.3145478374836173, "2024_32_4_2": 0.02621231979030144, "2024_32_5_3": 0.019659239842726082, "2024_32_5_4": 0.0327653997378768, "2024_32_6": 3.1520314547837494, "2024_32_7": 12.916120576671034, "2024_32_9": 0.05242463958060288, "2024_32_9_1": 0.16382699868938402, "2024_32_10": 30.452162516382703, "2024_32_20": 0.11140235910878113, "2024_32_20_1": 0.3538663171690695, "2024_33_5": 17.903014416775886, "2024_33_15": 1.0943643512450854, "2024_33_25": 1.2581913499344692, "2024_33_30": 0.1179554390563565, "2024_33_35": 0.20314547837483615, "2024_38": 0.00655307994757536, "2024_38_2": 4.777195281782438, "2024_38_4": 0.45871559633027525, "2024_38_6": 12.208387942332896}