{"2023_26_12": 0.7088975733890757, "2023_27_6": 0.05453058256839043, "2023_27_7": 7.975097700627101, "2023_27_12": 2.994637826047441, "2023_32_4": 0.08179587385258565, "2023_32_6": 0.0999727347087158, "2023_32_7": 0.1545033172771062, "2023_32_9": 1.1496864491502317, "2023_38_1": 0.0045442152140325355, "2023_38_4": 0.013632645642097608, "2023_38_6": 6.875397618831227, "2023_38_8": 0.16813596291920385, "2023_38_9": 3.7398891211487775, "2023_38_9_1": 0.23175497591565933, "2023_44_1": 17.649731891302373, "2023_44_9_1": 0.0045442152140325355, "2023_44_25": 0.0045442152140325355, "2023_44_30_1": 0.2862855584840498, "2023_44_30_2": 0.7316186494592383, "2023_44_30_3": 0.013632645642097608, "2023_44_30_4": 0.5044078887576116, "2023_44_30_5_1": 10.851585931109696, "2023_44_30_6": 2.194855948377715, "2023_44_30_7": 2.476597291647732, "2023_44_30_8": 41.01608652185767, "2023_44_30_10": 0.009088430428065071, "2023_44_30_11": 0.0045442152140325355}