{"2024_3_25": 0.8554083885209716, "2024_8_4": 0.01379690949227373, "2024_8_7": 0.0620860927152318, "2024_8_9": 0.2483443708609272, "2024_14_3": 0.020695364238410598, "2024_14_6": 0.17246136865342168, "2024_14_7": 0.0620860927152318, "2024_14_8": 0.23454746136865345, "2024_14_9": 13.451986754966889, "2024_14_11": 0.006898454746136865, "2024_15_15": 4.808222958057396, "2024_20_1": 2.0557395143487858, "2024_20_3": 1.3796909492273735, "2024_20_6": 0.20005518763796917, "2024_20_6_1": 0.01379690949227373, "2024_20_6_2": 2.0557395143487858, "2024_20_7": 12.672461368653423, "2024_20_8": 0.08967991169977928, "2024_20_9": 34.161147902869764, "2024_20_9_1": 0.020695364238410598, "2024_20_10": 0.37941501103752767, "2024_20_15": 0.5863686534216336, "2024_21_5": 2.138520971302429, "2024_26_1": 0.041390728476821195, "2024_26_3_1": 10.58912803532009, "2024_26_4": 0.08278145695364239, "2024_26_6": 8.878311258278147, "2024_26_7": 1.6004415011037534, "2024_26_10": 3.1181015452538636}