{"2023_27_6": 0.05420788724759451, "2023_27_7": 7.575552242851334, "2023_27_12": 2.8549487283733117, "2023_32_4": 0.07679450693409223, "2023_32_6": 0.09938112662058995, "2023_32_7": 0.14907168993088493, "2023_32_9": 1.0931923928264893, "2023_38_1": 0.004517323937299544, "2023_38_4": 0.013551971811898628, "2023_38_6": 6.6901567511406235, "2023_38_8": 0.16262366174278356, "2023_38_9": 3.6183764737769337, "2023_38_9_1": 0.2213488729276776, "2023_44_1": 16.885756877625692, "2023_44_9_1": 0.009034647874599087, "2023_44_25": 0.004517323937299544, "2023_44_30_1": 0.25748746442607395, "2023_44_30_2": 0.6595292948457333, "2023_44_30_3": 0.009034647874599087, "2023_44_30_4": 0.4517323937299543, "2023_44_30_5_1": 8.60550210055563, "2023_44_30_6": 1.7030311243619276, "2023_44_30_7": 1.671409856800831, "2023_44_30_8": 46.27998373763382, "2023_44_30_9": 0.8357049284004155, "2023_44_30_10": 0.004517323937299544, "2023_44_30_11": 0.009034647874599087}