{"2023_32_9": 0.033286177914620955, "2023_38_9": 0.049929266871931444, "2023_44_1": 0.04160772239327619, "2023_44_30_5_1": 0.024964633435965722, "2023_44_30_6": 0.024964633435965722, "2023_44_30_7": 0.008321544478655239, "2023_44_30_8": 1.5810934509444954, "2023_44_30_9": 0.04160772239327619, "2023_44_30_13": 0.033286177914620955, "2023_44_30_14": 6.266122992427395, "2023_44_30_16": 0.024964633435965722, "2023_44_30_20": 0.049929266871931444, "2023_44_30_25": 17.342098693517517, "2023_44_30_30": 1.0235499708745945, "2024_2_2_1": 0.033286177914620955, "2024_2_3": 0.016643088957310478, "2024_2_6": 0.06657235582924191, "2024_2_7": 38.562037114088376, "2024_2_7_1": 0.008321544478655239, "2024_2_8": 2.9125405675293337, "2024_2_12": 0.05825081135058667, "2024_2_13": 0.2579678788383124, "2024_3_6": 8.155113589082134, "2024_3_10": 0.5242573021552801, "2024_8_3": 0.22468170092369144, "2024_8_4": 7.6474993758841645, "2024_8_7": 14.987101606058085}