{"2023_26_7": 0.01979903974657229, "2023_26_8": 0.0890956788595753, "2023_26_9": 0.07919615898628916, "2023_26_12": 0.747413750433104, "2023_27_6": 0.0890956788595753, "2023_27_7": 14.705736771766567, "2023_27_12": 6.404989358016136, "2023_32_1": 0.004949759936643073, "2023_32_4": 0.10394495866950453, "2023_32_6": 0.18314111765579366, "2023_32_7": 0.19304063752907985, "2023_32_9": 1.5839231797257836, "2023_38_1": 0.004949759936643073, "2023_38_4": 0.014849279809929217, "2023_38_6": 9.582735237340989, "2023_38_8": 0.24253823689551054, "2023_38_9": 6.147601841310696, "2023_38_9_1": 0.42072959461466114, "2023_44_1": 34.92550611295352, "2023_44_25": 0.004949759936643073, "2023_44_30": 0.004949759936643073, "2023_44_30_1": 3.15794683957828, "2023_44_30_2": 14.517645894174134, "2023_44_30_3": 0.1286937583527199, "2023_44_30_4": 6.642577834975002}