{"2023_44_30_14": 0.07535795026375282, "2023_44_30_30": 0.07535795026375282, "2024_8_9": 0.03767897513187641, "2024_14_9": 0.03767897513187641, "2024_15_15": 0.03767897513187641, "2024_20_6_2": 0.03767897513187641, "2024_26_8": 0.2637528259231348, "2024_27_25": 0.03767897513187641, "2024_32_3": 0.03767897513187641, "2024_32_6": 0.07535795026375282, "2024_32_7": 0.4144687264506405, "2024_32_10": 0.7535795026375282, "2024_33_5": 0.7159005275056517, "2024_33_35": 0.15071590052750564, "2024_33_40": 0.07535795026375282, "2024_38_2": 0.03767897513187641, "2024_38_6": 0.15071590052750564, "2024_38_7": 0.3391107761868877, "2024_39_5": 0.07535795026375282, "2024_39_15": 0.15071590052750564, "2024_44_1": 0.03767897513187641, "2024_44_3_1": 0.5275056518462696, "2024_44_4": 1.6955538809344382, "2024_44_25_2": 18.6887716654107, "2024_44_25_3": 0.3767897513187641, "2024_44_25_4": 3.3911077618688763, "2024_45_25_5": 14.393368500376791, "2024_45_25_6": 3.541823662396383, "2024_45_25_10": 0.5651846269781461, "2024_45_25_15": 8.327053504144688, "2024_45_32": 8.70384325546345, "2024_45_32_1": 18.500376789751314, "2024_45_32_2": 17.59608138658628, "2024_45_32_5": 0.07535795026375282}