{"2024_2_6": 0.030061626333984674, "2024_2_7": 0.11273109875244251, "2024_2_8": 0.015030813166992337, "2024_3_6": 0.015030813166992337, "2024_3_10": 0.06012325266796935, "2024_3_15": 0.1202465053359387, "2024_3_25": 0.9619720426875096, "2024_8_7": 0.052607846084473185, "2024_8_9": 0.1878851645874042, "2024_14_3": 0.0075154065834961686, "2024_14_5": 0.0075154065834961686, "2024_14_6": 0.16533894483691572, "2024_14_7": 0.052607846084473185, "2024_14_8": 0.2855854501728544, "2024_14_9": 17.991883360889826, "2024_14_11": 0.0075154065834961686, "2024_15_15": 5.095445663610402, "2024_20_1": 2.577784458139186, "2024_20_3": 1.7210281076206226, "2024_20_6": 0.2705546370058621, "2024_20_6_1": 0.015030813166992337, "2024_20_6_2": 2.6454231173906515, "2024_20_7": 20.750037577032927, "2024_20_8": 0.15782353825341955, "2024_20_9": 37.95280324665565, "2024_20_9_1": 0.022546219750488507, "2024_20_10": 1.6308432286186687, "2024_20_15": 2.750638809559598, "2024_26_1": 0.08266947241845786, "2024_26_3_1": 4.253720126258832}