{"2024_20_10": 0.05575517284103583, "2024_20_15": 0.2787758642051791, "2024_21_5": 0.38409119068269126, "2024_26_3_1": 1.3257341097757407, "2024_26_4": 0.01858505761367861, "2024_26_6": 0.6690620740924298, "2024_26_7": 9.026142981043243, "2024_26_8": 6.733985875356216, "2024_26_10": 1.945236030231694, "2024_26_11": 0.2787758642051791, "2024_26_20": 1.585924916367241, "2024_27_5": 0.3283360178416554, "2024_27_10": 1.2575888985255859, "2024_27_25": 5.302936439102963, "2024_32": 0.03097509602279768, "2024_32_3": 8.059719985131956, "2024_32_4_1": 0.42126130591004846, "2024_32_4_2": 0.03097509602279768, "2024_32_5_3": 0.024780076818238142, "2024_32_5_4": 0.043365134431916745, "2024_32_6": 5.117085862966176, "2024_32_7": 32.31322017098254, "2024_32_9": 0.5265766323875605, "2024_32_10": 23.026886383347794, "2024_32_20": 0.19824061454590514, "2024_32_20_1": 0.9973980919340852, "2024_38": 0.01858505761367861}