{"2024_32_9": 0.04290617848970251, "2024_32_9_1": 0.0143020594965675, "2024_32_10": 16.390160183066357, "2024_32_20": 0.09296338672768877, "2024_32_20_1": 0.22883295194508, "2024_33_5": 16.275743707093817, "2024_33_15": 0.45051487414187635, "2024_33_25": 0.1930778032036613, "2024_33_30": 0.0143020594965675, "2024_33_35": 6.3501144164759715, "2024_33_40": 0.8080663615560639, "2024_38": 0.00715102974828375, "2024_38_2": 1.5875286041189929, "2024_38_4": 0.17877574370709373, "2024_38_6": 1.7806064073226542, "2024_38_7": 4.9628146453089235, "2024_39_5": 0.9796910755148739, "2024_39_15": 0.24313501144164756, "2024_44_1": 0.21453089244851253, "2024_44_3": 0.8080663615560639, "2024_44_3_1": 20.23026315789473, "2024_44_4": 0.6078375286041189, "2024_44_25_2": 13.44393592677345, "2024_44_25_3": 0.5434782608695651, "2024_44_25_4": 0.6078375286041189, "2024_45_25_5": 3.3323798627002277, "2024_45_25_6": 0.7365560640732264, "2024_45_25_10": 0.1930778032036613, "2024_45_32": 8.681350114416473}