{"2023_26_9": 0.06969612489545582, "2023_26_12": 0.7155468822600131, "2023_27_6": 0.06040330824272837, "2023_27_7": 8.721308428584704, "2023_27_12": 3.336121178329152, "2023_32_4": 0.0882817582009107, "2023_32_6": 0.11151379983272933, "2023_32_7": 0.16727069974909395, "2023_32_9": 1.2034197565282039, "2023_38_1": 0.004646408326363722, "2023_38_4": 0.013939224979091166, "2023_38_6": 7.336678747328317, "2023_38_8": 0.1765635164018214, "2023_38_9": 4.065607285568257, "2023_38_9_1": 0.34848062447727907, "2023_44_1": 19.696124895455817, "2023_44_25": 0.004646408326363722, "2023_44_30_1": 0.3763590744354614, "2023_44_30_2": 1.0036241984945637, "2023_44_30_3": 0.018585633305454888, "2023_44_30_4": 0.8317070904191062, "2023_44_30_5_1": 33.142830591952425, "2023_44_30_6": 5.4455905584982816, "2023_44_30_7": 11.392993216243843, "2023_44_30_8": 1.6541213641854846, "2023_44_30_10": 0.013939224979091166}