{"2024_27_5": 0.23973046520668648, "2024_27_10": 0.7321497991447451, "2024_27_25": 3.3756641181806395, "2024_32": 0.03239600881171438, "2024_32_3": 5.857198393157961, "2024_32_4_1": 0.27212647401840084, "2024_32_4_2": 0.025916807049371514, "2024_32_5_3": 0.019437605287028634, "2024_32_5_4": 0.025916807049371514, "2024_32_6": 2.8767655824802376, "2024_32_7": 9.569781002980429, "2024_32_9": 0.04535441233640014, "2024_32_9_1": 0.03239600881171438, "2024_32_10": 22.891019826357386, "2024_32_20": 0.11014642995982893, "2024_32_20_1": 0.31100168459245814, "2024_33_5": 21.446157833354924, "2024_33_15": 1.2116107295581182, "2024_33_25": 0.317480886354801, "2024_33_30": 0.019437605287028634, "2024_33_35": 8.468316703382142, "2024_38": 0.0064792017623428785, "2024_38_2": 2.2741998185823498, "2024_38_4": 0.23325126344434358, "2024_38_6": 3.12945445121161, "2024_38_7": 15.368666580277306, "2024_44_1": 0.9070882467280029, "2024_44_3": 0.20085525463262918}