{"2024_3_20": 0.14639573695613986, "2024_3_25": 7.460326755284888, "2024_8_4": 0.040990806347719164, "2024_8_7": 0.2049540317385958, "2024_8_8": 0.01171165895649119, "2024_8_9": 4.491421209814372, "2024_8_12": 0.040990806347719164, "2024_9_5": 0.005855829478245595, "2024_14_3": 0.21666569069508698, "2024_14_5": 0.02927914739122797, "2024_14_6": 1.7626046729519242, "2024_14_7": 0.7085553668677169, "2024_14_8": 2.0144053405164843, "2024_14_9": 22.09404462142063, "2024_14_11": 0.08198161269543833, "2024_15_10": 0.005855829478245595, "2024_15_15": 3.981964045207004, "2024_20_1": 6.34186332493998, "2024_20_3": 2.775663172688412, "2024_20_6": 0.36306142765122684, "2024_20_6_1": 0.017567488434736784, "2024_20_6_2": 2.7053932189494647, "2024_20_7": 18.12964806464836, "2024_20_8": 0.12297241904315748, "2024_20_9": 24.184575745154305, "2024_20_9_1": 0.017567488434736784, "2024_20_10": 1.9675587046905196, "2024_26_1": 0.07612578321719274}