{"2023_26_7": 0.014544044213894413, "2023_26_8": 0.07756823580743687, "2023_26_9": 0.08241625054540166, "2023_26_12": 0.7272022106947207, "2023_27_6": 0.07756823580743687, "2023_27_7": 11.184370000484803, "2023_27_12": 4.576525912638775, "2023_32_4": 0.09696029475929607, "2023_32_6": 0.1260483831870849, "2023_32_7": 0.18422456004266252, "2023_32_9": 1.3768361855820042, "2023_38_1": 0.004848014737964804, "2023_38_4": 0.014544044213894413, "2023_38_6": 8.63916226305328, "2023_38_8": 0.21331264847045134, "2023_38_9": 5.095263489601009, "2023_38_9_1": 0.4266252969409027, "2023_44_1": 26.35865613031464, "2023_44_25": 0.004848014737964804, "2023_44_30_1": 0.9744509623309255, "2023_44_30_2": 2.8215445774955152, "2023_44_30_3": 0.048480147379648036, "2023_44_30_4": 1.8228535414747664, "2023_44_30_5_1": 28.404518349735785, "2023_44_30_6": 6.646628205749745}