{"2023_32_6": 0.01584534938995405, "2023_38_9": 0.01584534938995405, "2023_44_1": 0.01584534938995405, "2023_44_30_8": 0.08714942164474726, "2023_44_30_9": 0.023768024084931068, "2023_44_30_13": 0.01584534938995405, "2023_44_30_14": 0.6179686262082078, "2023_44_30_20": 0.007922674694977025, "2023_44_30_25": 0.08714942164474726, "2023_44_30_30": 0.19806686737442558, "2024_2_6": 0.023768024084931068, "2024_2_7": 0.6338139755981619, "2024_2_8": 0.023768024084931068, "2024_2_12": 0.007922674694977025, "2024_3_6": 0.31690698779908094, "2024_3_10": 1.1408651560766914, "2024_3_15": 6.140072888607193, "2024_3_20": 0.6575819996830929, "2024_3_25": 40.33433687212803, "2024_8_3": 0.007922674694977025, "2024_8_4": 0.13468546981460938, "2024_8_7": 0.3802883853588971, "2024_8_8": 0.01584534938995405, "2024_8_9": 22.738076374584058, "2024_8_12": 0.07922674694977024, "2024_9_5": 0.01584534938995405, "2024_14_3": 1.2597052765013466, "2024_14_5": 0.0633813975598162, "2024_14_6": 16.407859293297417, "2024_14_7": 7.898906670892093, "2024_14_8": 0.6338139755981619}