{"2024_2_7": 0.11798539930683576, "2024_2_8": 0.01474817491335447, "2024_3_6": 0.01474817491335447, "2024_3_10": 0.06636678711009512, "2024_3_15": 0.1032372243934813, "2024_3_25": 0.9291350195413318, "2024_8_7": 0.05161861219674065, "2024_8_9": 0.2064744487869626, "2024_14_3": 0.007374087456677235, "2024_14_5": 0.007374087456677235, "2024_14_6": 0.16222992404689918, "2024_14_7": 0.044244524740063414, "2024_14_8": 0.2875894108104122, "2024_14_9": 16.5843226900671, "2024_14_11": 0.007374087456677235, "2024_15_15": 4.874271808863654, "2024_20_1": 2.4481970356168423, "2024_20_3": 1.6296733279256692, "2024_20_6": 0.2285967111569943, "2024_20_6_1": 0.01474817491335447, "2024_20_6_2": 2.492441560356906, "2024_20_7": 17.95590295700907, "2024_20_8": 0.125359486763513, "2024_20_9": 35.653712853034435, "2024_20_9_1": 0.022122262370031707, "2024_20_10": 0.6710419585576285, "2024_20_15": 4.476071086203081, "2024_21_5": 0.47931568468402036, "2024_26_1": 0.06636678711009512, "2024_26_3_1": 10.257355652238035}