{"2024_2_7": 0.336239103362391, "2024_2_8": 0.012453300124533, "2024_3_6": 0.1183063511830635, "2024_3_10": 0.4919053549190536, "2024_3_15": 2.8268991282689915, "2024_3_20": 0.17434620174346205, "2024_3_25": 10.112079701120797, "2024_8_3": 0.0062266500622665, "2024_8_4": 0.049813200498132, "2024_8_7": 0.22415940224159403, "2024_8_8": 0.012453300124533, "2024_8_9": 5.641344956413449, "2024_8_12": 0.04358655043586551, "2024_9_5": 0.0062266500622665, "2024_14_3": 0.2926525529265255, "2024_14_5": 0.031133250311332496, "2024_14_6": 2.291407222914072, "2024_14_7": 0.9900373599003736, "2024_14_8": 3.0821917808219172, "2024_14_9": 29.35242839352428, "2024_14_11": 0.08094645080946451, "2024_15_10": 0.031133250311332496, "2024_20_1": 11.45703611457036, "2024_20_3": 8.156911581569114, "2024_20_6": 2.9763387297633868, "2024_20_6_1": 0.03735990037359901, "2024_20_6_2": 16.91780821917808, "2024_20_7": 4.246575342465754}