{"2023_2_12": 0.09567546880979717, "2023_6_11": 0.019135093761959435, "2023_7_10": 0.25832376578645233, "2023_7_15": 0.22483735170302335, "2023_7_20": 5.9605817068503635, "2023_7_26": 0.09567546880979717, "2023_7_30": 21.794871794871796, "2023_12_1": 0.004783773440489859, "2023_12_1_1": 0.033486414083429006, "2023_12_5": 0.07654037504783774, "2023_12_5_4": 0.009567546880979718, "2023_12_9": 0.07175660160734788, "2023_12_9_1": 0.02870264064293915, "2023_12_10": 0.07654037504783774, "2023_12_11": 0.09567546880979717, "2023_20_4_1": 0.13394565633371602, "2023_20_7": 0.22005357826253352, "2023_20_8": 0.25832376578645233, "2023_20_9": 6.525066972828168, "2023_26_1": 0.38748564867967855, "2023_26_3": 0.019135093761959435, "2023_26_6": 0.15308075009567548, "2023_26_7": 9.036548029085344, "2023_26_8": 24.526406429391507, "2023_26_9": 25.851511672407195, "2023_26_10": 1.3968618446230388, "2023_26_11": 1.4734022196708765, "2023_32_1": 1.1720244929200154}