{"2023_27_7": 7.0844807675224315, "2023_27_12": 2.6516833969974245, "2023_32_4": 0.07550857244381276, "2023_32_6": 0.0977169761037577, "2023_32_7": 0.13325042195966957, "2023_32_9": 1.0571200142133785, "2023_38_1": 0.004441680731988987, "2023_38_4": 0.013325042195966958, "2023_38_6": 6.435995380652041, "2023_38_8": 0.1554588256196145, "2023_38_9": 3.4911610553433428, "2023_38_9_1": 0.2087589944034824, "2023_44_1": 15.661366260993162, "2023_44_9_1": 0.008883361463977973, "2023_44_25": 0.004441680731988987, "2023_44_30_1": 0.22652571733143825, "2023_44_30_2": 0.5729768144265792, "2023_44_30_3": 0.008883361463977973, "2023_44_30_4": 0.3908679044150308, "2023_44_30_5_1": 7.137780936306299, "2023_44_30_6": 1.4346628764324423, "2023_44_30_7": 1.328062538864707, "2023_44_30_8": 42.23594208048327, "2023_44_30_9": 9.562938615972287, "2023_44_30_10": 0.004441680731988987, "2023_44_30_12": 0.013325042195966958}