{"2024_20_10": 0.05603636137226824, "2024_20_15": 0.28018180686134114, "2024_21_5": 0.38602826723118117, "2024_26_3_1": 1.351098935309134, "2024_26_4": 0.01867878712408941, "2024_26_6": 0.6848888612166117, "2024_26_7": 9.196189527426688, "2024_26_8": 6.873793661664903, "2024_26_10": 1.9924039599028702, "2024_26_11": 0.28018180686134114, "2024_26_20": 1.6188282174210824, "2024_27_5": 0.3362181682336094, "2024_27_10": 1.307515098686259, "2024_27_25": 5.578731087728038, "2024_32": 0.031131311873482347, "2024_32_3": 8.473943091961896, "2024_32_4_1": 0.42961210385405646, "2024_32_4_2": 0.03735757424817882, "2024_32_5_3": 0.024905049498785883, "2024_32_5_4": 0.049810098997571765, "2024_32_6": 5.441753315484714, "2024_32_7": 31.741485586202607, "2024_32_10": 22.607558682522885, "2024_32_20": 0.2054666583649835, "2024_32_20_1": 0.9775231928273459, "2024_38": 0.01867878712408941}