{"2024_14_7": 0.026693360026693362, "2024_14_8": 0.12012012012012012, "2024_14_9": 2.3823823823823824, "2024_15_15": 3.69703036369703, "2024_20_1": 0.667334000667334, "2024_20_3": 0.20020020020020016, "2024_20_6": 0.0066733400066733405, "2024_20_6_2": 0.12012012012012012, "2024_20_7": 2.4491157824491157, "2024_20_8": 0.0066733400066733405, "2024_20_9": 7.71438104771438, "2024_20_9_1": 0.0066733400066733405, "2024_20_10": 0.10010010010010008, "2024_20_15": 0.36703370036703364, "2024_21_5": 0.5472138805472139, "2024_26_1": 0.0066733400066733405, "2024_26_3_1": 1.9953286619953283, "2024_26_4": 0.02002002002002002, "2024_26_6": 1.0543877210543875, "2024_26_7": 25.085085085085083, "2024_26_8": 16.996996996996995, "2024_26_10": 5.739072405739072, "2024_26_11": 1.141141141141141, "2024_26_20": 4.691358024691357, "2024_27_5": 1.928595261928595, "2024_27_10": 1.0143476810143475, "2024_32": 0.07340674007340674, "2024_32_3": 21.84184184184184}