{"2023_38_9": 3.0266456225048746, "2023_38_9_1": 0.08355770123479712, "2023_44_1": 12.575434035836969, "2023_44_9_2": 0.009284189026088569, "2023_44_25": 0.004642094513044284, "2023_44_30_1": 0.13926283539132855, "2023_44_30_2": 0.4038622226348528, "2023_44_30_3": 0.009284189026088569, "2023_44_30_4": 0.25995729273047996, "2023_44_30_5_1": 4.405347692879027, "2023_44_30_6": 0.8448612013740598, "2023_44_30_7": 0.7566614056262186, "2023_44_30_8": 20.118837619533934, "2023_44_30_9": 4.7163680252529945, "2023_44_30_10": 0.004642094513044284, "2023_44_30_12": 0.013926283539132856, "2023_44_30_13": 0.3806517500696314, "2023_44_30_14": 12.733265249280473, "2023_44_30_16": 0.06963141769566428, "2023_44_30_20": 0.36672546653049853, "2024_2_2": 0.07891560672175284, "2024_2_2_1": 5.417324296722681, "2024_2_3": 1.4111967319654628, "2024_2_6": 2.5299415096091358, "2024_2_7": 27.629746541639594, "2024_2_8": 2.0100269241481756}