{"2023_12_9": 0.049665711556829036, "2023_12_9_1": 0.011461318051575933, "2023_12_10": 0.05730659025787965, "2023_12_11": 0.05348615090735434, "2023_20_4_1": 0.08787010506208214, "2023_20_7": 0.061127029608404965, "2023_20_8": 0.11079274116523401, "2023_20_9": 2.7698185291308497, "2023_26_1": 0.16045845272206302, "2023_26_3": 0.011461318051575933, "2023_26_6": 0.05348615090735434, "2023_26_7": 1.9522445081184336, "2023_26_8": 3.6217765042979946, "2023_26_9": 4.595988538681948, "2023_26_10": 0.282712511938873, "2023_26_11": 0.24450811843361986, "2023_26_12": 0.8061127029608404, "2023_27_6": 5.379178605539637, "2023_27_7": 17.402101241642786, "2023_32_1": 0.35148042024832854, "2023_32_4": 2.9149952244508115, "2023_32_6": 13.600764087870107, "2023_32_7": 20.680038204393504, "2023_32_9": 22.48328557784145, "2023_38_1": 0.3858643744030563, "2023_38_4": 1.8720152817574018}