{"2024_20_3": 0.17101596148973902, "2024_20_6_2": 0.12667848999239928, "2024_20_7": 1.9888522928806687, "2024_20_9": 6.390929820116543, "2024_20_10": 0.06333924499619964, "2024_20_15": 0.31669622498099825, "2024_21_5": 0.44337471497339753, "2024_26_1": 0.006333924499619964, "2024_26_3_1": 1.634152520901951, "2024_26_4": 0.01900177349885989, "2024_26_6": 0.8234101849505954, "2024_26_7": 12.927539903724346, "2024_26_8": 9.323536863440587, "2024_26_10": 2.8122624778312644, "2024_26_11": 0.44337471497339753, "2024_26_20": 2.1788700278692676, "2024_27_5": 0.5763871294654168, "2024_27_10": 2.1155307828730683, "2024_27_25": 19.45148213833291, "2024_32": 0.03800354699771978, "2024_32_3": 32.10032936407398, "2024_32_4_1": 2.9389409678236635, "2024_32_4_2": 0.2976944514821383, "2024_32_5_3": 0.06333924499619964, "2024_32_5_4": 0.8170762604509755, "2024_32_6": 1.9318469723840892}