{"2024_26_11": 0.24330900243309003, "2024_26_20": 1.4072466627211155, "2024_27_5": 0.2696126783718025, "2024_27_10": 0.7759584401920168, "2024_27_25": 3.616755441572961, "2024_32": 0.03287959492339055, "2024_32_3": 6.194515683566779, "2024_32_4_1": 0.29591635431051494, "2024_32_4_2": 0.02630367593871244, "2024_32_5_3": 0.019727756954034326, "2024_32_5_4": 0.03287959492339055, "2024_32_6": 3.0775300848293554, "2024_32_7": 12.060235417899651, "2024_32_9": 0.04603143289274676, "2024_32_9_1": 0.17097389360163084, "2024_32_10": 26.17215755901887, "2024_32_20": 0.11179062273952785, "2024_32_20_1": 0.3353718682185836, "2024_33_5": 18.419149076083386, "2024_33_15": 1.144209903333991, "2024_33_25": 0.5326494377589268, "2024_33_30": 0.02630367593871244, "2024_33_35": 6.253698954428883, "2024_38": 0.00657591898467811, "2024_38_2": 4.234891826132703, "2024_38_4": 0.3156441112645492, "2024_38_6": 13.67133556914579, "2024_38_7": 0.5063457618202144}