{"2022_44_25_2": 0.01717426150675521, "2022_44_25_3": 0.05152278452026564, "2022_44_25_5": 0.05724753835585071, "2022_44_30": 0.09159606136936113, "2022_44_30_2": 0.01717426150675521, "2022_44_30_5": 0.011449507671170141, "2022_44_30_10": 0.1946416304098924, "2022_45_11": 0.022899015342340283, "2022_45_12": 0.10877032287611635, "2022_45_13": 0.25761392260132815, "2022_45_15": 30.633157774215714, "2023_2_0_5": 0.01717426150675521, "2023_2_10": 0.20036638424547748, "2023_2_11": 0.011449507671170141, "2023_2_12": 1.5857568124570645, "2023_2_13": 0.01717426150675521, "2023_2_201": 0.005724753835585071, "2023_2_301": 0.01717426150675521, "2023_6_1": 0.005724753835585071, "2023_6_8": 0.4694298145179758, "2023_6_9": 0.04007327684909549, "2023_6_11": 0.6984199679413786, "2023_6_11_2": 0.005724753835585071, "2023_7_5": 0.8816120906801008, "2023_12_1": 0.6354476757499428, "2023_12_1_1": 4.253492099839708, "2023_12_5": 52.66773528738264, "2023_12_5_3": 0.7098694756125488, "2023_12_8": 0.40645752232654, "2023_12_9": 5.907945958323793}