{"2022_45_12": 0.03335239184295788, "2022_45_13": 0.04288164665523156, "2022_45_15": 0.7766342672003048, "2023_2_10": 0.01429388221841052, "2023_2_12": 0.13340956737183152, "2023_2_301": 0.009529254812273678, "2023_6_8": 0.03335239184295788, "2023_6_11": 0.07623403849818942, "2023_7_5": 0.02858776443682104, "2023_7_10": 4.28340003811702, "2023_7_15": 2.4347246045359245, "2023_7_20": 22.732037354678862, "2023_7_25": 0.019058509624547356, "2023_12_1": 0.009529254812273678, "2023_12_1_1": 0.03811701924909471, "2023_12_5": 2.615780445969125, "2023_12_5_4": 0.3525824280541261, "2023_12_8": 0.004764627406136839, "2023_12_9": 4.898036973508671, "2023_12_9_1": 1.3245664189060413, "2023_12_10": 0.7242233657327997, "2023_12_11": 2.9254812273680195, "2023_20_4_1": 19.744615971031067, "2023_20_6": 0.7528111301696205, "2023_20_7": 35.1915380217267, "2023_20_8": 0.7956927768248523, "2023_26": 0.004764627406136839}