{"2024_2_6": 0.052188662013177636, "2024_2_7": 0.3979385478504795, "2024_2_8": 0.013047165503294409, "2024_3_6": 0.13047165503294408, "2024_3_10": 0.5218866201317763, "2024_3_15": 3.1704612173005424, "2024_3_20": 0.22180181355600498, "2024_3_25": 12.46004305564616, "2024_8_3": 0.0065235827516472045, "2024_8_4": 0.052188662013177636, "2024_8_7": 0.24137256181094657, "2024_8_8": 0.013047165503294409, "2024_8_9": 6.530106334398853, "2024_8_12": 0.045665079261530434, "2024_9_5": 0.0065235827516472045, "2024_14_3": 0.34574988583730193, "2024_14_5": 0.03914149650988323, "2024_14_6": 2.929088655489595, "2024_14_7": 1.298192967577794, "2024_14_8": 3.7380129166938483, "2024_14_9": 29.2974101376476, "2024_14_11": 0.11742448952964972, "2024_15_5": 0.03261791375823602, "2024_20_1": 34.007436884336876, "2024_20_3": 4.331658947093745}