{"2023_44_1": 0.013031862904802242, "2023_44_30_5_1": 0.013031862904802242, "2023_44_30_8": 0.6320453508829088, "2023_44_30_9": 0.03909558871440673, "2023_44_30_13": 0.026063725809604484, "2023_44_30_14": 2.736691210008471, "2023_44_30_16": 0.013031862904802242, "2023_44_30_20": 0.013031862904802242, "2023_44_30_25": 2.03297061314915, "2023_44_30_30": 0.4105036815012707, "2024_2_2_1": 0.006515931452401121, "2024_2_3": 0.013031862904802242, "2024_2_6": 0.05212745161920897, "2024_2_7": 10.98586042874829, "2024_2_8": 0.7949436371929368, "2024_2_12": 0.026063725809604484, "2024_2_13": 0.05212745161920897, "2024_3_6": 1.39440933081384, "2024_3_10": 10.243044243174564, "2024_3_15": 14.087443800091226, "2024_3_20": 2.182837036554376, "2024_3_25": 16.30286049390761, "2024_8_3": 0.08470710888121459, "2024_8_4": 1.97432723007754, "2024_8_7": 6.2422623314002745, "2024_8_8": 0.0912230403336157, "2024_8_9": 29.113181729328208, "2024_8_12": 0.24760539519124264, "2024_14_3": 0.17593014921483027}