{"2023_6_11": 0.01391723881981815, "2023_7_10": 0.23659305993690852, "2023_7_15": 0.17164594544442383, "2023_7_20": 4.99164965670811, "2023_7_26": 0.08350343291890888, "2023_7_30": 22.45314529597328, "2023_12_1": 0.00463907960660605, "2023_12_1_1": 0.032473557246242346, "2023_12_5": 0.060308034885878645, "2023_12_5_4": 0.0092781592132121, "2023_12_9": 0.06958619409909074, "2023_12_9_1": 0.023195398033030248, "2023_12_10": 0.0742252737056968, "2023_12_11": 0.09278159213212099, "2023_20_4_1": 0.13453330859157542, "2023_20_7": 0.18556318426424198, "2023_20_8": 0.2458712191501206, "2023_20_9": 5.803488587864168, "2023_26_1": 0.3479309704954537, "2023_26_3": 0.0185563184264242, "2023_26_6": 0.12989422898496938, "2023_26_7": 7.482835405455559, "2023_26_8": 19.42382631285953, "2023_26_9": 25.408239005381333, "2023_26_10": 1.220077936537391, "2023_26_11": 1.0577101503061794, "2023_32_1": 4.871033586936352, "2023_32_4": 5.353497866023382}