{"2023_32_9": 0.029797377830750888, "2023_38_6": 0.014898688915375444, "2023_38_9": 0.03724672228843861, "2023_44_1": 0.04469606674612634, "2023_44_30_5_1": 0.03724672228843861, "2023_44_30_6": 0.014898688915375444, "2023_44_30_8": 0.9237187127532775, "2023_44_30_9": 0.04469606674612634, "2023_44_30_13": 0.02234803337306317, "2023_44_30_14": 3.79171632896305, "2023_44_30_16": 0.02234803337306317, "2023_44_30_20": 0.02234803337306317, "2023_44_30_25": 3.7842669845053627, "2023_44_30_30": 0.4767580452920142, "2024_2_2_1": 0.007449344457687722, "2024_2_3": 0.04469606674612634, "2024_2_6": 0.07449344457687722, "2024_2_7": 20.51549463647199, "2024_2_7_1": 0.007449344457687722, "2024_2_8": 1.3706793802145407, "2024_2_12": 0.04469606674612634, "2024_2_13": 0.1936829558998808, "2024_3_6": 3.2181168057210954, "2024_3_10": 33.00059594755661, "2024_3_15": 0.007449344457687722, "2024_8_3": 0.14153754469606672, "2024_8_4": 3.739570917759237, "2024_8_7": 20.11323003575685, "2024_8_8": 0.26072705601907026, "2024_8_9": 7.993146603098926}