{"2024_27_25": 2.8597560975609753, "2024_32": 0.030487804878048776, "2024_32_3": 5.0060975609756095, "2024_32_4_1": 0.2134146341463415, "2024_32_4_2": 0.024390243902439022, "2024_32_5_3": 0.018292682926829267, "2024_32_5_4": 0.024390243902439022, "2024_32_6": 2.3902439024390243, "2024_32_7": 7.298780487804877, "2024_32_9": 0.036585365853658534, "2024_32_9_1": 0.012195121951219511, "2024_32_10": 15.481707317073168, "2024_32_20": 0.07926829268292683, "2024_32_20_1": 0.20731707317073172, "2024_33_5": 17.70731707317073, "2024_33_15": 0.39634146341463417, "2024_33_25": 0.18902439024390244, "2024_33_30": 0.012195121951219511, "2024_33_35": 7.579268292682927, "2024_33_40": 0.7439024390243901, "2024_38": 0.0060975609756097554, "2024_38_2": 1.4756097560975612, "2024_38_4": 0.1524390243902439, "2024_38_6": 1.6524390243902436, "2024_38_7": 5.420731707317073, "2024_39_5": 1.1951219512195121, "2024_44_1": 0.2134146341463415, "2024_44_3": 0.878048780487805, "2024_44_3_1": 22.585365853658534, "2024_44_4": 0.17073170731707318, "2024_44_25_2": 5.939024390243902}