{"2023_2_12": 0.10789149198520344, "2023_2_301": 0.010275380189066997, "2023_6_11": 0.020550760378133994, "2023_7_10": 0.8271681052198933, "2023_7_15": 0.6884504726674887, "2023_7_20": 25.41615289765722, "2023_7_26": 0.33908754623921095, "2023_7_30": 1.751952322235923, "2023_12_1": 0.0051376900945334985, "2023_12_1_1": 0.03596383066173449, "2023_12_5": 0.11816687217427045, "2023_12_5_4": 0.020550760378133994, "2023_12_9": 0.10275380189066997, "2023_12_9_1": 0.030826140567200986, "2023_12_10": 0.10275380189066997, "2023_12_11": 0.13357994245787097, "2023_20_4_1": 0.15413070283600494, "2023_20_7": 0.3750513769009453, "2023_20_8": 0.3493629264282779, "2023_20_9": 9.345458281956432, "2023_26_1": 0.5291820797369503, "2023_26_3": 0.020550760378133994, "2023_26_6": 0.21064529387587339, "2023_26_7": 15.931976983148378, "2023_26_8": 40.916563912864774, "2023_26_9": 0.7757912042745582, "2023_26_10": 1.4385532264693794, "2023_26_11": 0.2414714344430744}