{"2024_21_5": 0.3368794326241134, "2024_26_3_1": 1.1702127659574466, "2024_26_4": 0.017730496453900704, "2024_26_6": 0.602836879432624, "2024_26_7": 7.80141843971631, "2024_26_8": 5.833333333333332, "2024_26_10": 1.5543735224586286, "2024_26_11": 0.2541371158392435, "2024_26_20": 1.3947990543735223, "2024_27_5": 0.2659574468085105, "2024_27_10": 0.821513002364066, "2024_27_25": 3.936170212765957, "2024_32": 0.029550827423167843, "2024_32_3": 6.418439716312056, "2024_32_4_1": 0.3368794326241134, "2024_32_4_2": 0.02364066193853427, "2024_32_5_3": 0.017730496453900704, "2024_32_5_4": 0.029550827423167843, "2024_32_6": 3.6111111111111103, "2024_32_7": 18.463356973995268, "2024_32_9": 0.19503546099290775, "2024_32_10": 38.274231678486984, "2024_32_20": 0.14184397163120563, "2024_32_20_1": 0.4905437352245862, "2024_33_15": 0.6796690307328603, "2024_33_25": 0.45508274231678475, "2024_38": 0.005910165484633568, "2024_38_2": 6.784869976359337, "2024_38_4": 0.05319148936170212}