{"2024_3_6": 0.11823273179838205, "2024_3_10": 0.49782202862476654, "2024_3_15": 2.8189172370877404, "2024_3_20": 0.1742377100186683, "2024_3_25": 9.96888612321095, "2024_8_3": 0.006222775357809582, "2024_8_4": 0.04978220286247666, "2024_8_7": 0.22401991288114498, "2024_8_8": 0.012445550715619164, "2024_8_9": 5.5320472930927185, "2024_8_12": 0.04355942750466708, "2024_9_5": 0.006222775357809582, "2024_14_3": 0.29247044181705034, "2024_14_5": 0.03111387678904791, "2024_14_6": 2.2464219041692592, "2024_14_7": 0.9645301804604852, "2024_14_8": 2.993154947106409, "2024_14_9": 29.495955196017416, "2024_14_11": 0.08089607965152458, "2024_15_10": 0.03111387678904791, "2024_15_15": 0.006222775357809582, "2024_20_1": 11.1698817672682, "2024_20_3": 7.9900435594275026, "2024_20_6": 2.850031113876789, "2024_20_6_1": 0.03733665214685749, "2024_20_6_2": 17.361543248288733, "2024_20_7": 4.785314250155569, "2024_20_8": 0.21157436216552578}