{"2023_44_1": 0.01516530178950561, "2023_44_30_8": 0.09099181073703366, "2023_44_30_9": 0.022747952684258416, "2023_44_30_13": 0.01516530178950561, "2023_44_30_14": 0.5535335153169549, "2023_44_30_25": 0.07582650894752804, "2023_44_30_30": 0.18956627236882015, "2024_2_2_1": 0.007582650894752805, "2024_2_3": 0.007582650894752805, "2024_2_6": 0.022747952684258416, "2024_2_7": 0.583864118895966, "2024_2_8": 0.022747952684258416, "2024_2_12": 0.007582650894752805, "2024_3_6": 0.26539278131634814, "2024_3_10": 1.008492569002123, "2024_3_15": 5.414012738853502, "2024_3_20": 0.5232029117379436, "2024_3_25": 38.914164391871395, "2024_8_4": 0.08340915984228085, "2024_8_7": 0.3563845920533818, "2024_8_8": 0.01516530178950561, "2024_8_9": 17.538671519563238, "2024_8_12": 0.06824385805277525, "2024_9_5": 0.01516530178950561, "2024_14_3": 0.978161965423112, "2024_14_5": 0.05307855626326964, "2024_14_6": 10.319987867758568, "2024_14_7": 5.535335153169548, "2024_14_8": 17.29602669093115}