{"2023_38_9": 0.019815059445178335, "2023_44_1": 0.01321003963011889, "2023_44_30_5_1": 0.01321003963011889, "2023_44_30_8": 0.6472919418758255, "2023_44_30_9": 0.03963011889035667, "2023_44_30_13": 0.019815059445178335, "2023_44_30_14": 2.8401585204755615, "2023_44_30_16": 0.01321003963011889, "2023_44_30_20": 0.019815059445178335, "2023_44_30_25": 2.2589167767503295, "2023_44_30_30": 0.45574636723910167, "2024_2_2_1": 0.006605019815059445, "2024_2_3": 0.019815059445178335, "2024_2_6": 0.05284015852047556, "2024_2_7": 11.710700132100396, "2024_2_7_1": 0.006605019815059445, "2024_2_8": 0.8256274768824305, "2024_2_12": 0.03302509907529722, "2024_2_13": 0.06605019815059444, "2024_3_6": 1.5059445178335535, "2024_3_10": 12.047556142668428, "2024_3_15": 28.368560105680316, "2024_3_20": 1.6050198150594452, "2024_8_3": 0.08586525759577276, "2024_8_4": 2.1466314398943194, "2024_8_7": 6.922060766182297, "2024_8_8": 0.10568031704095111, "2024_8_9": 27.859973579920737, "2024_8_12": 0.2906208718626155}