{"2024_32_9": 0.042811273635390654, "2024_32_9_1": 0.014270424545130219, "2024_32_10": 16.28255440599358, "2024_32_20": 0.09275775954334642, "2024_32_20_1": 0.2283267927220835, "2024_33_5": 16.11844452372458, "2024_33_15": 0.4495183731716018, "2024_33_25": 0.19265073135925795, "2024_33_30": 0.014270424545130219, "2024_33_35": 6.314662861220121, "2024_33_40": 0.8134141990724224, "2024_38": 0.0071352122725651095, "2024_38_2": 1.584017124509454, "2024_38_4": 0.17838030681412773, "2024_38_6": 1.769532643596147, "2024_38_7": 4.90189083125223, "2024_39_5": 0.97752408134142, "2024_39_15": 0.21405636817695325, "2024_44_1": 0.21405636817695325, "2024_44_3": 0.792008562254727, "2024_44_3_1": 20.057081698180525, "2024_44_4": 0.6136282554405994, "2024_44_25_2": 13.449875133785232, "2024_44_25_3": 0.46378879771673204, "2024_44_25_4": 0.6564395290759901, "2024_45_25_5": 3.4677131644666432, "2024_45_25_6": 0.792008562254727, "2024_45_25_10": 0.2925437031751695, "2024_45_32": 7.684623617552622, "2024_45_32_1": 1.3200142704245452}