{"2024_8_7": 0.06564695069914, "2024_8_9": 0.21007024223724802, "2024_14_3": 0.019694085209742, "2024_14_6": 0.16411737674785, "2024_14_7": 0.052517560559312004, "2024_14_8": 0.22976432744699002, "2024_14_9": 11.724545394866405, "2024_14_11": 0.0065646950699140005, "2024_15_15": 4.785662705967306, "2024_20_1": 1.8643733998555763, "2024_20_3": 1.2013391977942622, "2024_20_6": 0.16411737674785, "2024_20_6_1": 0.013129390139828001, "2024_20_6_2": 1.6346090724085862, "2024_20_7": 8.488150725398803, "2024_20_8": 0.06564695069914, "2024_20_9": 25.214993763539677, "2024_20_9_1": 0.026258780279656002, "2024_20_10": 0.30854066828595805, "2024_20_15": 0.45952865489398004, "2024_21_5": 0.95188078513753, "2024_26_1": 0.03282347534957, "2024_26_3_1": 4.122628503905992, "2024_26_4": 0.019694085209742, "2024_26_6": 2.4683253462876644, "2024_26_7": 30.36827939342217, "2024_26_10": 5.278014836210857, "2024_26_20": 0.059082255629226005}