{"2023_2_12": 0.10035626473982638, "2023_6_11": 0.020071252947965273, "2023_7_10": 0.3964072457223142, "2023_7_15": 0.3261578604044357, "2023_7_20": 9.408399819358722, "2023_7_26": 0.14049877063575691, "2023_7_30": 18.550855537156906, "2023_12_1": 0.005017813236991318, "2023_12_1_1": 0.03512469265893923, "2023_12_5": 0.09032063826584374, "2023_12_5_4": 0.020071252947965273, "2023_12_9": 0.08530282502885242, "2023_12_9_1": 0.030106879421947917, "2023_12_10": 0.09533845150283507, "2023_12_11": 0.11039189121380903, "2023_20_4_1": 0.14049877063575691, "2023_20_7": 0.29103316774549653, "2023_20_8": 0.2860153545085052, "2023_20_9": 8.194089016006824, "2023_26_1": 0.4766922575141753, "2023_26_3": 0.020071252947965273, "2023_26_6": 0.1806412765316875, "2023_26_7": 11.771789853981634, "2023_26_8": 32.26955692709117, "2023_26_9": 14.391088363691102, "2023_26_10": 1.3798986401726128, "2023_26_11": 1.1842039239299513}