{"2024_3_20": 0.14623303696771175, "2024_3_25": 7.440336920917173, "2024_8_4": 0.040945250350959285, "2024_8_7": 0.20472625175479645, "2024_8_8": 0.01169864295741694, "2024_8_9": 4.486429574169396, "2024_8_12": 0.040945250350959285, "2024_9_5": 0.00584932147870847, "2024_14_3": 0.21642489471221335, "2024_14_5": 0.02924660739354235, "2024_14_6": 1.7664950865699576, "2024_14_7": 0.7019185774450164, "2024_14_8": 2.006317267197005, "2024_14_9": 21.847215722976134, "2024_14_11": 0.08189050070191857, "2024_15_10": 0.00584932147870847, "2024_15_15": 3.983387927000468, "2024_20_1": 6.3114178755264385, "2024_20_3": 2.7608797379503973, "2024_20_6": 0.3568086102012166, "2024_20_6_1": 0.017547964436125413, "2024_20_6_2": 2.6965372016846043, "2024_20_7": 18.07440336920917, "2024_20_8": 0.12283575105287783, "2024_20_9": 24.42676649508657, "2024_20_9_1": 0.017547964436125413, "2024_20_10": 2.1233036967711745, "2024_26_1": 0.0760411792232101}