{"2024_14_7": 0.02673439379762064, "2024_14_8": 0.1203047720892929, "2024_14_9": 2.386044646437642, "2024_15_15": 3.6960299425210534, "2024_20_1": 0.661676246491111, "2024_20_3": 0.2005079534821548, "2024_20_6": 0.00668359844940516, "2024_20_6_2": 0.1203047720892929, "2024_20_7": 2.459564229381099, "2024_20_8": 0.00668359844940516, "2024_20_9": 7.739607004411175, "2024_20_9_1": 0.00668359844940516, "2024_20_10": 0.1002539767410774, "2024_20_15": 0.3675979147172838, "2024_21_5": 0.5547386713006283, "2024_26_1": 0.00668359844940516, "2024_26_3_1": 1.998395936372143, "2024_26_4": 0.02005079534821548, "2024_26_6": 1.0560085550060154, "2024_26_7": 25.150380965111623, "2024_26_8": 17.52439513434033, "2024_26_10": 5.734527469589628, "2024_26_11": 1.1428953348482827, "2024_26_20": 4.6918861114824235, "2024_27_5": 1.9248763534286863, "2024_27_10": 1.0092233658601792, "2024_32": 0.07351958294345677, "2024_32_3": 21.213741478411976}