{"2022_44_30": 0.159939787374165, "2022_44_30_2": 0.01881644557343118, "2022_44_30_5": 0.12701100762066042, "2022_44_30_10": 0.9502305014582746, "2022_45_11": 0.03763289114686236, "2022_45_12": 0.6962084862169535, "2022_45_13": 1.0913538432590082, "2022_45_14": 0.023520556966788973, "2022_45_15": 28.506915043748233, "2023_2_0_5": 0.023520556966788973, "2023_2_10": 0.34340013171511896, "2023_2_11": 0.014112334180073382, "2023_2_12": 5.306237651707592, "2023_2_13": 0.01881644557343118, "2023_2_201": 0.004704111393357795, "2023_2_301": 0.04704111393357795, "2023_6_1": 0.03292877975350456, "2023_6_8": 5.315645874494308, "2023_6_9": 0.95963872424499, "2023_6_11": 3.83855489697996, "2023_6_11_2": 0.028224668360146764, "2023_7_5": 0.16464389876752278, "2023_12_1": 2.088625458650861, "2023_12_1_1": 6.157681813905353, "2023_12_5": 43.22607959356477, "2023_12_5_3": 0.051745225326935734, "2023_12_8": 0.7667701571173204}