{"2023_2_12": 0.100852201099289, "2023_6_11": 0.0201704402198578, "2023_7_10": 0.6504966970904141, "2023_7_15": 0.448792294891836, "2023_7_20": 15.783369472038727, "2023_7_26": 0.1916191820886491, "2023_7_30": 11.77449447834199, "2023_12_1": 0.00504261005496445, "2023_12_1_1": 0.03529827038475115, "2023_12_5": 0.0907669809893601, "2023_12_5_4": 0.0201704402198578, "2023_12_9": 0.0806817608794312, "2023_12_9_1": 0.030255660329786695, "2023_12_10": 0.09580959104432454, "2023_12_11": 0.12102264131914678, "2023_20_4_1": 0.1411930815390046, "2023_20_7": 0.31264182340779584, "2023_20_8": 0.3227270435177248, "2023_20_9": 8.436286621955526, "2023_26_1": 0.48913317533155165, "2023_26_3": 0.0201704402198578, "2023_26_6": 0.1916191820886491, "2023_26_7": 12.540971206696586, "2023_26_8": 35.343653875245835, "2023_26_9": 10.246583631687763, "2023_26_10": 1.3715899349503304, "2023_26_11": 1.1345872623670012}