{"2023_6_11": 0.013776002204160353, "2023_7_10": 0.2296000367360059, "2023_7_15": 0.16072002571520413, "2023_7_20": 4.761904761904763, "2023_7_26": 0.08265601322496212, "2023_7_30": 22.574275611884104, "2023_12_1": 0.004592000734720118, "2023_12_1_1": 0.03214400514304083, "2023_12_5": 0.06888001102080177, "2023_12_5_4": 0.009184001469440236, "2023_12_9": 0.06888001102080177, "2023_12_9_1": 0.02296000367360059, "2023_12_10": 0.07347201175552188, "2023_12_11": 0.09184001469440237, "2023_20_4_1": 0.13316802130688343, "2023_20_7": 0.16990402718464437, "2023_20_8": 0.23878403820544614, "2023_20_9": 5.583872893419663, "2023_26_1": 0.33521605363456863, "2023_26_3": 0.01836800293888047, "2023_26_6": 0.1239840198374432, "2023_26_7": 6.975249116039859, "2023_26_8": 17.982274877163984, "2023_26_9": 24.585571933691515, "2023_26_10": 1.088304174128668, "2023_26_11": 0.858704137392662, "2023_32_1": 3.7470725995316165, "2023_32_4": 9.964641594342655}