{"2023_2_12": 0.24535576586049773, "2023_6_8": 0.056957588503329826, "2023_6_11": 0.07010164738871363, "2023_7_5": 0.02190676480897301, "2023_7_10": 3.0318962495618647, "2023_7_15": 1.572905713284262, "2023_7_20": 23.82141605327725, "2023_7_25": 0.004381352961794602, "2023_7_26": 0.28916929547844367, "2023_12_1": 0.008762705923589204, "2023_12_1_1": 0.06572029442691901, "2023_12_5": 2.0811426568524363, "2023_12_5_4": 0.24973711882229233, "2023_12_8": 0.004381352961794602, "2023_12_9": 3.702243252716438, "2023_12_9_1": 0.8894146512443042, "2023_12_10": 0.538906414300736, "2023_12_11": 2.041710480196284, "2023_20_4_1": 7.229232386961095, "2023_20_6": 0.13144058885383803, "2023_20_7": 6.133894146512444, "2023_20_8": 4.157903960743077, "2023_20_9": 37.5744830003505, "2023_26_1": 5.94111461619348, "2023_26_3": 0.13582194181563265}