{"2024_32_7": 7.781556311262253, "2024_32_9": 0.04000800160032006, "2024_32_9_1": 0.013336000533440022, "2024_32_10": 15.523104620924183, "2024_32_20": 0.08668400346736013, "2024_32_20_1": 0.21337600853504035, "2024_33_5": 15.463092618523708, "2024_33_15": 0.4267520170700807, "2024_33_25": 0.18670400746816032, "2024_33_30": 0.013336000533440022, "2024_33_35": 6.04120824164833, "2024_33_40": 0.8268320330732813, "2024_38": 0.006668000266720011, "2024_38_2": 1.5069680602787225, "2024_38_4": 0.16670000666800028, "2024_38_6": 1.6936720677468826, "2024_38_7": 4.967660198706407, "2024_39_5": 0.9535240381409616, "2024_39_15": 0.38674401546976067, "2024_44_1": 0.21337600853504035, "2024_44_3": 0.7801560312062413, "2024_44_3_1": 19.203840768153633, "2024_44_4": 0.5467760218710409, "2024_44_25_2": 16.389944655597787, "2024_44_25_3": 2.153764086150564, "2024_44_25_4": 0.40008001600320064, "2024_45_25_5": 2.413816096552644, "2024_45_25_6": 0.46676001867040073, "2024_45_32": 1.133560045342402}