{"2023_38_6": 6.619475798737326, "2023_38_8": 0.15783432179070211, "2023_38_9": 3.481920795867611, "2023_38_9_1": 0.19131432944327534, "2023_44_1": 15.185574899559978, "2023_44_9_1": 0.009565716472163765, "2023_44_9_2": 0.014348574708245647, "2023_44_25": 0.004782858236081882, "2023_44_30_1": 0.20566290415152097, "2023_44_30_2": 0.5069829730246797, "2023_44_30_3": 0.009565716472163765, "2023_44_30_4": 0.3587143677061412, "2023_44_30_5_1": 5.820738473311652, "2023_44_30_6": 1.1909317007843887, "2023_44_30_7": 0.9900516548689496, "2023_44_30_8": 37.282379950258274, "2023_44_30_9": 11.66060837956763, "2023_44_30_10": 0.004782858236081882, "2023_44_30_12": 0.028697149416491294, "2023_44_30_13": 0.32045150181748616, "2024_2_2": 0.2247943370958485, "2024_2_2_1": 15.73082073847331}