{"2024_14_7": 0.026467279825315947, "2024_14_8": 0.11910275921392177, "2024_14_9": 2.3489710844967906, "2024_15_15": 3.33487725798981, "2024_20_1": 0.6616819956328988, "2024_20_3": 0.18527095877721167, "2024_20_6": 0.006616819956328987, "2024_20_6_2": 0.11248593925759279, "2024_20_7": 2.3952888241910935, "2024_20_8": 0.006616819956328987, "2024_20_9": 7.510090650433401, "2024_20_9_1": 0.006616819956328987, "2024_20_10": 0.09263547938860583, "2024_20_15": 0.35730827764176537, "2024_21_5": 0.5359624164626481, "2024_26_1": 0.006616819956328987, "2024_26_3_1": 1.9651955270297092, "2024_26_4": 0.019850459868986963, "2024_26_6": 1.0189902732746643, "2024_26_7": 22.808178389466022, "2024_26_8": 14.45113478462251, "2024_26_10": 5.538278303447362, "2024_26_11": 1.1380930324885858, "2024_26_20": 4.532521670085356, "2024_27_5": 1.7931582081651556, "2024_27_10": 3.599550056242969, "2024_32": 0.052934559650631895, "2024_32_3": 25.37550453252167}