{"2022_44_25_2": 0.0166472448809722, "2022_44_25_3": 0.05549081626990734, "2022_44_25_5": 0.0332944897619444, "2022_44_30": 0.09988346928583319, "2022_44_30_2": 0.0166472448809722, "2022_44_30_5": 0.011098163253981465, "2022_44_30_10": 0.13872704067476832, "2022_45_11": 0.0166472448809722, "2022_45_12": 0.07768714277787026, "2022_45_13": 0.21086510182564783, "2022_45_15": 18.872426613395486, "2023_2_10": 0.09988346928583319, "2023_2_11": 0.005549081626990733, "2023_2_12": 1.076521835636202, "2023_2_201": 0.005549081626990733, "2023_2_301": 0.011098163253981465, "2023_6_8": 0.1331779590477776, "2023_6_11": 0.249708673214583, "2023_7_5": 0.310748571111481, "2023_7_10": 12.352255701681372, "2023_12_1": 0.11098163253981468, "2023_12_1_1": 0.32184673436546246, "2023_12_5": 28.172687420231952, "2023_12_5_3": 0.11098163253981468, "2023_12_5_4": 0.6603407136118973, "2023_12_8": 0.10543255091282391, "2023_12_9": 35.10349037234338, "2023_12_9_1": 0.005549081626990733, "2023_12_10": 1.6147827534543036}