{"2024_20_15": 0.2618598136532489, "2024_21_5": 0.3653857864929055, "2024_26_3_1": 1.2666707265087391, "2024_26_4": 0.018269289324645274, "2024_26_6": 0.6333353632543696, "2024_26_7": 8.62310456123257, "2024_26_8": 6.32726386943548, "2024_26_10": 1.747762012057731, "2024_26_11": 0.27403933986967904, "2024_26_20": 1.5102612508373425, "2024_27_5": 0.2923086291943244, "2024_27_10": 0.9865416235308448, "2024_27_25": 4.597771146702394, "2024_32": 0.03044881554107546, "2024_32_3": 7.36861336094026, "2024_32_4_1": 0.38365507581755076, "2024_32_4_2": 0.03044881554107546, "2024_32_5_3": 0.024359052432860365, "2024_32_5_4": 0.03653857864929055, "2024_32_6": 4.445527068997016, "2024_32_7": 25.461299555447297, "2024_32_9": 0.5176298641982828, "2024_32_10": 33.31100420193655, "2024_32_20": 0.1644236039218075, "2024_32_20_1": 1.0535290177212107, "2024_38": 0.012179526216430182, "2024_38_2": 0.2557700505450339}