{"2023_27_7": 7.19661545312848, "2023_27_12": 2.680917390336228, "2023_32_4": 0.07570696949454464, "2023_32_6": 0.10242707637497217, "2023_32_7": 0.13360053440213762, "2023_32_9": 1.064350924070363, "2023_38_1": 0.00445335114673792, "2023_38_4": 0.013360053440213761, "2023_38_6": 6.492985971943888, "2023_38_8": 0.15586729013582723, "2023_38_9": 3.5136940547762197, "2023_38_9_1": 0.20485415274994434, "2023_44_1": 15.88510354041416, "2023_44_9_1": 0.00890670229347584, "2023_44_25": 0.00445335114673792, "2023_44_30_1": 0.23157425963037187, "2023_44_30_2": 0.5878423513694055, "2023_44_30_3": 0.00890670229347584, "2023_44_30_4": 0.4008016032064128, "2023_44_30_5_1": 7.388109552438212, "2023_44_30_6": 1.4562458249833001, "2023_44_30_7": 1.4028056112224452, "2023_44_30_8": 41.97728790915164, "2023_44_30_9": 8.991315965263862, "2023_44_30_10": 0.00445335114673792, "2023_44_30_12": 0.013360053440213761}