{"2022_44_25_5": 0.02152968405188654, "2022_44_30": 0.016147263038914908, "2022_44_30_2": 0.01076484202594327, "2022_44_30_5": 0.01076484202594327, "2022_44_30_10": 0.09688357823348945, "2022_45_12": 0.048441789116744724, "2022_45_13": 0.10226599924646107, "2022_45_15": 1.3617525162818238, "2023_2_10": 0.03767694709080145, "2023_2_12": 0.2422089455837236, "2023_2_301": 0.01076484202594327, "2023_6_8": 0.05382421012971635, "2023_6_11": 0.2099144195058938, "2023_7_5": 0.032294526077829816, "2023_7_10": 12.153506647289952, "2023_7_15": 13.149254534689705, "2023_7_20": 4.666559018246408, "2023_12_1": 0.03767694709080145, "2023_12_1_1": 0.0753538941816029, "2023_12_5": 5.963722482372572, "2023_12_5_4": 0.4790354701544757, "2023_12_8": 0.005382421012971635, "2023_12_9": 10.404219818074171, "2023_12_9_1": 4.531998492922116, "2023_12_10": 1.4424888314763984, "2023_12_11": 3.207922923731095, "2023_20_4_1": 41.62764411432263}