{"2023_2_12": 0.09473946646721516, "2023_6_11": 0.019945150835203193, "2023_7_10": 0.36399900274245833, "2023_7_15": 0.31413612565445026, "2023_7_20": 8.342059336823738, "2023_7_26": 0.12465719272001996, "2023_7_30": 19.556220393916732, "2023_12_1": 0.004986287708800798, "2023_12_1_1": 0.02991772625280479, "2023_12_5": 0.08975317875841436, "2023_12_5_4": 0.014958863126402395, "2023_12_9": 0.08476689104961359, "2023_12_9_1": 0.02991772625280479, "2023_12_10": 0.09473946646721516, "2023_12_11": 0.10471204188481678, "2023_20_4_1": 0.13961605584642237, "2023_20_7": 0.28421839940164556, "2023_20_8": 0.28421839940164556, "2023_20_9": 7.998005484916481, "2023_26_1": 0.4687110446272751, "2023_26_3": 0.019945150835203193, "2023_26_6": 0.17950635751682872, "2023_26_7": 11.408626277736229, "2023_26_8": 31.17427075542259, "2023_26_9": 16.120668162552985, "2023_26_10": 1.3662428322114188, "2023_26_11": 1.2864622288706062}