{"2023_32_9": 0.030895188074457392, "2023_38_9": 0.038618985093071746, "2023_44_1": 0.0463427821116861, "2023_44_30_5_1": 0.02317139105584305, "2023_44_30_6": 0.015447594037228696, "2023_44_30_8": 1.0118174094384795, "2023_44_30_9": 0.054066579130300434, "2023_44_30_13": 0.02317139105584305, "2023_44_30_14": 4.132231404958676, "2023_44_30_16": 0.02317139105584305, "2023_44_30_20": 0.02317139105584305, "2023_44_30_25": 4.773306557503668, "2023_44_30_30": 0.509770603228547, "2024_2_2_1": 0.015447594037228696, "2024_2_3": 0.02317139105584305, "2024_2_6": 0.0463427821116861, "2024_2_7": 23.21001004093612, "2024_2_7_1": 0.007723797018614348, "2024_2_8": 1.591102185834556, "2024_2_12": 0.054066579130300434, "2024_2_13": 0.1853711284467444, "2024_3_6": 3.7537653510465736, "2024_3_10": 29.898818259056142, "2024_8_3": 0.15447594037228699, "2024_8_4": 4.719239978373368, "2024_8_7": 25.434463582297052, "2024_8_8": 0.2008187224839731}