{"2023_44_30_8": 0.08888230501444336, "2023_44_30_9": 0.02222057625361084, "2023_44_30_13": 0.014813717502407226, "2023_44_30_14": 0.5332938300866602, "2023_44_30_25": 0.08888230501444336, "2023_44_30_30": 0.17035775127768313, "2024_2_3": 0.007406858751203613, "2024_2_6": 0.02962743500481445, "2024_2_7": 0.5110732538330494, "2024_2_8": 0.02222057625361084, "2024_2_12": 0.007406858751203613, "2024_3_6": 0.229612621287312, "2024_3_10": 0.8591956151396192, "2024_3_15": 4.947781645804014, "2024_3_20": 0.4444115250722167, "2024_3_25": 36.826901710984366, "2024_8_4": 0.06666172876083253, "2024_8_7": 0.3036812087993482, "2024_8_8": 0.014813717502407226, "2024_8_9": 12.450929560773275, "2024_8_12": 0.06666172876083253, "2024_9_5": 0.014813717502407226, "2024_14_3": 0.7629064513739723, "2024_14_5": 0.0518480112584253, "2024_14_6": 8.006814310051107, "2024_14_7": 4.295978075698096, "2024_14_8": 27.849788904525592, "2024_14_9": 1.1332493889341528, "2024_14_11": 0.17776461002888672}