{"2023_32_9": 0.03310710147326602, "2023_38_9": 0.04966065220989903, "2023_44_1": 0.04138387684158252, "2023_44_30_5_1": 0.01655355073663301, "2023_44_30_6": 0.024830326104949514, "2023_44_30_7": 0.008276775368316504, "2023_44_30_8": 1.556033769243503, "2023_44_30_9": 0.04138387684158252, "2023_44_30_13": 0.03310710147326602, "2023_44_30_14": 6.174474424764112, "2023_44_30_16": 0.024830326104949514, "2023_44_30_20": 0.04966065220989903, "2023_44_30_25": 17.389505048832977, "2023_44_30_30": 1.0263201456712465, "2024_2_2_1": 0.03310710147326602, "2024_2_3": 0.01655355073663301, "2024_2_6": 0.06621420294653203, "2024_2_7": 36.55024002648569, "2024_2_7_1": 0.008276775368316504, "2024_2_8": 2.8554875020691943, "2024_2_12": 0.057937427578215524, "2024_2_13": 0.2234729349445456, "2024_3_6": 8.467141201787783, "2024_3_10": 2.0195331898692275, "2024_8_3": 0.21519615957622915, "2024_8_4": 7.382883628538322, "2024_8_7": 15.63482867074988}