{"2024_26_6": 0.5601913987278985, "2024_26_7": 7.270817529322516, "2024_26_8": 5.56690202485849, "2024_26_10": 1.4588317675205689, "2024_26_11": 0.22174242866312646, "2024_26_20": 1.3246192449086764, "2024_27_5": 0.2567543910836201, "2024_27_10": 0.7469218649705314, "2024_27_25": 3.518702223259613, "2024_32": 0.02917663535041138, "2024_32_3": 5.934527630273673, "2024_32_4_1": 0.3034370076442783, "2024_32_4_2": 0.023341308280329105, "2024_32_5_3": 0.017505981210246827, "2024_32_5_4": 0.02917663535041138, "2024_32_6": 3.0868880200735234, "2024_32_7": 14.646670945906513, "2024_32_9": 0.07002392484098731, "2024_32_9_1": 0.011670654140164553, "2024_32_10": 38.44313473770203, "2024_32_20": 0.10503588726148096, "2024_32_20_1": 0.35011962420493653, "2024_33_5": 2.4450020423644734, "2024_33_15": 0.910311022932835, "2024_33_25": 1.0270175643344803, "2024_38": 0.005835327070082276, "2024_38_2": 6.658108186963877, "2024_38_4": 0.8694637334422592, "2024_38_6": 4.108070257337921}