{"2024_3_25": 0.8537742241496137, "2024_8_7": 0.06775985905949315, "2024_8_9": 0.2032795771784795, "2024_14_3": 0.02032795771784795, "2024_14_6": 0.16939964764873286, "2024_14_7": 0.047431901341645204, "2024_14_8": 0.23038352080227675, "2024_14_9": 12.75918146090256, "2024_14_11": 0.006775985905949315, "2024_15_15": 4.777070063694267, "2024_20_1": 1.9853638704431495, "2024_20_3": 1.2738853503184715, "2024_20_6": 0.1829516194606315, "2024_20_6_1": 0.01355197181189863, "2024_20_6_2": 1.9243799972896058, "2024_20_7": 10.455346252879792, "2024_20_8": 0.07453584496544247, "2024_20_9": 28.723404255319146, "2024_20_9_1": 0.02032795771784795, "2024_20_10": 0.3252473234855672, "2024_20_15": 0.5556308442878439, "2024_21_5": 2.0598997154085916, "2024_26_1": 0.0406559154356959, "2024_26_3_1": 5.895107738175905, "2024_26_4": 0.05420788724759452, "2024_26_6": 6.382978723404255, "2024_26_7": 17.515923566878982, "2024_26_10": 3.3812169670687084}