{"2024_26_3_1": 1.1325626430373805, "2024_26_4": 0.01760460066897483, "2024_26_6": 0.5750836218531777, "2024_26_7": 7.558241887213193, "2024_26_8": 5.739099818085794, "2024_26_10": 1.4905228566398687, "2024_26_11": 0.240596209142656, "2024_26_20": 1.3496860512880702, "2024_27_5": 0.26406901003462246, "2024_27_10": 0.7980752303268588, "2024_27_25": 3.7263071415996727, "2024_32": 0.02934100111495805, "2024_32_3": 6.214424036148114, "2024_32_4_1": 0.3168828120415469, "2024_32_4_2": 0.02347280089196644, "2024_32_5_3": 0.01760460066897483, "2024_32_5_4": 0.02934100111495805, "2024_32_6": 3.3918197288891507, "2024_32_7": 15.867613402969313, "2024_32_9": 0.09975940379085735, "2024_32_9_1": 0.01173640044598322, "2024_32_10": 39.088081685347106, "2024_32_20": 0.12323220468282378, "2024_32_20_1": 0.4107740156094127, "2024_33_5": 0.041077401560941265, "2024_33_15": 0.7804706296578842, "2024_33_25": 0.8860982336717329, "2024_38": 0.00586820022299161, "2024_38_2": 8.585176926236727, "2024_38_4": 1.185376445044305}