{"2023_38_6": 6.060330315300969, "2023_38_8": 0.14559352108831156, "2023_38_9": 3.0756631329905812, "2023_38_9_1": 0.1637927112243505, "2023_44_1": 13.121616088084078, "2023_44_9_2": 0.009099595068019472, "2023_44_25": 0.004549797534009736, "2023_44_30_1": 0.15469311615633102, "2023_44_30_2": 0.41858137312889576, "2023_44_30_3": 0.009099595068019472, "2023_44_30_4": 0.2638882569725647, "2023_44_30_5_1": 4.681741662496019, "2023_44_30_6": 0.9145093043359569, "2023_44_30_7": 0.8144137585877429, "2023_44_30_8": 22.97192774921516, "2023_44_30_9": 6.2013740388552705, "2023_44_30_10": 0.004549797534009736, "2023_44_30_12": 0.01364939260202921, "2023_44_30_13": 0.37308339778879834, "2023_44_30_14": 12.166158605942034, "2023_44_30_20": 0.2957368397106329, "2024_2_2": 0.08644615314618499, "2024_2_2_1": 8.480822603394149, "2024_2_3": 2.798125483415988, "2024_2_6": 8.348878474907865, "2024_2_7": 8.421675235452021}