{"2023_44_30_14": 0.0730727073438071, "2023_44_30_30": 0.0730727073438071, "2024_8_9": 0.03653635367190355, "2024_14_9": 0.03653635367190355, "2024_15_15": 0.03653635367190355, "2024_20_6_2": 0.03653635367190355, "2024_26_8": 0.2557544757033248, "2024_32_3": 0.03653635367190355, "2024_32_6": 0.0730727073438071, "2024_32_7": 0.43843624406284254, "2024_32_10": 0.7672634271099744, "2024_33_5": 0.730727073438071, "2024_33_35": 0.18268176835951774, "2024_33_40": 0.0730727073438071, "2024_38_2": 0.03653635367190355, "2024_38_6": 0.1461454146876142, "2024_38_7": 0.3288271830471319, "2024_39_5": 0.03653635367190355, "2024_39_15": 0.1461454146876142, "2024_44_1": 0.03653635367190355, "2024_44_3_1": 0.6211180124223602, "2024_44_4": 1.7537449762513702, "2024_44_25_2": 18.195104128607966, "2024_44_25_3": 0.3288271830471319, "2024_44_25_4": 3.361344537815126, "2024_45_25_5": 13.993423456339057, "2024_45_25_6": 3.4709535988308367, "2024_45_25_10": 0.5115089514066496, "2024_45_25_15": 8.439897698209718, "2024_45_32": 7.928388746803068, "2024_45_32_1": 14.24917793204238, "2024_45_32_2": 22.39678480087687, "2024_45_32_5": 0.7672634271099744, "2025_2": 0.40189989039093893}