{"2023_7_10": 0.14290964027601977, "2023_7_15": 0.09799518190355644, "2023_7_20": 2.8418602752031363, "2023_7_26": 0.04491445837246336, "2023_7_30": 23.80057980482627, "2023_12_1_1": 0.02858192805520396, "2023_12_5": 0.07349638642766732, "2023_12_5_4": 0.004083132579314852, "2023_12_9": 0.06124698868972277, "2023_12_9_1": 0.016332530317259408, "2023_12_10": 0.07757951900698216, "2023_12_11": 0.07349638642766732, "2023_20_4_1": 0.10616144706218614, "2023_20_7": 0.11841084480013067, "2023_20_8": 0.1837409660691683, "2023_20_9": 3.8708096851904785, "2023_26_1": 0.22048915928300195, "2023_26_3": 0.012249397737944555, "2023_26_6": 0.08574578416561188, "2023_26_7": 3.940222939038831, "2023_26_8": 9.517782042382919, "2023_26_9": 13.82140378098077, "2023_26_10": 0.8656241068147484, "2023_26_11": 0.7390469968559881, "2023_26_12": 0.04899759095177822, "2023_27_6": 0.35523253440039204, "2023_32_1": 1.1963578457392514, "2023_32_4": 10.787636274549838, "2023_32_6": 26.867012371891718}