{"2023_12_11": 0.05069892083725645, "2023_20_4_1": 0.06518432679075829, "2023_20_7": 0.06156297530238284, "2023_20_8": 0.09777649018613746, "2023_20_9": 2.4299268486999344, "2023_26_1": 0.13761135655826753, "2023_26_3": 0.010864054465126385, "2023_26_6": 0.04707756934888099, "2023_26_7": 1.6296081697689573, "2023_26_8": 2.929673354095748, "2023_26_9": 3.7734482508872307, "2023_26_10": 0.21365973781415226, "2023_26_11": 0.19193162888389947, "2023_26_12": 0.8437748967914824, "2023_27_6": 2.723256319258347, "2023_27_7": 20.74672267690302, "2023_31_600": 0.04345621786050554, "2023_32_1": 0.28246541609328596, "2023_32_4": 2.0533062939088866, "2023_32_6": 7.126819729122907, "2023_32_7": 7.8547113782863764, "2023_32_9": 12.272760194104437, "2023_38_1": 0.03621351488375461, "2023_38_4": 1.0900267980010139, "2023_38_6": 32.295212573332364, "2023_38_8": 0.9922503078148764}