{"2023_12_9_1": 0.014851668956298962, "2023_12_10": 0.033416255151672666, "2023_12_11": 0.04826792410797163, "2023_20_4_1": 0.07054542754242007, "2023_20_7": 0.06311959306427059, "2023_20_8": 0.10396168269409273, "2023_20_9": 2.6287454052649166, "2023_26_1": 0.15222960680206438, "2023_26_3": 0.011138751717224222, "2023_26_6": 0.051980841347046364, "2023_26_7": 1.804477778190324, "2023_26_8": 3.282218839342071, "2023_26_9": 4.173318976720008, "2023_26_10": 0.24133962053985814, "2023_26_11": 0.20792336538818545, "2023_26_12": 0.8502580477481156, "2023_27_6": 3.419596777187836, "2023_27_7": 19.77128429807299, "2023_31_600": 0.018564586195373704, "2023_32_1": 0.3304496342776519, "2023_32_4": 2.4430995433111797, "2023_32_6": 11.439498013589274, "2023_32_7": 16.065792893476402, "2023_32_9": 27.379051720937138, "2023_38_1": 0.11510043441131695, "2023_38_4": 4.797089072884565, "2023_38_6": 0.48267924107971627}