{"2024_27_5": 0.23118417672745953, "2024_27_10": 0.712817878243, "2024_27_25": 3.2751091703056767, "2024_32": 0.03210891343436938, "2024_32_3": 5.741073722065244, "2024_32_4_1": 0.25044952478808113, "2024_32_4_2": 0.0256871307474955, "2024_32_5_3": 0.019265348060621624, "2024_32_5_4": 0.0256871307474955, "2024_32_6": 2.812740816850757, "2024_32_7": 9.151040328795274, "2024_32_9": 0.04495247880811713, "2024_32_9_1": 0.03210891343436938, "2024_32_10": 22.167993835088616, "2024_32_20": 0.102748522989982, "2024_32_20_1": 0.2954020035961982, "2024_33_5": 22.123041356280503, "2024_33_15": 1.245825841253532, "2024_33_25": 0.30182378628307216, "2024_33_30": 0.01284356537374775, "2024_33_35": 8.73362445414847, "2024_38": 0.006421782686873875, "2024_38_2": 2.1320318520421266, "2024_38_4": 0.21191882866683784, "2024_38_6": 2.7421012072951445, "2024_38_7": 13.858207038273823, "2024_44_1": 0.8540970973542256, "2024_44_3": 2.8576932956588745}