{"2023_20_4_1": 0.06482748685442628, "2023_20_7": 0.06482748685442628, "2023_20_8": 0.09724123028163942, "2023_20_9": 2.4094215947561772, "2023_26_1": 0.1368580278037888, "2023_26_3": 0.01080458114240438, "2023_26_6": 0.04681985161708564, "2023_26_7": 1.6098825902182528, "2023_26_8": 2.8488078945472886, "2023_26_9": 3.702369804797234, "2023_26_10": 0.20528704170568324, "2023_26_11": 0.18727940646834257, "2023_26_12": 0.8427573291075416, "2023_27_6": 2.6075055823669233, "2023_27_7": 20.94648130807462, "2023_27_11": 0.01080458114240438, "2023_31_600": 0.03241374342721314, "2023_32_1": 0.2737160556075776, "2023_32_4": 1.9916444572498737, "2023_32_6": 6.662825037816035, "2023_32_7": 7.408341136641935, "2023_32_9": 11.47806670028092, "2023_38_1": 0.03601527047468126, "2023_38_4": 1.0084275732910755, "2023_38_6": 33.85795577324785, "2023_38_8": 1.4586184542245912}