{"2023_7_20": 2.4621809013551843, "2023_7_26": 0.03939489442168295, "2023_7_30": 20.15048849669083, "2023_12_1_1": 0.02757642609517807, "2023_12_5": 0.05515285219035614, "2023_12_9": 0.05515285219035614, "2023_12_9_1": 0.019697447210841476, "2023_12_10": 0.0787897888433659, "2023_12_11": 0.06303183107469272, "2023_20_4_1": 0.09454774661203909, "2023_20_7": 0.0984872360542074, "2023_20_8": 0.1615190671289001, "2023_20_9": 3.4943271352032776, "2023_26_1": 0.20485345099275137, "2023_26_3": 0.011818468326504886, "2023_26_6": 0.06697132051686103, "2023_26_7": 2.875827292782856, "2023_26_8": 6.0746927198235126, "2023_26_9": 8.371415064607628, "2023_26_10": 0.8391112511818467, "2023_26_11": 0.6539552473999369, "2023_26_12": 0.35455404979514654, "2023_27_6": 4.632839583989915, "2023_32_1": 0.7366845256854713, "2023_32_4": 7.20926567916798, "2023_32_6": 39.997636306334705, "2023_32_7": 1.1700283643239835}