{"2022_45_12": 0.030421335496628305, "2022_45_13": 0.05070222582771384, "2022_45_15": 1.044465852050905, "2023_2_10": 0.02535111291385692, "2023_2_12": 0.16731734523145567, "2023_2_301": 0.010140445165542768, "2023_6_8": 0.04563200324494246, "2023_6_9": 0.005070222582771384, "2023_6_11": 0.11661511940374183, "2023_7_5": 0.030421335496628305, "2023_7_10": 5.881458196014806, "2023_7_15": 3.3564873497946555, "2023_7_20": 20.630735689296763, "2023_12_1": 0.015210667748314153, "2023_12_1_1": 0.07098311615879938, "2023_12_5": 3.574506920853825, "2023_12_5_4": 0.395477361456168, "2023_12_8": 0.005070222582771384, "2023_12_9": 6.479744460781829, "2023_12_9_1": 2.0635805911879532, "2023_12_10": 1.0191147391370483, "2023_12_11": 3.939562946813366, "2023_20_4_1": 45.81453125792222, "2023_20_6": 1.1205191907924759, "2023_20_7": 4.1068802920448215}