{"2023_7_10": 0.19373871692131567, "2023_7_15": 0.13209457971907884, "2023_7_20": 3.998062612830787, "2023_7_26": 0.07045044251684207, "2023_7_30": 23.156179824754524, "2023_12_1_1": 0.0308220686011184, "2023_12_5": 0.0748535951741447, "2023_12_5_4": 0.008806305314605259, "2023_12_9": 0.07045044251684207, "2023_12_9_1": 0.017612610629210518, "2023_12_10": 0.07925674783144732, "2023_12_11": 0.08806305314605258, "2023_20_4_1": 0.13209457971907884, "2023_20_7": 0.154110343005592, "2023_20_8": 0.21135132755052619, "2023_20_9": 4.883096296948615, "2023_26_1": 0.2994143806965788, "2023_26_3": 0.013209457971907887, "2023_26_6": 0.11448196908986835, "2023_26_7": 5.424684073796839, "2023_26_8": 13.887543481132491, "2023_26_9": 19.184536127867553, "2023_26_10": 0.9554841266346705, "2023_26_11": 0.8013737836290785, "2023_27_5": 0.008806305314605259, "2023_32_1": 2.5626348465501296, "2023_32_4": 22.50891638413104, "2023_32_6": 0.9378715160054599}