{"2024_8_9": 0.1355319629545968, "2024_8_12": 0.015059106994955197, "2024_14_3": 0.022588660492432796, "2024_14_6": 0.09788419546720878, "2024_14_7": 0.022588660492432796, "2024_14_8": 0.12047285595964158, "2024_14_9": 3.6066561252917704, "2024_14_11": 0.007529553497477599, "2024_15_15": 4.2014908515925, "2024_20_1": 0.8056622242301031, "2024_20_3": 0.27859347940667123, "2024_20_6": 0.007529553497477599, "2024_20_6_2": 0.18070928393946237, "2024_20_7": 3.2527671109103227, "2024_20_8": 0.022588660492432796, "2024_20_9": 11.44492131616595, "2024_20_9_1": 0.022588660492432796, "2024_20_10": 0.1355319629545968, "2024_20_15": 0.47436187034108873, "2024_21_5": 0.7830735637376702, "2024_26_1": 0.015059106994955197, "2024_26_3_1": 3.6970107672615007, "2024_26_4": 0.022588660492432796, "2024_26_6": 1.7543859649122802, "2024_26_7": 47.24794819667193, "2024_26_8": 9.90889240268052, "2024_26_10": 7.348844213538136, "2024_26_11": 0.5571869588133425, "2024_26_20": 3.6970107672615007, "2024_32": 0.112943302462164}