{"2024_3_6": 0.11807109122545364, "2024_3_10": 0.47849863286104893, "2024_3_15": 2.808849117573949, "2024_3_20": 0.17399950285856325, "2024_3_25": 9.917971662938104, "2024_8_3": 0.006214267959234402, "2024_8_4": 0.049714143673875215, "2024_8_7": 0.22371364653243847, "2024_8_8": 0.012428535918468804, "2024_8_9": 5.524484215759383, "2024_8_12": 0.04349987571464081, "2024_9_5": 0.006214267959234402, "2024_14_3": 0.28585632612478246, "2024_14_5": 0.03107133979617201, "2024_14_6": 2.243350733283619, "2024_14_7": 0.9569972657220979, "2024_14_8": 2.939348744717872, "2024_14_9": 29.53020134228188, "2024_14_11": 0.08078548347004723, "2024_15_10": 0.03107133979617201, "2024_15_15": 0.006214267959234402, "2024_20_1": 11.09868257519264, "2024_20_3": 7.916977380064627, "2024_20_6": 2.8150633855331835, "2024_20_6_1": 0.03728560775540641, "2024_20_6_2": 17.542878448918717, "2024_20_7": 4.890628883917474, "2024_20_8": 0.22992791449167288}