{"2024_2_6": 0.0521002930641485, "2024_2_7": 0.3907521979811137, "2024_2_8": 0.013025073266037124, "2024_3_6": 0.13025073266037124, "2024_3_10": 0.521002930641485, "2024_3_15": 3.1455551937479655, "2024_3_20": 0.2214262455226311, "2024_3_25": 12.328231846304138, "2024_8_3": 0.006512536633018562, "2024_8_4": 0.058612829697167065, "2024_8_7": 0.23445131878866826, "2024_8_8": 0.013025073266037124, "2024_8_9": 6.47997394985347, "2024_8_12": 0.04558775643112994, "2024_9_5": 0.006512536633018562, "2024_14_3": 0.33865190491696523, "2024_14_5": 0.03907521979811137, "2024_14_6": 2.8785411917942048, "2024_14_7": 1.2764571800716382, "2024_14_8": 3.6991208075545434, "2024_14_9": 29.29990231195051, "2024_14_11": 0.11722565939433413, "2024_15_5": 0.03256268316509281, "2024_20_1": 34.151742103549346, "2024_20_3": 4.519700423314883}