{"2024_3_15": 0.12108262108262108, "2024_3_25": 0.8903133903133903, "2024_8_7": 0.05698005698005699, "2024_8_9": 0.22792022792022795, "2024_14_3": 0.021367521367521368, "2024_14_5": 0.0071225071225071235, "2024_14_6": 0.18518518518518517, "2024_14_7": 0.04985754985754985, "2024_14_8": 0.2706552706552706, "2024_14_9": 14.900284900284902, "2024_14_11": 0.0071225071225071235, "2024_15_15": 4.814814814814815, "2024_20_1": 2.286324786324786, "2024_20_3": 1.517094017094017, "2024_20_6": 0.21367521367521367, "2024_20_6_1": 0.014245014245014247, "2024_20_6_2": 2.2720797720797723, "2024_20_7": 16.246438746438745, "2024_20_8": 0.11396011396011398, "2024_20_9": 38.326210826210826, "2024_20_9_1": 0.021367521367521368, "2024_20_10": 0.49857549857549854, "2024_20_15": 0.8475783475783476, "2024_21_5": 4.6438746438746445, "2024_26_1": 0.07834757834757834, "2024_26_3_1": 10.804843304843303, "2024_26_4": 0.07834757834757834, "2024_26_6": 0.4843304843304843}