{"2023_38_9_1": 0.012969327540367033, "2023_44_1": 0.012969327540367033, "2023_44_30_5_1": 0.012969327540367033, "2023_44_30_8": 0.6225277219376175, "2023_44_30_9": 0.038907982621101095, "2023_44_30_13": 0.025938655080734067, "2023_44_30_14": 2.704104792166526, "2023_44_30_16": 0.006484663770183517, "2023_44_30_20": 0.012969327540367033, "2023_44_30_25": 1.9843071136761556, "2023_44_30_30": 0.3825951624408274, "2024_2_2_1": 0.006484663770183517, "2024_2_3": 0.012969327540367033, "2024_2_6": 0.05187731016146813, "2024_2_7": 10.712664548343168, "2024_2_8": 0.7781596524220219, "2024_2_12": 0.025938655080734067, "2024_2_13": 0.04539264639128461, "2024_3_6": 1.3488100641981713, "2024_3_10": 9.707541663964724, "2024_3_15": 10.36249270475326, "2024_3_20": 1.4979573309123921, "2024_3_25": 21.58096102717074, "2024_8_3": 0.07781596524220219, "2024_8_4": 1.938914467284871, "2024_8_7": 6.011283314960119, "2024_8_8": 0.0843006290123857, "2024_8_9": 29.265287594838203, "2024_8_12": 0.1232086116334868, "2024_14_3": 0.5511964204655989}