{"2023_26_12": 0.29447852760736193, "2023_32_6": 0.016359918200408996, "2023_38_9": 0.016359918200408996, "2023_44_1": 0.016359918200408996, "2023_44_30_8": 0.09815950920245399, "2023_44_30_9": 0.008179959100204498, "2023_44_30_13": 0.016359918200408996, "2023_44_30_14": 0.6952965235173825, "2023_44_30_20": 0.008179959100204498, "2023_44_30_25": 0.07361963190184048, "2023_44_30_30": 0.18813905930470348, "2024_2_6": 0.03271983640081799, "2024_2_7": 0.6707566462167689, "2024_2_8": 0.016359918200408996, "2024_2_12": 0.008179959100204498, "2024_2_13": 0.008179959100204498, "2024_3_6": 0.3435582822085889, "2024_3_10": 1.2269938650306749, "2024_3_15": 6.862985685071574, "2024_3_20": 0.7116564417177914, "2024_3_25": 40.19631901840491, "2024_8_4": 0.13087934560327197, "2024_8_7": 0.38445807770961143, "2024_8_8": 0.016359918200408996, "2024_8_9": 24.359918200409, "2024_8_12": 0.081799591002045, "2024_9_5": 0.008179959100204498, "2024_14_3": 1.8977505112474438, "2024_14_5": 0.07361963190184048, "2024_14_6": 21.366053169734148, "2024_14_7": 0.17177914110429446}