{"2023_44_1": 12.149402297781291, "2023_44_30_1": 0.12558723661565652, "2023_44_30_2": 0.3721103307130563, "2023_44_30_3": 0.00930275826782641, "2023_44_30_4": 0.23722033582957344, "2023_44_30_5_1": 4.093213637843621, "2023_44_30_6": 0.7814316944974184, "2023_44_30_7": 0.7302665240243731, "2023_44_30_8": 17.935717940369315, "2023_44_30_9": 4.023442950834923, "2023_44_30_10": 0.004651379133913205, "2023_44_30_12": 0.013954137401739616, "2023_44_30_13": 0.3907158472487092, "2023_44_30_14": 12.037769198567375, "2023_44_30_16": 0.02790827480347923, "2023_44_30_20": 0.11628447834783012, "2023_44_30_25": 2.6605888645983535, "2024_2_2": 0.07907344527652449, "2024_2_2_1": 4.576957067770593, "2024_2_3": 1.1442392669426482, "2024_2_6": 1.7582213126191915, "2024_2_7": 31.47588259919066, "2024_2_7_1": 0.004651379133913205, "2024_2_8": 2.2884785338852964, "2024_8_3": 0.4325782594539281, "2024_8_4": 2.5303502488487837}