{"2024_2_7": 0.1246151590675854, "2024_2_8": 0.014660606949127696, "2024_3_6": 0.014660606949127696, "2024_3_10": 0.08063333822020231, "2024_3_15": 0.11728485559302157, "2024_3_25": 0.9162879343204808, "2024_8_7": 0.05131212432194693, "2024_8_9": 0.1979181938132239, "2024_14_3": 0.007330303474563848, "2024_14_5": 0.007330303474563848, "2024_14_6": 0.1685969799149685, "2024_14_7": 0.05131212432194693, "2024_14_8": 0.2785515320334262, "2024_14_9": 16.280604017006304, "2024_14_11": 0.007330303474563848, "2024_15_15": 4.859991203635831, "2024_20_1": 2.4336607535551975, "2024_20_3": 1.634657674827738, "2024_20_6": 0.23456971118604314, "2024_20_6_1": 0.014660606949127696, "2024_20_6_2": 2.4629819674534525, "2024_20_7": 17.74666471191907, "2024_20_8": 0.1246151590675854, "2024_20_9": 36.12373552265064, "2024_20_9_1": 0.02199091042369154, "2024_20_10": 0.6304060988124909, "2024_20_15": 4.500806333382202, "2024_21_5": 0.5571030640668524, "2024_26_1": 0.06597273127107463, "2024_26_3_1": 10.26975516786395}