{"2024_20_6_2": 0.1405391593203016, "2024_20_7": 1.999488948511563, "2024_20_9": 6.496742046761213, "2024_20_10": 0.05749329244921428, "2024_20_15": 0.3194071802734127, "2024_21_5": 0.44717005238277774, "2024_26_1": 0.006388143605468253, "2024_26_3_1": 1.6545291938162776, "2024_26_4": 0.01916443081640476, "2024_26_6": 0.8304586687108728, "2024_26_7": 13.30650313019037, "2024_26_8": 9.43528810527661, "2024_26_10": 2.855500191644309, "2024_26_11": 0.4599463395937142, "2024_26_20": 2.2486265491248254, "2024_27_5": 0.5940973553085477, "2024_27_10": 2.274179123546698, "2024_27_25": 18.82585920531494, "2024_32": 0.05110514884374603, "2024_32_3": 32.33039478727483, "2024_32_4_1": 3.0407563562028885, "2024_32_4_2": 0.29385460585153966, "2024_32_5_3": 0.06388143605468254, "2024_32_5_4": 0.8112942378944683, "2024_32_6": 1.437332311230357}