{"2023_7_26": 0.0357824427480916, "2023_7_30": 17.879293893129766, "2023_12_1_1": 0.027830788804071242, "2023_12_5": 0.06361323155216285, "2023_12_9": 0.055661577608142485, "2023_12_9_1": 0.015903307888040712, "2023_12_10": 0.07951653944020355, "2023_12_11": 0.06361323155216285, "2023_20_4_1": 0.09541984732824425, "2023_20_7": 0.09541984732824425, "2023_20_8": 0.14710559796437653, "2023_20_9": 3.423187022900762, "2023_26_1": 0.1987913486005089, "2023_26_3": 0.011927480916030532, "2023_26_6": 0.06361323155216285, "2023_26_7": 2.723441475826972, "2023_26_8": 5.649650127226462, "2023_26_9": 7.764790076335876, "2023_26_10": 0.8468511450381676, "2023_26_11": 0.6162531806615775, "2023_26_12": 0.5844465648854961, "2023_27_6": 7.697201017811704, "2023_32_1": 0.6401081424936386, "2023_32_4": 6.52035623409669, "2023_32_6": 31.90998727735368, "2023_32_7": 12.786259541984728, "2023_38": 0.003975826972010178}