{"2022_44_25_2": 0.015919342000530644, "2022_44_25_3": 0.05837092066861237, "2022_44_25_5": 0.026532236667551078, "2022_44_30": 0.053064473335102155, "2022_44_30_5": 0.01061289466702043, "2022_44_30_10": 0.11143539400371451, "2022_45_11": 0.005306447333510215, "2022_45_12": 0.05837092066861237, "2022_45_13": 0.13796763067126558, "2022_45_15": 5.391350490846379, "2023_2_10": 0.10082249933669406, "2023_2_11": 0.005306447333510215, "2023_2_12": 0.520031838684001, "2023_2_301": 0.01061289466702043, "2023_6_8": 0.1432740780047758, "2023_6_11": 0.7375961793579199, "2023_7_5": 0.17511276200583709, "2023_7_10": 25.91138232953038, "2023_12_1": 0.09020960466967365, "2023_12_1_1": 0.2865481560095516, "2023_12_5": 24.19739984080658, "2023_12_5_3": 0.10082249933669406, "2023_12_5_4": 0.6845317060228178, "2023_12_8": 0.07429026266914301, "2023_12_9": 37.91987264526399, "2023_12_9_1": 1.1621119660387373, "2023_12_10": 1.9474661713982488, "2023_12_11": 0.06367736800212258}