{"2022_40_4": 0.016702856188408218, "2022_40_4_1": 0.01113523745893881, "2022_40_4_2": 0.033405712376816436, "2022_44_2": 0.05010856856522465, "2022_44_25_2": 0.033405712376816436, "2022_44_25_3": 0.2561104615555926, "2022_44_25_5": 0.10578475585991869, "2022_44_30": 0.22270474917877622, "2022_44_30_1": 0.005567618729469405, "2022_44_30_2": 0.02227047491787762, "2022_44_30_5": 0.3062190301208173, "2022_44_30_10": 2.282723679082456, "2022_45_10": 0.005567618729469405, "2022_45_11": 0.06681142475363287, "2022_45_12": 1.7203941874060464, "2022_45_13": 2.577807471744335, "2022_45_14": 0.04454094983575524, "2022_45_15": 26.12326707867045, "2023_2_0_5": 0.02227047491787762, "2023_2_10": 0.5400590167585323, "2023_2_11": 0.055676187294694056, "2023_2_12": 18.178275151717607, "2023_2_13": 0.016702856188408218, "2023_2_301": 0.08908189967151048, "2023_6_1": 0.1002171371304493, "2023_6_8": 23.590000556761872, "2023_6_9": 2.2604532041645786, "2023_6_11": 20.995490228829127, "2023_6_11_2": 0.2672456990145315}