{"2023_32_4": 0.08315804920999853, "2023_32_6": 0.10272464902411584, "2023_32_7": 0.14674949860587974, "2023_32_9": 1.154429389032921, "2023_38_1": 0.0048916499535293255, "2023_38_4": 0.014674949860587976, "2023_38_6": 7.0146260333610515, "2023_38_8": 0.1712077483735264, "2023_38_9": 3.786137064031698, "2023_38_9_1": 0.22012424790881963, "2023_44_1": 16.934892139118528, "2023_44_9_1": 0.009783299907058651, "2023_44_25": 0.0048916499535293255, "2023_44_30_1": 0.23969084772293694, "2023_44_30_2": 0.616347894144695, "2023_44_30_3": 0.009783299907058651, "2023_44_30_4": 0.41089859609646334, "2023_44_30_5_1": 7.577165778016924, "2023_44_30_6": 1.5066281856870323, "2023_44_30_7": 1.3941202367558576, "2023_44_30_8": 46.86200655481094, "2023_44_30_9": 11.612776989678618, "2023_44_30_10": 0.0048916499535293255, "2023_44_30_12": 0.014674949860587976, "2023_44_30_13": 0.10272464902411584}