{"2022_44_25_2": 0.02047292455727301, "2022_44_25_3": 0.1996110144334118, "2022_44_25_5": 0.07677346708977377, "2022_44_30": 0.1893745521547753, "2022_44_30_2": 0.02047292455727301, "2022_44_30_5": 0.17913808987613883, "2022_44_30_10": 1.4996417238202477, "2022_45_10": 0.005118231139318252, "2022_45_11": 0.04094584911454602, "2022_45_12": 1.0134097655850136, "2022_45_13": 1.6071245777459313, "2022_45_14": 0.03070938683590951, "2022_45_15": 28.02231548776743, "2023_2_0_5": 0.02047292455727301, "2023_2_10": 0.4504043402600062, "2023_2_11": 0.02559115569659126, "2023_2_12": 14.586958747057018, "2023_2_13": 0.02047292455727301, "2023_2_201": 0.005118231139318252, "2023_2_301": 0.06141877367181902, "2023_6_1": 0.08700992936841029, "2023_6_8": 17.197256628109326, "2023_6_9": 1.2232572422970622, "2023_6_11": 15.139727710103386, "2023_6_11_2": 0.05118231139318252, "2023_6_15": 0.005118231139318252, "2023_12_1": 12.222335960691986, "2023_12_1_1": 5.998566895280991}