{"2023_7_26": 0.03546099290780141, "2023_7_30": 11.934594168636721, "2023_12_1_1": 0.027580772261623327, "2023_12_5": 0.06304176516942472, "2023_12_9": 0.055161544523246654, "2023_12_9_1": 0.01576044129235618, "2023_12_10": 0.07880220646178092, "2023_12_11": 0.07092198581560281, "2023_20_4_1": 0.09850275807722615, "2023_20_7": 0.09062253743104808, "2023_20_8": 0.14184397163120563, "2023_20_9": 3.289992119779354, "2023_26_1": 0.19306540583136322, "2023_26_3": 0.011820330969267137, "2023_26_6": 0.06304176516942472, "2023_26_7": 2.6201733648542156, "2023_26_8": 5.260047281323876, "2023_26_9": 7.301024428684001, "2023_26_10": 0.8392434988179667, "2023_26_11": 0.5713159968479118, "2023_26_12": 0.606776989755713, "2023_27_6": 13.723404255319146, "2023_32_1": 0.5831363278171787, "2023_32_4": 6.008668242710796, "2023_32_6": 20.271867612293143, "2023_32_7": 26.040189125295505, "2023_38": 0.003940110323089045}