{"2024_26_7": 7.046007648626724, "2024_26_8": 5.446749333642368, "2024_26_10": 1.4138370610731255, "2024_26_11": 0.22018773901958513, "2024_26_20": 1.2689767064549773, "2024_27_5": 0.2433653957584888, "2024_27_10": 0.7185073589060146, "2024_27_25": 3.349171398771584, "2024_32": 0.028972070923629627, "2024_32_3": 5.695909143585583, "2024_32_4_1": 0.28392629505157024, "2024_32_4_2": 0.023177656738903697, "2024_32_5_3": 0.01738324255417777, "2024_32_5_4": 0.028972070923629627, "2024_32_6": 2.9030015065476875, "2024_32_7": 11.901726735427049, "2024_32_9": 0.05214972766253331, "2024_32_9_1": 0.1158882836945185, "2024_32_10": 31.66067910534245, "2024_32_20": 0.09850504114034069, "2024_32_20_1": 0.31869278015992586, "2024_33_5": 10.377795804844132, "2024_33_15": 0.9618727546645034, "2024_33_25": 1.1125275234673773, "2024_33_30": 0.08112179858616293, "2024_38": 0.005794414184725924, "2024_38_2": 4.525437478270947, "2024_38_4": 0.5041140340711554, "2024_38_6": 9.59554988990613}