{"2024_14_6": 0.08424008424008426, "2024_14_7": 0.028080028080028085, "2024_14_8": 0.11934011934011934, "2024_14_9": 2.7027027027027026, "2024_15_15": 3.966303966303967, "2024_20_1": 0.6879606879606882, "2024_20_3": 0.2106002106002106, "2024_20_6_2": 0.14040014040014043, "2024_20_7": 2.8431028431028436, "2024_20_8": 0.021060021060021066, "2024_20_9": 8.880308880308881, "2024_20_9_1": 0.007020007020007021, "2024_20_10": 0.1053001053001053, "2024_20_15": 0.38610038610038616, "2024_21_5": 0.631800631800632, "2024_26_1": 0.007020007020007021, "2024_26_3_1": 2.337662337662338, "2024_26_4": 0.021060021060021066, "2024_26_6": 1.2285012285012287, "2024_26_7": 28.416988416988424, "2024_26_8": 25.784485784485785, "2024_26_10": 5.967005967005968, "2024_26_11": 1.0810810810810814, "2024_26_20": 4.443664443664445, "2024_27_5": 1.8322218322218322, "2024_32": 0.12636012636012636, "2024_32_3": 7.9396279396279414}