{"2023_2_12": 0.24016675729563167, "2023_6_8": 0.0543773790103317, "2023_6_11": 0.0906289650172195, "2023_7_5": 0.022657241254304874, "2023_7_10": 3.4801522566612286, "2023_7_15": 1.9213340583650533, "2023_7_20": 23.631502628239986, "2023_7_25": 0.004531448250860975, "2023_7_26": 0.013594344752582924, "2023_12_1": 0.00906289650172195, "2023_12_1_1": 0.0725031720137756, "2023_12_5": 2.315570056189958, "2023_12_5_4": 0.2945441363059634, "2023_12_8": 0.004531448250860975, "2023_12_9": 4.128149356534348, "2023_12_9_1": 1.0331702011963022, "2023_12_10": 0.5800253761102048, "2023_12_11": 2.2113467464201557, "2023_20_4_1": 9.144462570237447, "2023_20_6": 0.19485227478702194, "2023_20_7": 9.099148087728837, "2023_20_8": 7.209534167119812, "2023_20_9": 28.901576943991298, "2023_26_1": 5.338046039514229, "2023_26_3": 0.004531448250860975}