{"2023_12_5": 0.011395362087630333, "2023_12_9": 0.011395362087630333, "2023_12_9_1": 0.0170930431314455, "2023_12_11": 0.011395362087630333, "2023_20_4_1": 0.022790724175260665, "2023_20_7": 0.022790724175260665, "2023_20_9": 0.034186086262891, "2023_26_1": 0.005697681043815166, "2023_26_3": 0.005697681043815166, "2023_26_7": 0.011395362087630333, "2023_26_8": 0.07976753461341232, "2023_26_9": 0.09686057774485783, "2023_26_10": 0.011395362087630333, "2023_26_11": 0.005697681043815166, "2023_26_12": 0.9743034584923935, "2023_27_6": 0.15383738818300952, "2023_27_7": 28.34026551193664, "2023_27_11": 0.0170930431314455, "2023_31_600": 0.034186086262891, "2023_32_1": 0.005697681043815166, "2023_32_4": 0.3019770953222038, "2023_32_6": 0.8318614323970144, "2023_32_7": 1.2534898296393366, "2023_32_9": 8.951056919833626, "2023_38_1": 0.005697681043815166, "2023_38_4": 0.3019770953222038, "2023_38_6": 55.894251039826784, "2023_38_8": 1.8631417013275597, "2023_38_9": 0.7236054925645261}