{"2022_44_30": 0.03434065934065934, "2022_44_30_2": 0.011446886446886446, "2022_44_30_5": 0.011446886446886446, "2022_44_30_10": 0.09157509157509157, "2022_45_12": 0.06295787545787547, "2022_45_13": 0.10874542124542125, "2022_45_15": 1.8715659340659343, "2023_2_10": 0.06868131868131867, "2023_2_12": 0.33195970695970695, "2023_2_301": 0.011446886446886446, "2023_6_8": 0.06295787545787547, "2023_6_9": 0.005723443223443223, "2023_6_11": 0.7841117216117216, "2023_7_5": 0.045787545787545784, "2023_7_10": 28.01625457875458, "2023_7_15": 1.9860347985347988, "2023_12_1": 0.045787545787545784, "2023_12_1_1": 0.14308608058608058, "2023_12_5": 14.36011904761905, "2023_12_5_3": 0.005723443223443223, "2023_12_5_4": 0.6238553113553114, "2023_12_8": 0.005723443223443223, "2023_12_9": 24.879807692307697, "2023_12_9_1": 16.311813186813183, "2023_12_10": 2.2378663003663, "2023_12_11": 1.4022435897435899, "2023_20_4_1": 6.478937728937728}