{"2024_2_8": 0.012751849018107622, "2024_3_6": 0.12751849018107622, "2024_3_10": 0.5228258097424127, "2024_3_15": 2.9648048967100222, "2024_3_20": 0.19127773527161435, "2024_3_25": 11.068604947717416, "2024_8_3": 0.006375924509053811, "2024_8_4": 0.06375924509053811, "2024_8_7": 0.22953328232593723, "2024_8_8": 0.012751849018107622, "2024_8_9": 6.031624585564906, "2024_8_12": 0.04463147156337668, "2024_9_5": 0.006375924509053811, "2024_14_3": 0.31242030094363676, "2024_14_5": 0.031879622545269055, "2024_14_6": 2.5312420300943628, "2024_14_7": 1.0966590155572558, "2024_14_8": 3.3027288956898744, "2024_14_9": 29.507778627901043, "2024_14_11": 0.08288701861769955, "2024_15_5": 0.031879622545269055, "2024_20_1": 16.067329762815604, "2024_20_3": 18.20326447334863, "2024_20_6": 3.8319306299413407, "2024_20_6_1": 0.019127773527161437, "2024_20_6_2": 3.698036215251211}