{"2024_3_25": 0.8412338095873948, "2024_8_7": 0.06676458806249164, "2024_8_9": 0.21364668179997326, "2024_14_3": 0.020029376418747493, "2024_14_6": 0.1535585525437308, "2024_14_7": 0.053411670449993315, "2024_14_8": 0.24702897583121908, "2024_14_9": 12.3848310855922, "2024_14_11": 0.013352917612498329, "2024_15_15": 4.787020964080651, "2024_20_1": 1.9628788890372544, "2024_20_3": 1.261850714381092, "2024_20_6": 0.16691147015622912, "2024_20_6_1": 0.013352917612498329, "2024_20_6_2": 1.849379089331019, "2024_20_7": 9.847776739217519, "2024_20_8": 0.06676458806249164, "2024_20_9": 27.940980104152757, "2024_20_9_1": 0.020029376418747493, "2024_20_10": 0.3137935638937107, "2024_20_15": 0.5140873280811856, "2024_21_5": 2.0496728535184934, "2024_26_1": 0.040058752837494986, "2024_26_3_1": 5.134196822005607, "2024_26_4": 0.03338229403124582, "2024_26_6": 6.048871678461743, "2024_26_7": 20.44999332354119, "2024_26_10": 3.505140873280812}