{"2023_7_20": 0.0337894914681534, "2023_7_30": 0.07884214675902462, "2023_12_9": 0.0168947457340767, "2023_12_9_1": 0.011263163822717802, "2023_20_4_1": 0.0168947457340767, "2023_20_7": 0.011263163822717802, "2023_20_9": 0.022526327645435603, "2023_26_3": 0.005631581911358901, "2023_26_7": 0.011263163822717802, "2023_26_8": 0.05631581911358901, "2023_26_9": 0.07321056484766571, "2023_26_10": 0.005631581911358901, "2023_26_11": 0.005631581911358901, "2023_26_12": 0.8222109590583995, "2023_27_6": 0.15205271160669032, "2023_27_7": 27.76933040491074, "2023_27_12": 0.30410542321338063, "2023_31_600": 0.005631581911358901, "2023_32_4": 0.17457903925212595, "2023_32_6": 0.1351579658726136, "2023_32_7": 0.2703159317452272, "2023_32_9": 2.804527791856733, "2023_38_1": 0.005631581911358901, "2023_38_4": 0.022526327645435603, "2023_38_6": 21.484484991834208, "2023_38_8": 0.4392633890859943, "2023_38_9": 14.360533873965197, "2023_44_1": 30.90048994762629}