{"2023_26_9": 0.08885817248358592, "2023_26_12": 0.7454213358345264, "2023_27_6": 0.09379473762156293, "2023_27_7": 14.459199289134622, "2023_27_12": 6.220072073851015, "2023_32_1": 0.009873130275953991, "2023_32_4": 0.10860443303549391, "2023_32_6": 0.18758947524312586, "2023_32_7": 0.20239917065705681, "2023_32_9": 1.5648911487387076, "2023_38_1": 0.004936565137976996, "2023_38_4": 0.01480969541393099, "2023_38_6": 9.502887890605717, "2023_38_8": 0.24189169176087283, "2023_38_9": 5.983116947228119, "2023_38_9_1": 0.4294811670039987, "2023_44_1": 34.04255319148937, "2023_44_25": 0.004936565137976996, "2023_44_30": 0.004936565137976996, "2023_44_30_1": 3.1050994717875304, "2023_44_30_2": 14.809695413930987, "2023_44_30_3": 0.1283506935874019, "2023_44_30_4": 6.901318062891841, "2023_44_30_5_1": 0.8194698129041812, "2023_44_30_6": 0.3258132991064817}