{"2022_45_12": 0.029088088427788827, "2022_45_13": 0.04363213264168323, "2022_45_15": 0.8580986086197704, "2023_2_10": 0.014544044213894413, "2023_2_12": 0.14059242740097933, "2023_2_301": 0.009696029475929607, "2023_6_8": 0.03393610316575363, "2023_6_11": 0.08241625054540165, "2023_7_5": 0.029088088427788827, "2023_7_10": 4.736510398991614, "2023_7_15": 2.7294322974741845, "2023_7_20": 22.106947205119504, "2023_12_1": 0.009696029475929607, "2023_12_1_1": 0.04363213264168323, "2023_12_5": 2.8360886217094103, "2023_12_5_4": 0.3732971348232899, "2023_12_8": 0.004848014737964803, "2023_12_9": 5.2891840791196, "2023_12_9_1": 1.4592524361274057, "2023_12_10": 0.8047704465021575, "2023_12_11": 3.3111940660299606, "2023_20_4_1": 28.47723857080526, "2023_20_6": 1.0132350802346437, "2023_20_7": 25.558733698550444, "2023_26": 0.004848014737964803}