{"2022_44_2": 0.11082565110070021, "2022_44_25_1": 0.055412825550350105, "2022_44_25_2": 0.1309757694826457, "2022_44_25_3": 0.6145786106493375, "2022_44_25_5": 0.6095410810538511, "2022_44_30": 0.44330260440280084, "2022_44_30_1": 0.035262707168404614, "2022_44_30_2": 0.06548788474132285, "2022_44_30_5": 1.2694574580625662, "2022_44_30_10": 9.470555639514382, "2022_45_10": 0.010075059190972747, "2022_45_11": 0.21157624301042766, "2022_45_12": 7.81824593219485, "2022_45_13": 13.082464359478113, "2022_45_14": 0.3274394237066143, "2023_2_0_5": 0.04533776635937736, "2023_2_10": 0.9772807415243563, "2023_2_11": 0.1309757694826457, "2023_2_12": 25.01637197118533, "2023_2_13": 0.020150118381945494, "2023_2_201": 0.0050375295954863735, "2023_2_301": 0.2720265981562641, "2023_6_1": 0.41307742682988263, "2023_6_8": 26.61830638255, "2023_6_9": 5.48586972948466, "2023_6_11": 6.75028965795174, "2023_6_11_1": 0.010075059190972747}