{"2024_27_5": 0.2156898995501325, "2024_27_10": 0.6470696986503974, "2024_27_25": 2.9580329081161025, "2024_32": 0.03081284279287607, "2024_32_3": 5.1888827263203305, "2024_32_4_1": 0.22185246810870773, "2024_32_4_2": 0.024650274234300853, "2024_32_5_3": 0.018487705675725642, "2024_32_5_4": 0.024650274234300853, "2024_32_6": 2.508165403340112, "2024_32_7": 7.783324089480495, "2024_32_9": 0.036975411351451284, "2024_32_9_1": 0.012325137117150426, "2024_32_10": 17.563320391939357, "2024_32_20": 0.08627595982005298, "2024_32_20_1": 0.24034017378443331, "2024_33_5": 18.87594749491588, "2024_33_15": 0.42521723054168975, "2024_33_25": 0.2156898995501325, "2024_33_30": 0.012325137117150426, "2024_33_35": 8.732359647501077, "2024_38": 0.006162568558575213, "2024_38_2": 1.6207555309052812, "2024_38_4": 0.16638935108153077, "2024_38_6": 1.8179577247796879, "2024_38_7": 6.563135514882602, "2024_39_5": 1.0846120663092378, "2024_44_1": 0.25266531090158373, "2024_44_3": 1.066124360633512, "2024_44_3_1": 21.599802797806124}