{"2024_3_15": 0.133699247062135, "2024_3_25": 0.9218211244810361, "2024_8_7": 0.0562944198156358, "2024_8_9": 0.21110407430863423, "2024_14_3": 0.021110407430863423, "2024_14_6": 0.17592006192386186, "2024_14_7": 0.049257617338681316, "2024_14_8": 0.26739849412427, "2024_14_9": 14.298782633171491, "2024_14_11": 0.007036802476954475, "2024_15_15": 4.799099289282951, "2024_20_1": 2.2377031876715225, "2024_20_3": 1.4918021251143485, "2024_20_6": 0.20406727183167975, "2024_20_6_1": 0.01407360495390895, "2024_20_6_2": 2.195482372809796, "2024_20_7": 15.129125325452119, "2024_20_8": 0.10555203715431712, "2024_20_9": 37.58356202941384, "2024_20_9_1": 0.021110407430863423, "2024_20_10": 0.42220814861726846, "2024_20_15": 0.7247906551263108, "2024_21_5": 4.777988881852088, "2024_26_1": 0.07740482724649922, "2024_26_3_1": 11.132221518541979, "2024_26_4": 0.08444162972345369, "2024_26_6": 2.6388009288579277, "2024_26_10": 0.21814087678558872}