{"2023_26_12": 0.2897617514488088, "2023_32_6": 0.016097875080489377, "2023_38_9": 0.016097875080489377, "2023_44_1": 0.016097875080489377, "2023_44_30_8": 0.08853831294269157, "2023_44_30_9": 0.016097875080489377, "2023_44_30_13": 0.016097875080489377, "2023_44_30_14": 0.6680618158403091, "2023_44_30_20": 0.008048937540244688, "2023_44_30_25": 0.0643915003219575, "2023_44_30_30": 0.18512556342562783, "2024_2_6": 0.024146812620734065, "2024_2_7": 0.6278171281390857, "2024_2_8": 0.024146812620734065, "2024_2_12": 0.008048937540244688, "2024_3_6": 0.3300064391500322, "2024_3_10": 1.134900193174501, "2024_3_15": 6.5035415325177075, "2024_3_20": 0.6922086284610431, "2024_3_25": 40.26883451384417, "2024_8_4": 0.128783000643915, "2024_8_7": 0.4185447520927238, "2024_8_8": 0.016097875080489377, "2024_8_9": 23.599484867997425, "2024_8_12": 0.08048937540244688, "2024_9_5": 0.008048937540244688, "2024_14_3": 1.5373470701867353, "2024_14_5": 0.08048937540244688, "2024_14_6": 17.61107533805538, "2024_14_7": 5.521571152607856}