{"2022_44_30": 0.16016581872997926, "2022_44_30_2": 0.018843037497644616, "2022_44_30_5": 0.12719050310910118, "2022_44_30_10": 0.9562841530054645, "2022_45_11": 0.03768607499528923, "2022_45_12": 0.7019031467872622, "2022_45_13": 1.0976069342377992, "2022_45_14": 0.023553796872055777, "2022_45_15": 28.566044846429246, "2023_2_0_5": 0.023553796872055777, "2023_2_10": 0.33917467495760323, "2023_2_11": 0.014132278123233465, "2023_2_12": 5.337290371207839, "2023_2_13": 0.018843037497644616, "2023_2_201": 0.004710759374411154, "2023_2_301": 0.04710759374411155, "2023_6_1": 0.03297531562087808, "2023_6_8": 5.34200113058225, "2023_6_9": 0.9609949123798756, "2023_6_11": 3.853401168268325, "2023_6_11_2": 0.02826455624646693, "2023_7_5": 0.1036367062370454, "2023_12_1": 2.1151309591106084, "2023_12_1_1": 6.373657433578293, "2023_12_5": 42.90088562276239, "2023_12_5_3": 0.0518183531185227, "2023_12_8": 0.7631430186546071}