{"2022_45_12": 0.033014196104324864, "2022_45_13": 0.04244682356270339, "2022_45_15": 0.7546101966702825, "2023_2_10": 0.014148941187567798, "2023_2_12": 0.13205678441729946, "2023_2_301": 0.009432627458378532, "2023_6_8": 0.03773050983351413, "2023_6_11": 0.07074470593783898, "2023_7_5": 0.028297882375135596, "2023_7_10": 4.117341885582229, "2023_7_15": 2.3440079234070645, "2023_7_20": 22.836391076734422, "2023_7_25": 0.018865254916757064, "2023_12_1": 0.009432627458378532, "2023_12_1_1": 0.03773050983351413, "2023_12_5": 2.5137952176578784, "2023_12_5_4": 0.34900721596000567, "2023_12_8": 0.004716313729189266, "2023_12_9": 4.683299533084941, "2023_12_9_1": 1.2498231382351555, "2023_12_10": 0.6885818044616328, "2023_12_11": 2.8580861198886947, "2023_20_4_1": 17.92199217091921, "2023_20_6": 0.5140781964816299, "2023_20_7": 33.264160731971884, "2023_20_8": 5.461491298401169, "2023_26": 0.004716313729189266}