{"2023_12_9": 0.04873659743570518, "2023_12_9_1": 0.01124690710054735, "2023_12_10": 0.0449876284021894, "2023_12_11": 0.04873659743570518, "2023_20_4_1": 0.07872834970383144, "2023_20_7": 0.06373247356976831, "2023_20_8": 0.10872010197195772, "2023_20_9": 2.695508735097848, "2023_26_1": 0.15370773037414712, "2023_26_3": 0.01124690710054735, "2023_26_6": 0.052485566469220965, "2023_26_7": 1.863237609657344, "2023_26_8": 3.437804603733974, "2023_26_9": 4.2850716053085405, "2023_26_10": 0.25492989427907325, "2023_26_11": 0.22118917297743118, "2023_26_12": 0.8285221564069881, "2023_27_6": 3.842693259353678, "2023_27_7": 19.247207018070036, "2023_31_600": 0.007497938067031567, "2023_32_1": 0.34490515108345204, "2023_32_4": 2.601784509259953, "2023_32_6": 12.12791482342356, "2023_32_7": 17.365224563245103, "2023_32_9": 25.36552448076779, "2023_38_1": 0.11996700907250507, "2023_38_4": 4.7686886106320765}