{"2022_36_20": 0.22744189893309075, "2022_40_4": 0.024811843519973533, "2022_40_4_1": 0.11578860309320983, "2022_40_4_2": 0.12405921759986768, "2022_40_4_10": 0.024811843519973533, "2022_44_2": 0.17368290463981476, "2022_44_2_8": 0.004135307253328923, "2022_44_25_1": 0.6161607807460094, "2022_44_25_2": 1.439086924158465, "2022_44_25_3": 5.3552228930609544, "2022_44_25_5": 2.8409560830369696, "2022_44_30": 3.8541063601025556, "2022_44_30_1": 0.44247787610619477, "2022_44_30_2": 0.09924737407989413, "2022_44_30_5": 4.499214291621867, "2022_44_30_8": 0.016541229013315693, "2022_44_30_10": 23.44305681912166, "2022_45_10": 0.016541229013315693, "2022_45_11": 1.49698122570507, "2023_2_0_5": 0.5624017864527334, "2023_2_10": 5.007857083781325, "2023_2_11": 0.6988669258125879, "2023_2_12": 32.135472665619055, "2023_2_13": 0.012405921759986767, "2023_2_201": 0.06616491605326277, "2023_6_1": 0.7939789926391531, "2023_6_8": 15.891985774543048, "2023_6_9": 0.016541229013315693}