{"2023_44_30_9": 0.021344717182497332, "2023_44_30_13": 0.01422981145499822, "2023_44_30_14": 0.5122732123799361, "2023_44_30_25": 0.08537886872998933, "2023_44_30_30": 0.17075773745997866, "2024_2_6": 0.02845962290999644, "2024_2_7": 0.46246887228744216, "2024_2_8": 0.00711490572749911, "2024_2_12": 0.00711490572749911, "2024_3_6": 0.20633226609747418, "2024_3_10": 0.7328352899324084, "2024_3_15": 4.311632870864461, "2024_3_20": 0.3770900035574528, "2024_3_25": 34.93418712202063, "2024_8_4": 0.0711490572749911, "2024_8_7": 0.2845962290999644, "2024_8_8": 0.01422981145499822, "2024_8_9": 9.583778014941302, "2024_8_12": 0.05691924581999288, "2024_9_5": 0.00711490572749911, "2024_14_3": 0.5691924581999288, "2024_14_5": 0.04980434009249378, "2024_14_6": 7.072216293134116, "2024_14_7": 3.649946638207044, "2024_14_8": 14.656705798648167, "2024_14_9": 21.159729633582355, "2024_14_11": 0.5407328352899323, "2024_15_5": 0.00711490572749911, "2024_20_1": 0.4055496264674493}