{"2023_38_9_1": 0.03581661891117479, "2023_44_30_14": 0.03581661891117479, "2023_44_30_30": 0.07163323782234958, "2024_8_9": 0.03581661891117479, "2024_14_9": 0.03581661891117479, "2024_15_15": 0.03581661891117479, "2024_20_6_2": 0.03581661891117479, "2024_26_8": 0.21489971346704873, "2024_32_6": 0.07163323782234958, "2024_32_7": 0.39398280802292274, "2024_32_10": 0.7521489971346704, "2024_33_5": 0.5730659025787966, "2024_33_35": 0.17908309455587393, "2024_33_40": 0.07163323782234958, "2024_38_2": 0.03581661891117479, "2024_38_6": 0.14326647564469916, "2024_38_7": 0.3223495702005731, "2024_39_5": 0.03581661891117479, "2024_39_15": 0.14326647564469916, "2024_44_3_1": 0.6446991404011462, "2024_44_4": 1.7550143266475644, "2024_44_25_2": 17.908309455587396, "2024_44_25_3": 0.35816618911174786, "2024_44_25_4": 3.36676217765043, "2024_45_25_5": 13.789398280802292, "2024_45_25_6": 3.5816618911174785, "2024_45_25_10": 0.46561604584527233, "2024_45_25_15": 8.703438395415475, "2024_45_32": 7.736389684813755, "2024_45_32_1": 12.786532951289399, "2024_45_32_2": 24.17621776504298, "2024_45_32_5": 0.7879656160458455, "2024_45_32_6": 0.14326647564469916, "2025_2": 0.5730659025787966}