{"2024_32_4_1": 0.228743219397425, "2024_32_4_2": 0.02614208221684857, "2024_32_5_3": 0.019606561662636426, "2024_32_5_4": 0.02614208221684857, "2024_32_6": 2.5227109339258873, "2024_32_7": 7.65309456898242, "2024_32_9": 0.03921312332527285, "2024_32_9_1": 0.013071041108424285, "2024_32_10": 15.456506110711722, "2024_32_20": 0.08496176720475786, "2024_32_20_1": 0.22220769884321287, "2024_33_5": 15.606823083458599, "2024_33_15": 0.411737794915365, "2024_33_25": 0.18953009607215215, "2024_33_30": 0.013071041108424285, "2024_33_35": 6.3459904581399895, "2024_33_40": 1.2221423436376708, "2024_38": 0.006535520554212143, "2024_38_2": 1.5227762891314294, "2024_38_4": 0.16338801385530358, "2024_38_6": 1.7057708646493692, "2024_38_7": 5.287236128357623, "2024_39_5": 1.0914319325534279, "2024_39_15": 1.1633226586497614, "2024_44_1": 0.20913665773478857, "2024_44_3": 0.7777269459512449, "2024_44_3_1": 19.4301026076727, "2024_44_4": 0.4770930004574864, "2024_44_25_2": 17.724331743023335, "2024_44_25_3": 0.35945363048166784}