{"2022_45_12": 0.011763321962122103, "2022_45_13": 0.035289965886366306, "2022_45_15": 0.14704152452652627, "2023_2_10": 0.023526643924244205, "2023_2_12": 0.22350311728031994, "2023_2_301": 0.011763321962122103, "2023_6_8": 0.02940830490530525, "2023_6_11": 0.04705328784848841, "2023_7_10": 1.0586989765909893, "2023_7_15": 0.9175391130455238, "2023_7_20": 27.614398306081632, "2023_7_26": 0.4234795906363957, "2023_12_1": 0.017644982943183153, "2023_12_1_1": 0.0588166098106105, "2023_12_5": 0.32349135395835776, "2023_12_5_4": 0.12939654158334313, "2023_12_9": 0.15880484648864837, "2023_12_9_1": 0.04705328784848841, "2023_12_10": 0.1823314904128926, "2023_12_11": 0.4587695565227619, "2023_20_4_1": 0.30584637101517465, "2023_20_6": 0.005881660981061051, "2023_20_7": 0.7175626396894482, "2023_20_8": 0.7352076226326314, "2023_20_9": 36.43100811669215, "2023_26_1": 0.9822373838371954, "2023_26_3": 0.0588166098106105, "2023_26_6": 1.2469121279849429, "2023_26_7": 27.57322667921421, "2023_26_8": 0.023526643924244205}