{"2023_20_4_1": 0.020713582932007663, "2023_20_7": 0.01553518719900575, "2023_20_9": 0.03624877013101341, "2023_26_7": 0.010356791466003832, "2023_26_8": 0.07249754026202682, "2023_26_9": 0.0673191445290249, "2023_26_10": 0.005178395733001916, "2023_26_11": 0.005178395733001916, "2023_26_12": 0.7612241727512816, "2023_27_6": 0.10356791466003831, "2023_27_7": 19.206669773704103, "2023_27_12": 8.565066542385171, "2023_32_4": 0.13981668479105175, "2023_32_6": 0.11392470612604216, "2023_32_7": 0.20713582932007663, "2023_32_9": 1.9367200041427164, "2023_38_1": 0.005178395733001916, "2023_38_4": 0.010356791466003832, "2023_38_6": 11.589249650458289, "2023_38_8": 0.31070374398011497, "2023_38_9": 9.124333281549376, "2023_38_9_1": 0.22784941225208433, "2023_44_1": 47.45481849722956, "2023_44_25": 0.005178395733001916, "2023_44_25_1": 0.005178395733001916}