{"2022_45_12": 0.030567018187375814, "2022_45_13": 0.05094503031229303, "2022_45_15": 1.059656630495695, "2023_2_10": 0.025472515156146514, "2023_2_12": 0.168118600030567, "2023_2_301": 0.010189006062458605, "2023_6_8": 0.05094503031229303, "2023_6_11": 0.12736257578073257, "2023_7_5": 0.030567018187375814, "2023_7_10": 6.067553110194099, "2023_7_15": 3.459167558204697, "2023_7_20": 20.38820113097967, "2023_12_1": 0.015283509093687907, "2023_12_1_1": 0.07132304243721024, "2023_12_5": 3.6935146976412447, "2023_12_5_4": 0.402465739467115, "2023_12_8": 0.005094503031229302, "2023_12_9": 6.689082480004076, "2023_12_9_1": 2.1753527943349127, "2023_12_10": 1.0698456365581537, "2023_12_11": 3.9737123643588563, "2023_20_4_1": 48.53533037852157, "2023_20_6": 1.2175862244638034, "2023_20_7": 0.6826634061847265}