{"2024_21_5": 0.3436011815058171, "2024_26_3_1": 1.2297305443366084, "2024_26_4": 0.018084272710832475, "2024_26_6": 0.6269214539755259, "2024_26_7": 8.30670926517572, "2024_26_8": 6.160708903490264, "2024_26_10": 1.6758092712038097, "2024_26_11": 0.2592079088552655, "2024_26_20": 1.4829103622882633, "2024_27_5": 0.27126409066248713, "2024_27_10": 0.9283259991560671, "2024_27_25": 4.3100849960817404, "2024_32": 0.03014045451805413, "2024_32_3": 6.93833263005606, "2024_32_4_1": 0.36771354512026033, "2024_32_4_2": 0.03014045451805413, "2024_32_5_3": 0.024112363614443303, "2024_32_5_4": 0.03014045451805413, "2024_32_6": 4.117186087166194, "2024_32_7": 23.376936524202783, "2024_32_9": 0.49430345409608767, "2024_32_10": 36.11429260353246, "2024_32_20": 0.15673036349388147, "2024_32_20_1": 1.0850563626499485, "2024_33_15": 0.024112363614443303, "2024_38": 0.012056181807221652, "2024_38_2": 1.585387907649647}