{"2023_32_9": 1.1118630958135938, "2023_38_6": 6.801701633955331, "2023_38_8": 0.16436237068548776, "2023_38_9": 3.611137967707628, "2023_38_9_1": 0.19336749492410327, "2023_44_1": 15.95765251861162, "2023_44_9_1": 0.009668374746205162, "2023_44_9_2": 0.009668374746205162, "2023_44_25": 0.004834187373102581, "2023_44_30_1": 0.22237261916271878, "2023_44_30_2": 0.5462631731605917, "2023_44_30_3": 0.009668374746205162, "2023_44_30_4": 0.38190080247510394, "2023_44_30_5_1": 6.521318766315383, "2023_44_30_6": 1.2762254664990815, "2023_44_30_7": 1.155370782171517, "2023_44_30_8": 48.491733539592, "2023_44_30_9": 13.260175964420382, "2023_44_30_10": 0.004834187373102581, "2023_44_30_12": 0.019336749492410325, "2023_44_30_13": 0.24654355602823164}