{"2023_6_11": 0.012651288322860877, "2023_7_10": 0.16446674819719137, "2023_7_15": 0.11386159490574788, "2023_7_20": 3.2429469067600047, "2023_7_26": 0.06325644161430438, "2023_7_30": 23.83081010416227, "2023_12_1_1": 0.029519672753342045, "2023_12_5": 0.07590772993716526, "2023_12_5_4": 0.008434192215240584, "2023_12_9": 0.06747353772192467, "2023_12_9_1": 0.016868384430481168, "2023_12_10": 0.07590772993716526, "2023_12_11": 0.08012482604478556, "2023_20_4_1": 0.12651288322860876, "2023_20_7": 0.13072997933622907, "2023_20_8": 0.19398642095053342, "2023_20_9": 4.267701260911736, "2023_26_1": 0.24459157424197692, "2023_26_3": 0.012651288322860877, "2023_26_6": 0.10121030658288702, "2023_26_7": 4.77796988993379, "2023_26_8": 12.512124151309406, "2023_26_9": 19.35225403786952, "2023_26_10": 0.9361953358917048, "2023_26_11": 0.7464260110487917, "2023_27_6": 0.008434192215240584, "2023_32_1": 2.4712183190654913, "2023_32_4": 23.54404756884409, "2023_32_6": 2.7917176232446335}