{"2023_44_1": 12.106290067824954, "2023_44_30_1": 0.1254297129053238, "2023_44_30_2": 0.37164359379355194, "2023_44_30_3": 0.009291089844838799, "2023_44_30_4": 0.2369227910433894, "2023_44_30_5_1": 4.074142896961814, "2023_44_30_6": 0.7758060020440396, "2023_44_30_7": 0.7247050078974263, "2023_44_30_8": 17.597324166124686, "2023_44_30_9": 4.009105268047942, "2023_44_30_10": 0.004645544922419399, "2023_44_30_12": 0.013936634767258198, "2023_44_30_13": 0.39487131840564893, "2023_44_30_14": 11.256155347022204, "2023_44_30_16": 0.027873269534516396, "2023_44_30_20": 0.11613862306048497, "2023_44_30_25": 3.6746260336337446, "2024_2_2": 0.07897426368112978, "2024_2_2_1": 4.552634023971012, "2024_2_3": 1.1428040509151725, "2024_2_6": 1.732788256062436, "2024_2_7": 29.759360773018674, "2024_2_7_1": 0.004645544922419399, "2024_2_8": 2.2019882932267953, "2024_8_3": 0.37164359379355194, "2024_8_4": 4.63625383257456}