{"2024_27_10": 0.6476284463085179, "2024_27_25": 2.9544192931598103, "2024_32": 0.03083944982421514, "2024_32_3": 5.19336335039783, "2024_32_4_1": 0.222044038734349, "2024_32_4_2": 0.024671559859372107, "2024_32_5_3": 0.018503669894529083, "2024_32_5_4": 0.024671559859372107, "2024_32_6": 2.4979954357614265, "2024_32_7": 7.716030346018628, "2024_32_9": 0.037007339789058166, "2024_32_9_1": 0.012335779929686054, "2024_32_10": 17.36261025103312, "2024_32_20": 0.08635045950780239, "2024_32_20_1": 0.2405477086288781, "2024_33_5": 18.80589650280639, "2024_33_15": 0.425584407574169, "2024_33_25": 0.21587614876950595, "2024_33_30": 0.012335779929686054, "2024_33_35": 8.610374390920866, "2024_33_40": 0.07401467957811633, "2024_38": 0.006167889964843027, "2024_38_2": 1.622155060753716, "2024_38_4": 0.16653302905076173, "2024_38_6": 1.801023869734164, "2024_38_7": 6.476284463085179, "2024_39_5": 1.085548633812373, "2024_44_1": 0.2467155985937211, "2024_44_3": 1.0670449639178439, "2024_44_3_1": 22.309258002837232, "2024_44_4": 0.006167889964843027}