{"2023_26_12": 0.7224334600760457, "2023_27_6": 0.07129277566539924, "2023_27_7": 9.847908745247148, "2023_27_12": 3.949619771863118, "2023_32_4": 0.09505703422053231, "2023_32_6": 0.11406844106463876, "2023_32_7": 0.18060836501901142, "2023_32_9": 1.273764258555133, "2023_38_1": 0.004752851711026616, "2023_38_4": 0.014258555133079845, "2023_38_6": 7.956273764258555, "2023_38_8": 0.19961977186311783, "2023_38_9": 4.515209125475286, "2023_38_9_1": 0.4942965779467681, "2023_44_1": 22.79467680608365, "2023_44_25": 0.004752851711026616, "2023_44_30_1": 0.5560836501901141, "2023_44_30_2": 1.4496197718631179, "2023_44_30_3": 0.03326996197718631, "2023_44_30_4": 1.188212927756654, "2023_44_30_5_1": 36.20722433460076, "2023_44_30_6": 7.903992395437263, "2023_44_30_7": 0.4087452471482889, "2023_44_30_10": 0.014258555133079845}