{"2024_20_10": 0.0569115973188314, "2024_20_15": 0.2908814974073606, "2024_21_5": 0.3983811812318198, "2024_26_3_1": 1.3974958897179712, "2024_26_4": 0.018970532439610468, "2024_26_6": 0.7272037435184014, "2024_26_7": 9.801441760465408, "2024_26_8": 7.234096370304792, "2024_26_10": 2.080435057543948, "2024_26_11": 0.28455798659415704, "2024_26_20": 1.6883773871253318, "2024_27_5": 0.35411660553939545, "2024_27_10": 1.4354369545971923, "2024_27_25": 6.715568483622106, "2024_32": 0.03161755406601745, "2024_32_3": 9.630706968508914, "2024_32_4_1": 0.5058808650562792, "2024_32_4_2": 0.04426457569242443, "2024_32_5_3": 0.025294043252813956, "2024_32_5_4": 0.06955861894523839, "2024_32_6": 7.234096370304792, "2024_32_7": 27.94359428354622, "2024_32_10": 20.873909194384723, "2024_32_20": 0.2529404325281396, "2024_32_20_1": 0.8852915138484886, "2024_38": 0.018970532439610468}