{"2023_44_1": 0.012965964343598056, "2023_44_30_5_1": 0.01944894651539708, "2023_44_30_8": 0.5964343598055105, "2023_44_30_9": 0.03889789303079416, "2023_44_30_13": 0.01944894651539708, "2023_44_30_14": 2.4959481361426255, "2023_44_30_16": 0.006482982171799028, "2023_44_30_20": 0.01944894651539708, "2023_44_30_25": 1.737439222042139, "2023_44_30_30": 0.3760129659643436, "2024_2_2_1": 0.006482982171799028, "2024_2_3": 0.012965964343598056, "2024_2_6": 0.04538087520259319, "2024_2_7": 9.251215559157213, "2024_2_8": 0.7260940032414911, "2024_2_12": 0.025931928687196112, "2024_2_13": 0.04538087520259319, "2024_3_6": 1.2252836304700163, "2024_3_10": 8.434359805510534, "2024_3_15": 8.0129659643436, "2024_3_20": 0.8557536466774717, "2024_3_25": 26.962722852512155, "2024_8_3": 0.07131280388978929, "2024_8_4": 1.6726094003241494, "2024_8_7": 5.0891410048622365, "2024_8_8": 0.08427876823338737, "2024_8_9": 30.599675850891412, "2024_8_12": 0.09076175040518639, "2024_14_3": 1.4457050243111833, "2024_14_5": 0.01944894651539708}