{"2023_32_9": 0.03325020781379883, "2023_38_9": 0.04987531172069824, "2023_44_1": 0.04156275976724853, "2023_44_30_5_1": 0.02493765586034912, "2023_44_30_6": 0.02493765586034912, "2023_44_30_7": 0.008312551953449708, "2023_44_30_8": 1.5793848711554446, "2023_44_30_9": 0.04156275976724853, "2023_44_30_13": 0.03325020781379883, "2023_44_30_14": 6.2510390689941815, "2023_44_30_16": 0.02493765586034912, "2023_44_30_20": 0.04987531172069824, "2023_44_30_25": 17.33998337489609, "2023_44_30_30": 1.022443890274314, "2024_2_2_1": 0.03325020781379883, "2024_2_3": 0.016625103906899415, "2024_2_6": 0.06650041562759766, "2024_2_7": 38.3624272651704, "2024_2_7_1": 0.008312551953449708, "2024_2_8": 2.8927680798004984, "2024_2_12": 0.05818786367414795, "2024_2_13": 0.24937655860349123, "2024_3_6": 8.23773898586866, "2024_3_10": 0.5901911886949294, "2024_8_3": 0.2244389027431421, "2024_8_4": 7.572734829592684, "2024_8_7": 15.162094763092265}