{"2023_38_6": 7.115208312111641, "2023_38_8": 0.168075786900275, "2023_38_9": 3.758785779769787, "2023_38_9_1": 0.20372822654578787, "2023_44_1": 16.507079555872462, "2023_44_9_1": 0.010186411327289395, "2023_44_9_2": 0.010186411327289395, "2023_44_25": 0.005093205663644697, "2023_44_30_1": 0.2241010492003667, "2023_44_30_2": 0.5704390343282061, "2023_44_30_3": 0.010186411327289395, "2023_44_30_4": 0.4023632474279311, "2023_44_30_5_1": 6.463277987165121, "2023_44_30_6": 1.3038606498930425, "2023_44_30_7": 1.1205052460018334, "2023_44_30_8": 48.67576652745237, "2023_44_30_9": 13.084445349903229, "2023_44_30_10": 0.005093205663644697, "2023_44_30_12": 0.030559233981868186, "2023_44_30_13": 0.3310583681369053}