{"2023_7_20": 0.03254325541031621, "2023_7_30": 0.08135813852579052, "2023_12_9": 0.016271627705158106, "2023_12_9_1": 0.010847751803438737, "2023_20_4_1": 0.021695503606877473, "2023_20_7": 0.010847751803438737, "2023_20_9": 0.02711937950859684, "2023_26_3": 0.005423875901719368, "2023_26_7": 0.010847751803438737, "2023_26_8": 0.0705103867223518, "2023_26_9": 0.07593426262407114, "2023_26_10": 0.005423875901719368, "2023_26_11": 0.005423875901719368, "2023_26_12": 0.7539187503389921, "2023_27_6": 0.1410207734447036, "2023_27_7": 23.63725117969301, "2023_27_12": 4.279438086456581, "2023_32_4": 0.1410207734447036, "2023_32_6": 0.1193252698378261, "2023_32_7": 0.24407441557737158, "2023_32_9": 2.267180126918696, "2023_38_1": 0.005423875901719368, "2023_38_4": 0.016271627705158106, "2023_38_6": 14.286489125128817, "2023_38_8": 0.3633996854151977, "2023_38_9": 9.62737972555188, "2023_44_1": 43.732711395563264, "2023_44_25": 0.010847751803438737}