{"2023_32_9": 0.030397446614484378, "2023_38_6": 0.015198723307242189, "2023_38_9": 0.037996808268105475, "2023_44_1": 0.045596169921726576, "2023_44_30_5_1": 0.037996808268105475, "2023_44_30_6": 0.015198723307242189, "2023_44_30_8": 0.9651189300098793, "2023_44_30_9": 0.05319553157534767, "2023_44_30_13": 0.022798084960863288, "2023_44_30_14": 3.936469336575727, "2023_44_30_16": 0.022798084960863288, "2023_44_30_20": 0.022798084960863288, "2023_44_30_25": 4.270841249335056, "2023_44_30_30": 0.5167565924462344, "2024_2_2_1": 0.0075993616536210945, "2024_2_3": 0.037996808268105475, "2024_2_6": 0.045596169921726576, "2024_2_7": 22.144539858651875, "2024_2_7_1": 0.0075993616536210945, "2024_2_8": 1.4818755224561135, "2024_2_12": 0.045596169921726576, "2024_2_13": 0.1975834029941485, "2024_3_6": 3.4729082757048406, "2024_3_10": 31.484155330952202, "2024_8_3": 0.1519872330724219, "2024_8_4": 4.392431035792993, "2024_8_7": 26.286191959875367, "2024_8_8": 0.2507789345694962}