{"2024_20_7": 1.8004866180048662, "2024_20_9": 5.845498783454987, "2024_20_10": 0.05474452554744526, "2024_20_15": 0.30413625304136255, "2024_21_5": 0.3953771289537713, "2024_26_1": 0.00608272506082725, "2024_26_3_1": 1.4537712895377128, "2024_26_4": 0.018248175182481754, "2024_26_6": 0.7360097323600974, "2024_26_7": 10.577858880778589, "2024_26_8": 7.609489051094891, "2024_26_10": 2.293187347931873, "2024_26_11": 0.316301703163017, "2024_26_20": 1.794403892944039, "2024_27_5": 0.41970802919708033, "2024_27_10": 1.6180048661800488, "2024_27_25": 19.31265206812652, "2024_32": 0.030413625304136254, "2024_32_3": 13.467153284671532, "2024_32_4_1": 0.7360097323600974, "2024_32_4_2": 0.06690997566909977, "2024_32_5_3": 0.03649635036496351, "2024_32_5_4": 0.10948905109489052, "2024_32_6": 26.070559610705597, "2024_32_10": 4.057177615571776, "2024_32_20": 0.8698296836982968}