{"2023_32_4": 0.08308895405669599, "2023_32_6": 0.10263929618768329, "2023_32_7": 0.1466275659824047, "2023_32_9": 1.15347018572825, "2023_38_1": 0.004887585532746824, "2023_38_4": 0.01466275659824047, "2023_38_6": 7.008797653958945, "2023_38_8": 0.1710654936461388, "2023_38_9": 3.7732160312805476, "2023_38_9_1": 0.219941348973607, "2023_44_1": 16.85728250244379, "2023_44_9_1": 0.009775171065493648, "2023_44_25": 0.004887585532746824, "2023_44_30_1": 0.23949169110459434, "2023_44_30_2": 0.6109481915933529, "2023_44_30_3": 0.009775171065493648, "2023_44_30_4": 0.41055718475073316, "2023_44_30_5_1": 7.419354838709677, "2023_44_30_6": 1.4907135874877808, "2023_44_30_7": 1.3636363636363635, "2023_44_30_8": 46.935483870967744, "2023_44_30_9": 11.837732160312807, "2023_44_30_10": 0.004887585532746824, "2023_44_30_12": 0.01466275659824047, "2023_44_30_13": 0.11241446725317693}