{"2023_12_9": 0.054747379946816846, "2023_12_9_1": 0.01564210855623338, "2023_12_10": 0.06647896136399188, "2023_12_11": 0.06256843422493352, "2023_20_4_1": 0.08994212419834197, "2023_20_7": 0.06256843422493352, "2023_20_8": 0.12122634131080871, "2023_20_9": 2.9016111371812925, "2023_26_1": 0.16815266697950887, "2023_26_3": 0.011731581417175037, "2023_26_6": 0.054747379946816846, "2023_26_7": 2.10386360081339, "2023_26_8": 4.066948224620679, "2023_26_9": 5.083685280775849, "2023_26_10": 0.31284217112466767, "2023_26_11": 0.2854684811512592, "2023_26_12": 0.782105427811669, "2023_27_6": 19.638667292351013, "2023_27_7": 2.67089003597685, "2023_32_1": 0.3871421867667762, "2023_32_4": 3.3865165024245276, "2023_32_6": 15.626466447677151, "2023_32_7": 25.441889566713595, "2023_32_9": 16.248240262787427, "2023_38": 0.003910527139058345, "2023_38_1": 0.3480369153761928, "2023_38_4": 0.003910527139058345}