{"2023_2_12": 0.09504276924616077, "2023_6_11": 0.020009004051823317, "2023_7_10": 0.3701665749587314, "2023_7_15": 0.31514181381621725, "2023_7_20": 8.658896503426542, "2023_7_26": 0.1350607773498074, "2023_7_30": 19.298684407983593, "2023_12_1": 0.005002251012955829, "2023_12_1_1": 0.035015757090690804, "2023_12_5": 0.09004051823320494, "2023_12_5_4": 0.015006753038867492, "2023_12_9": 0.08503826722024911, "2023_12_9_1": 0.030013506077734984, "2023_12_10": 0.09504276924616077, "2023_12_11": 0.10504727127207242, "2023_20_4_1": 0.14006302836276321, "2023_20_7": 0.2901305587514381, "2023_20_8": 0.2901305587514381, "2023_20_9": 8.078635385923665, "2023_26_1": 0.470211595217848, "2023_26_3": 0.020009004051823317, "2023_26_6": 0.18008103646640988, "2023_26_7": 11.560202090940923, "2023_26_8": 31.714271422139962, "2023_26_9": 15.291881346605972, "2023_26_10": 1.3706167775498974, "2023_26_11": 1.2405582512130455}