{"2024_32_7": 7.622516556291393, "2024_32_9": 0.03973509933774835, "2024_32_9_1": 0.013245033112582781, "2024_32_10": 15.245033112582785, "2024_32_20": 0.08609271523178808, "2024_32_20_1": 0.2119205298013245, "2024_33_5": 15.13245033112583, "2024_33_15": 0.41721854304635764, "2024_33_25": 0.17880794701986755, "2024_33_30": 0.013245033112582781, "2024_33_35": 5.907284768211921, "2024_33_40": 0.7483443708609272, "2024_38": 0.006622516556291391, "2024_38_2": 1.470198675496689, "2024_38_4": 0.16556291390728478, "2024_38_6": 1.6490066225165565, "2024_38_7": 4.622516556291392, "2024_39_5": 0.9072847682119207, "2024_39_15": 0.23841059602649006, "2024_44_1": 0.1986754966887417, "2024_44_3": 0.7549668874172186, "2024_44_3_1": 18.768211920529804, "2024_44_4": 0.543046357615894, "2024_44_25_2": 12.774834437086094, "2024_44_25_3": 0.6225165562913908, "2024_44_25_4": 0.5496688741721856, "2024_45_25_5": 2.993377483443709, "2024_45_25_6": 0.6490066225165564, "2024_45_32": 7.47019867549669}