{"2024_26_20": 1.375997923022003, "2024_27_5": 0.259622249626793, "2024_27_10": 0.7399234114363601, "2024_27_25": 3.465957032517687, "2024_32": 0.03245278120334912, "2024_32_3": 5.984292853897579, "2024_32_4_1": 0.27909391834880254, "2024_32_4_2": 0.025962224962679303, "2024_32_5_3": 0.019471668722009478, "2024_32_5_4": 0.025962224962679303, "2024_32_6": 2.9402219770234312, "2024_32_7": 10.242097747776985, "2024_32_9": 0.04543389368468878, "2024_32_9_1": 0.04543389368468878, "2024_32_10": 23.904718634386967, "2024_32_20": 0.11033945609138703, "2024_32_20_1": 0.3180372557928215, "2024_33_5": 19.874083208931008, "2024_33_15": 1.1747906795612384, "2024_33_25": 0.3764522619588499, "2024_33_30": 0.025962224962679303, "2024_33_35": 7.860063607451159, "2024_38": 0.006490556240669826, "2024_38_2": 2.498864152657883, "2024_38_4": 0.259622249626793, "2024_38_6": 4.692672162004284, "2024_38_7": 13.00058415006166, "2024_44_1": 0.41539559940286885}