{"2023_26_12": 0.29421379535796016, "2023_32_6": 0.016345210853220007, "2023_38_9": 0.016345210853220007, "2023_44_1": 0.016345210853220007, "2023_44_30_8": 0.10624387054593003, "2023_44_30_9": 0.008172605426610004, "2023_44_30_13": 0.016345210853220007, "2023_44_30_14": 0.6946714612618503, "2023_44_30_20": 0.008172605426610004, "2023_44_30_25": 0.07355344883949004, "2023_44_30_30": 0.1879699248120301, "2024_2_6": 0.032690421706440015, "2024_2_7": 0.6783262504086303, "2024_2_8": 0.016345210853220007, "2024_2_12": 0.008172605426610004, "2024_2_13": 0.008172605426610004, "2024_3_6": 0.3350768224910102, "2024_3_10": 1.2258908139915006, "2024_3_15": 6.848643347499184, "2024_3_20": 0.7110166721150704, "2024_3_25": 40.21739130434783, "2024_8_4": 0.13893429225237006, "2024_8_7": 0.3759398496240602, "2024_8_8": 0.016345210853220007, "2024_8_9": 24.29715593331154, "2024_8_12": 0.08172605426610004, "2024_9_5": 0.008172605426610004, "2024_14_3": 1.879699248120301, "2024_14_5": 0.07355344883949004, "2024_14_6": 21.395881006864993, "2024_14_7": 0.21248774109186006}