{"2022_40_4": 0.015950659293917483, "2022_40_4_1": 0.0797532964695874, "2022_40_4_2": 0.06911952360697574, "2022_44_2": 0.122288387920034, "2022_44_25_1": 0.06380263717566993, "2022_44_25_2": 0.14355593364525732, "2022_44_25_3": 0.7018290089323692, "2022_44_25_5": 1.3398553806890683, "2022_44_30": 0.5316886431305826, "2022_44_30_1": 0.058485750744364094, "2022_44_30_2": 0.11165461505742236, "2022_44_30_5": 2.0363675031901316, "2022_44_30_10": 22.176733304976604, "2022_45_10": 0.015950659293917483, "2022_45_11": 0.3509145044661846, "2022_45_12": 7.273500638026372, "2023_2_0_5": 0.058485750744364094, "2023_2_10": 1.1218630370055291, "2023_2_11": 0.1648234793704806, "2023_2_12": 28.971714164185446, "2023_2_13": 0.021267545725223307, "2023_2_201": 0.021267545725223307, "2023_2_301": 0.15418970650786895, "2023_6_1": 0.6061250531688642, "2023_6_8": 29.221607826456825, "2023_6_9": 4.567205444491706}