{"2023_6_8": 0.05645791713714931, "2023_6_11": 0.06948666724572222, "2023_7_5": 0.017371666811430556, "2023_7_10": 2.914097107617476, "2023_7_15": 1.5200208460001738, "2023_7_20": 23.942499782854167, "2023_7_25": 0.004342916702857639, "2023_7_26": 0.2996612524971772, "2023_12_1": 0.008685833405715278, "2023_12_1_1": 0.07382958394857987, "2023_12_5": 2.0107704334230867, "2023_12_5_4": 0.25188916876574313, "2023_12_8": 0.004342916702857639, "2023_12_9": 3.5872491965604105, "2023_12_9_1": 0.8598975071658126, "2023_12_10": 0.5298358377486321, "2023_12_11": 1.6068791800573266, "2023_20_4_1": 6.805350473377921, "2023_20_6": 0.1216016676800139, "2023_20_7": 5.6501346304177895, "2023_20_8": 3.6697646139147055, "2023_20_9": 39.338139494484494, "2023_26_1": 4.890124207417702, "2023_26_3": 0.13028750108572917, "2023_26_6": 1.6329366802744727, "2023_26_7": 0.004342916702857639}