{"2024_20_15": 0.26237110256879614, "2024_21_5": 0.3660992128866922, "2024_26_3_1": 1.2691439380071998, "2024_26_4": 0.018304960644334616, "2024_26_6": 0.6345719690035999, "2024_26_7": 8.664348038318384, "2024_26_8": 6.370126304228445, "2024_26_10": 1.7572762218561226, "2024_26_11": 0.2745744096650192, "2024_26_20": 1.519311733479773, "2024_27_5": 0.29898102385746533, "2024_27_10": 0.9945695283421808, "2024_27_25": 4.64335835011288, "2024_32": 0.030508267740557687, "2024_32_3": 7.456220635792299, "2024_32_4_1": 0.38440417353102685, "2024_32_4_2": 0.030508267740557687, "2024_32_5_3": 0.024406614192446153, "2024_32_5_4": 0.03660992128866923, "2024_32_6": 4.4847153578619805, "2024_32_7": 25.840502776252368, "2024_32_9": 0.5186405515894807, "2024_32_10": 32.656049789492954, "2024_32_20": 0.17084629934712306, "2024_32_20_1": 1.043382756727073, "2024_38": 0.012203307096223076, "2024_38_2": 0.23796448837634995}