{"2023_12_9": 0.0493227605569678, "2023_12_9_1": 0.011382175513146416, "2023_12_10": 0.053116819061349935, "2023_12_11": 0.053116819061349935, "2023_20_4_1": 0.08726334560078917, "2023_20_7": 0.060704936070114214, "2023_20_8": 0.11002769662708202, "2023_20_9": 2.7279280646507575, "2023_26_1": 0.1593504571840498, "2023_26_3": 0.011382175513146416, "2023_26_6": 0.053116819061349935, "2023_26_7": 1.919793603217362, "2023_26_8": 3.5512387601016813, "2023_26_9": 4.465606859657777, "2023_26_10": 0.273172212315514, "2023_26_11": 0.23902568577607472, "2023_26_12": 0.823310695450924, "2023_27_6": 4.662897901885648, "2023_27_7": 18.18871647000797, "2023_32_1": 0.3414652653943925, "2023_32_4": 2.796221117729636, "2023_32_6": 12.691125697158254, "2023_32_7": 18.73126683613462, "2023_32_9": 23.060287589634637, "2023_38_1": 0.11382175513146417, "2023_38_4": 4.765337481503965}