{"2023_27_6": 0.04908742023294211, "2023_27_7": 7.260475701726983, "2023_27_12": 2.7131955910571643, "2023_32_4": 0.07586237672363781, "2023_32_6": 0.1026373332143335, "2023_32_7": 0.1338747824534785, "2023_32_9": 1.0665357668793787, "2023_38_1": 0.004462492748449283, "2023_38_4": 0.013387478245347851, "2023_38_6": 6.5197019054844025, "2023_38_8": 0.15618724619572494, "2023_38_9": 3.5342942567718327, "2023_38_9_1": 0.2097371591771163, "2023_44_1": 16.029273952429822, "2023_44_9_1": 0.008924985496898566, "2023_44_25": 0.004462492748449283, "2023_44_30_1": 0.23204962291936268, "2023_44_30_2": 0.6024365210406532, "2023_44_30_3": 0.008924985496898566, "2023_44_30_4": 0.40608684010888485, "2023_44_30_5_1": 7.581775179615333, "2023_44_30_6": 1.4860100852336113, "2023_44_30_7": 1.4369226650006692, "2023_44_30_8": 41.581507430050415, "2023_44_30_9": 8.768798250702842, "2023_44_30_10": 0.004462492748449283, "2023_44_30_11": 0.008924985496898566}