{"2024_20_7": 1.9190031152647982, "2024_20_9": 6.124610591900313, "2024_20_10": 0.062305295950155784, "2024_20_15": 0.3115264797507789, "2024_21_5": 0.4174454828660438, "2024_26_1": 0.006230529595015577, "2024_26_3_1": 1.56386292834891, "2024_26_4": 0.018691588785046735, "2024_26_6": 0.7850467289719628, "2024_26_7": 11.925233644859818, "2024_26_8": 8.411214953271031, "2024_26_10": 2.5607476635514024, "2024_26_11": 0.38006230529595025, "2024_26_20": 2.0436137071651097, "2024_27_5": 0.4922118380062307, "2024_27_10": 1.8317757009345799, "2024_27_25": 20.971962616822438, "2024_32": 0.03738317757009347, "2024_32_3": 18.604361370716514, "2024_32_4_1": 1.3021806853582558, "2024_32_4_2": 0.14953271028037388, "2024_32_5_3": 0.049844236760124616, "2024_32_5_4": 0.16199376947040503, "2024_32_6": 18.523364485981315, "2024_32_10": 0.6105919003115267, "2024_32_20": 0.7352024922118382}