{"2024_32_20": 0.10984368398817068, "2024_32_20_1": 0.2703844528939586, "2024_33_5": 18.86776510350655, "2024_33_15": 0.5238698774820449, "2024_33_25": 0.21968736797634136, "2024_33_30": 0.016899028305872414, "2024_33_35": 7.427122940430926, "2024_33_40": 0.937896070975919, "2024_38": 0.008449514152936207, "2024_38_2": 1.875792141951838, "2024_38_4": 0.2112378538234052, "2024_38_6": 2.0785804816223066, "2024_38_7": 5.737220109843685, "2024_39_5": 1.1237853823405155, "2024_39_15": 0.22813688212927763, "2024_44_1": 0.2534854245880862, "2024_44_3": 0.9294465568229829, "2024_44_3_1": 23.591043514997892, "2024_44_4": 0.7604562737642587, "2024_44_25_2": 14.727503168567807, "2024_44_25_3": 0.4731727925644276, "2024_44_25_4": 0.8280523869877482, "2024_45_25_5": 4.1233629066328685, "2024_45_25_6": 1.0392902408111533, "2024_45_25_10": 0.1943388255175328, "2024_45_25_15": 1.6476552598225602, "2024_45_32": 4.275454161385721, "2024_45_32_1": 6.548373468525562, "2024_45_32_2": 0.9716941275876637}