{"2023_44_1": 0.012902393393974582, "2023_44_30_5_1": 0.012902393393974582, "2023_44_30_8": 0.6193148829107799, "2023_44_30_9": 0.03870718018192374, "2023_44_30_13": 0.025804786787949164, "2023_44_30_14": 2.683697825946713, "2023_44_30_16": 0.006451196696987291, "2023_44_30_20": 0.012902393393974582, "2023_44_30_25": 1.948261402490162, "2023_44_30_30": 0.3935229985162248, "2024_2_2_1": 0.006451196696987291, "2024_2_3": 0.012902393393974582, "2024_2_6": 0.045158376878911034, "2024_2_7": 10.4057802722405, "2024_2_8": 0.7676924069414877, "2024_2_12": 0.025804786787949164, "2024_2_13": 0.045158376878911034, "2024_3_6": 1.2966905360944456, "2024_3_10": 9.380039997419521, "2024_3_15": 9.476807947874331, "2024_3_20": 1.1676666021547, "2024_3_25": 23.32752725630605, "2024_8_3": 0.07741436036384748, "2024_8_4": 1.8966518289142635, "2024_8_7": 5.857686600864461, "2024_8_8": 0.08386555706083478, "2024_8_9": 29.37874975808013, "2024_8_12": 0.11612154054577124, "2024_14_3": 0.8773627507902717}