{"2023_27_7": 7.1257112375533405, "2023_27_12": 2.6538051209103837, "2023_32_4": 0.07556899004267426, "2023_32_6": 0.10224039829302986, "2023_32_7": 0.13335704125177805, "2023_32_9": 1.0624110953058319, "2023_38_1": 0.0044452347083926026, "2023_38_4": 0.013335704125177808, "2023_38_6": 6.4544807965860596, "2023_38_8": 0.1555832147937411, "2023_38_9": 3.498399715504978, "2023_38_9_1": 0.20448079658605972, "2023_44_1": 15.736130867709813, "2023_44_9_1": 0.008890469416785205, "2023_44_25": 0.0044452347083926026, "2023_44_30_1": 0.22670697012802274, "2023_44_30_2": 0.5734352773826457, "2023_44_30_3": 0.008890469416785205, "2023_44_30_4": 0.39562588904694157, "2023_44_30_5_1": 7.2012802275960155, "2023_44_30_6": 1.4447012802275958, "2023_44_30_7": 1.3469061166429586, "2023_44_30_8": 42.11415362731152, "2023_44_30_9": 9.437233285917495, "2023_44_30_10": 0.0044452347083926026, "2023_44_30_12": 0.013335704125177808}