{"2023_20_9": 0.030018010806483898, "2023_26_8": 0.07504502701620974, "2023_26_9": 0.07004202521512909, "2023_26_12": 0.7604562737642587, "2023_27_6": 0.08505103061837103, "2023_27_7": 18.50110066039624, "2023_27_12": 8.57014208525115, "2023_32_4": 0.12507504502701625, "2023_32_6": 0.12007204322593559, "2023_32_7": 0.20012007204322596, "2023_32_9": 1.6810086051630984, "2023_38_1": 0.00500300180108065, "2023_38_4": 0.0100060036021613, "2023_38_6": 10.201120672403444, "2023_38_8": 0.26015609365619374, "2023_38_9": 7.104262557534521, "2023_38_9_1": 0.4202521512907746, "2023_44_1": 43.030818491094664, "2023_44_25": 0.00500300180108065, "2023_44_30_1": 2.9917950770462283, "2023_44_30_2": 3.582149289573745, "2023_44_30_3": 0.0900540324194517, "2023_44_30_4": 2.08124874924955}