{"2022_44_25_3": 0.15599103051574537, "2022_44_25_5": 0.06824607585063859, "2022_44_30": 0.17061518962659647, "2022_44_30_2": 0.02437359851808521, "2022_44_30_5": 0.15599103051574537, "2022_44_30_10": 1.1260602515355367, "2022_45_11": 0.03899775762893634, "2022_45_12": 0.7653309934678757, "2022_45_13": 1.272301842644048, "2022_45_14": 0.02437359851808521, "2022_45_15": 28.502486107048846, "2023_2_0_5": 0.02437359851808521, "2023_2_10": 0.3753534171785122, "2023_2_11": 0.014624159110851126, "2023_2_12": 7.000097494394073, "2023_2_13": 0.01949887881446817, "2023_2_201": 0.004874719703617043, "2023_2_301": 0.04387247733255338, "2023_6_1": 0.034123037925319295, "2023_6_8": 6.848981183581944, "2023_6_9": 1.033440577166813, "2023_6_11": 4.8600955445061915, "2023_6_11_2": 0.03899775762893634, "2023_6_15": 0.004874719703617043, "2023_12_1": 3.9972701569659743, "2023_12_1_1": 27.951642780540116, "2023_12_5": 15.443112021058788}