{"2022_44_25_2": 0.014563106796116505, "2022_44_25_3": 0.1553398058252427, "2022_44_25_5": 0.06796116504854369, "2022_44_30": 0.16990291262135923, "2022_44_30_2": 0.024271844660194178, "2022_44_30_5": 0.1553398058252427, "2022_44_30_10": 1.106796116504854, "2022_45_11": 0.038834951456310676, "2022_45_12": 0.7572815533980582, "2022_45_13": 1.2475728155339805, "2022_45_14": 0.024271844660194178, "2022_45_15": 28.504854368932044, "2023_2_0_5": 0.024271844660194178, "2023_2_10": 0.3737864077669903, "2023_2_11": 0.014563106796116505, "2023_2_12": 6.864077669902913, "2023_2_13": 0.019417475728155338, "2023_2_201": 0.0048543689320388345, "2023_2_301": 0.043689320388349516, "2023_6_1": 0.03398058252427184, "2023_6_8": 6.601941747572814, "2023_6_9": 1.0291262135922332, "2023_6_11": 4.75242718446602, "2023_6_11_2": 0.038834951456310676, "2023_6_15": 0.0048543689320388345, "2023_12_1": 3.5728155339805827, "2023_12_1_1": 23.966019417475724, "2023_12_5": 20.388349514563107}