{"2024_26_6": 0.5549132947976878, "2024_26_7": 7.0635838150289025, "2024_26_8": 5.450867052023121, "2024_26_10": 1.4219653179190752, "2024_26_11": 0.21965317919075142, "2024_26_20": 1.2716763005780345, "2024_27_5": 0.2427745664739884, "2024_27_10": 0.7225433526011561, "2024_27_25": 3.352601156069364, "2024_32": 0.02890173410404624, "2024_32_3": 5.682080924855491, "2024_32_4_1": 0.28323699421965315, "2024_32_4_2": 0.023121387283236993, "2024_32_5_3": 0.017341040462427744, "2024_32_5_4": 0.02890173410404624, "2024_32_6": 2.901734104046243, "2024_32_7": 12.028901734104046, "2024_32_9": 0.052023121387283246, "2024_32_9_1": 0.11560693641618495, "2024_32_10": 32.479768786127174, "2024_32_20": 0.09826589595375722, "2024_32_20_1": 0.3179190751445086, "2024_33_5": 9.213872832369942, "2024_33_15": 0.953757225433526, "2024_33_25": 1.0867052023121386, "2024_38": 0.005780346820809248, "2024_38_2": 4.601156069364161, "2024_38_4": 0.5028901734104045, "2024_38_6": 9.277456647398843}