{"2023_44_30_8": 0.0870637742146122, "2023_44_30_9": 0.02176594355365305, "2023_44_30_13": 0.0145106290357687, "2023_44_30_14": 0.5078720162519045, "2023_44_30_25": 0.10157440325038089, "2023_44_30_30": 0.18138286294710873, "2024_2_6": 0.0290212580715374, "2024_2_7": 0.48610607269825146, "2024_2_8": 0.0145106290357687, "2024_2_12": 0.00725531451788435, "2024_2_13": 0.00725531451788435, "2024_3_6": 0.20314880650076178, "2024_3_10": 0.8198505405209315, "2024_3_15": 4.628890662410215, "2024_3_20": 0.4135529275194078, "2024_3_25": 35.652615540883694, "2024_8_4": 0.06529783066095915, "2024_8_7": 0.30472320975114264, "2024_8_8": 0.0145106290357687, "2024_8_9": 10.737865486468836, "2024_8_12": 0.06529783066095915, "2024_9_5": 0.0145106290357687, "2024_14_3": 0.6094464195022853, "2024_14_5": 0.050787201625190445, "2024_14_6": 7.487484582456648, "2024_14_7": 3.7945294928535147, "2024_14_8": 30.102299934702163, "2024_14_9": 3.112529928172386, "2024_14_11": 0.4643401291445984}