{"2023_38_9_1": 0.12204051745179398, "2023_44_1": 13.522089333658775, "2023_44_25": 0.00488162069807176, "2023_44_30_1": 0.16109348303636808, "2023_44_30_2": 0.4393458628264583, "2023_44_30_3": 0.00976324139614352, "2023_44_30_4": 0.2782523797900903, "2023_44_30_5_1": 4.808396387600683, "2023_44_30_6": 0.9275079326336344, "2023_44_30_7": 0.8249938979741275, "2023_44_30_8": 22.5579692457896, "2023_44_30_9": 5.506468147424945, "2023_44_30_10": 0.00488162069807176, "2023_44_30_12": 0.014644862094215276, "2023_44_30_13": 0.405174517939956, "2023_44_30_14": 13.697827678789357, "2023_44_30_16": 0.03905296558457408, "2023_44_30_20": 0.36612155235538196, "2024_2_2": 0.08786917256529168, "2024_2_2_1": 6.570661459604588, "2024_2_3": 1.8794239687576275, "2024_2_6": 4.788869904808396, "2024_2_7": 21.6597510373444, "2024_2_8": 1.3229192091774467}