{"2023_32_9": 0.033514872224549644, "2023_38_9": 0.050272308336824466, "2023_44_1": 0.04189359028068705, "2023_44_30_5_1": 0.025136154168412233, "2023_44_30_6": 0.025136154168412233, "2023_44_30_7": 0.008378718056137411, "2023_44_30_8": 1.6170925848345203, "2023_44_30_9": 0.04189359028068705, "2023_44_30_13": 0.04189359028068705, "2023_44_30_14": 6.300795978215333, "2023_44_30_16": 0.025136154168412233, "2023_44_30_20": 0.058651026392961866, "2023_44_30_25": 17.51152073732719, "2023_44_30_30": 1.047339757017176, "2024_2_2_1": 0.033514872224549644, "2024_2_3": 0.016757436112274822, "2024_2_6": 0.06702974444909929, "2024_2_7": 39.50565563468788, "2024_2_7_1": 0.008378718056137411, "2024_2_8": 2.9995810640971925, "2024_2_12": 0.058651026392961866, "2024_2_13": 0.3016338500209467, "2024_3_6": 7.44030163385002, "2024_8_3": 0.22622538751571009, "2024_8_4": 7.9430247172182655, "2024_8_7": 14.570590699622956}