{"2023_6_8": 0.056279492618728076, "2023_6_11": 0.06926706783843456, "2023_7_5": 0.01731676695960864, "2023_7_10": 2.891900082254643, "2023_7_15": 1.4849127667864408, "2023_7_20": 23.93610112991904, "2023_7_25": 0.00432919173990216, "2023_7_26": 0.3117018052729555, "2023_12_1": 0.00865838347980432, "2023_12_1_1": 0.07359625957833672, "2023_12_5": 1.9957573920948959, "2023_12_5_4": 0.24676392917442314, "2023_12_8": 0.00432919173990216, "2023_12_9": 3.5499372267197717, "2023_12_9_1": 0.8398631975410192, "2023_12_10": 0.5281613922680635, "2023_12_11": 1.5801549850642884, "2023_20_4_1": 6.714576388588249, "2023_20_6": 0.12121736871726048, "2023_20_7": 5.558682194034374, "2023_20_8": 3.5975583358586958, "2023_20_9": 39.620762803584576, "2023_26_1": 4.762110913892377, "2023_26_3": 0.1298757521970648, "2023_26_6": 1.891856790337244, "2023_26_7": 0.00432919173990216}