{"2023_32_9": 0.029890898221491553, "2023_38_6": 0.014945449110745777, "2023_38_9": 0.03736362277686444, "2023_44_1": 0.044836347332237333, "2023_44_30_5_1": 0.03736362277686444, "2023_44_30_6": 0.014945449110745777, "2023_44_30_8": 0.9266178448662381, "2023_44_30_9": 0.044836347332237333, "2023_44_30_13": 0.022418173666118667, "2023_44_30_14": 3.811089523240173, "2023_44_30_16": 0.022418173666118667, "2023_44_30_20": 0.022418173666118667, "2023_44_30_25": 3.811089523240173, "2023_44_30_30": 0.47825437154386485, "2024_2_2_1": 0.007472724555372888, "2024_2_3": 0.044836347332237333, "2024_2_6": 0.05978179644298311, "2024_2_7": 20.80406516215812, "2024_2_7_1": 0.007472724555372888, "2024_2_8": 1.3824540427439842, "2024_2_12": 0.044836347332237333, "2024_2_13": 0.19429083843969508, "2024_3_6": 3.250635181587206, "2024_3_10": 32.87251531908533, "2024_8_3": 0.14198176655208486, "2024_8_4": 3.811089523240173, "2024_8_7": 20.990883276042442, "2024_8_8": 0.269018083993424, "2024_8_9": 6.800179345389328}