{"2023_26_12": 0.7173801649042718, "2023_27_6": 0.06055806586854242, "2023_27_7": 8.794894489216007, "2023_27_12": 3.3772767503610197, "2023_32_4": 0.08850794242325431, "2023_32_6": 0.11179950621884756, "2023_32_7": 0.16769925932827132, "2023_32_9": 1.2018446918526111, "2023_38_1": 0.0046583127591186485, "2023_38_4": 0.013974938277355945, "2023_38_6": 7.369450784925702, "2023_38_8": 0.17701588484650863, "2023_38_9": 4.099315228024411, "2023_38_9_1": 0.409931522802441, "2023_44_1": 19.946895234546048, "2023_44_25": 0.0046583127591186485, "2023_44_30_1": 0.3866399590068478, "2023_44_30_2": 1.0341454325243398, "2023_44_30_3": 0.018633251036474594, "2023_44_30_4": 0.8664461731960684, "2023_44_30_5_1": 33.16718684492477, "2023_44_30_6": 5.664508315088276, "2023_44_30_7": 11.394233008804212, "2023_44_30_8": 0.9083709880281362, "2023_44_30_10": 0.013974938277355945}