{"2024_2_6": 0.029835160736928462, "2024_2_7": 0.126799433131946, "2024_2_8": 0.014917580368464231, "2024_3_6": 0.02237637055269635, "2024_3_10": 0.059670321473856924, "2024_3_15": 0.10442306257924963, "2024_3_25": 0.962183933765943, "2024_8_7": 0.0447527411053927, "2024_8_9": 0.18646975460580292, "2024_14_3": 0.0074587901842321155, "2024_14_5": 0.0074587901842321155, "2024_14_6": 0.16409338405310658, "2024_14_7": 0.0447527411053927, "2024_14_8": 0.29089281718505255, "2024_14_9": 17.20742895502349, "2024_14_11": 0.0074587901842321155, "2024_15_15": 4.93771910196166, "2024_20_1": 2.4986947117177594, "2024_20_3": 1.6782277914522261, "2024_20_6": 0.24614007607965982, "2024_20_6_1": 0.014917580368464231, "2024_20_6_2": 2.5882001939285444, "2024_20_7": 18.85582158573879, "2024_20_8": 0.1342582233161781, "2024_20_9": 35.45908853583948, "2024_20_9_1": 0.02237637055269635, "2024_20_10": 0.8130081300813006, "2024_20_15": 4.5274856418288945, "2024_26_1": 0.059670321473856924, "2024_26_3_1": 8.883419109420451}