{"2023_12_9": 0.053879310344827576, "2023_12_9_1": 0.011545566502463052, "2023_12_10": 0.057727832512315266, "2023_12_11": 0.06157635467980296, "2023_20_4_1": 0.08466748768472906, "2023_20_7": 0.06157635467980296, "2023_20_8": 0.11160714285714285, "2023_20_9": 2.805572660098522, "2023_26_1": 0.16163793103448276, "2023_26_3": 0.011545566502463052, "2023_26_6": 0.053879310344827576, "2023_26_7": 1.9896859605911323, "2023_26_8": 3.733066502463054, "2023_26_9": 4.73753078817734, "2023_26_10": 0.2963362068965517, "2023_26_11": 0.2578509852216748, "2023_26_12": 0.8004926108374383, "2023_27_6": 6.504002463054186, "2023_27_7": 16.136853448275858, "2023_32_1": 0.3579125615763546, "2023_32_4": 3.0518780788177335, "2023_32_6": 14.262623152709358, "2023_32_7": 22.563885467980295, "2023_32_9": 21.46320812807882, "2023_38_1": 0.36560960591133, "2023_38_4": 0.003848522167487685}