{"2023_26_12": 0.3078238563488671, "2023_38_9": 0.01710132535271484, "2023_44_1": 0.01710132535271484, "2023_44_30_5_1": 0.01710132535271484, "2023_44_30_8": 0.08550662676357418, "2023_44_30_9": 0.01710132535271484, "2023_44_30_13": 0.01710132535271484, "2023_44_30_14": 0.6156477126977342, "2023_44_30_20": 0.00855066267635742, "2023_44_30_25": 0.06840530141085936, "2023_44_30_30": 0.18811457887986321, "2024_2_2_1": 0.00855066267635742, "2024_2_6": 0.03420265070542968, "2024_2_7": 0.6241983753740915, "2024_2_8": 0.03420265070542968, "2024_2_12": 0.00855066267635742, "2024_2_13": 0.00855066267635742, "2024_3_6": 0.4104318084651561, "2024_3_10": 1.3339033775117575, "2024_3_15": 7.926464300983328, "2024_3_20": 0.9320222317229586, "2024_3_25": 40.73535699016674, "2024_8_3": 0.00855066267635742, "2024_8_4": 0.16246259085079096, "2024_8_7": 0.4189824711415135, "2024_8_8": 0.01710132535271484, "2024_8_9": 31.14151346729372, "2024_8_12": 0.08550662676357418, "2024_14_3": 1.9495510902094917, "2024_14_5": 0.10260795211628902, "2024_14_6": 12.697734074390768}