{"2023_38_9": 2.9851434898957274, "2023_38_9_1": 0.07382116821998708, "2023_44_1": 12.411183906985329, "2023_44_9_2": 0.009227646027498385, "2023_44_25": 0.004613823013749192, "2023_44_30_1": 0.13380086739872657, "2023_44_30_2": 0.3967887791824305, "2023_44_30_3": 0.009227646027498385, "2023_44_30_4": 0.2537602657562056, "2023_44_30_5_1": 4.318538340869243, "2023_44_30_6": 0.8212604964473562, "2023_44_30_7": 0.7382116821998708, "2023_44_30_8": 19.654886038571558, "2023_44_30_9": 4.5584571375842025, "2023_44_30_10": 0.004613823013749192, "2023_44_30_12": 0.013841469041247575, "2023_44_30_13": 0.3783334871274338, "2023_44_30_14": 12.761834456030268, "2023_44_30_16": 0.07843499123373626, "2023_44_30_20": 0.3783334871274338, "2024_2_2": 0.07843499123373626, "2024_2_2_1": 5.172095598412844, "2024_2_3": 1.3518501430285135, "2024_2_6": 2.3576635600258373, "2024_2_7": 28.90560118113869, "2024_2_8": 2.150041524407124}