{"2024_20_9": 5.869297163995067, "2024_20_10": 0.05548705302096177, "2024_20_15": 0.30209617755856966, "2024_21_5": 0.39457459926017263, "2024_26_1": 0.006165228113440197, "2024_26_3_1": 1.4488286066584466, "2024_26_4": 0.018495684340320593, "2024_26_6": 0.7459926017262639, "2024_26_7": 10.480887792848335, "2024_26_8": 7.651048088779285, "2024_26_10": 2.2688039457459928, "2024_26_11": 0.31442663378545005, "2024_26_20": 1.7940813810110974, "2024_27_5": 0.4069050554870531, "2024_27_10": 1.6029593094944512, "2024_27_25": 19.87053020961776, "2024_32": 0.030826140567200983, "2024_32_3": 13.255240443896424, "2024_32_4_1": 0.7459926017262639, "2024_32_4_2": 0.05548705302096177, "2024_32_5_3": 0.036991368680641186, "2024_32_5_4": 0.10480887792848337, "2024_32_6": 27.11467324290998, "2024_32_7": 0.1849568434032059, "2024_32_10": 4.334155363748458, "2024_32_20": 0.906288532675709}