{"2024_2_6": 0.04540736896730671, "2024_2_7": 0.3827192527244421, "2024_2_8": 0.019460300985988586, "2024_3_6": 0.12973533990659059, "2024_3_10": 0.5124545926310329, "2024_3_15": 3.1136481577581736, "2024_3_20": 0.220550077841204, "2024_3_25": 12.12376751427089, "2024_8_3": 0.006486766995329529, "2024_8_4": 0.058380902957965754, "2024_8_7": 0.2464971458225221, "2024_8_8": 0.012973533990659057, "2024_8_9": 6.434872859366891, "2024_8_12": 0.04540736896730671, "2024_9_5": 0.006486766995329529, "2024_14_3": 0.3308251167618059, "2024_14_5": 0.03892060197197717, "2024_14_6": 2.8152568759730157, "2024_14_7": 1.251946030098599, "2024_14_8": 3.6131292163985473, "2024_14_9": 29.31370005189414, "2024_14_11": 0.10378827192527246, "2024_15_5": 0.032433834976647646, "2024_20_1": 32.88142189932538, "2024_20_3": 6.259730150492995}