{"2024_32_20": 0.1101694915254237, "2024_32_20_1": 0.27118644067796605, "2024_33_5": 18.99152542372881, "2024_33_15": 0.5338983050847457, "2024_33_25": 0.2203389830508474, "2024_33_30": 0.016949152542372878, "2024_33_35": 7.432203389830507, "2024_33_40": 0.9491525423728812, "2024_38": 0.008474576271186439, "2024_38_2": 1.8813559322033893, "2024_38_4": 0.21186440677966098, "2024_38_6": 2.1016949152542366, "2024_38_7": 5.788135593220338, "2024_39_5": 1.135593220338983, "2024_39_15": 0.24576271186440674, "2024_44_1": 0.25423728813559315, "2024_44_3": 0.9322033898305083, "2024_44_3_1": 23.711864406779657, "2024_44_4": 0.7457627118644067, "2024_44_25_2": 15.296610169491522, "2024_44_25_3": 0.49152542372881347, "2024_44_25_4": 0.8050847457627117, "2024_45_25_5": 4.228813559322033, "2024_45_25_6": 1.0084745762711862, "2024_45_25_10": 0.2288135593220339, "2024_45_25_15": 0.9745762711864404, "2024_45_32": 4.728813559322033, "2024_45_32_1": 6.627118644067795, "2024_45_32_2": 0.06779661016949151}