{"2024_2_6": 0.02986411826190832, "2024_2_7": 0.13438853217858743, "2024_2_8": 0.01493205913095416, "2024_3_6": 0.01493205913095416, "2024_3_10": 0.05972823652381664, "2024_3_15": 0.10452441391667912, "2024_3_25": 0.9780498730774974, "2024_8_7": 0.04479617739286248, "2024_8_9": 0.1791847095714499, "2024_14_3": 0.00746602956547708, "2024_14_5": 0.00746602956547708, "2024_14_6": 0.17171868000597285, "2024_14_7": 0.04479617739286248, "2024_14_8": 0.283709123488129, "2024_14_9": 17.268926384948482, "2024_14_11": 0.00746602956547708, "2024_15_15": 4.95744363147678, "2024_20_1": 2.5085859340002985, "2024_20_3": 1.6798566522323428, "2024_20_6": 0.24637897566074365, "2024_20_6_1": 0.01493205913095416, "2024_20_6_2": 2.5907122592205467, "2024_20_7": 19.068239510228462, "2024_20_8": 0.13438853217858743, "2024_20_9": 35.732417500373295, "2024_20_9_1": 0.02239808869643124, "2024_20_10": 0.8287292817679559, "2024_20_15": 4.47215170972077, "2024_26_1": 0.05972823652381664, "2024_26_3_1": 8.332088995072422}