{"2023_26_12": 0.29624753127057274, "2023_32_6": 0.016458196181698484, "2023_38_9": 0.016458196181698484, "2023_44_1": 0.016458196181698484, "2023_44_30_5_1": 0.008229098090849242, "2023_44_30_8": 0.10697827518104015, "2023_44_30_9": 0.008229098090849242, "2023_44_30_13": 0.016458196181698484, "2023_44_30_14": 0.6994733377221857, "2023_44_30_20": 0.008229098090849242, "2023_44_30_25": 0.08229098090849242, "2023_44_30_30": 0.18926925608953254, "2024_2_6": 0.03291639236339697, "2024_2_7": 0.683015141540487, "2024_2_8": 0.024687294272547726, "2024_2_12": 0.008229098090849242, "2024_2_13": 0.008229098090849242, "2024_3_6": 0.3538512179065174, "2024_3_10": 1.2425938117182356, "2024_3_15": 6.94535878867676, "2024_3_20": 0.7241606319947332, "2024_3_25": 40.13331138907175, "2024_8_4": 0.14812376563528637, "2024_8_7": 0.3620803159973666, "2024_8_8": 0.016458196181698484, "2024_8_9": 24.53094140882159, "2024_8_12": 0.08229098090849242, "2024_14_3": 1.9009216589861748, "2024_14_5": 0.09052007899934165, "2024_14_6": 21.247531270572743}