{"2024_14_7": 0.03441866868589523, "2024_14_8": 0.12390720726922283, "2024_14_9": 2.5882838851793215, "2024_15_15": 3.916844496454877, "2024_20_1": 0.6401872375576514, "2024_20_3": 0.21339574585255042, "2024_20_6": 0.006883733737179047, "2024_20_6_2": 0.14455840848076, "2024_20_7": 2.5951676189165007, "2024_20_8": 0.013767467474358095, "2024_20_9": 8.391271425621257, "2024_20_9_1": 0.006883733737179047, "2024_20_10": 0.1032560060576857, "2024_20_15": 0.38548908928202663, "2024_21_5": 0.592001101397398, "2024_26_1": 0.006883733737179047, "2024_26_3_1": 2.1959110621601154, "2024_26_4": 0.02065120121153714, "2024_26_6": 1.15646726784608, "2024_26_7": 26.908515178632893, "2024_26_8": 23.3909272389344, "2024_26_10": 5.940662215185517, "2024_26_11": 1.1082811316858265, "2024_26_20": 4.584566668961245, "2024_27_5": 1.927445446410133, "2024_27_10": 0.02065120121153714, "2024_32": 0.08948853858332761, "2024_32_3": 12.893233289736356}