{"2022_45_13": 0.03247104665007035, "2022_45_15": 0.14611970992531662, "2023_2_12": 0.1298841866002814, "2023_2_301": 0.010823682216690118, "2023_6_8": 0.010823682216690118, "2023_6_11": 0.0270592055417253, "2023_7_10": 0.8929537828769348, "2023_7_15": 0.822599848468449, "2023_7_20": 27.29732655049248, "2023_7_26": 0.41671176534256954, "2023_12_1": 0.005411841108345059, "2023_12_1_1": 0.043294728866760473, "2023_12_5": 0.13529602770862648, "2023_12_5_4": 0.03247104665007035, "2023_12_9": 0.09741313995021107, "2023_12_9_1": 0.03788288775841542, "2023_12_10": 0.16235523325035178, "2023_12_11": 0.22729732655049245, "2023_20_4_1": 0.184002597683732, "2023_20_7": 0.5195367464011256, "2023_20_8": 0.48165385864271026, "2023_20_9": 12.690767399069161, "2023_26_1": 0.6873038207598225, "2023_26_3": 0.03788288775841542, "2023_26_6": 0.40047624201753435, "2023_26_7": 21.625717068946855, "2023_26_8": 32.84446368654616}