{"2023_6_11": 0.014031149151115476, "2023_7_10": 0.2478836350030401, "2023_7_15": 0.17772788924746272, "2023_7_20": 5.158785837893457, "2023_7_26": 0.08418689490669286, "2023_7_30": 22.417099293765492, "2023_12_1": 0.004677049717038491, "2023_12_1_1": 0.03273934801926944, "2023_12_5": 0.07483279547261586, "2023_12_5_4": 0.009354099434076982, "2023_12_9": 0.07015574575557738, "2023_12_9_1": 0.02338524858519246, "2023_12_10": 0.07483279547261586, "2023_12_11": 0.08886394462373136, "2023_20_4_1": 0.13563444179411627, "2023_20_7": 0.20111313783265516, "2023_20_8": 0.2432065852860016, "2023_20_9": 5.9632383892240775, "2023_26_1": 0.35545577849492543, "2023_26_3": 0.018708198868153964, "2023_26_6": 0.13563444179411627, "2023_26_7": 7.894859922360974, "2023_26_8": 20.635143351573827, "2023_26_9": 25.868761984939898, "2023_26_10": 1.4171460642626632, "2023_26_11": 1.52004115803751, "2023_32_1": 6.019362985828539, "2023_32_4": 1.113137832655161}