{"2024_3_6": 0.12188433176915107, "2024_3_10": 0.4875373270766043, "2024_3_15": 2.6936437320982387, "2024_3_20": 0.17063806447681149, "2024_3_25": 9.257114997867024, "2024_8_3": 0.006094216588457553, "2024_8_4": 0.04265951611920287, "2024_8_7": 0.2254860137729295, "2024_8_8": 0.012188433176915106, "2024_8_9": 5.2714973490157835, "2024_8_12": 0.04265951611920287, "2024_9_5": 0.006094216588457553, "2024_14_3": 0.2559570967152172, "2024_14_5": 0.03047108294228777, "2024_14_6": 2.1207873727832283, "2024_14_7": 0.8592845389725151, "2024_14_8": 2.699737948686696, "2024_14_9": 29.18520324212322, "2024_14_11": 0.0792248156499482, "2024_15_10": 0.006094216588457553, "2024_15_15": 0.5301968431958071, "2024_20_1": 9.848254006947407, "2024_20_3": 5.338533731488817, "2024_20_6": 1.103053202510817, "2024_20_6_1": 0.03047108294228777, "2024_20_6_2": 8.154061795356208, "2024_20_7": 21.092083612651592, "2024_20_8": 0.32908769577670793}