{"2023_32_6": 0.016436554898093363, "2023_38_9": 0.016436554898093363, "2023_44_1": 0.016436554898093363, "2023_44_30_8": 0.09861932938856019, "2023_44_30_9": 0.008218277449046681, "2023_44_30_13": 0.016436554898093363, "2023_44_30_14": 0.6821170282708746, "2023_44_30_20": 0.008218277449046681, "2023_44_30_25": 0.07396449704142012, "2023_44_30_30": 0.1890203813280737, "2024_2_6": 0.032873109796186725, "2024_2_7": 0.6738987508218278, "2024_2_8": 0.024654832347140047, "2024_2_12": 0.008218277449046681, "2024_2_13": 0.008218277449046681, "2024_3_6": 0.34516765285996065, "2024_3_10": 1.216305062458909, "2024_3_15": 6.919789612097304, "2024_3_20": 0.7149901380670614, "2024_3_25": 40.31886916502302, "2024_8_4": 0.13971071663379359, "2024_8_7": 0.39447731755424076, "2024_8_8": 0.016436554898093363, "2024_8_9": 24.474030243261016, "2024_8_12": 0.08218277449046682, "2024_9_5": 0.008218277449046681, "2024_14_3": 1.9066403681788302, "2024_14_5": 0.0904010519395135, "2024_14_6": 21.37573964497042, "2024_14_7": 0.12327416173570022}