{"2023_44_30_5_1": 0.019190174630589134, "2023_44_30_8": 0.569308514040811, "2023_44_30_9": 0.03838034926117827, "2023_44_30_13": 0.019190174630589134, "2023_44_30_14": 2.3987718288236417, "2023_44_30_20": 0.019190174630589134, "2023_44_30_25": 1.6439582933538026, "2023_44_30_30": 0.36461331798119356, "2024_2_2_1": 0.006396724876863046, "2024_2_3": 0.012793449753726092, "2024_2_6": 0.044777074138041315, "2024_2_7": 8.86586067933218, "2024_2_8": 0.7036397364549349, "2024_2_12": 0.025586899507452184, "2024_2_13": 0.044777074138041315, "2024_3_6": 1.1833941022196632, "2024_3_10": 7.848781423910955, "2024_3_15": 6.966033390903855, "2024_3_20": 0.7612102603467024, "2024_3_25": 29.05392439071195, "2024_8_3": 0.06396724876863046, "2024_8_4": 1.5991812192157613, "2024_8_7": 4.778353483016694, "2024_8_8": 0.07676069852235654, "2024_8_9": 30.256508667562205, "2024_8_12": 0.07676069852235654, "2024_14_3": 1.4904368963090897, "2024_14_5": 0.1855050214290283, "2024_14_6": 0.8827480330071003}