{"2022_40_4": 0.01667129758266185, "2022_40_4_1": 0.011114198388441233, "2022_40_4_2": 0.0333425951653237, "2022_44_2": 0.05001389274798555, "2022_44_25_2": 0.0333425951653237, "2022_44_25_3": 0.2500694637399277, "2022_44_25_5": 0.10558488469019171, "2022_44_30": 0.2278410669630453, "2022_44_30_1": 0.005557099194220616, "2022_44_30_2": 0.022228396776882466, "2022_44_30_5": 0.30564045568213394, "2022_44_30_10": 2.272853570436232, "2022_45_10": 0.005557099194220616, "2022_45_11": 0.0666851903306474, "2022_45_12": 1.7115865518199498, "2022_45_13": 2.567379827729925, "2022_45_14": 0.04445679355376493, "2022_45_15": 26.118366212836897, "2023_2_0_5": 0.022228396776882466, "2023_2_10": 0.5390386218393999, "2023_2_11": 0.05557099194220616, "2023_2_12": 18.199499861072518, "2023_2_13": 0.01667129758266185, "2023_2_301": 0.08335648791330924, "2023_6_1": 0.1000277854959711, "2023_6_8": 23.567657682689635, "2023_6_9": 2.2283967768824673, "2023_6_11": 21.06696304529036, "2023_6_11_2": 0.2722978605168102}