{"2023_7_20": 0.0320358801858081, "2023_7_30": 0.08008970046452024, "2023_12_9": 0.01601794009290405, "2023_12_9_1": 0.0106786267286027, "2023_20_4_1": 0.0213572534572054, "2023_20_7": 0.0106786267286027, "2023_20_9": 0.0320358801858081, "2023_26_3": 0.00533931336430135, "2023_26_7": 0.0106786267286027, "2023_26_8": 0.0640717603716162, "2023_26_9": 0.06941107373591755, "2023_26_10": 0.00533931336430135, "2023_26_11": 0.00533931336430135, "2023_26_12": 0.7475038710021891, "2023_27_6": 0.11746489401462971, "2023_27_7": 19.782156014736504, "2023_27_12": 8.185167387473971, "2023_32_4": 0.14416146083613648, "2023_32_6": 0.106786267286027, "2023_32_7": 0.22425116130065673, "2023_32_9": 2.151743285813444, "2023_38_1": 0.00533931336430135, "2023_38_4": 0.0106786267286027, "2023_38_6": 12.798334134230338, "2023_38_8": 0.3310374285866838, "2023_38_9": 9.285065940520049, "2023_44_1": 45.73655827860537, "2023_44_25": 0.0106786267286027}