{"2024_20_15": 0.2769060365515969, "2024_21_5": 0.3815149836933112, "2024_26_3_1": 1.298381638053043, "2024_26_4": 0.018460402436773122, "2024_26_6": 0.6522675527659836, "2024_26_7": 8.8609931696511, "2024_26_8": 6.5657498000123065, "2024_26_10": 1.901421450987632, "2024_26_11": 0.2769060365515969, "2024_26_20": 1.5629807396467914, "2024_27_5": 0.3138268414251431, "2024_27_10": 1.1876192234324043, "2024_27_25": 5.033536397760138, "2024_32": 0.030767337394621872, "2024_32_3": 7.784136360839334, "2024_32_4_1": 0.3999753861300843, "2024_32_4_2": 0.030767337394621872, "2024_32_5_3": 0.024613869915697497, "2024_32_5_4": 0.036920804873546244, "2024_32_6": 4.8550858408713315, "2024_32_7": 33.00719955695035, "2024_32_9": 0.5107378007507231, "2024_32_10": 23.567780444280352, "2024_32_20": 0.1846040243677312, "2024_32_20_1": 1.0214756015014461, "2024_38": 0.012306934957848749, "2024_38_2": 0.20306442680450434}