{"2022_44_25_2": 0.016037634983427782, "2022_44_25_3": 0.05880466160590187, "2022_44_25_5": 0.0267293916390463, "2022_44_30": 0.0534587832780926, "2022_44_30_5": 0.01069175665561852, "2022_44_30_10": 0.1069175665561852, "2022_45_11": 0.00534587832780926, "2022_45_12": 0.05880466160590187, "2022_45_13": 0.14433871485085004, "2022_45_15": 5.650593392494389, "2023_2_10": 0.10157168822837594, "2023_2_11": 0.00534587832780926, "2023_2_12": 0.5399337111087352, "2023_2_301": 0.01069175665561852, "2023_6_8": 0.13899283652304076, "2023_6_11": 0.7323853309098687, "2023_7_5": 0.18710574147332412, "2023_7_10": 25.633486581845403, "2023_12_1": 0.09087993157275742, "2023_12_1_1": 0.2940233080295093, "2023_12_5": 24.8797177376243, "2023_12_5_3": 0.1069175665561852, "2023_12_5_4": 0.6896183042873947, "2023_12_8": 0.08018817491713892, "2023_12_9": 37.715171602694326, "2023_12_9_1": 0.6735806693039669, "2023_12_10": 1.9565914679781895, "2023_12_11": 0.032075269966855564}