{"2023_6_11": 0.013515948819607139, "2023_7_10": 0.21625518111371422, "2023_7_15": 0.14417012074247612, "2023_7_20": 4.473779059289963, "2023_7_26": 0.08109569291764282, "2023_7_30": 22.742836547125613, "2023_12_1": 0.004505316273202379, "2023_12_1_1": 0.03153721391241665, "2023_12_5": 0.07659037664444045, "2023_12_5_4": 0.009010632546404758, "2023_12_9": 0.07208506037123806, "2023_12_9_1": 0.022526581366011895, "2023_12_10": 0.0856010091908452, "2023_12_11": 0.09010632546404758, "2023_20_4_1": 0.13515948819607138, "2023_20_7": 0.16219138583528564, "2023_20_8": 0.2342764462065237, "2023_20_9": 5.3117678861056055, "2023_26_1": 0.3198774553973689, "2023_26_3": 0.013515948819607139, "2023_26_6": 0.11713822310326184, "2023_26_7": 5.987565327085961, "2023_26_8": 14.73238421337178, "2023_26_9": 18.201477743737613, "2023_26_10": 0.9145792034600829, "2023_26_11": 0.8244728779960353, "2023_27_5": 0.009010632546404758, "2023_32_1": 2.4914398990809152, "2023_32_4": 22.481528203279872}