{"2022_44_25_5": 0.04865653889819971, "2022_44_30": 0.09731307779639942, "2022_44_30_2": 0.016218846299399903, "2022_44_30_5": 0.016218846299399903, "2022_44_30_10": 0.1459696166945991, "2022_45_11": 0.021625128399199868, "2022_45_12": 0.09731307779639942, "2022_45_13": 0.23787641239119858, "2022_45_15": 30.280586040979617, "2023_2_0_5": 0.010812564199599934, "2023_2_10": 0.14056333459479914, "2023_2_11": 0.005406282099799967, "2023_2_12": 1.319132832351192, "2023_2_13": 0.016218846299399903, "2023_2_201": 0.005406282099799967, "2023_2_301": 0.010812564199599934, "2023_6_8": 0.32437692598799805, "2023_6_9": 0.016218846299399903, "2023_6_11": 0.43790885008379743, "2023_6_11_2": 0.005406282099799967, "2023_7_5": 0.9623182137643942, "2023_12_1": 0.486565388981997, "2023_12_1_1": 3.1302373357841815, "2023_12_5": 33.8865762015462, "2023_12_5_3": 0.19462615559279883, "2023_12_5_4": 0.508190517381197, "2023_12_8": 0.1838135913931989, "2023_12_9": 26.19884305563064, "2023_12_9_1": 0.005406282099799967, "2023_12_10": 1.189382061955993}