{"2023_12_9": 0.054360487691232445, "2023_12_9_1": 0.0155315679117807, "2023_12_10": 0.06600916362506797, "2023_12_11": 0.0621262716471228, "2023_20_4_1": 0.089306515492739, "2023_20_7": 0.0621262716471228, "2023_20_8": 0.11648675933835526, "2023_20_9": 2.8694571717014843, "2023_26_1": 0.16308146307369734, "2023_26_3": 0.011648675933835523, "2023_26_6": 0.054360487691232445, "2023_26_7": 2.0385182884212165, "2023_26_8": 3.937252465636407, "2023_26_9": 4.946804379902153, "2023_26_10": 0.30674846625766883, "2023_26_11": 0.2756853304341074, "2023_26_12": 0.7882270715228704, "2023_27_6": 10.212005901995811, "2023_27_7": 12.258289974372916, "2023_32_1": 0.3688747379047916, "2023_32_4": 3.2655121534518923, "2023_32_6": 14.964665683000705, "2023_32_7": 23.996272423701182, "2023_32_9": 18.72330511765163, "2023_38_1": 0.3494602780150657, "2023_38_4": 0.003882891977945175}