{"2022_45_13": 0.03251680034684587, "2022_45_15": 0.1463256015608064, "2023_2_12": 0.13006720138738348, "2023_2_301": 0.010838933448948625, "2023_6_8": 0.010838933448948625, "2023_6_11": 0.02709733362237156, "2023_7_10": 0.8942120095382614, "2023_7_15": 0.8237589421200955, "2023_7_20": 27.30327335790158, "2023_7_26": 0.417298937784522, "2023_12_1": 0.0054194667244743125, "2023_12_1_1": 0.0433557337957945, "2023_12_5": 0.13548666811185778, "2023_12_5_4": 0.03251680034684587, "2023_12_9": 0.09755040104053761, "2023_12_9_1": 0.03793626707132018, "2023_12_10": 0.16258400173422935, "2023_12_11": 0.2384565358768697, "2023_20_4_1": 0.18426186863212662, "2023_20_7": 0.5256882722740083, "2023_20_8": 0.4823325384782137, "2023_20_9": 12.73032733579016, "2023_26_1": 0.693691740732712, "2023_26_3": 0.03793626707132018, "2023_26_6": 0.4064600043355734, "2023_26_7": 21.67786689789725, "2023_26_8": 32.71190114892694}