{"2024_32_9_1": 0.014226774790155071, "2024_32_10": 16.16872954901124, "2024_32_20": 0.09247403613600795, "2024_32_20_1": 0.22762839664248113, "2024_33_5": 15.976668089344145, "2024_33_15": 0.4481434058898847, "2024_33_25": 0.1849480722720159, "2024_33_30": 0.014226774790155071, "2024_33_35": 6.245554132878076, "2024_33_40": 0.8038127756437615, "2024_38": 0.0071133873950775355, "2024_38_2": 1.5791720017072126, "2024_38_4": 0.17783468487693838, "2024_38_6": 1.7570066865841512, "2024_38_7": 4.865556978233034, "2024_39_5": 0.9603072983354672, "2024_39_15": 0.2062882344572485, "2024_44_1": 0.21340162185232606, "2024_44_3": 0.7824726134585288, "2024_44_3_1": 19.910371318822023, "2024_44_4": 0.6259780907668231, "2024_44_25_2": 13.20956039265898, "2024_44_25_3": 0.44103001849480716, "2024_44_25_4": 0.6686584151372884, "2024_45_25_5": 3.578033859724001, "2024_45_25_6": 0.8322663252240715, "2024_45_25_10": 0.30587565798833405, "2024_45_25_15": 0.27030872101294634, "2024_45_32": 4.339166310997297, "2024_45_32_1": 5.093185374875516}