{"2022_44_25_2": 0.016346992153443766, "2022_44_25_3": 0.059938971229293814, "2022_44_25_5": 0.027244986922406282, "2022_44_30": 0.059938971229293814, "2022_44_30_2": 0.010897994768962513, "2022_44_30_10": 0.10353095030514385, "2022_45_11": 0.005448997384481256, "2022_45_12": 0.059938971229293814, "2022_45_13": 0.1471229293809939, "2022_45_15": 6.822144725370531, "2023_2_10": 0.10353095030514385, "2023_2_11": 0.005448997384481256, "2023_2_12": 0.768308631211857, "2023_2_201": 0.005448997384481256, "2023_2_301": 0.010897994768962513, "2023_6_8": 0.13622493461203136, "2023_6_11": 0.5340017436791631, "2023_7_5": 0.23430688753269402, "2023_7_10": 24.37881429816914, "2023_12_1": 0.10353095030514385, "2023_12_1_1": 0.3160418482999128, "2023_12_5": 26.809067131647772, "2023_12_5_3": 0.10897994768962513, "2023_12_5_4": 0.681124673060157, "2023_12_8": 0.0871839581517001, "2023_12_9": 36.35571054925894, "2023_12_9_1": 0.13077593722755013, "2023_12_10": 1.918047079337402}