{"2023_7_30": 5.588066551921973, "2023_12_1_1": 0.030598584815452284, "2023_12_5": 0.05737234652897303, "2023_12_9": 0.05737234652897303, "2023_12_9_1": 0.019124115509657678, "2023_12_10": 0.07649646203863071, "2023_12_11": 0.06502199273283611, "2023_20_4_1": 0.09562057754828839, "2023_20_7": 0.08032128514056226, "2023_20_8": 0.14151845477146685, "2023_20_9": 2.994836488812392, "2023_26_1": 0.1721170395869191, "2023_26_3": 0.011474469305794606, "2023_26_6": 0.05737234652897303, "2023_26_7": 2.24134633773188, "2023_26_8": 4.452094090648308, "2023_26_9": 6.196213425129087, "2023_26_10": 0.5698986421877988, "2023_26_11": 0.4130808950086058, "2023_26_12": 0.699942627653471, "2023_27_6": 20.214190093708165, "2023_32_1": 0.43220501051826354, "2023_32_4": 4.172882004207305, "2023_32_6": 17.86192388602027, "2023_32_7": 33.07707018550392, "2023_32_9": 0.21801491681009755, "2023_38_1": 0.0038248231019315355}