{"2022_44_25_3": 0.055595708011341505, "2022_44_25_5": 0.03335742480680491, "2022_44_30": 0.10007227442041472, "2022_44_30_2": 0.016678712403402456, "2022_44_30_5": 0.011119141602268304, "2022_44_30_10": 0.13898927002835376, "2022_45_11": 0.016678712403402456, "2022_45_12": 0.07783399121587811, "2022_45_13": 0.21126369044309778, "2022_45_15": 18.958136431867455, "2023_2_10": 0.10007227442041472, "2023_2_11": 0.005559570801134152, "2023_2_12": 1.0785567354200254, "2023_2_201": 0.005559570801134152, "2023_2_301": 0.011119141602268304, "2023_6_8": 0.13342969922721964, "2023_6_9": 0.005559570801134152, "2023_6_11": 0.25018068605103677, "2023_7_5": 0.31133596486351245, "2023_7_10": 12.297770612108742, "2023_12_1": 0.12231055762495133, "2023_12_1_1": 0.3224551064657808, "2023_12_5": 28.33157280257963, "2023_12_5_3": 0.11675098682381718, "2023_12_5_4": 0.6560293545338298, "2023_12_8": 0.11675098682381718, "2023_12_9": 34.89742591871907, "2023_12_9_1": 0.005559570801134152, "2023_12_10": 1.6122755323289037}