{"2023_44_1": 12.568460812086874, "2023_44_30_1": 0.13220018885741264, "2023_44_30_2": 0.3966005665722379, "2023_44_30_3": 0.00944287063267233, "2023_44_30_4": 0.25023607176581675, "2023_44_30_5_1": 4.353163361661943, "2023_44_30_6": 0.8262511803588289, "2023_44_30_7": 0.7554296506137864, "2023_44_30_8": 19.754485363550515, "2023_44_30_9": 4.471199244570348, "2023_44_30_10": 0.004721435316336165, "2023_44_30_12": 0.014164305949008495, "2023_44_30_13": 0.38715769593956556, "2023_44_30_14": 13.323890462700657, "2023_44_30_16": 0.05193578847969781, "2023_44_30_20": 0.22662889518413593, "2023_44_30_25": 0.16525023607176578, "2024_2_2": 0.0802644003777148, "2024_2_2_1": 4.9905571293673265, "2024_2_3": 1.3078375826251176, "2024_2_6": 2.1482530689329553, "2024_2_7": 31.029272898961274, "2024_2_8": 2.346553352219074, "2024_8_3": 0.40604343720491015}