{"2023_32_6": 0.08738288266420699, "2023_32_7": 0.13592892858876646, "2023_32_9": 1.1359774746346911, "2023_38_1": 0.004854604592455945, "2023_38_4": 0.00970920918491189, "2023_38_6": 6.937229962619545, "2023_38_8": 0.16991116073595805, "2023_38_9": 3.7234817224137093, "2023_38_9_1": 0.2087479974756056, "2023_44_1": 16.52021942812758, "2023_44_9_1": 0.00970920918491189, "2023_44_9_2": 0.004854604592455945, "2023_44_25": 0.004854604592455945, "2023_44_30_1": 0.23302102043788528, "2023_44_30_2": 0.5825525510947133, "2023_44_30_3": 0.00970920918491189, "2023_44_30_4": 0.4029321811738434, "2023_44_30_5_1": 6.937229962619545, "2023_44_30_6": 1.3544346812952084, "2023_44_30_7": 1.2670517986310015, "2023_44_30_8": 47.39065003155493, "2023_44_30_9": 12.670517986310015, "2023_44_30_10": 0.004854604592455945, "2023_44_30_12": 0.01941841836982378, "2023_44_30_13": 0.17476576532841398}