{"2022_44_25_2": 0.01616205150307079, "2022_44_25_3": 0.059260855511259564, "2022_44_25_5": 0.02693675250511798, "2022_44_30": 0.05387350501023596, "2022_44_30_5": 0.010774701002047193, "2022_44_30_10": 0.10235965951944832, "2022_45_11": 0.005387350501023597, "2022_45_12": 0.059260855511259564, "2022_45_13": 0.1400711130266135, "2022_45_15": 6.060769313651545, "2023_2_10": 0.10235965951944832, "2023_2_11": 0.005387350501023597, "2023_2_12": 0.6033832561146428, "2023_2_201": 0.005387350501023597, "2023_2_301": 0.010774701002047193, "2023_6_8": 0.1400711130266135, "2023_6_11": 0.6841935136299967, "2023_7_5": 0.20471931903889665, "2023_7_10": 25.180476241784287, "2023_12_1": 0.09697230901842473, "2023_12_1_1": 0.3178536795603921, "2023_12_5": 25.870057105915308, "2023_12_5_3": 0.10774701002047192, "2023_12_5_4": 0.6895808641310204, "2023_12_8": 0.08619760801637755, "2023_12_9": 37.231979312574076, "2023_12_9_1": 0.16700786553173147, "2023_12_10": 1.9394461803684946, "2023_12_11": 0.021549402004094387}