{"2024_26_10": 1.5601540570533323, "2024_26_11": 0.24805796723023696, "2024_26_20": 1.41001370846661, "2024_27_5": 0.2741693322018408, "2024_27_10": 0.7833409491481168, "2024_27_25": 3.675174619753248, "2024_32": 0.032639206214504855, "2024_32_3": 6.234088386970429, "2024_32_4_1": 0.3068085384163457, "2024_32_4_2": 0.026111364971603893, "2024_32_5_3": 0.01958352372870292, "2024_32_5_4": 0.032639206214504855, "2024_32_6": 3.100724590377962, "2024_32_7": 12.507343821398262, "2024_32_9": 0.052222729943207785, "2024_32_9_1": 0.1697238723154253, "2024_32_10": 29.25125660943926, "2024_32_20": 0.11750114237221751, "2024_32_20_1": 0.3394477446308506, "2024_33_5": 18.73490436712579, "2024_33_15": 1.1032051700502645, "2024_33_25": 1.1293165350218681, "2024_33_30": 0.11750114237221751, "2024_33_35": 0.9073699327632351, "2024_38": 0.006527841242900973, "2024_38_2": 4.562961028787779, "2024_38_4": 0.4047261570598603, "2024_38_6": 12.89248645472942}