{"2023_32_9": 0.033855268726195514, "2023_38_9": 0.050782903089293265, "2023_44_1": 0.042319085907744386, "2023_44_30_5_1": 0.025391451544646632, "2023_44_30_6": 0.025391451544646632, "2023_44_30_7": 0.008463817181548879, "2023_44_30_8": 1.7012272534913244, "2023_44_30_9": 0.042319085907744386, "2023_44_30_13": 0.042319085907744386, "2023_44_30_14": 6.457892509521794, "2023_44_30_16": 0.025391451544646632, "2023_44_30_20": 0.05924672027084215, "2023_44_30_25": 17.85019043588659, "2023_44_30_30": 1.0156580617858653, "2024_2_2_1": 0.033855268726195514, "2024_2_3": 0.016927634363097757, "2024_2_6": 0.06771053745239103, "2024_2_7": 42.39526026237833, "2024_2_7_1": 0.008463817181548879, "2024_2_8": 3.343207786711807, "2024_2_12": 0.08463817181548877, "2024_2_13": 0.5247566652560305, "2024_3_6": 5.0528988573846805, "2024_8_3": 0.26237833262801524, "2024_8_4": 8.971646212441811, "2024_8_7": 11.857807871349978}