{"2024_20_7": 1.816847127913378, "2024_20_9": 5.878754511531167, "2024_20_10": 0.06117330397014741, "2024_20_15": 0.30586651985073704, "2024_21_5": 0.40374380620297284, "2024_26_1": 0.006117330397014741, "2024_26_3_1": 1.4498073040924937, "2024_26_4": 0.018351991191044224, "2024_26_6": 0.7401969780387837, "2024_26_7": 10.852144124304152, "2024_26_8": 7.750657613017678, "2024_26_10": 2.3735241940417193, "2024_26_11": 0.3242185110417813, "2024_26_20": 1.8413164495014374, "2024_27_5": 0.4404477885850614, "2024_27_10": 1.6272098856059212, "2024_27_25": 19.532635957668067, "2024_32": 0.030586651985073706, "2024_32_3": 14.027038600354802, "2024_32_4_1": 0.8074876124059457, "2024_32_4_2": 0.06729063436716215, "2024_32_5_3": 0.03670398238208845, "2024_32_5_4": 0.11011194714626535, "2024_32_6": 25.105523949348502, "2024_32_10": 3.5358169694745207, "2024_32_20": 0.8564262555820638}