{"2022_45_13": 0.03426222019186844, "2022_45_15": 0.1484696208314299, "2023_2_10": 0.01713111009593422, "2023_2_12": 0.2169940612151668, "2023_2_301": 0.011420740063956146, "2023_6_8": 0.02855185015989037, "2023_6_11": 0.051393330287802665, "2023_7_10": 0.9936043855641847, "2023_7_15": 0.8736866148926452, "2023_7_20": 27.558245774326185, "2023_7_26": 0.4339881224303336, "2023_12_1": 0.01713111009593422, "2023_12_1_1": 0.06281407035175882, "2023_12_5": 0.31407035175879405, "2023_12_5_4": 0.12562814070351763, "2023_12_9": 0.15417999086340797, "2023_12_9_1": 0.051393330287802665, "2023_12_10": 0.18273184102329834, "2023_12_11": 0.4454088624942897, "2023_20_4_1": 0.30835998172681595, "2023_20_7": 0.6167199634536319, "2023_20_8": 0.6110095934216538, "2023_20_9": 18.4387848332572, "2023_26_1": 0.8394243947007768, "2023_26_3": 0.051393330287802665, "2023_26_6": 0.5539058931018731, "2023_26_7": 41.29168570123345, "2023_26_8": 5.5676107811786215}