{"2022_44_25_2": 0.01644195988161789, "2022_44_25_3": 0.06028718623259894, "2022_44_25_5": 0.02740326646936315, "2022_44_30": 0.06576783952647156, "2022_44_30_2": 0.010961306587745261, "2022_44_30_10": 0.10413241258357996, "2022_45_11": 0.0054806532938726305, "2022_45_12": 0.0548065329387263, "2022_45_13": 0.14797763893456103, "2022_45_15": 7.2892688808505985, "2023_2_10": 0.10413241258357996, "2023_2_11": 0.0054806532938726305, "2023_2_12": 0.8769045270196208, "2023_2_201": 0.0054806532938726305, "2023_2_301": 0.010961306587745261, "2023_6_8": 0.13701633234681576, "2023_6_11": 0.4384522635098104, "2023_7_5": 0.24662939822426835, "2023_7_10": 23.9888194672805, "2023_12_1": 0.10413241258357996, "2023_12_1_1": 0.3233585443384852, "2023_12_5": 27.10183053820016, "2023_12_5_3": 0.1096130658774526, "2023_12_5_4": 0.6796010084402062, "2023_12_8": 0.08769045270196209, "2023_12_9": 36.01337279403705, "2023_12_9_1": 0.08769045270196209, "2023_12_10": 1.8963060396799303}