{"2023_12_5": 0.011210133961100837, "2023_12_9": 0.011210133961100837, "2023_12_9_1": 0.016815200941651252, "2023_12_11": 0.011210133961100837, "2023_20_4_1": 0.022420267922201673, "2023_20_7": 0.022420267922201673, "2023_20_9": 0.028025334902752087, "2023_26_1": 0.005605066980550418, "2023_26_3": 0.005605066980550418, "2023_26_7": 0.011210133961100837, "2023_26_8": 0.08407600470825627, "2023_26_9": 0.10089120564990753, "2023_26_10": 0.011210133961100837, "2023_26_11": 0.005605066980550418, "2023_26_12": 0.9528613866935711, "2023_27_6": 0.15694187545541172, "2023_27_7": 28.344823720643465, "2023_27_11": 0.016815200941651252, "2023_31_600": 0.028025334902752087, "2023_32_1": 0.005605066980550418, "2023_32_4": 0.28585841600807127, "2023_32_6": 0.7959195112381592, "2023_32_7": 1.1882741998766886, "2023_32_9": 8.760719690600304, "2023_38_1": 0.005605066980550418, "2023_38_4": 0.26904321506642004, "2023_38_6": 50.8940081833978, "2023_38_8": 1.2275096687405413, "2023_38_9": 6.7204753096799505}