{"2022_44_25_2": 0.01628045802355239, "2022_44_25_3": 0.059695012753025446, "2022_44_25_5": 0.027134096705920655, "2022_44_30": 0.059695012753025446, "2022_44_30_2": 0.010853638682368261, "2022_44_30_10": 0.10310956748249848, "2022_45_11": 0.005426819341184131, "2022_45_12": 0.059695012753025446, "2022_45_13": 0.14652412221197156, "2022_45_15": 6.490475932056221, "2023_2_10": 0.10310956748249848, "2023_2_11": 0.005426819341184131, "2023_2_12": 0.705486514353937, "2023_2_201": 0.005426819341184131, "2023_2_301": 0.010853638682368261, "2023_6_8": 0.1356704835296033, "2023_6_11": 0.5969501275302544, "2023_7_5": 0.22249959298854938, "2023_7_10": 24.71916209909372, "2023_12_1": 0.10310956748249848, "2023_12_1_1": 0.31475552178867966, "2023_12_5": 26.461171107613822, "2023_12_5_3": 0.10853638682368262, "2023_12_5_4": 0.6837792369892005, "2023_12_8": 0.08682910945894609, "2023_12_9": 36.67987192706354, "2023_12_9_1": 0.14652412221197156, "2023_12_10": 1.931947685461551}