{"2024_32_7": 7.648462354188762, "2024_32_9": 0.03976670201484625, "2024_32_9_1": 0.013255567338282086, "2024_32_10": 15.26378579003182, "2024_32_20": 0.08616118769883353, "2024_32_20_1": 0.21208907741251337, "2024_33_5": 15.170996818663843, "2024_33_15": 0.41755037115588556, "2024_33_25": 0.18557794273594916, "2024_33_30": 0.013255567338282086, "2024_33_35": 5.911983032873809, "2024_33_40": 0.7489395546129376, "2024_38": 0.006627783669141043, "2024_38_2": 1.4713679745493111, "2024_38_4": 0.16569459172852602, "2024_38_6": 1.65694591728526, "2024_38_7": 4.6261930010604475, "2024_39_5": 0.9080063626723226, "2024_39_15": 0.23860021208907747, "2024_44_1": 0.1988335100742312, "2024_44_3": 0.7555673382820788, "2024_44_3_1": 18.809650053022274, "2024_44_4": 0.5302226935312834, "2024_44_25_2": 12.904294803817606, "2024_44_25_3": 0.63626723223754, "2024_44_25_4": 0.5501060445387065, "2024_45_25_5": 2.9493637327677633, "2024_45_25_6": 0.649522799575822, "2024_45_32": 7.230911983032877}