{"2022_44_25_3": 0.06051603674973869, "2022_44_25_5": 0.02200583154535952, "2022_44_30": 0.0275072894316994, "2022_44_30_2": 0.01100291577267976, "2022_44_30_5": 0.01100291577267976, "2022_44_30_10": 0.09352478406777798, "2022_45_11": 0.00550145788633988, "2022_45_12": 0.0550145788633988, "2022_45_13": 0.1100291577267976, "2022_45_15": 1.512900918743467, "2023_2_10": 0.06601749463607856, "2023_2_12": 0.26406997854431424, "2023_2_301": 0.01100291577267976, "2023_6_8": 0.06051603674973869, "2023_6_11": 0.23656268911261485, "2023_7_5": 0.038510205204379165, "2023_7_10": 14.71089838807284, "2023_7_15": 15.343566045001927, "2023_12_1": 0.04401166309071904, "2023_12_1_1": 0.11553061561313747, "2023_12_5": 9.044396765142762, "2023_12_5_4": 0.5226384992022887, "2023_12_8": 0.00550145788633988, "2023_12_9": 14.947461077185457, "2023_12_9_1": 10.59580788909061, "2023_12_10": 1.6119271606975853, "2023_12_11": 2.877262474555758, "2023_20_4_1": 27.59531275788084}