{"2024_27_25": 2.8288714866751654, "2024_32": 0.030352698354883745, "2024_32_3": 4.977842530200935, "2024_32_4_1": 0.2124688884841862, "2024_32_4_2": 0.024282158683907, "2024_32_5_3": 0.01821161901293025, "2024_32_5_4": 0.024282158683907, "2024_32_6": 2.3675104716809323, "2024_32_7": 7.223942208462332, "2024_32_9": 0.0364232380258605, "2024_32_9_1": 0.01821161901293025, "2024_32_10": 14.793905178170338, "2024_32_20": 0.07891701572269774, "2024_32_20_1": 0.20639834881320948, "2024_33_5": 15.72876828750076, "2024_33_15": 0.3945850786134887, "2024_33_25": 0.17604565045832574, "2024_33_30": 0.0121410793419535, "2024_33_35": 6.707946336429309, "2024_33_40": 1.3294481879439082, "2024_38": 0.00607053967097675, "2024_38_2": 1.4387179020214895, "2024_38_4": 0.15176349177441875, "2024_38_6": 1.620834092150792, "2024_38_7": 5.111394402962423, "2024_39_5": 1.1898257755114428, "2024_44_1": 0.2124688884841862, "2024_44_3": 0.801311236568931, "2024_44_3_1": 19.57141989922904, "2024_44_4": 0.2853153645359072, "2024_44_25_2": 12.420324166818428}