{"2023_44_30_13": 0.013704262025489928, "2023_44_30_14": 0.4659449088666575, "2023_44_30_25": 0.0753734411401946, "2023_44_30_30": 0.16445114430587915, "2024_2_6": 0.04111278607646979, "2024_2_7": 0.4522406468411676, "2024_2_8": 0.006852131012744964, "2024_2_12": 0.006852131012744964, "2024_3_6": 0.16445114430587915, "2024_3_10": 0.6509524462107716, "2024_3_15": 3.761819925996986, "2024_3_20": 0.3151980265862684, "2024_3_25": 26.10661915855831, "2024_8_3": 0.006852131012744964, "2024_8_4": 0.0753734411401946, "2024_8_7": 0.2535288474715637, "2024_8_8": 0.013704262025489928, "2024_8_9": 7.955324105796903, "2024_8_12": 0.05481704810195971, "2024_9_5": 0.006852131012744964, "2024_14_3": 0.4179799917774428, "2024_14_5": 0.04796491708921475, "2024_14_6": 4.974647115252844, "2024_14_7": 2.679183225983281, "2024_14_8": 6.76305330957928, "2024_14_9": 22.235165136357406, "2024_14_11": 0.10963409620391942, "2024_15_5": 0.034260655063724825, "2024_20_1": 22.14608743319172}