{"2024_27_5": 0.21618282890673254, "2024_27_10": 0.6485484867201977, "2024_27_25": 2.9771463866584313, "2024_32": 0.030883261272390366, "2024_32_3": 5.206917850525016, "2024_32_4_1": 0.2285361334156887, "2024_32_4_2": 0.024706609017912294, "2024_32_5_3": 0.01852995676343422, "2024_32_5_4": 0.024706609017912294, "2024_32_6": 2.507720815318098, "2024_32_7": 7.838171710932676, "2024_32_9": 0.03705991352686844, "2024_32_9_1": 0.012353304508956147, "2024_32_10": 17.85670166769611, "2024_32_20": 0.08647313156269301, "2024_32_20_1": 0.24088943792464484, "2024_33_5": 19.092032118591725, "2024_33_15": 0.43854231006794314, "2024_33_25": 0.22235948116121063, "2024_33_30": 0.012353304508956147, "2024_33_35": 8.764669549104386, "2024_38": 0.0061766522544780735, "2024_38_2": 1.6368128474366896, "2024_38_4": 0.166769610870908, "2024_38_6": 1.8406423718344656, "2024_38_7": 6.732550957381099, "2024_39_5": 1.0623841877702287, "2024_44_1": 0.2594193946880791, "2024_44_3": 1.0685608400247066, "2024_44_3_1": 20.741198270537367}