{"2023_12_9_1": 0.01483954739380449, "2023_12_10": 0.033388981636060105, "2023_12_11": 0.05193841587831572, "2023_20_4_1": 0.07048785012057134, "2023_20_7": 0.06306807642366909, "2023_20_8": 0.10016694490818029, "2023_20_9": 2.6228900018549437, "2023_26_1": 0.15210536078649603, "2023_26_3": 0.011129660545353368, "2023_26_6": 0.05193841587831572, "2023_26_7": 1.7992951214987944, "2023_26_8": 3.275830087182342, "2023_26_9": 4.155073270265258, "2023_26_10": 0.24114264514932293, "2023_26_11": 0.20775366351326288, "2023_26_12": 0.8495640882953073, "2023_27_6": 3.4019662400296804, "2023_27_7": 19.79966611018364, "2023_31_600": 0.01854943424225561, "2023_32_1": 0.3301799295121499, "2023_32_4": 2.4336857725839365, "2023_32_6": 11.411611945835656, "2023_32_7": 16.008161751066595, "2023_32_9": 27.479131886477465, "2023_38_1": 0.1150064923019848, "2023_38_4": 4.811723242441106, "2023_38_6": 0.48970506399554825}