{"2023_38_6": 6.218836565096952, "2023_38_8": 0.1523545706371191, "2023_38_9": 3.1809787626962143, "2023_38_9_1": 0.1846722068328716, "2023_44_1": 13.605724838411817, "2023_44_9_2": 0.009233610341643581, "2023_44_25": 0.004616805170821791, "2023_44_30_1": 0.16158818097876268, "2023_44_30_2": 0.4339796860572484, "2023_44_30_3": 0.009233610341643581, "2023_44_30_4": 0.2723915050784857, "2023_44_30_5_1": 4.963065558633425, "2023_44_30_6": 0.9787626962142199, "2023_44_30_7": 0.8494921514312095, "2023_44_30_8": 25.674053554939984, "2023_44_30_9": 7.78393351800554, "2023_44_30_10": 0.004616805170821791, "2023_44_30_12": 0.018467220683287162, "2023_44_30_13": 0.355493998153278, "2023_44_30_14": 10.780240073868882, "2023_44_30_20": 0.013850415512465372, "2024_2_2": 0.10156971375807941, "2024_2_2_1": 11.629732225300092, "2024_2_3": 6.015697137580793, "2024_2_6": 6.59741458910434}