{"2022_45_12": 0.02899391127863148, "2022_45_13": 0.04349086691794723, "2022_45_15": 0.8553203827196287, "2023_2_10": 0.01449695563931574, "2023_2_12": 0.13530491930028027, "2023_2_301": 0.009664637092877163, "2023_6_8": 0.03382622982507007, "2023_6_11": 0.0773170967430173, "2023_7_5": 0.02899391127863148, "2023_7_10": 4.648690441673915, "2023_7_15": 2.686769111819851, "2023_7_20": 22.185174446699524, "2023_7_25": 0.019329274185754326, "2023_12_1": 0.009664637092877163, "2023_12_1_1": 0.03865854837150865, "2023_12_5": 2.768918527109307, "2023_12_5_4": 0.3672562095293322, "2023_12_8": 0.009664637092877163, "2023_12_9": 5.170580844689281, "2023_12_9_1": 1.4255339711993815, "2023_12_10": 0.7876679230694887, "2023_12_11": 3.19899487774234, "2023_20_4_1": 23.31593698656615, "2023_20_6": 0.8746496569053833, "2023_20_7": 31.260268676911178, "2023_26": 0.004832318546438581}