{"2023_26_12": 0.4578096947935368, "2023_27_7": 0.03590664272890484, "2023_32_7": 0.01795332136445242, "2023_32_9": 0.026929982046678635, "2023_38_6": 0.00897666068222621, "2023_38_9": 0.05385996409335727, "2023_44_1": 0.04488330341113105, "2023_44_30_5_1": 0.01795332136445242, "2023_44_30_6": 0.00897666068222621, "2023_44_30_7": 0.00897666068222621, "2023_44_30_8": 2.342908438061041, "2023_44_30_9": 0.01795332136445242, "2023_44_30_13": 0.05385996409335727, "2023_44_30_14": 8.12387791741472, "2023_44_30_16": 0.04488330341113105, "2023_44_30_20": 0.07181328545780968, "2023_44_30_25": 18.464991023339312, "2023_44_30_30": 0.35008976660682223, "2024_2_2_1": 0.03590664272890484, "2024_2_3": 0.026929982046678635, "2024_2_6": 0.07181328545780968, "2024_2_7": 47.04667863554757, "2024_2_7_1": 0.00897666068222621, "2024_2_8": 3.7432675044883297, "2024_2_12": 0.341113105924596, "2024_8_3": 0.5475763016157988, "2024_8_4": 18.02513464991023}