{"2024_32_9": 0.04288164665523156, "2024_32_9_1": 0.01429388221841052, "2024_32_10": 16.373642081189253, "2024_32_20": 0.09291023441966838, "2024_32_20_1": 0.22870211549456831, "2024_33_5": 16.230703259005146, "2024_33_15": 0.45025728987993135, "2024_33_25": 0.192967409948542, "2024_33_30": 0.01429388221841052, "2024_33_35": 6.34648370497427, "2024_33_40": 0.8147512864493994, "2024_38": 0.00714694110920526, "2024_38_2": 1.5866209262435675, "2024_38_4": 0.1786735277301315, "2024_38_6": 1.7795883361921097, "2024_38_7": 4.94568324757004, "2024_39_5": 0.9791309319611206, "2024_39_15": 0.2358490566037736, "2024_44_1": 0.21440823327615782, "2024_44_3": 0.8076043453401944, "2024_44_3_1": 20.19010863350486, "2024_44_4": 0.6074899942824471, "2024_44_25_2": 13.457690108633505, "2024_44_25_3": 0.5217267009719839, "2024_44_25_4": 0.6074899942824471, "2024_45_25_5": 3.3447684391080617, "2024_45_25_6": 0.7361349342481418, "2024_45_25_10": 0.192967409948542, "2024_45_32": 8.805031446540882}