{"2023_2_10": 0.013843385169120022, "2023_2_12": 0.2445664713211204, "2023_6_8": 0.050759078953440076, "2023_6_11": 0.09690369618384015, "2023_7_5": 0.023072308615200033, "2023_7_10": 3.7146416870472057, "2023_7_15": 2.0811222370910434, "2023_7_20": 23.427622167874112, "2023_7_25": 0.018457846892160026, "2023_12_1": 0.013843385169120022, "2023_12_1_1": 0.0738313875686401, "2023_12_5": 2.542568409395044, "2023_12_5_4": 0.32762678233584047, "2023_12_8": 0.004614461723040007, "2023_12_9": 4.337594019657606, "2023_12_9_1": 1.1166997369756817, "2023_12_10": 0.622952332610401, "2023_12_11": 2.4825804069955235, "2023_20_4_1": 12.735914355590419, "2023_20_6": 0.24918093304416036, "2023_20_7": 21.02348761017027, "2023_20_8": 24.336671127312997, "2023_20_9": 0.11997600479904016, "2023_26": 0.004614461723040007, "2023_26_1": 0.3368557057819205}