{"2023_26_9": 0.07086837380704905, "2023_26_12": 0.718132854578097, "2023_27_6": 0.07086837380704905, "2023_27_7": 9.486912973636965, "2023_27_12": 3.746574695265993, "2023_32_4": 0.0944911650760654, "2023_32_6": 0.10866483983747521, "2023_32_7": 0.1842577718983275, "2023_32_9": 1.2472833790040632, "2023_38_1": 0.004724558253803269, "2023_38_4": 0.014173674761409807, "2023_38_6": 7.7955211187753966, "2023_38_8": 0.1889823301521308, "2023_38_9": 4.379665501275632, "2023_38_9_1": 0.4960786166493433, "2023_44_1": 21.93139941415478, "2023_44_25": 0.004724558253803269, "2023_44_30_1": 0.4913540583955401, "2023_44_30_2": 1.332325427572522, "2023_44_30_3": 0.028347349522819615, "2023_44_30_4": 1.1386185391665882, "2023_44_30_5_1": 37.44212416139091, "2023_44_30_6": 6.808088443730512, "2023_44_30_7": 2.201644146272324, "2023_44_30_10": 0.014173674761409807}