{"2023_6_11": 0.012410540685889215, "2023_7_10": 0.1572001820212634, "2023_7_15": 0.10755801927770654, "2023_7_20": 2.9950771521945976, "2023_7_26": 0.04964216274355686, "2023_7_30": 23.977164605137965, "2023_12_1_1": 0.02895792826707484, "2023_12_5": 0.0744632441153353, "2023_12_5_4": 0.004136846895296405, "2023_12_9": 0.06618955032474248, "2023_12_9_1": 0.020684234476482027, "2023_12_10": 0.0786000910106317, "2023_12_11": 0.0786000910106317, "2023_20_4_1": 0.11583171306829936, "2023_20_7": 0.12410540685889215, "2023_20_8": 0.18615811028833823, "2023_20_9": 4.0375625698092925, "2023_26_1": 0.2316634261365987, "2023_26_3": 0.012410540685889215, "2023_26_6": 0.09101063169652092, "2023_26_7": 4.414015637281264, "2023_26_8": 11.334960493112153, "2023_26_9": 17.602283539486205, "2023_26_10": 0.9059694700699127, "2023_26_11": 0.7322219004674638, "2023_27_6": 0.05377900963885327, "2023_32_1": 1.857444255988086, "2023_32_4": 17.78844164977454, "2023_32_6": 12.861456997476525}