{"2024_15_15": 3.117459075197287, "2024_20_1": 0.6065349246722754, "2024_20_3": 0.18261266549272812, "2024_20_6_2": 0.12391573729863693, "2024_20_7": 2.289180199569556, "2024_20_9": 7.030587621470032, "2024_20_9_1": 0.01304376182090915, "2024_20_10": 0.07174069001500033, "2024_20_15": 0.33913780734363785, "2024_21_5": 0.5152285919259114, "2024_26_1": 0.006521880910454575, "2024_26_3_1": 1.8783017022109174, "2024_26_4": 0.019565642731363728, "2024_26_6": 0.9130633274636405, "2024_26_7": 20.693928128872365, "2024_26_8": 10.976325572295051, "2024_26_10": 5.354464227483207, "2024_26_11": 1.1413291593295505, "2024_26_20": 4.278353877258201, "2024_27_5": 1.813082893106372, "2024_27_10": 6.1501336985586645, "2024_27_25": 0.006521880910454575, "2024_32": 0.04565316637318203, "2024_32_3": 32.244179221287425, "2024_32_4_1": 0.07826257092545491, "2024_32_4_2": 0.04565316637318203, "2024_32_5_3": 0.06521880910454575}