{"2023_12_9": 0.049525696216998746, "2023_12_9_1": 0.011429006819307403, "2023_12_10": 0.05333536515676789, "2023_12_11": 0.05333536515676789, "2023_20_4_1": 0.08381271667492096, "2023_20_7": 0.060954703036306145, "2023_20_8": 0.11048039925330491, "2023_20_9": 2.750580974513315, "2023_26_1": 0.16000609547030367, "2023_26_3": 0.011429006819307403, "2023_26_6": 0.05333536515676789, "2023_26_7": 1.9429311592822587, "2023_26_8": 3.592517810202294, "2023_26_9": 4.544935045144578, "2023_26_10": 0.27429616366337767, "2023_26_11": 0.24381881214522458, "2023_26_12": 0.8114594841708256, "2023_27_6": 4.998285648977105, "2023_27_7": 17.817821631300244, "2023_32_1": 0.3504895424587604, "2023_32_4": 2.8686807116461583, "2023_32_6": 13.078593470227439, "2023_32_7": 19.58931768829289, "2023_32_9": 22.747533239361502, "2023_38_1": 0.2400091432054555, "2023_38_4": 3.5010857556478343}