{"2023_38_6": 0.014284693950432113, "2023_38_9": 0.028569387900864225, "2023_44_1": 0.028569387900864225, "2023_44_30_5_1": 0.021427040925648164, "2023_44_30_6": 0.014284693950432113, "2023_44_30_8": 0.792800514248982, "2023_44_30_9": 0.04285408185129633, "2023_44_30_13": 0.021427040925648164, "2023_44_30_14": 3.4568959360045706, "2023_44_30_16": 0.021427040925648164, "2023_44_30_20": 0.021427040925648164, "2023_44_30_25": 2.9497893007642313, "2023_44_30_30": 0.4642525533890436, "2024_2_2_1": 0.021427040925648164, "2024_2_3": 0.03571173487608027, "2024_2_6": 0.07856581672737661, "2024_2_7": 16.3274051853439, "2024_2_7_1": 0.007142346975216056, "2024_2_8": 1.157060209985001, "2024_2_12": 0.04285408185129633, "2024_2_13": 0.1142775516034569, "2024_3_6": 2.2569816441682735, "2024_3_10": 19.662881222769798, "2024_3_15": 18.56295978858653, "2024_8_3": 0.1142775516034569, "2024_8_4": 3.1140632811942, "2024_8_7": 12.484822512677663, "2024_8_8": 0.15713163345475323, "2024_8_9": 17.82015570316406, "2024_8_12": 0.1642739804299693}