{"2024_8_9": 0.1497005988023952, "2024_8_12": 0.014970059880239521, "2024_14_3": 0.022455089820359278, "2024_14_6": 0.09730538922155689, "2024_14_7": 0.029940119760479042, "2024_14_8": 0.11227544910179643, "2024_14_9": 3.4955089820359273, "2024_14_11": 0.0074850299401197605, "2024_15_15": 4.161676646706587, "2024_20_1": 0.785928143712575, "2024_20_3": 0.26946107784431134, "2024_20_6": 0.0074850299401197605, "2024_20_6_2": 0.1721556886227545, "2024_20_7": 3.2185628742514973, "2024_20_8": 0.022455089820359278, "2024_20_9": 11.2125748502994, "2024_20_9_1": 0.022455089820359278, "2024_20_10": 0.13473053892215567, "2024_20_15": 0.4715568862275449, "2024_21_5": 0.7559880239520959, "2024_26_1": 0.014970059880239521, "2024_26_3_1": 3.615269461077844, "2024_26_4": 0.022455089820359278, "2024_26_6": 1.721556886227545, "2024_26_7": 46.961077844311376, "2024_26_8": 10.591317365269461, "2024_26_10": 7.380239520958084, "2024_26_11": 0.6437125748502993, "2024_26_20": 3.772455089820359, "2024_32": 0.11227544910179643}