{"2022_44_25_3": 0.14876667626451673, "2022_44_25_5": 0.06718495057107209, "2022_44_30": 0.16796237642768022, "2022_44_30_2": 0.019195700163163455, "2022_44_30_5": 0.14876667626451673, "2022_44_30_10": 1.0509645839331994, "2022_45_11": 0.03839140032632691, "2022_45_12": 0.7486323063633746, "2022_45_13": 1.1709377099529708, "2022_45_14": 0.023994625203954317, "2022_45_15": 28.558402917746427, "2023_2_0_5": 0.023994625203954317, "2023_2_10": 0.35991937805931473, "2023_2_11": 0.014396775122372588, "2023_2_12": 6.1378251271715145, "2023_2_13": 0.019195700163163455, "2023_2_201": 0.004798925040790864, "2023_2_301": 0.04319032536711777, "2023_6_1": 0.03359247528553604, "2023_6_8": 5.969862750743834, "2023_6_9": 1.0077742585660812, "2023_6_11": 4.352625011997313, "2023_6_11_2": 0.03359247528553604, "2023_6_15": 0.004798925040790864, "2023_12_1": 2.7449851233323734, "2023_12_1_1": 12.707553508014206, "2023_12_5": 34.153949515308575, "2023_12_8": 0.24474517708033403}