{"2023_26_12": 0.28728752693320564, "2023_32_6": 0.015960418162955868, "2023_38_9": 0.015960418162955868, "2023_44_1": 0.015960418162955868, "2023_44_30_8": 0.09576250897773521, "2023_44_30_9": 0.023940627244433802, "2023_44_30_13": 0.015960418162955868, "2023_44_30_14": 0.6463969355997128, "2023_44_30_20": 0.007980209081477934, "2023_44_30_25": 0.0877822998962573, "2023_44_30_30": 0.19152501795547042, "2024_2_6": 0.023940627244433802, "2024_2_7": 0.6384167265182348, "2024_2_8": 0.031920836325911736, "2024_2_12": 0.007980209081477934, "2024_3_6": 0.32718857234059534, "2024_3_10": 1.125209480488389, "2024_3_15": 6.320325592530525, "2024_3_20": 0.6623573537626685, "2024_3_25": 40.18833293432287, "2024_8_4": 0.12768334530364694, "2024_8_7": 0.4069906631553747, "2024_8_8": 0.015960418162955868, "2024_8_9": 23.046843827308276, "2024_8_12": 0.07980209081477935, "2024_9_5": 0.007980209081477934, "2024_14_3": 1.2848136621179473, "2024_14_5": 0.07980209081477935, "2024_14_6": 16.718538025696272, "2024_14_7": 7.501396536589258}