{"2023_12_9": 0.04850746268656718, "2023_12_9_1": 0.011194029850746271, "2023_12_10": 0.04104477611940299, "2023_12_11": 0.04850746268656718, "2023_20_4_1": 0.0746268656716418, "2023_20_7": 0.06343283582089553, "2023_20_8": 0.10820895522388062, "2023_20_9": 2.6567164179104483, "2023_26_1": 0.1529850746268657, "2023_26_3": 0.011194029850746271, "2023_26_6": 0.05223880597014926, "2023_26_7": 1.8395522388059704, "2023_26_8": 3.3507462686567173, "2023_26_9": 4.250000000000001, "2023_26_10": 0.2537313432835821, "2023_26_11": 0.21641791044776124, "2023_26_12": 0.8358208955223881, "2023_27_6": 3.6716417910447765, "2023_27_7": 19.45522388059702, "2023_31_600": 0.011194029850746271, "2023_32_1": 0.3395522388059702, "2023_32_4": 2.5298507462686572, "2023_32_6": 11.820895522388062, "2023_32_7": 16.809701492537318, "2023_32_9": 26.30597014925374, "2023_38_1": 0.11940298507462686, "2023_38_4": 4.921641791044777}