{"2024_32_7": 7.72100459662914, "2024_32_9": 0.039970688162014524, "2024_32_9_1": 0.013323562720671506, "2024_32_10": 15.448670974618613, "2024_32_20": 0.0866031576843648, "2024_32_20_1": 0.2131770035307441, "2024_33_5": 15.461994537339285, "2024_33_15": 0.4263540070614882, "2024_33_25": 0.1865298780894011, "2024_33_30": 0.013323562720671506, "2024_33_35": 6.015588568383186, "2024_33_40": 0.8127373259609618, "2024_38": 0.006661781360335753, "2024_38_2": 1.5055625874358802, "2024_38_4": 0.16654453400839384, "2024_38_6": 1.6721071214442742, "2024_38_7": 4.8364532676037575, "2024_39_5": 0.9393111718073412, "2024_39_15": 0.32642728665645193, "2024_44_1": 0.2131770035307441, "2024_44_3": 0.7860902005196189, "2024_44_3_1": 19.06601825328093, "2024_44_4": 0.5262807274665247, "2024_44_25_2": 15.002331623476117, "2024_44_25_3": 1.5855039637599093, "2024_44_25_4": 0.4530011325028313, "2024_45_25_5": 2.5647858237292653, "2024_45_25_6": 0.539604290187196, "2024_45_32": 3.3708613683298916}