{"2024_27_5": 0.2178649237472767, "2024_27_10": 0.6660441954559602, "2024_27_25": 3.0376595082477436, "2024_32": 0.031123560535325244, "2024_32_3": 5.309679427326486, "2024_32_4_1": 0.23031434796140682, "2024_32_4_2": 0.024898848428260192, "2024_32_5_3": 0.018674136321195148, "2024_32_5_4": 0.024898848428260192, "2024_32_6": 2.5770308123249297, "2024_32_7": 8.023653906006848, "2024_32_9": 0.04357298474945533, "2024_32_9_1": 0.018674136321195148, "2024_32_10": 18.748832866479926, "2024_32_20": 0.08714596949891067, "2024_32_20_1": 0.24898848428260195, "2024_33_5": 19.07251789604731, "2024_33_15": 0.46062869592281364, "2024_33_25": 0.23653906006847183, "2024_33_30": 0.012449424214130096, "2024_33_35": 8.776844070961717, "2024_38": 0.006224712107065048, "2024_38_2": 1.7180205415499534, "2024_38_4": 0.17429193899782133, "2024_38_6": 1.9919078742608156, "2024_38_7": 7.955182072829131, "2024_39_5": 1.0084033613445378, "2024_44_1": 0.29256146903205726, "2024_44_3": 1.157796451914099, "2024_44_3_1": 17.8275754746343}