{"2022_44_25_2": 0.015020277374455514, "2022_44_25_3": 0.19025684674310317, "2022_44_25_5": 0.07009462774745907, "2022_44_30": 0.19526360586792166, "2022_44_30_2": 0.025033795624092525, "2022_44_30_5": 0.1802433284934662, "2022_44_30_10": 1.301757372452811, "2022_45_11": 0.04005407299854803, "2022_45_12": 0.9212436789666049, "2022_45_13": 1.4169128323236369, "2022_45_14": 0.025033795624092525, "2022_45_15": 28.26315525960046, "2023_2_0_5": 0.020027036499274016, "2023_2_10": 0.4155610073599359, "2023_2_11": 0.020027036499274016, "2023_2_12": 10.624342862864866, "2023_2_13": 0.020027036499274016, "2023_2_201": 0.005006759124818504, "2023_2_301": 0.05006759124818505, "2023_6_1": 0.08511490512191457, "2023_6_8": 11.500525709708105, "2023_6_9": 1.1215140439593452, "2023_6_11": 9.728132979522353, "2023_6_11_2": 0.055074350373003546, "2023_6_15": 0.005006759124818504, "2023_12_1": 8.486456716567366, "2023_12_1_1": 25.168978120462622, "2023_12_5": 0.05006759124818505}