{"2022_44_30": 0.15850076919490932, "2022_44_30_2": 0.018647149317048153, "2022_44_30_5": 0.11188289590228895, "2022_44_30_10": 0.9137103165353596, "2022_45_11": 0.03729429863409631, "2022_45_12": 0.6712973754137337, "2022_45_13": 1.0395785744254347, "2022_45_14": 0.02330893664631019, "2022_45_15": 28.231784066010906, "2023_2_0_5": 0.02330893664631019, "2023_2_10": 0.3309869003776047, "2023_2_11": 0.013985361987786118, "2023_2_12": 5.07668640156636, "2023_2_13": 0.018647149317048153, "2023_2_201": 0.004661787329262038, "2023_2_301": 0.04661787329262038, "2023_6_1": 0.03263251130483427, "2023_6_8": 5.09999533821267, "2023_6_9": 0.9416810405109319, "2023_6_11": 3.696797352104796, "2023_6_11_2": 0.027970723975572237, "2023_7_5": 0.49414945690177614, "2023_12_1": 1.9346417416437462, "2023_12_1_1": 5.160598573493077, "2023_12_5": 44.56202508041583, "2023_12_5_3": 0.5314437555358724, "2023_12_8": 0.7971656333038085}