{"2024_2_7": 0.3666773882277259, "2024_2_8": 0.012865873271148277, "2024_3_6": 0.12865873271148276, "2024_3_10": 0.5082019942103569, "2024_3_15": 3.0363460919909935, "2024_3_20": 0.2122869089739466, "2024_3_25": 11.817304599549692, "2024_8_3": 0.006432936635574139, "2024_8_4": 0.05789642972016725, "2024_8_7": 0.2187198456095207, "2024_8_8": 0.012865873271148277, "2024_8_9": 6.265680283049211, "2024_8_12": 0.04503055644901897, "2024_9_5": 0.006432936635574139, "2024_14_3": 0.3280797684142811, "2024_14_5": 0.03859761981344484, "2024_14_6": 2.6761016403988416, "2024_14_7": 1.2029591508523638, "2024_14_8": 3.403023480218719, "2024_14_9": 29.192666452235443, "2024_14_11": 0.0836281762624638, "2024_15_5": 0.03216468317787069, "2024_20_1": 22.779028626568028, "2024_20_3": 17.143776133805083, "2024_20_6": 0.4245738179478932}