{"2023_12_9": 0.053539332288041606, "2023_12_9_1": 0.011472714061723203, "2023_12_10": 0.05736357030861601, "2023_12_11": 0.053539332288041606, "2023_20_4_1": 0.0879574744732112, "2023_20_7": 0.0611878083291904, "2023_20_8": 0.11090290259665762, "2023_20_9": 2.7763968029370147, "2023_26_1": 0.16061799686412484, "2023_26_3": 0.011472714061723203, "2023_26_6": 0.053539332288041606, "2023_26_7": 1.9541856285135186, "2023_26_8": 3.6292018815251055, "2023_26_9": 4.619679528853876, "2023_26_10": 0.28681785154308, "2023_26_11": 0.2447512333167616, "2023_26_12": 0.8069142223411985, "2023_27_6": 5.514551225668286, "2023_27_7": 17.254961948831696, "2023_32_1": 0.3518298978928448, "2023_32_4": 2.9446632758422884, "2023_32_6": 13.702244827718078, "2023_32_7": 21.243642204290794, "2023_32_9": 22.800107078664574, "2023_38_1": 0.38624804007801444, "2023_38_4": 0.8222111744234961}