{"2023_2_10": 0.018414510634379887, "2023_2_12": 0.24399226590553352, "2023_6_8": 0.050639904244544696, "2023_6_11": 0.09667618083049441, "2023_7_5": 0.023018138292974857, "2023_7_10": 3.6829021268759776, "2023_7_15": 2.0532179357333575, "2023_7_20": 23.441672037565596, "2023_7_25": 0.018414510634379887, "2023_12_1": 0.013810882975784915, "2023_12_1_1": 0.07365804253751955, "2023_12_5": 2.5135807015928546, "2023_12_5_4": 0.322253936101648, "2023_12_8": 0.004603627658594972, "2023_12_9": 4.3182027437620825, "2023_12_9_1": 1.104870638062793, "2023_12_10": 0.6214897339103213, "2023_12_11": 2.4629407973483097, "2023_20_4_1": 12.439001933523613, "2023_20_6": 0.2393886382469385, "2023_20_7": 20.17770002762176, "2023_20_8": 24.73989503728938, "2023_20_9": 0.1473160850750391, "2023_26": 0.004603627658594972, "2023_26_1": 1.1877359359175026}