{"2022_44_25_2": 0.025988876760746397, "2022_44_25_3": 0.21830656479026977, "2022_44_25_5": 0.0831644056343885, "2022_44_30": 0.21830656479026977, "2022_44_30_2": 0.020791101408597124, "2022_44_30_5": 0.18711991267737407, "2022_44_30_10": 1.5853214824055308, "2022_45_10": 0.005197775352149281, "2022_45_11": 0.051977753521492795, "2022_45_12": 1.0707417225427518, "2022_45_13": 1.7360569676178594, "2022_45_14": 0.031186652112895678, "2022_45_15": 27.860075887520143, "2023_2_0_5": 0.020791101408597124, "2023_2_10": 0.4626020063412859, "2023_2_11": 0.025988876760746397, "2023_2_12": 16.003950309267633, "2023_2_13": 0.015593326056447839, "2023_2_201": 0.005197775352149281, "2023_2_301": 0.062373304225791355, "2023_6_1": 0.08836218098653775, "2023_6_8": 17.677633972659702, "2023_6_9": 1.3098393887416184, "2023_6_11": 16.866781017724414, "2023_6_11_2": 0.07276885493008993, "2023_6_15": 0.005197775352149281, "2023_12_1": 14.091168979676699, "2023_12_1_1": 0.19751546338167264}