{"2024_3_6": 0.12342631449024934, "2024_3_10": 0.4751913107874599, "2024_3_15": 2.7709207603060975, "2024_3_20": 0.17279684028634906, "2024_3_25": 9.602567267341398, "2024_8_3": 0.006171315724512466, "2024_8_4": 0.043199210071587266, "2024_8_7": 0.23450999753147372, "2024_8_8": 0.012342631449024932, "2024_8_9": 5.436929153295483, "2024_8_12": 0.043199210071587266, "2024_9_5": 0.006171315724512466, "2024_14_3": 0.277709207603061, "2024_14_5": 0.030856578622562334, "2024_14_6": 2.1908170822019253, "2024_14_7": 0.9318686744013824, "2024_14_8": 2.8202912861021976, "2024_14_9": 29.48654653172057, "2024_14_11": 0.08022710441866207, "2024_15_10": 0.006171315724512466, "2024_15_15": 0.09874105159219945, "2024_20_1": 10.46038015304863, "2024_20_3": 6.455196247840041, "2024_20_6": 2.098247346334239, "2024_20_6_1": 0.0370278943470748, "2024_20_6_2": 15.027153789187858, "2024_20_7": 10.78128857072328, "2024_20_8": 0.2900518390520859}