{"2024_20_10": 0.05801211808688926, "2024_20_15": 0.31584375402861925, "2024_21_5": 0.4060848266082248, "2024_26_3_1": 1.4825319066649476, "2024_26_4": 0.019337372695629754, "2024_26_6": 0.7541575351295604, "2024_26_7": 10.48730179192987, "2024_26_8": 7.651153796570838, "2024_26_10": 2.243135232693051, "2024_26_11": 0.30939796313007606, "2024_26_20": 1.8177130333891967, "2024_27_5": 0.38030166301405177, "2024_27_10": 1.5340982338532936, "2024_27_25": 10.100554338017274, "2024_32": 0.032228954492716254, "2024_32_3": 11.608869408276396, "2024_32_4_1": 0.6123501353616086, "2024_32_4_2": 0.05156632718834601, "2024_32_5_3": 0.032228954492716254, "2024_32_5_4": 0.08379528168106225, "2024_32_6": 13.871342013665075, "2024_32_7": 18.396287224442435, "2024_32_10": 16.688152636328475, "2024_32_20": 0.8315070259120794, "2024_32_20_1": 0.21271109965192728, "2024_38": 0.019337372695629754}