{"2023_6_8": 0.060181403946180635, "2023_6_11": 0.06877874736706356, "2023_7_5": 0.01719468684176589, "2023_7_10": 2.815629970339165, "2023_7_15": 1.4314576795770104, "2023_7_20": 23.995185487684303, "2023_7_25": 0.004298671710441473, "2023_7_26": 0.31380303486222755, "2023_12_1": 0.012896015131324417, "2023_12_1_1": 0.07307741907750503, "2023_12_5": 1.9558956282508704, "2023_12_5_4": 0.24072561578472254, "2023_12_8": 0.004298671710441473, "2023_12_9": 3.469028070326269, "2023_12_9_1": 0.8081502815629968, "2023_12_10": 0.5287366203843012, "2023_12_11": 1.5303271289171643, "2023_20_4_1": 6.490994282766624, "2023_20_6": 0.1117654644714783, "2023_20_7": 5.338950264368309, "2023_20_8": 3.400249322959205, "2023_20_9": 40.14529510381292, "2023_26_1": 4.655461462408115, "2023_26_3": 0.1289601513132442, "2023_26_6": 2.0418690624596993, "2023_26_7": 0.35678975196664225}