{"2024_8_7": 0.07793219898688142, "2024_8_9": 0.21431354721392393, "2024_14_3": 0.019483049746720355, "2024_14_6": 0.14287569814261594, "2024_14_7": 0.04546044940901417, "2024_14_8": 0.22080789712949733, "2024_14_9": 11.261202753604367, "2024_14_11": 0.006494349915573452, "2024_15_15": 4.76035848811534, "2024_20_1": 1.7729575269515523, "2024_20_3": 1.1105338355630603, "2024_20_6": 0.14937004805818938, "2024_20_6_1": 0.012988699831146904, "2024_20_6_2": 1.5846213793999222, "2024_20_7": 7.988050396155347, "2024_20_8": 0.06494349915573451, "2024_20_9": 24.639563579685678, "2024_20_9_1": 0.02597739966229381, "2024_20_10": 0.27276269645408496, "2024_20_15": 0.4481101441745682, "2024_21_5": 0.8702428886868426, "2024_26_1": 0.032471749577867255, "2024_26_3_1": 3.8706325496817775, "2024_26_4": 0.019483049746720355, "2024_26_6": 2.214573321210547, "2024_26_7": 32.36783997921808, "2024_26_10": 5.533186128068582, "2024_26_20": 0.27276269645408496}