{"2023_44_1": 0.012881617931212164, "2023_44_30_5_1": 0.019322426896818252, "2023_44_30_8": 0.5732319979389414, "2023_44_30_9": 0.038644853793636504, "2023_44_30_13": 0.019322426896818252, "2023_44_30_14": 2.4668298338271297, "2023_44_30_16": 0.006440808965606082, "2023_44_30_20": 0.019322426896818252, "2023_44_30_25": 1.6810511400231876, "2023_44_30_30": 0.37356692000515274, "2024_2_2_1": 0.006440808965606082, "2024_2_3": 0.012881617931212164, "2024_2_6": 0.04508566275924258, "2024_2_7": 9.05577740564215, "2024_2_8": 0.7149297951822751, "2024_2_12": 0.02576323586242433, "2024_2_13": 0.04508566275924258, "2024_3_6": 1.197990467602731, "2024_3_10": 8.115419296663664, "2024_3_15": 7.4133711194125995, "2024_3_20": 0.8179827386319725, "2024_3_25": 28.08192709004252, "2024_8_3": 0.0708488986216669, "2024_8_4": 1.642406286229551, "2024_8_7": 4.907896431791834, "2024_8_8": 0.07728970758727301, "2024_8_9": 30.864356563184348, "2024_8_12": 0.08373051655287908, "2024_14_3": 1.57799819657349, "2024_14_5": 0.032204044828030416}