{"2023_12_9": 0.048776827254990246, "2023_12_9_1": 0.011256190904997751, "2023_12_10": 0.045024763619991005, "2023_12_11": 0.048776827254990246, "2023_20_4_1": 0.07879333633498425, "2023_20_7": 0.06378508179498726, "2023_20_8": 0.10880984541497825, "2023_20_9": 2.6902296262944625, "2023_26_1": 0.15383460903496926, "2023_26_3": 0.011256190904997751, "2023_26_6": 0.05252889088998951, "2023_26_7": 1.8647756265946274, "2023_26_8": 3.444394416929312, "2023_26_9": 4.299864925709141, "2023_26_10": 0.25889239081494825, "2023_26_11": 0.22137175446495577, "2023_26_12": 0.8292060633348343, "2023_27_6": 3.8683776076842267, "2023_27_7": 19.21431787483116, "2023_31_600": 0.0075041272699984994, "2023_32_1": 0.34518985441993105, "2023_32_4": 2.611436289959478, "2023_32_6": 12.167942368302567, "2023_32_7": 17.40582320276152, "2023_32_9": 25.273900645354953, "2023_38_1": 0.12381809995497527, "2023_38_4": 4.7501125619090505}