{"2023_6_8": 0.0510986203372509, "2023_6_11": 0.06387327542156362, "2023_7_5": 0.017032873445750298, "2023_7_10": 2.742292624765798, "2023_7_15": 1.383920967467212, "2023_7_20": 24.012093340146485, "2023_7_25": 0.0042582183614375746, "2023_7_26": 0.31084994038494296, "2023_12_1": 0.012774655084312725, "2023_12_1_1": 0.07238971214443876, "2023_12_5": 1.852324987225345, "2023_12_5_4": 0.22994379151762903, "2023_12_8": 0.0042582183614375746, "2023_12_9": 3.308635666836995, "2023_12_9_1": 0.7792539601430762, "2023_12_10": 0.5237608584568217, "2023_12_11": 1.452052461250213, "2023_20_4_1": 6.208482370975984, "2023_20_6": 0.10645545903593939, "2023_20_7": 4.935275080906149, "2023_20_8": 3.0020439448134906, "2023_20_9": 34.248850281042415, "2023_26_1": 1.5159257366717769, "2023_26_3": 0.07664793050587634, "2023_26_6": 1.3115312553227731, "2023_26_7": 11.773973769374894}