{"2023_32_9": 0.021155066638459917, "2023_38_6": 0.014103377758973277, "2023_38_9": 0.028206755517946554, "2023_44_1": 0.028206755517946554, "2023_44_30_5_1": 0.021155066638459917, "2023_44_30_8": 0.782737465623017, "2023_44_30_9": 0.042310133276919834, "2023_44_30_13": 0.021155066638459917, "2023_44_30_14": 3.391862351033073, "2023_44_30_16": 0.021155066638459917, "2023_44_30_20": 0.021155066638459917, "2023_44_30_25": 2.8418306184331157, "2023_44_30_30": 0.45835977716663157, "2024_2_2_1": 0.014103377758973277, "2024_2_3": 0.03525844439743319, "2024_2_6": 0.07051688879486638, "2024_2_7": 15.626542556942391, "2024_2_7_1": 0.007051688879486638, "2024_2_8": 1.1071151540794022, "2024_2_12": 0.042310133276919834, "2024_2_13": 0.11282702207178621, "2024_3_6": 2.1296100416049653, "2024_3_10": 17.34715464353713, "2024_3_15": 21.549961215711168, "2024_8_3": 0.11282702207178621, "2024_8_4": 3.0040194626613084, "2024_8_7": 11.22628869614273, "2024_8_8": 0.1480854664692194, "2024_8_9": 19.59664339609337, "2024_8_12": 0.17629222198716601}