{"2024_27_25": 2.781977623223465, "2024_32": 0.03023888720895071, "2024_32_3": 4.9591775022679165, "2024_32_4_1": 0.21167221046265497, "2024_32_4_2": 0.02419110976716057, "2024_32_5_3": 0.018143332325370423, "2024_32_5_4": 0.02419110976716057, "2024_32_6": 2.3465376474145754, "2024_32_7": 7.106138494103417, "2024_32_9": 0.036286664650740846, "2024_32_9_1": 0.012095554883580285, "2024_32_10": 14.49652252797097, "2024_32_20": 0.07862110674327184, "2024_32_20_1": 0.20562443302086483, "2024_33_5": 14.83519806471122, "2024_33_15": 0.3870577562745691, "2024_33_25": 0.1753855458119141, "2024_33_30": 0.012095554883580285, "2024_33_35": 6.192924100393106, "2024_33_40": 1.7357121257937709, "2024_38": 0.0060477774417901425, "2024_38_2": 1.4212276988206836, "2024_38_4": 0.15119443604475355, "2024_38_6": 1.5966132446325978, "2024_38_7": 4.983368612035077, "2024_39_5": 1.2035077109162382, "2024_44_1": 0.19352887813728456, "2024_44_3": 0.719685515573027, "2024_44_3_1": 18.37919564560024, "2024_44_4": 0.3749622013909888, "2024_44_25_2": 15.30087692772906}