{"2022_36_6": 0.1532789262189817, "2022_36_20": 0.23198972616926966, "2022_40_4": 0.024856042089564608, "2022_40_4_1": 0.11599486308463483, "2022_40_4_2": 0.12428021044782302, "2022_40_4_10": 0.024856042089564608, "2022_44_2": 0.17813496830854633, "2022_44_2_8": 0.0041426736815941, "2022_44_25_1": 0.6214010522391151, "2022_44_25_2": 1.4540784622395293, "2022_44_25_3": 5.410331828161896, "2022_44_25_5": 2.8791582087078997, "2022_44_30": 3.865114544927296, "2022_44_30_1": 0.4432660839305688, "2022_44_30_2": 0.0952814946766643, "2022_44_30_5": 4.5693690707982935, "2022_44_30_8": 0.0165706947263764, "2022_44_30_10": 23.364679564190727, "2022_45_10": 0.0165706947263764, "2022_45_11": 1.437507767513153, "2023_2_0_5": 0.5634036206967977, "2023_2_10": 5.1327726914950915, "2023_2_11": 0.7125398732341853, "2023_2_12": 35.39914660922159, "2023_2_13": 0.012428021044782304, "2023_2_201": 0.05385475786072331, "2023_6_1": 0.9196735573138903, "2023_6_8": 12.175317950205061}