{"2023_44_1": 11.903334409445186, "2023_44_30_1": 0.12452151455056956, "2023_44_30_2": 0.3551169118664391, "2023_44_30_4": 0.23520730526218692, "2023_44_30_5_1": 3.984688465618226, "2023_44_30_6": 0.7609648111423695, "2023_44_30_7": 0.7102338237328782, "2023_44_30_8": 16.745837753078447, "2023_44_30_9": 3.8186597795507997, "2023_44_30_10": 0.004611907946317391, "2023_44_30_12": 0.013835723838952173, "2023_44_30_13": 0.37817645159802604, "2023_44_30_14": 9.781856754139186, "2023_44_30_16": 0.027671447677904346, "2023_44_30_20": 0.1152976986579348, "2023_44_30_25": 5.552737167366139, "2024_2_2": 0.07840243508739564, "2024_2_2_1": 4.36747682516257, "2024_2_3": 1.0930221832772216, "2024_2_6": 1.637227320942674, "2024_2_7": 28.0035050500392, "2024_2_7_1": 0.004611907946317391, "2024_2_8": 2.052299036111239, "2024_8_3": 0.2721025688327261, "2024_8_4": 7.978600747129086}