{"2022_40_4_2": 0.021593608291945586, "2022_44_2": 0.04318721658389117, "2022_44_25_2": 0.032390412437918376, "2022_44_25_3": 0.23213128913841508, "2022_44_25_5": 0.10796804145972794, "2022_44_30": 0.22133448499244224, "2022_44_30_1": 0.0053984020729863965, "2022_44_30_2": 0.021593608291945586, "2022_44_30_5": 0.22133448499244224, "2022_44_30_10": 1.8732455193262796, "2022_45_10": 0.0053984020729863965, "2022_45_11": 0.05938242280285036, "2022_45_12": 1.322608507881667, "2022_45_13": 2.0621895918808035, "2022_45_14": 0.04318721658389117, "2022_45_15": 27.278125674800265, "2023_2_0_5": 0.021593608291945586, "2023_2_10": 0.4912545886417621, "2023_2_11": 0.037788814510904774, "2023_2_12": 17.296480241848414, "2023_2_13": 0.016195206218959188, "2023_2_301": 0.07017922694882316, "2023_6_1": 0.09717123731375514, "2023_6_8": 20.978190455625136, "2023_6_9": 1.5655366011660548, "2023_6_11": 19.14813215288275, "2023_6_11_2": 0.11336644353271431, "2023_6_15": 0.0053984020729863965, "2023_12_1": 6.60764413733535}