{"2023_27_6": 0.05431830526887563, "2023_27_7": 7.645301466594244, "2023_27_12": 2.869817128372262, "2023_32_4": 0.07695093246424047, "2023_32_6": 0.0995835596596053, "2023_32_7": 0.14937533948940795, "2023_32_9": 1.0999456816947313, "2023_38_1": 0.004526525439072968, "2023_38_4": 0.013579576317218907, "2023_38_6": 6.717363751584285, "2023_38_8": 0.16295491580662688, "2023_38_9": 3.634799927575594, "2023_38_9_1": 0.22179974651457546, "2023_44_1": 17.02426217635343, "2023_44_9_1": 0.009053050878145936, "2023_44_25": 0.004526525439072968, "2023_44_30_1": 0.26253847546623216, "2023_44_30_2": 0.6699257649827993, "2023_44_30_3": 0.009053050878145936, "2023_44_30_4": 0.46170559478544276, "2023_44_30_5_1": 8.853883758826726, "2023_44_30_6": 1.7698714466775307, "2023_44_30_7": 1.7517653449212387, "2023_44_30_8": 45.858229223248244, "2023_44_30_9": 0.5612891544450481, "2023_44_30_10": 0.004526525439072968, "2023_44_30_11": 0.009053050878145936}