{"2022_44_30": 0.015862105430127428, "2022_44_30_2": 0.010574736953418283, "2022_44_30_5": 0.010574736953418283, "2022_44_30_10": 0.06873579019721886, "2022_45_12": 0.037011579336963994, "2022_45_13": 0.06344842172050971, "2022_45_15": 1.226669486596521, "2023_2_10": 0.026436842383545708, "2023_2_12": 0.21149473906836566, "2023_2_301": 0.010574736953418283, "2023_6_8": 0.05816105324380055, "2023_6_11": 0.15333368582456514, "2023_7_5": 0.031724210860254856, "2023_7_10": 7.555649553217364, "2023_7_15": 4.917252683339503, "2023_7_20": 17.543488605720935, "2023_12_1": 0.026436842383545708, "2023_12_1_1": 0.06344842172050971, "2023_12_5": 4.573573732353408, "2023_12_5_4": 0.4600010574736953, "2023_12_8": 0.0052873684767091415, "2023_12_9": 8.19542113889917, "2023_12_9_1": 2.9344895045735737, "2023_12_10": 1.305980013747158, "2023_12_11": 3.4896631946280334, "2023_20_4_1": 47.00470575794428}