{"2023_26_8": 0.08898116565327005, "2023_26_9": 0.08403776756142173, "2023_26_12": 0.7464531118690988, "2023_27_6": 0.0939245637451184, "2023_27_7": 14.627514953779224, "2023_27_12": 6.357209946116961, "2023_32_1": 0.004943398091848336, "2023_32_4": 0.10381135992881506, "2023_32_6": 0.1878491274902368, "2023_32_7": 0.19279252558208512, "2023_32_9": 1.5769439912996193, "2023_38_1": 0.004943398091848336, "2023_38_4": 0.014830194275545012, "2023_38_6": 9.560531909634683, "2023_38_8": 0.24222650650056848, "2023_38_9": 6.100153245340846, "2023_38_9_1": 0.4201888378071086, "2023_44_1": 34.57412625438727, "2023_44_25": 0.004943398091848336, "2023_44_30": 0.004943398091848336, "2023_44_30_1": 3.168718176874783, "2023_44_30_2": 14.780760294626527, "2023_44_30_3": 0.1334717484799051, "2023_44_30_4": 6.8120025705670075, "2023_44_30_5_1": 0.11369815611251173}