{"2023_38_6": 0.013704262025489926, "2023_38_9": 0.027408524050979852, "2023_44_1": 0.02055639303823489, "2023_44_30_5_1": 0.013704262025489926, "2023_44_30_8": 0.7263258873509659, "2023_44_30_9": 0.04111278607646978, "2023_44_30_13": 0.02055639303823489, "2023_44_30_14": 3.2067973139646426, "2023_44_30_16": 0.02055639303823489, "2023_44_30_20": 0.02055639303823489, "2023_44_30_25": 2.5558448677538714, "2023_44_30_30": 0.45224064684116755, "2024_2_2_1": 0.02055639303823489, "2024_2_3": 0.027408524050979852, "2024_2_6": 0.08907770316568452, "2024_2_7": 14.16335480334384, "2024_2_7_1": 0.006852131012744963, "2024_2_8": 1.0072632588735098, "2024_2_12": 0.03426065506372481, "2024_2_13": 0.07537344114019459, "2024_3_6": 1.7541455392627106, "2024_3_10": 14.519665616006577, "2024_3_15": 25.976428669316153, "2024_3_20": 0.02055639303823489, "2024_8_3": 0.10963409620391941, "2024_8_4": 2.651774701932301, "2024_8_7": 9.270933260243934, "2024_8_8": 0.14389475126764423, "2024_8_9": 22.783335617377002, "2024_8_12": 0.22612032342058377}