{"2022_45_12": 0.03302977398197517, "2022_45_13": 0.04246685226253952, "2022_45_15": 0.7596848015854291, "2023_2_10": 0.014155617420846504, "2023_2_12": 0.1321190959279007, "2023_2_301": 0.009437078280564337, "2023_6_8": 0.03774831312225735, "2023_6_11": 0.07077808710423253, "2023_7_5": 0.028311234841693008, "2023_7_10": 4.1428773651677435, "2023_7_15": 2.34983249186052, "2023_7_20": 22.804699664983723, "2023_7_25": 0.018874156561128674, "2023_12_1": 0.009437078280564337, "2023_12_1_1": 0.03774831312225735, "2023_12_5": 2.519699900910678, "2023_12_5_4": 0.3491718963808805, "2023_12_8": 0.004718539140282169, "2023_12_9": 4.713820601141887, "2023_12_9_1": 1.250412872174775, "2023_12_10": 0.6889067144811967, "2023_12_11": 2.8547161798707124, "2023_20_4_1": 18.067286368140422, "2023_20_6": 0.5379134619921673, "2023_20_7": 33.27513801726985, "2023_20_8": 5.242296984853489, "2023_26": 0.004718539140282169}