{"2022_44_2": 0.11086474501108645, "2022_44_25_1": 0.055432372505543226, "2022_44_25_2": 0.13606127796815157, "2022_44_25_3": 0.6198347107438014, "2022_44_25_5": 0.6097560975609755, "2022_44_30": 0.4434589800443458, "2022_44_30_1": 0.03527514613989114, "2022_44_30_2": 0.06551098568836926, "2022_44_30_5": 1.2699052610360813, "2022_44_30_10": 9.504132231404958, "2022_45_10": 0.010078613182826043, "2022_45_11": 0.20661157024793383, "2022_45_12": 7.815964523281595, "2022_45_13": 13.051804071759724, "2022_45_14": 0.32755492844184636, "2023_2_0_5": 0.04535375932271719, "2023_2_10": 0.977625478734126, "2023_2_11": 0.13102197137673852, "2023_2_12": 25.07055029227978, "2023_2_13": 0.020157226365652085, "2023_2_201": 0.005039306591413021, "2023_2_301": 0.27212255593630313, "2023_6_1": 0.41322314049586767, "2023_6_8": 26.612578109252162, "2023_6_9": 5.492844184640192, "2023_6_11": 6.687159846805078, "2023_6_11_1": 0.010078613182826043}