{"2022_44_2": 0.11140368644926067, "2022_44_25_1": 0.055701843224630336, "2022_44_25_2": 0.1367227060968199, "2022_44_25_3": 0.6329754911889812, "2022_44_25_5": 0.6279116872594693, "2022_44_30": 0.4506785497265546, "2022_44_30_1": 0.04051043143609479, "2022_44_30_2": 0.06582945108365404, "2022_44_30_5": 1.311525217743569, "2022_44_30_10": 9.676929309297142, "2022_45_10": 0.010127607859023698, "2022_45_11": 0.22787117682803323, "2022_45_12": 7.772939031800688, "2022_45_13": 12.856998177030585, "2022_45_14": 0.3291472554182702, "2023_2_0_5": 0.04557423536560664, "2023_2_10": 0.9823779623252987, "2023_2_11": 0.13165890216730808, "2023_2_12": 25.531699412598748, "2023_2_13": 0.020255215718047396, "2023_2_201": 0.010127607859023698, "2023_2_301": 0.2481263925460806, "2023_6_1": 0.42029572614948346, "2023_6_8": 26.838160826412803, "2023_6_9": 5.438525420295726, "2023_6_11": 6.015799068260077, "2023_6_11_1": 0.010127607859023698}