{"2023_26_9": 0.07067137809187278, "2023_26_12": 0.7255594817432272, "2023_27_6": 0.07067137809187278, "2023_27_7": 9.342756183745582, "2023_27_12": 3.656065959952885, "2023_32_4": 0.09422850412249704, "2023_32_6": 0.11307420494699645, "2023_32_7": 0.18374558303886926, "2023_32_9": 1.2391048292108364, "2023_38_1": 0.004711425206124852, "2023_38_4": 0.014134275618374556, "2023_38_6": 7.689045936395758, "2023_38_8": 0.18374558303886926, "2023_38_9": 4.32037691401649, "2023_38_9_1": 0.5041224970553592, "2023_44_1": 21.587750294464076, "2023_44_25": 0.004711425206124852, "2023_44_30_1": 0.4805653710247349, "2023_44_30_2": 1.2956419316843344, "2023_44_30_3": 0.02355712603062426, "2023_44_30_4": 1.154299175500589, "2023_44_30_5_1": 38.073027090694936, "2023_44_30_6": 6.633686690223792, "2023_44_30_7": 2.5206124852767955, "2023_44_30_10": 0.014134275618374556}