{"2023_38_9": 3.125, "2023_38_9_1": 0.11837121212121213, "2023_44_1": 13.143939393939394, "2023_44_9_2": 0.00946969696969697, "2023_44_25": 0.004734848484848485, "2023_44_30_1": 0.15625, "2023_44_30_2": 0.4261363636363637, "2023_44_30_3": 0.00946969696969697, "2023_44_30_4": 0.2698863636363637, "2023_44_30_5_1": 4.687499999999999, "2023_44_30_6": 0.8996212121212122, "2023_44_30_7": 0.800189393939394, "2023_44_30_8": 22.026515151515152, "2023_44_30_9": 5.392992424242425, "2023_44_30_10": 0.004734848484848485, "2023_44_30_12": 0.014204545454545454, "2023_44_30_13": 0.39299242424242425, "2023_44_30_14": 13.243371212121213, "2023_44_30_16": 0.03787878787878788, "2023_44_30_20": 0.3503787878787879, "2024_2_2": 0.08522727272727273, "2024_2_2_1": 6.482007575757576, "2024_2_3": 1.8513257575757576, "2024_2_6": 4.872159090909091, "2024_2_7": 20.445075757575758, "2024_2_8": 1.1505681818181817}