{"2023_44_1": 0.014955507365587374, "2023_44_30_8": 0.08973304419352426, "2023_44_30_9": 0.022433261048381066, "2023_44_30_13": 0.014955507365587374, "2023_44_30_14": 0.5458760188439392, "2023_44_30_25": 0.07477753682793689, "2023_44_30_30": 0.17198833470425484, "2024_2_3": 0.007477753682793687, "2024_2_6": 0.02991101473117475, "2024_2_7": 0.5608315262095266, "2024_2_8": 0.022433261048381066, "2024_2_12": 0.007477753682793687, "2024_3_6": 0.23181036416660433, "2024_3_10": 0.867419427204068, "2024_3_15": 5.077394750616914, "2024_3_20": 0.46362072833320866, "2024_3_25": 37.142002542436245, "2024_8_4": 0.06729978314514319, "2024_8_7": 0.3215434083601286, "2024_8_8": 0.014955507365587374, "2024_8_9": 13.818888805802738, "2024_8_12": 0.06729978314514319, "2024_9_5": 0.014955507365587374, "2024_14_3": 0.8075973977417182, "2024_14_5": 0.05234427577955581, "2024_14_6": 8.614372242578328, "2024_14_7": 4.838106632767516, "2024_14_8": 26.037538323487624}