{"2023_44_30_13": 0.01384083044982699, "2023_44_30_14": 0.4844290657439446, "2023_44_30_25": 0.07612456747404844, "2023_44_30_30": 0.17301038062283736, "2024_2_6": 0.03460207612456747, "2024_2_7": 0.4636678200692041, "2024_2_8": 0.006920415224913495, "2024_2_12": 0.006920415224913495, "2024_3_6": 0.19377162629757785, "2024_3_10": 0.6920415224913494, "2024_3_15": 3.9723183391003456, "2024_3_20": 0.3529411764705882, "2024_3_25": 34.56055363321799, "2024_8_3": 0.006920415224913495, "2024_8_4": 0.062283737024221436, "2024_8_7": 0.28373702422145325, "2024_8_8": 0.01384083044982699, "2024_8_9": 8.581314878892734, "2024_8_12": 0.05536332179930796, "2024_9_5": 0.006920415224913495, "2024_14_3": 0.4429065743944637, "2024_14_5": 0.04844290657439446, "2024_14_6": 6.539792387543253, "2024_14_7": 3.564013840830449, "2024_14_8": 8.75432525951557, "2024_14_9": 20.352941176470583, "2024_14_11": 0.16608996539792387, "2024_15_5": 0.03460207612456747, "2024_20_1": 10.055363321799307}