{"2023_7_15": 0.010893839533743668, "2023_7_20": 0.032681518601231, "2023_7_30": 0.08715071626994934, "2023_12_9": 0.0163407593006155, "2023_12_9_1": 0.010893839533743668, "2023_20_4_1": 0.021787679067487336, "2023_20_7": 0.010893839533743668, "2023_20_9": 0.027234598834359164, "2023_26_3": 0.005446919766871834, "2023_26_7": 0.010893839533743668, "2023_26_8": 0.07080995696933383, "2023_26_9": 0.07080995696933383, "2023_26_10": 0.005446919766871834, "2023_26_11": 0.005446919766871834, "2023_26_12": 0.7625687673620566, "2023_27_6": 0.14706683370553952, "2023_27_7": 24.78348493926684, "2023_27_12": 3.1428727054850474, "2023_32_4": 0.14706683370553952, "2023_32_6": 0.13617299417179582, "2023_32_7": 0.2451113895092325, "2023_32_9": 2.298600141619914, "2023_38_1": 0.005446919766871834, "2023_38_4": 0.021787679067487336, "2023_38_6": 15.550955934419083, "2023_38_8": 0.38673130344790024, "2023_38_9": 9.962416253608584, "2023_44_1": 42.02298600141619}