{"2023_2_10": 0.01841959845275373, "2023_2_12": 0.24405967949898694, "2023_6_8": 0.05065389574507276, "2023_6_11": 0.09670289187695708, "2023_7_5": 0.02302449806594216, "2023_7_10": 3.6885245901639343, "2023_7_15": 2.0537852274820403, "2023_7_20": 23.44354393074231, "2023_7_25": 0.01841959845275373, "2023_12_1": 0.013814698839565296, "2023_12_1_1": 0.07367839381101492, "2023_12_5": 2.5142751888008843, "2023_12_5_4": 0.3223429729231902, "2023_12_8": 0.004604899613188432, "2023_12_9": 4.328605636397126, "2023_12_9_1": 1.1097808067784123, "2023_12_10": 0.6216614477804383, "2023_12_11": 2.4636212930558115, "2023_20_4_1": 12.47927795174065, "2023_20_6": 0.24405967949898694, "2023_20_7": 20.312212193774176, "2023_20_8": 24.622398231718545, "2023_20_9": 0.14735678762202983, "2023_26": 0.004604899613188432, "2023_26_1": 1.1005710075520352}