{"2022_44_25_5": 0.07124198527665639, "2022_44_30": 0.15673236760864406, "2022_44_30_2": 0.018997862740441705, "2022_44_30_5": 0.1472334362384232, "2022_44_30_10": 1.0021372595583, "2022_45_11": 0.03799572548088341, "2022_45_12": 0.7219187841367847, "2022_45_13": 1.1351222987413918, "2022_45_14": 0.02374732842555213, "2022_45_15": 28.615530752790313, "2023_2_0_5": 0.02374732842555213, "2023_2_10": 0.35146046069817155, "2023_2_11": 0.014248397055331279, "2023_2_12": 5.647114699596297, "2023_2_13": 0.018997862740441705, "2023_2_201": 0.004749465685110426, "2023_2_301": 0.04274519116599383, "2023_6_1": 0.03324625979577298, "2023_6_8": 5.618617905485634, "2023_6_9": 0.9878888625029687, "2023_6_11": 4.070292092139635, "2023_6_11_2": 0.028496794110662558, "2023_7_5": 0.004749465685110426, "2023_12_1": 2.3794823082403234, "2023_12_1_1": 9.399192590833533, "2023_12_5": 38.7651389218713, "2023_12_8": 0.6791735929707909}