{"2024_27_5": 0.22034751951649462, "2024_27_10": 0.6862251322085117, "2024_27_25": 3.1163434903047094, "2024_32": 0.03147821707378494, "2024_32_3": 5.464618484009066, "2024_32_4_1": 0.23293880634600855, "2024_32_4_2": 0.025182573659027957, "2024_32_5_3": 0.018886930244270968, "2024_32_5_4": 0.025182573659027957, "2024_32_6": 2.6504658776126924, "2024_32_7": 8.410979602115338, "2024_32_9": 0.044069503903298925, "2024_32_9_1": 0.018886930244270968, "2024_32_10": 19.875346260387815, "2024_32_20": 0.08813900780659785, "2024_32_20_1": 0.27071266683455053, "2024_33_5": 19.70536388818937, "2024_33_15": 0.5351296902543441, "2024_33_25": 0.2518257365902795, "2024_33_30": 0.012591286829513978, "2024_33_35": 8.933518005540169, "2024_38": 0.006295643414756989, "2024_38_2": 1.8320322336942838, "2024_38_4": 0.19516494585746666, "2024_38_6": 2.134223117602619, "2024_38_7": 9.644925711407708, "2024_39_5": 0.8121380005036516, "2024_44_1": 0.3273734575673634, "2024_44_3": 1.4731805590531353, "2024_44_3_1": 12.956434147569881}