{"2024_20_9": 5.814096267190569, "2024_20_10": 0.05525540275049116, "2024_20_15": 0.3008349705304519, "2024_21_5": 0.3929273084479371, "2024_26_1": 0.006139489194499017, "2024_26_3_1": 1.412082514734774, "2024_26_4": 0.018418467583497054, "2024_26_6": 0.7244597249508841, "2024_26_7": 10.271365422396856, "2024_26_8": 7.551571709233791, "2024_26_10": 2.228634577603143, "2024_26_11": 0.3008349705304519, "2024_26_20": 1.768172888015717, "2024_27_5": 0.38678781925343814, "2024_27_10": 1.5041748526522594, "2024_27_25": 17.577357563850686, "2024_32": 0.030697445972495088, "2024_32_3": 12.843811394891947, "2024_32_4_1": 0.675343811394892, "2024_32_4_2": 0.061394891944990176, "2024_32_5_3": 0.030697445972495088, "2024_32_5_4": 0.09209233791748526, "2024_32_6": 24.048379174852652, "2024_32_7": 4.009086444007859, "2024_32_10": 6.962180746561886, "2024_32_20": 0.9332023575638507}