{"2024_26_6": 0.5552663543293422, "2024_26_7": 7.091214066747642, "2024_26_8": 5.465903175429463, "2024_26_10": 1.4228700329689394, "2024_26_11": 0.21979293192203128, "2024_26_20": 1.2782694198623399, "2024_27_5": 0.24871305454335124, "2024_27_10": 0.7230030655329978, "2024_27_25": 3.3605182485973732, "2024_32": 0.02892012262131991, "2024_32_3": 5.6972641564000215, "2024_32_4_1": 0.2834172016889351, "2024_32_4_2": 0.023136098097055927, "2024_32_5_3": 0.017352073572791945, "2024_32_5_4": 0.02892012262131991, "2024_32_6": 2.9035803111805194, "2024_32_7": 12.244779917866849, "2024_32_9": 0.052056220718375845, "2024_32_9_1": 0.0983284169124877, "2024_32_10": 32.79541905257678, "2024_32_20": 0.10411244143675169, "2024_32_20_1": 0.32390537335878294, "2024_33_5": 8.826421424026837, "2024_33_15": 0.9427959974550291, "2024_33_25": 1.0816125860373644, "2024_38": 0.005784024524263982, "2024_38_2": 4.702411938226617, "2024_38_4": 0.5147781826594944, "2024_38_6": 8.95945398808491}