{"2022_45_12": 0.03044448954739192, "2022_45_13": 0.05074081591231987, "2022_45_15": 1.0452608077937893, "2023_2_10": 0.025370407956159934, "2023_2_12": 0.16744469251065558, "2023_2_301": 0.010148163182463974, "2023_6_8": 0.05074081591231987, "2023_6_9": 0.005074081591231987, "2023_6_11": 0.1167038765983357, "2023_7_5": 0.03044448954739192, "2023_7_10": 5.916379135376497, "2023_7_15": 3.3691901765780394, "2023_7_20": 20.565252689263243, "2023_12_1": 0.01522224477369596, "2023_12_1_1": 0.06596306068601583, "2023_12_5": 3.617820174548407, "2023_12_5_4": 0.395778364116095, "2023_12_8": 0.005074081591231987, "2023_12_9": 6.550639334280495, "2023_12_9_1": 2.1057438603612746, "2023_12_10": 1.0351126446113255, "2023_12_11": 3.988228130708342, "2023_20_4_1": 48.19362695352141, "2023_20_6": 1.141668358027197, "2023_20_7": 1.501928151004668}