{"2022_44_25_5": 0.021433929911049192, "2022_44_30": 0.016075447433286896, "2022_44_30_2": 0.010716964955524596, "2022_44_30_5": 0.010716964955524596, "2022_44_30_10": 0.09109420212195907, "2022_45_12": 0.03750937734433609, "2022_45_13": 0.09109420212195907, "2022_45_15": 1.3074697245740008, "2023_2_10": 0.03215089486657379, "2023_2_12": 0.251848676454828, "2023_2_301": 0.010716964955524596, "2023_6_8": 0.053584824777622976, "2023_6_11": 0.1929053691994427, "2023_7_5": 0.03215089486657379, "2023_7_10": 11.5689636694888, "2023_7_15": 12.742471332118743, "2023_7_20": 5.653199014039224, "2023_12_1": 0.03215089486657379, "2023_12_1_1": 0.06430178973314758, "2023_12_5": 5.476369092273068, "2023_12_5_4": 0.4715464580430823, "2023_12_8": 0.005358482477762298, "2023_12_9": 9.618476047583325, "2023_12_9_1": 3.7830886293001824, "2023_12_10": 1.3824884792626728, "2023_12_11": 3.295466723823813, "2023_20_4_1": 43.746650948451396}