{"2022_44_25_3": 0.17176228100309168, "2022_44_25_5": 0.06870491240123666, "2022_44_30": 0.18157726848898265, "2022_44_30_2": 0.024537468714727385, "2022_44_30_5": 0.16194729351720075, "2022_44_30_10": 1.1679835108210235, "2022_45_11": 0.03925994994356381, "2022_45_12": 0.8048289738430583, "2022_45_13": 1.3004858418805512, "2022_45_14": 0.024537468714727385, "2022_45_15": 28.438926240369035, "2023_2_0_5": 0.024537468714727385, "2023_2_10": 0.3680620307209108, "2023_2_11": 0.014722481228836432, "2023_2_12": 7.385778083132943, "2023_2_13": 0.019629974971781906, "2023_2_201": 0.004907493742945477, "2023_2_301": 0.04416744368650929, "2023_6_1": 0.04416744368650929, "2023_6_8": 7.4937429454777424, "2023_6_9": 1.0649261422191685, "2023_6_11": 5.427688079697697, "2023_6_11_2": 0.03925994994356381, "2023_6_15": 0.004907493742945477, "2023_12_1": 6.212887078568974, "2023_12_1_1": 34.219953869558815, "2023_12_5": 5.246110811208714}