{"2023_2_12": 0.10797470306956657, "2023_2_301": 0.010283305054244437, "2023_6_11": 0.020566610108488873, "2023_7_10": 0.8329477093937993, "2023_7_15": 0.6889814386343771, "2023_7_20": 25.420330094092247, "2023_7_26": 0.3393490667900664, "2023_7_30": 1.7430202066944318, "2023_12_1": 0.005141652527122218, "2023_12_1_1": 0.03599156768985553, "2023_12_5": 0.11825800812381101, "2023_12_5_4": 0.020566610108488873, "2023_12_9": 0.10283305054244435, "2023_12_9_1": 0.030849915162733308, "2023_12_10": 0.10283305054244435, "2023_12_11": 0.13368296570517768, "2023_20_4_1": 0.15424957581366655, "2023_20_7": 0.38048228700704406, "2023_20_8": 0.3496323718443108, "2023_20_9": 9.41436577716078, "2023_26_1": 0.5295902102935884, "2023_26_3": 0.020566610108488873, "2023_26_6": 0.21080775361201096, "2023_26_7": 16.026530927039953, "2023_26_8": 40.7990128027148, "2023_26_9": 0.7763895315954549, "2023_26_10": 1.4293794025399766, "2023_26_11": 0.1953827960306443}