{"2022_44_25_2": 0.0257201646090535, "2022_44_25_3": 0.20061728395061734, "2022_44_25_5": 0.07716049382716049, "2022_44_30": 0.2109053497942387, "2022_44_30_2": 0.020576131687242802, "2022_44_30_5": 0.1851851851851852, "2022_44_30_10": 1.5123456790123457, "2022_45_10": 0.0051440329218107005, "2022_45_11": 0.0462962962962963, "2022_45_12": 1.0390946502057612, "2022_45_13": 1.6358024691358026, "2022_45_14": 0.030864197530864203, "2022_45_15": 28.009259259259263, "2023_2_0_5": 0.020576131687242802, "2023_2_10": 0.4526748971193416, "2023_2_11": 0.0257201646090535, "2023_2_12": 15.606995884773664, "2023_2_13": 0.015432098765432101, "2023_2_201": 0.0051440329218107005, "2023_2_301": 0.061728395061728406, "2023_6_1": 0.0874485596707819, "2023_6_8": 17.366255144032923, "2023_6_9": 1.2397119341563785, "2023_6_11": 15.226337448559674, "2023_6_11_2": 0.051440329218107, "2023_6_15": 0.0051440329218107005, "2023_12_1": 12.325102880658438, "2023_12_1_1": 4.511316872427984}