{"2023_12_11": 0.05074118371932877, "2023_20_4_1": 0.06886303504766049, "2023_20_7": 0.06161429451632779, "2023_20_8": 0.09785799717299123, "2023_20_9": 2.44644992932478, "2023_26_1": 0.13772607009532098, "2023_26_3": 0.010873110796999024, "2023_26_6": 0.04711681345366244, "2023_26_7": 1.6382153600811862, "2023_26_8": 2.942988655721069, "2023_26_9": 3.7910912978869926, "2023_26_10": 0.21383784567431413, "2023_26_11": 0.19209162408031608, "2023_26_12": 0.8444782719002576, "2023_27_6": 2.7508970316407533, "2023_27_7": 20.72414917908014, "2023_31_600": 0.06161429451632779, "2023_32_1": 0.2863252509876409, "2023_32_4": 2.058642310898482, "2023_32_6": 7.448080895944331, "2023_32_7": 7.991736435794282, "2023_32_9": 12.772280816208188, "2023_38_1": 0.04711681345366244, "2023_38_4": 1.1126816715595669, "2023_38_6": 31.789351600159478, "2023_38_8": 0.4131782102859629}