{"2023_26_7": 0.014916467780429592, "2023_26_8": 0.07955449482895782, "2023_26_9": 0.07458233890214797, "2023_26_12": 0.7557677008750993, "2023_27_6": 0.0845266507557677, "2023_27_7": 14.94132856006364, "2023_27_12": 6.498607796340493, "2023_32_4": 0.11435958631662688, "2023_32_6": 0.12430389817024662, "2023_32_7": 0.18894192521877481, "2023_32_9": 1.6010342084327764, "2023_38_1": 0.004972155926809864, "2023_38_4": 0.009944311853619728, "2023_38_6": 9.660898965791565, "2023_38_8": 0.25357995226730307, "2023_38_9": 6.294749403341288, "2023_38_9_1": 0.41766109785202865, "2023_44_1": 35.9884645982498, "2023_44_25": 0.004972155926809864, "2023_44_30": 0.004972155926809864, "2023_44_30_1": 3.0877088305489253, "2023_44_30_2": 13.912092283214001, "2023_44_30_3": 0.11435958631662688, "2023_44_30_4": 5.767700875099443}