{"2023_38_6": 6.63793103448276, "2023_38_8": 0.15804597701149425, "2023_38_9": 3.491379310344827, "2023_38_9_1": 0.19157088122605362, "2023_44_1": 15.263409961685822, "2023_44_9_1": 0.009578544061302683, "2023_44_9_2": 0.014367816091954023, "2023_44_25": 0.0047892720306513415, "2023_44_30_1": 0.20593869731800768, "2023_44_30_2": 0.5076628352490421, "2023_44_30_3": 0.009578544061302683, "2023_44_30_4": 0.35919540229885055, "2023_44_30_5_1": 5.838122605363984, "2023_44_30_6": 1.1973180076628354, "2023_44_30_7": 1.0057471264367817, "2023_44_30_8": 38.00287356321839, "2023_44_30_9": 11.78639846743295, "2023_44_30_10": 0.0047892720306513415, "2023_44_30_12": 0.028735632183908046, "2023_44_30_13": 0.30651340996168586, "2024_2_2": 0.23467432950191572, "2024_2_2_1": 14.741379310344826}