{"2024_26_10": 1.5483703077223343, "2024_26_11": 0.24721878862793578, "2024_26_20": 1.3987378830264785, "2024_27_5": 0.27324181900982375, "2024_27_10": 0.7806909114566393, "2024_27_25": 3.623706980677901, "2024_32": 0.03252878797735996, "2024_32_3": 6.1674582005074505, "2024_32_4_1": 0.3057706069871837, "2024_32_4_2": 0.026023030381887975, "2024_32_5_3": 0.01951727278641598, "2024_32_5_4": 0.03252878797735996, "2024_32_6": 3.0577060698718372, "2024_32_7": 12.198295491509988, "2024_32_9": 0.05855181835924795, "2024_32_9_1": 0.17565545507774386, "2024_32_10": 28.48871251057186, "2024_32_20": 0.1171036367184959, "2024_32_20_1": 0.33179363736907175, "2024_33_5": 19.614859150348064, "2024_33_15": 1.105978791230239, "2024_33_25": 1.118990306421183, "2024_33_30": 0.11059787912302389, "2024_33_35": 1.047426972870991, "2024_38": 0.006505757595471994, "2024_38_2": 4.30681152820246, "2024_38_4": 0.33179363736907175, "2024_38_6": 13.473423980222499}