{"2023_38_6": 0.013756104271270378, "2023_38_9": 0.027512208542540755, "2023_44_1": 0.02063415640690557, "2023_44_30_5_1": 0.013756104271270378, "2023_44_30_8": 0.7359515785129652, "2023_44_30_9": 0.04126831281381114, "2023_44_30_13": 0.02063415640690557, "2023_44_30_14": 3.2464406080198094, "2023_44_30_16": 0.02063415640690557, "2023_44_30_20": 0.02063415640690557, "2023_44_30_25": 2.613659811541372, "2023_44_30_30": 0.45395144095192247, "2024_2_2_1": 0.02063415640690557, "2024_2_3": 0.027512208542540755, "2024_2_6": 0.08253662562762228, "2024_2_7": 14.299470389985562, "2024_2_7_1": 0.006878052135635189, "2024_2_8": 1.0248297682096432, "2024_2_12": 0.03439026067817595, "2024_2_13": 0.07565857349198708, "2024_3_6": 1.8020496595364195, "2024_3_10": 14.870348717243278, "2024_3_15": 25.380012380493845, "2024_3_20": 0.013756104271270378, "2024_8_3": 0.11004883417016302, "2024_8_4": 2.7030744893046297, "2024_8_7": 9.42293142582021, "2024_8_8": 0.15131714698397417, "2024_8_9": 22.525620744205245, "2024_8_12": 0.22009766834032604}