{"2024_27_5": 0.2164100661596488, "2024_27_10": 0.6492301984789464, "2024_27_25": 2.986458913003153, "2024_32": 0.030915723737092685, "2024_32_3": 5.237123601063501, "2024_32_4_1": 0.22877635565448584, "2024_32_4_2": 0.02473257898967415, "2024_32_5_3": 0.01854943424225561, "2024_32_5_4": 0.02473257898967415, "2024_32_6": 2.516539912199344, "2024_32_7": 7.871143263463797, "2024_32_9": 0.03709886848451122, "2024_32_9_1": 0.012366289494837075, "2024_32_10": 17.949669201756013, "2024_32_20": 0.08656402646385952, "2024_32_20_1": 0.24114264514932293, "2024_33_5": 19.025536387806838, "2024_33_15": 0.43900327706671616, "2024_33_25": 0.22259321090706735, "2024_33_30": 0.012366289494837075, "2024_33_35": 8.773882396586904, "2024_38": 0.0061831447474185374, "2024_38_2": 1.6570827923081677, "2024_38_4": 0.16694490818030047, "2024_38_6": 1.8734928584678165, "2024_38_7": 6.8756569591294125, "2024_39_5": 1.0635008965559885, "2024_44_1": 0.2658752241389971, "2024_44_3": 1.0758671860508253, "2024_44_3_1": 20.41056081122859}