{"2022_45_12": 0.03332381224412072, "2022_45_13": 0.04284490145672664, "2022_45_15": 0.7712082262210795, "2023_2_10": 0.014281633818908884, "2023_2_12": 0.13329524897648287, "2023_2_301": 0.00952108921260592, "2023_6_8": 0.03332381224412072, "2023_6_11": 0.07616871370084737, "2023_7_5": 0.028563267637817767, "2023_7_10": 4.274969056460058, "2023_7_15": 2.4278777492145096, "2023_7_20": 22.731600495096636, "2023_7_25": 0.01904217842521184, "2023_12_1": 0.00952108921260592, "2023_12_1_1": 0.03808435685042368, "2023_12_5": 2.5944968104351136, "2023_12_5_4": 0.3522803008664191, "2023_12_8": 0.00476054460630296, "2023_12_9": 4.88907931067314, "2023_12_9_1": 1.3186708559459202, "2023_12_10": 0.7283633247643531, "2023_12_11": 2.9324954774826235, "2023_20_4_1": 19.651528134818623, "2023_20_6": 0.7474055031895648, "2023_20_7": 35.27563553270493, "2023_20_8": 0.8568980291345331, "2023_26": 0.00476054460630296}