{"2023_44_30_8": 0.07925643057857194, "2023_44_30_9": 0.021615390157792347, "2023_44_30_13": 0.014410260105194899, "2023_44_30_14": 0.5043591036818215, "2023_44_30_25": 0.1008718207363643, "2023_44_30_30": 0.17292312126233877, "2024_2_6": 0.028820520210389798, "2024_2_7": 0.4683334534188342, "2024_2_8": 0.014410260105194899, "2024_2_12": 0.0072051300525974495, "2024_2_13": 0.0072051300525974495, "2024_3_6": 0.2017436414727286, "2024_3_10": 0.7781540456805246, "2024_3_15": 4.452770372505223, "2024_3_20": 0.39628215289285973, "2024_3_25": 35.26911160746452, "2024_8_4": 0.0720513005259745, "2024_8_7": 0.2954103321564954, "2024_8_8": 0.014410260105194899, "2024_8_9": 10.382592405792925, "2024_8_12": 0.06484617047337705, "2024_9_5": 0.014410260105194899, "2024_14_3": 0.5980257943655883, "2024_14_5": 0.05043591036818215, "2024_14_6": 7.392463433964982, "2024_14_7": 3.753872757403271, "2024_14_8": 24.84328842135601, "2024_14_9": 9.510771669428635, "2024_14_11": 0.48994884357662655}