{"2022_45_15": 0.6894015994117106, "2023_2_10": 0.01378803198823421, "2023_2_12": 0.23899255446272633, "2023_6_8": 0.050556117290192104, "2023_6_9": 0.004596010662744738, "2023_6_11": 0.09651622391763949, "2023_7_5": 0.02298005331372369, "2023_7_10": 3.7457486901369608, "2023_7_15": 2.086588840886111, "2023_7_20": 23.25121794282563, "2023_7_25": 0.01838404265097895, "2023_12_1": 0.01378803198823421, "2023_12_1_1": 0.0735361706039158, "2023_12_5": 2.5553819284860744, "2023_12_5_4": 0.33091276771762107, "2023_12_8": 0.004596010662744738, "2023_12_9": 4.3662101296075, "2023_12_9_1": 1.139810644360695, "2023_12_10": 0.6250574501332843, "2023_12_11": 2.4956337898703924, "2023_20_4_1": 12.942366026289179, "2023_20_6": 0.2527805864509606, "2023_20_7": 21.54609798694733, "2023_20_8": 23.398290284033457, "2023_20_9": 0.03217207463921316, "2023_26": 0.004596010662744738}