{"2023_38_6": 0.014441475918838906, "2023_38_9": 0.028882951837677813, "2023_44_1": 0.03610368979709726, "2023_44_30_5_1": 0.021662213878258358, "2023_44_30_6": 0.014441475918838906, "2023_44_30_8": 0.8231641273738177, "2023_44_30_9": 0.043324427756516716, "2023_44_30_13": 0.021662213878258358, "2023_44_30_14": 3.545382338074951, "2023_44_30_16": 0.021662213878258358, "2023_44_30_20": 0.021662213878258358, "2023_44_30_25": 3.141021012347462, "2023_44_30_30": 0.46934796736226453, "2024_2_2_1": 0.014441475918838906, "2024_2_3": 0.03610368979709726, "2024_2_6": 0.07220737959419452, "2024_2_7": 16.831540183406744, "2024_2_7_1": 0.007220737959419453, "2024_2_8": 1.2130839771824682, "2024_2_12": 0.043324427756516716, "2024_2_13": 0.11553180735071125, "2024_3_6": 2.5128168098779695, "2024_3_10": 23.691241244855224, "2024_3_15": 13.871037620044769, "2024_8_3": 0.12275254531013069, "2024_8_4": 3.213228391941657, "2024_8_7": 13.654415481262186, "2024_8_8": 0.1805184489854863, "2024_8_9": 16.0733626976677, "2024_8_12": 0.14441475918838903}