{"2023_38_6": 6.438982970894854, "2023_38_8": 0.15566772017547997, "2023_38_9": 3.3350629746686162, "2023_38_9_1": 0.18868814566724842, "2023_44_1": 14.57144204915326, "2023_44_9_1": 0.004717203641681211, "2023_44_9_2": 0.009434407283362423, "2023_44_25": 0.004717203641681211, "2023_44_30_1": 0.18868814566724842, "2023_44_30_2": 0.4670031605264399, "2023_44_30_3": 0.009434407283362423, "2023_44_30_4": 0.31133544035095995, "2023_44_30_5_1": 5.471956224350205, "2023_44_30_6": 1.1038256521534033, "2023_44_30_7": 0.9104203028444737, "2023_44_30_8": 34.86485211566583, "2023_44_30_9": 11.467522052927027, "2023_44_30_10": 0.004717203641681211, "2023_44_30_12": 0.023586018208406053, "2023_44_30_13": 0.3443558658427284, "2023_44_30_15": 0.004717203641681211, "2024_2_2": 0.13679890560875513, "2024_2_2_1": 16.911175055427144, "2024_2_3": 3.0708995707344684}