{"2022_44_30": 0.03515144413849668, "2022_44_30_2": 0.01171714804616556, "2022_44_30_5": 0.01171714804616556, "2022_44_30_10": 0.09373718436932447, "2022_45_12": 0.0585857402308278, "2022_45_13": 0.12303005448473837, "2022_45_15": 2.032925186009725, "2023_2_10": 0.07030288827699337, "2023_2_12": 0.3515144413849668, "2023_2_301": 0.01171714804616556, "2023_6_8": 0.07616146230007614, "2023_6_9": 0.00585857402308278, "2023_6_11": 0.7791903450700097, "2023_7_5": 0.04686859218466224, "2023_7_10": 29.68539457496045, "2023_7_15": 0.31050442322338734, "2023_12_1": 0.04686859218466224, "2023_12_1_1": 0.15818149862323505, "2023_12_5": 15.695119807838767, "2023_12_5_3": 0.00585857402308278, "2023_12_5_4": 0.7088874567930165, "2023_12_8": 0.00585857402308278, "2023_12_9": 29.386607299783225, "2023_12_9_1": 15.964614212900575, "2023_12_10": 2.2555509988868705, "2023_12_11": 0.8143417892085064, "2023_20_4_1": 1.2537348409397149}