{"2023_2_12": 0.09861446674227109, "2023_6_11": 0.019722893348454215, "2023_7_10": 0.32542774024949456, "2023_7_15": 0.27612050687835904, "2023_7_20": 7.504560919086828, "2023_7_26": 0.11340663675361173, "2023_7_30": 20.3737488289532, "2023_12_1": 0.004930723337113554, "2023_12_1_1": 0.029584340022681323, "2023_12_5": 0.08875302006804398, "2023_12_5_4": 0.014792170011340661, "2023_12_9": 0.0838222967309304, "2023_12_9_1": 0.029584340022681323, "2023_12_10": 0.0936837434051575, "2023_12_11": 0.09861446674227109, "2023_20_4_1": 0.13806025343917952, "2023_20_7": 0.2662590602041319, "2023_20_8": 0.28598195355258615, "2023_20_9": 7.746166362605393, "2023_26_1": 0.4289729303288792, "2023_26_3": 0.019722893348454215, "2023_26_6": 0.17750604013608795, "2023_26_7": 10.719392534884866, "2023_26_8": 29.22932794240915, "2023_26_9": 19.136137271337702, "2023_26_10": 1.3658103643804544, "2023_26_11": 1.3312953010206594}