{"2022_45_12": 0.01173846695621552, "2022_45_13": 0.03521540086864656, "2022_45_15": 0.14673083695269398, "2023_2_10": 0.02347693391243104, "2023_2_12": 0.2230308721680949, "2023_2_301": 0.01173846695621552, "2023_6_8": 0.029346167390538795, "2023_6_11": 0.04695386782486208, "2023_7_10": 1.0564620260593967, "2023_7_15": 0.9156004225848104, "2023_7_20": 27.579528113628367, "2023_7_26": 0.4225848104237587, "2023_12_1": 0.01760770043432328, "2023_12_1_1": 0.05869233478107759, "2023_12_5": 0.3228078412959268, "2023_12_5_4": 0.12325390304026296, "2023_12_9": 0.15846930390890954, "2023_12_9_1": 0.04695386782486208, "2023_12_10": 0.18194623782134053, "2023_12_11": 0.4578002112924052, "2023_20_4_1": 0.3052001408616035, "2023_20_6": 0.00586923347810776, "2023_20_7": 0.7043080173729311, "2023_20_8": 0.7336541847634699, "2023_20_9": 34.76933912431036, "2023_26_1": 0.974292757365888, "2023_26_3": 0.05869233478107759, "2023_26_6": 1.203192863012091, "2023_26_7": 29.258128888367178, "2023_26_8": 0.11738466956215518}