{"2023_44_30_9": 0.020218358269308533, "2023_44_30_13": 0.013478905512872357, "2023_44_30_14": 0.44480388192478776, "2023_44_30_25": 0.07413398032079796, "2023_44_30_30": 0.14152850788515972, "2024_2_6": 0.040436716538617065, "2024_2_7": 0.4515433346812239, "2024_2_8": 0.013478905512872357, "2024_3_6": 0.14826796064159592, "2024_3_10": 0.5930718425663837, "2024_3_15": 3.4505998112953233, "2024_3_20": 0.26283865750101093, "2024_3_25": 16.13424989890821, "2024_8_3": 0.006739452756436178, "2024_8_4": 0.060655074807925584, "2024_8_7": 0.24262029923170234, "2024_8_8": 0.013478905512872357, "2024_8_9": 7.501010917913466, "2024_8_12": 0.04717616929505324, "2024_9_5": 0.006739452756436178, "2024_14_3": 0.4043671653861707, "2024_14_5": 0.04717616929505324, "2024_14_6": 3.8212697128993125, "2024_14_7": 1.74551826391697, "2024_14_8": 5.654400862649952, "2024_14_9": 34.222941097182904, "2024_14_11": 0.12131014961585117, "2024_15_5": 0.03369726378218089, "2024_20_1": 24.282248281439546}