{"2022_44_2": 0.11381631037212983, "2022_44_25_1": 0.054433887569279485, "2022_44_25_2": 0.12371338083927155, "2022_44_25_3": 0.5789786223277908, "2022_44_25_5": 0.5591844813935074, "2022_44_30": 0.430522565320665, "2022_44_30_1": 0.029691211401425173, "2022_44_30_2": 0.059382422802850346, "2022_44_30_5": 1.1826999208234361, "2022_44_30_10": 8.763855898653999, "2022_45_10": 0.009897070467141725, "2022_45_11": 0.20288994457640536, "2022_45_12": 5.705661124307204, "2022_45_13": 11.163895486935866, "2022_45_14": 0.1880443388756928, "2022_45_15": 4.889152810768012, "2023_2_0_5": 0.0395882818685669, "2023_2_10": 0.935273159144893, "2023_2_11": 0.11876484560570069, "2023_2_12": 24.312153602533648, "2023_2_13": 0.01979414093428345, "2023_2_201": 0.004948535233570863, "2023_2_301": 0.28701504354711005, "2023_6_1": 0.40083135391923985, "2023_6_8": 26.276722090261277, "2023_6_9": 5.685866983372921, "2023_6_11": 7.853325415676959, "2023_6_11_2": 0.009897070467141725}