{"2024_3_10": 0.42702093588755125, "2024_3_15": 2.550263922661764, "2024_3_20": 0.14827115829428864, "2024_3_25": 8.243876401162446, "2024_8_4": 0.047446770654172354, "2024_8_7": 0.21351046794377562, "2024_8_8": 0.011861692663543089, "2024_8_9": 4.803985528734951, "2024_8_12": 0.04151592432240081, "2024_9_5": 0.005930846331771544, "2024_14_3": 0.23723385327086174, "2024_14_5": 0.029654231658857718, "2024_14_6": 1.9156633651622088, "2024_14_7": 0.7710100231303008, "2024_14_8": 2.313030069390902, "2024_14_9": 26.2617875570844, "2024_14_11": 0.08303184864480162, "2024_15_10": 0.005930846331771544, "2024_15_15": 3.9558745032916205, "2024_20_1": 7.585552458335805, "2024_20_3": 3.5940928770535563, "2024_20_6": 0.6168080185042406, "2024_20_6_1": 0.029654231658857718, "2024_20_6_2": 3.7186406500207587, "2024_20_7": 20.360595456971712, "2024_20_8": 0.13640946563074552, "2024_20_9": 11.879485202538403, "2024_20_9_1": 0.011861692663543089}