{"2022_40_4_2": 0.06867769031644567, "2022_44_2": 0.12150668286755771, "2022_44_25_1": 0.06339479106133446, "2022_44_25_2": 0.14263827988800257, "2022_44_25_3": 0.7026256009297903, "2022_44_25_5": 1.188652332400021, "2022_44_30": 0.5230070262560094, "2022_44_30_1": 0.058111891806223254, "2022_44_30_2": 0.0950921865920017, "2022_44_30_5": 1.9599556236462572, "2022_44_30_10": 19.398806064768348, "2022_45_10": 0.015848697765333614, "2022_45_11": 0.33810555232711714, "2022_45_12": 7.390776057900577, "2022_45_13": 2.8052195044640498, "2022_45_14": 0.08452638808177929, "2023_2_0_5": 0.058111891806223254, "2023_2_10": 1.0935601458080195, "2023_2_11": 0.15848697765333616, "2023_2_12": 28.58576786940673, "2023_2_13": 0.02113159702044482, "2023_2_201": 0.02113159702044482, "2023_2_301": 0.1901843731840034, "2023_6_1": 0.591684716572455, "2023_6_8": 29.45744624650008, "2023_6_9": 4.86555021395742}