{"2023_2_12": 0.0904589601980575, "2023_6_11": 0.019043991620643685, "2023_7_10": 0.2570938868786897, "2023_7_15": 0.21900590363740238, "2023_7_20": 5.784612454770518, "2023_7_26": 0.09521995810321843, "2023_7_30": 21.957722338602167, "2023_12_1": 0.004760997905160921, "2023_12_1_1": 0.03332698533612645, "2023_12_5": 0.07617596648257474, "2023_12_5_4": 0.009521995810321843, "2023_12_9": 0.0714149685774138, "2023_12_9_1": 0.028565987430965528, "2023_12_10": 0.0714149685774138, "2023_12_11": 0.09998095600837933, "2023_20_4_1": 0.1333079413445058, "2023_20_7": 0.21424490573224145, "2023_20_8": 0.25233288897352885, "2023_20_9": 6.398781184536277, "2023_26_1": 0.3808798324128737, "2023_26_3": 0.019043991620643685, "2023_26_6": 0.15235193296514948, "2023_26_7": 8.784041135021898, "2023_26_8": 23.866882498571698, "2023_26_9": 26.62350028565987, "2023_26_10": 1.399733384117311, "2023_26_11": 1.4854313464102074, "2023_32_1": 1.4711483526947247}