{"2024_26_10": 1.557815147959849, "2024_26_11": 0.24768609047060358, "2024_26_20": 1.40789988267501, "2024_27_5": 0.27375831052014077, "2024_27_10": 0.7821666014861166, "2024_27_25": 3.6501108069352104, "2024_32": 0.032590275061921525, "2024_32_3": 6.2182244818146275, "2024_32_4_1": 0.30634858558206235, "2024_32_4_2": 0.02607222004953722, "2024_32_5_3": 0.019554165037152915, "2024_32_5_4": 0.032590275061921525, "2024_32_6": 3.076521965845392, "2024_32_7": 12.273497588319646, "2024_32_9": 0.05214444009907444, "2024_32_9_1": 0.17598748533437625, "2024_32_10": 28.90105592491201, "2024_32_20": 0.11732499022291752, "2024_32_20_1": 0.3324208056315996, "2024_33_5": 19.12397340633555, "2024_33_15": 1.1080693521053322, "2024_33_25": 1.1211054621301006, "2024_33_30": 0.1108069352105332, "2024_33_35": 0.9842263068700301, "2024_38": 0.006518055012384305, "2024_38_2": 4.354060748272716, "2024_38_4": 0.3519749706687525, "2024_38_6": 13.355494720375443}