{"2023_38_9": 3.010931999258848, "2023_38_9_1": 0.08337965536409118, "2023_44_1": 12.530109319992592, "2023_44_9_2": 0.009264406151565686, "2023_44_25": 0.004632203075782843, "2023_44_30_1": 0.1389660922734853, "2023_44_30_2": 0.40300166759310735, "2023_44_30_3": 0.009264406151565686, "2023_44_30_4": 0.2594033722438392, "2023_44_30_5_1": 4.38206410969057, "2023_44_30_6": 0.8337965536409118, "2023_44_30_7": 0.7504168982768206, "2023_44_30_8": 19.95553085047249, "2023_44_30_9": 4.669260700389105, "2023_44_30_10": 0.004632203075782843, "2023_44_30_12": 0.01389660922734853, "2023_44_30_13": 0.37984065221419305, "2023_44_30_14": 12.733926255327036, "2023_44_30_16": 0.06948304613674265, "2023_44_30_20": 0.3659440429868446, "2024_2_2": 0.07874745228830833, "2024_2_2_1": 5.3224013340744865, "2024_2_3": 1.38502871965907, "2024_2_6": 2.468964239392255, "2024_2_7": 28.075782842319807, "2024_2_8": 2.061330368723365}