{"2024_20_7": 1.904351041538272, "2024_20_9": 5.996548748921485, "2024_20_10": 0.06162948354492789, "2024_20_15": 0.3081474177246395, "2024_21_5": 0.41908048810550974, "2024_26_1": 0.006162948354492791, "2024_26_3_1": 1.5160852952052262, "2024_26_4": 0.01848884506347837, "2024_26_6": 0.7703685443115987, "2024_26_7": 11.30901023049427, "2024_26_8": 8.011832860840627, "2024_26_10": 2.4220387033156663, "2024_26_11": 0.33279921114261063, "2024_26_20": 1.9166769382472577, "2024_27_5": 0.4560581782324664, "2024_27_10": 1.6824849007765315, "2024_27_25": 21.083446320719833, "2024_32": 0.030814741772463947, "2024_32_3": 15.160852952052265, "2024_32_4_1": 0.8874645630469618, "2024_32_4_2": 0.07395538025391347, "2024_32_5_3": 0.04314063848144953, "2024_32_5_4": 0.12325896708985579, "2024_32_6": 23.28361888327376, "2024_32_10": 1.355848637988414, "2024_32_20": 0.8258350795020339}