{"2023_2_12": 0.09596928982725526, "2023_6_11": 0.01919385796545105, "2023_7_10": 0.26391554702495196, "2023_7_15": 0.22552783109404984, "2023_7_20": 6.0796545105566215, "2023_7_26": 0.09596928982725526, "2023_7_30": 21.708253358925138, "2023_12_1": 0.004798464491362763, "2023_12_1_1": 0.03358925143953934, "2023_12_5": 0.08157389635316697, "2023_12_5_4": 0.009596928982725525, "2023_12_9": 0.07197696737044144, "2023_12_9_1": 0.028790786948176578, "2023_12_10": 0.0767754318618042, "2023_12_11": 0.09596928982725526, "2023_20_4_1": 0.13435700575815737, "2023_20_7": 0.22552783109404984, "2023_20_8": 0.25911708253358917, "2023_20_9": 6.597888675623801, "2023_26_1": 0.38867562380038384, "2023_26_3": 0.01919385796545105, "2023_26_6": 0.1583493282149712, "2023_26_7": 9.179462571976966, "2023_26_8": 24.98080614203455, "2023_26_9": 25.95969289827255, "2023_26_10": 1.4011516314779267, "2023_26_11": 1.45873320537428, "2023_32_1": 0.3454894433781189}