{"2023_2_12": 0.23519833551947172, "2023_6_8": 0.05427653896603193, "2023_6_11": 0.0904608982767199, "2023_7_5": 0.022615224569179974, "2023_7_10": 3.4601293590845357, "2023_7_15": 1.9132479985526256, "2023_7_20": 23.63290967479307, "2023_7_25": 0.004523044913835994, "2023_7_26": 0.013569134741507982, "2023_12_1": 0.009046089827671988, "2023_12_1_1": 0.07236871862137591, "2023_12_5": 2.306752906056357, "2023_12_5_4": 0.29399791939933967, "2023_12_8": 0.004523044913835994, "2023_12_9": 4.097878691935411, "2023_12_9_1": 1.0222081505269347, "2023_12_10": 0.5834727938848433, "2023_12_11": 2.211768962865801, "2023_20_4_1": 9.02347460310281, "2023_20_6": 0.18996788638111176, "2023_20_7": 8.847075851463204, "2023_20_8": 6.852413044461532, "2023_20_9": 29.653082455108777, "2023_26_1": 5.400515627120177, "2023_26_3": 0.004523044913835994}