{"2024_21_5": 0.33503791218479984, "2024_26_3_1": 1.1403044730500207, "2024_26_4": 0.01763357432551578, "2024_26_6": 0.5760300946335156, "2024_26_7": 7.635337682948334, "2024_26_8": 5.760300946335155, "2024_26_10": 1.5282431082113679, "2024_26_11": 0.24687004055722095, "2024_26_20": 1.369540939281726, "2024_27_5": 0.2645036148827367, "2024_27_10": 0.8052665608652207, "2024_27_25": 3.8499970610709457, "2024_32": 0.029389290542526307, "2024_32_3": 6.236407453124081, "2024_32_4_1": 0.31740433785928407, "2024_32_4_2": 0.023511432434021044, "2024_32_5_3": 0.01763357432551578, "2024_32_5_4": 0.029389290542526307, "2024_32_6": 3.4385469934755775, "2024_32_7": 15.723270440251572, "2024_32_9": 0.09992358784458943, "2024_32_10": 38.776229941809206, "2024_32_20": 0.135190736495621, "2024_32_20_1": 0.4173279257038735, "2024_33_5": 0.011755716217010522, "2024_33_15": 0.7582436959971787, "2024_33_25": 0.5466408040909894, "2024_38": 0.005877858108505261, "2024_38_2": 9.192970081702228, "2024_38_4": 0.7112208311291366}