{"2022_45_15": 0.06945133445778351, "2023_2_12": 0.09921619208254787, "2023_6_11": 0.019843238416509576, "2023_7_10": 0.34725667228891755, "2023_7_15": 0.3075701954558984, "2023_7_20": 8.056354797102887, "2023_7_26": 0.12402024010318485, "2023_7_30": 19.7936303204683, "2023_12_1": 0.004960809604127394, "2023_12_1_1": 0.029764857624764364, "2023_12_5": 0.0892945728742931, "2023_12_5_4": 0.014882428812382182, "2023_12_9": 0.08433376327016567, "2023_12_9_1": 0.029764857624764364, "2023_12_10": 0.09425538247842047, "2023_12_11": 0.10417700168667528, "2023_20_4_1": 0.13890266891556702, "2023_20_7": 0.27780533783113404, "2023_20_8": 0.28276614743526146, "2023_20_9": 7.912491318583193, "2023_26_1": 0.4563944835797202, "2023_26_3": 0.019843238416509576, "2023_26_6": 0.1785891457485862, "2023_26_7": 11.141978370870126, "2023_26_8": 30.37999801567616, "2023_26_9": 17.273539041571585, "2023_26_10": 1.3691834507391607, "2023_26_11": 1.2997321162813773}