{"2023_44_1": 0.014306151645207443, "2023_44_30_8": 0.08583690987124463, "2023_44_30_9": 0.02145922746781116, "2023_44_30_13": 0.014306151645207443, "2023_44_30_14": 0.5221745350500716, "2023_44_30_25": 0.09298998569384836, "2023_44_30_30": 0.16452074391988558, "2024_2_6": 0.028612303290414885, "2024_2_7": 0.47210300429184554, "2024_2_8": 0.02145922746781116, "2024_2_12": 0.007153075822603721, "2024_3_6": 0.20028612303290416, "2024_3_10": 0.7224606580829758, "2024_3_15": 4.384835479256081, "2024_3_20": 0.39341917024320466, "2024_3_25": 35.00715307582261, "2024_8_4": 0.07153075822603719, "2024_8_7": 0.2789699570815451, "2024_8_8": 0.014306151645207443, "2024_8_9": 9.828326180257513, "2024_8_12": 0.06437768240343347, "2024_9_5": 0.014306151645207443, "2024_14_3": 0.5722460658082975, "2024_14_5": 0.05007153075822604, "2024_14_6": 7.210300429184549, "2024_14_7": 3.6766809728183123, "2024_14_8": 18.590844062947067, "2024_14_9": 16.95994277539342, "2024_14_11": 0.5150214592274678}