{"2022_45_12": 0.033235210331402525, "2022_45_13": 0.042730984711803255, "2022_45_15": 0.7739056120026588, "2023_2_10": 0.014243661570601085, "2023_2_12": 0.1329408413256101, "2023_2_301": 0.009495774380400722, "2023_6_8": 0.033235210331402525, "2023_6_11": 0.07121830785300541, "2023_7_5": 0.02848732314120217, "2023_7_10": 4.22561959927832, "2023_7_15": 2.4119266926217833, "2023_7_20": 22.785110625771534, "2023_7_25": 0.018991548760801443, "2023_12_1": 0.009495774380400722, "2023_12_1_1": 0.037983097521602886, "2023_12_5": 2.5781027442787963, "2023_12_5_4": 0.35134365207482676, "2023_12_8": 0.004747887190200361, "2023_12_9": 4.8238533852435665, "2023_12_9_1": 1.2961732029246986, "2023_12_10": 0.721678852910455, "2023_12_11": 2.905706960402621, "2023_20_4_1": 19.20995157155066, "2023_20_6": 0.7264267401006552, "2023_20_7": 35.5996581521223, "2023_20_8": 1.1489887000284875, "2023_26": 0.004747887190200361}