{"2023_7_26": 0.0351892399124179, "2023_7_30": 7.933218642477323, "2023_12_1_1": 0.03127932436659368, "2023_12_5": 0.06255864873318737, "2023_12_9": 0.06255864873318737, "2023_12_9_1": 0.019549577729121054, "2023_12_10": 0.07819831091648421, "2023_12_11": 0.0703784798248358, "2023_20_4_1": 0.10165780419142949, "2023_20_7": 0.08992805755395684, "2023_20_8": 0.1407569596496716, "2023_20_9": 3.2178604942133253, "2023_26_1": 0.18376603065373792, "2023_26_3": 0.011729746637472633, "2023_26_6": 0.06255864873318737, "2023_26_7": 2.5062558648733195, "2023_26_8": 5.086800125117299, "2023_26_9": 7.006568658116986, "2023_26_10": 0.781983109164842, "2023_26_11": 0.5043791054113231, "2023_26_12": 0.629496402877698, "2023_27_6": 17.821395057866756, "2023_32_1": 0.5395683453237411, "2023_32_4": 5.466061933062248, "2023_32_6": 19.154676258992808, "2023_32_7": 28.397716609321243, "2023_38": 0.00390991554582421}