{"2023_38_9_1": 0.035373187124159884, "2023_44_30_14": 0.035373187124159884, "2023_44_30_30": 0.07074637424831977, "2024_8_9": 0.035373187124159884, "2024_14_9": 0.035373187124159884, "2024_15_15": 0.035373187124159884, "2024_20_6_2": 0.035373187124159884, "2024_26_8": 0.2122391227449593, "2024_32_6": 0.07074637424831977, "2024_32_7": 0.3891050583657587, "2024_32_10": 0.7074637424831977, "2024_33_5": 0.601344181110718, "2024_33_35": 0.24761230986911922, "2024_33_40": 0.07074637424831977, "2024_38_2": 0.035373187124159884, "2024_38_6": 0.14149274849663954, "2024_38_7": 0.3891050583657587, "2024_39_5": 0.035373187124159884, "2024_39_15": 0.14149274849663954, "2024_44_3_1": 0.601344181110718, "2024_44_4": 1.839405730456314, "2024_44_25_2": 17.721966749204103, "2024_44_25_3": 0.31835868411743895, "2024_44_25_4": 3.3250795896710295, "2024_45_25_5": 13.583303855677395, "2024_45_25_6": 3.5373187124159884, "2024_45_25_10": 0.4598514326140785, "2024_45_25_15": 8.807923593915811, "2024_45_32": 7.534488857446056, "2024_45_32_1": 11.956137247966042, "2024_45_32_2": 23.55854262469048, "2024_45_32_5": 0.3537318712415988, "2024_45_32_6": 0.7074637424831977, "2025_2": 2.3700035373187123}