{"2022_40_4": 0.011172560192168033, "2022_40_4_1": 0.07820792134517622, "2022_40_4_2": 0.06703536115300819, "2022_44_2": 0.12848444220993238, "2022_44_25_1": 0.07820792134517622, "2022_44_25_2": 0.17876096307468853, "2022_44_25_3": 0.7820792134517622, "2022_44_25_5": 1.737333109882129, "2022_44_30": 0.5698005698005697, "2022_44_30_1": 0.0726216412490922, "2022_44_30_2": 0.10613932182559631, "2022_44_30_5": 2.407686721412211, "2022_44_30_10": 25.769510083235563, "2022_45_10": 0.016758840288252048, "2022_45_11": 0.8658734148930225, "2022_45_12": 2.787553767945924, "2023_2_0_5": 0.06144908105692418, "2023_2_10": 1.1954639405619794, "2023_2_11": 0.18434724317077253, "2023_2_12": 32.6797385620915, "2023_2_13": 0.022345120384336066, "2023_2_201": 0.10613932182559631, "2023_2_301": 0.0055862800960840165, "2023_6_1": 0.7764929333556783, "2023_6_8": 27.50125691302161, "2023_6_9": 1.8099547511312213}