{"2023_2_10": 0.01047943411055803, "2023_2_12": 0.11003405816085932, "2023_2_301": 0.01047943411055803, "2023_6_8": 0.01047943411055803, "2023_6_11": 0.02095886822111606, "2023_7_10": 0.8750327482315955, "2023_7_15": 0.7545192559601782, "2023_7_20": 26.722556981922974, "2023_7_26": 0.361540476814252, "2023_7_30": 0.39821849620120514, "2023_12_1": 0.005239717055279015, "2023_12_1_1": 0.03667801938695311, "2023_12_5": 0.11527377521613834, "2023_12_5_4": 0.02095886822111606, "2023_12_9": 0.09955462405030129, "2023_12_9_1": 0.03143830233167409, "2023_12_10": 0.13623264343725439, "2023_12_11": 0.1414723604925334, "2023_20_4_1": 0.1729106628242075, "2023_20_7": 0.39297877914592605, "2023_20_8": 0.39297877914592605, "2023_20_9": 10.458475242336913, "2023_26_1": 0.5763688760806917, "2023_26_3": 0.02619858527639507, "2023_26_6": 0.22006811632171863, "2023_26_7": 17.694524495677232, "2023_26_8": 38.63767356562746, "2023_26_9": 0.5658894419701336, "2023_26_10": 1.0007859575582918}