{"2023_32_9": 0.029509406123201763, "2023_38_6": 0.014754703061600882, "2023_38_9": 0.03688675765400221, "2023_44_1": 0.044264109184802655, "2023_44_30_5_1": 0.022132054592401328, "2023_44_30_6": 0.014754703061600882, "2023_44_30_8": 0.900036886757654, "2023_44_30_9": 0.044264109184802655, "2023_44_30_13": 0.022132054592401328, "2023_44_30_14": 3.7181851715234226, "2023_44_30_16": 0.022132054592401328, "2023_44_30_20": 0.022132054592401328, "2023_44_30_25": 3.6517890077462187, "2023_44_30_30": 0.4721504979712282, "2024_2_2_1": 0.007377351530800441, "2024_2_3": 0.03688675765400221, "2024_2_6": 0.06639616377720398, "2024_2_7": 19.18849133161195, "2024_2_7_1": 0.007377351530800441, "2024_2_8": 1.2984138694208776, "2024_2_12": 0.044264109184802655, "2024_2_13": 0.1623017336776097, "2024_3_6": 3.17226115824419, "2024_3_10": 33.4046477314644, "2024_3_15": 0.951678347473257, "2024_8_3": 0.13279232755440795, "2024_8_4": 3.51161932866101, "2024_8_7": 18.207303578015495, "2024_8_8": 0.2286978974548137, "2024_8_9": 10.564367392106233}