{"2024_3_6": 0.12773023374632778, "2024_3_10": 0.5236939583599439, "2024_3_15": 2.982500957976754, "2024_3_20": 0.19159535061949168, "2024_3_25": 11.182781964490998, "2024_8_3": 0.006386511687316388, "2024_8_4": 0.06386511687316389, "2024_8_7": 0.22991442074339, "2024_8_8": 0.012773023374632776, "2024_8_9": 6.067186102950569, "2024_8_12": 0.044705581811214715, "2024_9_5": 0.006386511687316388, "2024_14_3": 0.3257120960531358, "2024_14_5": 0.03831907012389833, "2024_14_6": 2.5418316515519233, "2024_14_7": 1.1048665219057352, "2024_14_8": 3.314599565717206, "2024_14_9": 29.51207050708903, "2024_14_11": 0.08302465193511305, "2024_15_5": 0.031932558436581944, "2024_20_1": 16.521905735087497, "2024_20_3": 20.411291352663177, "2024_20_6": 3.6594711968322904, "2024_20_6_1": 0.019159535061949166, "2024_20_6_2": 0.9962958232213567}