{"2023_26_12": 0.7114516349705841, "2023_27_6": 0.0501664614402335, "2023_27_7": 8.145209102932457, "2023_27_12": 3.0464723856432707, "2023_32_4": 0.08209057326583663, "2023_32_6": 0.100332922880467, "2023_32_7": 0.1550599717243581, "2023_32_9": 1.1629497879326856, "2023_38_1": 0.0045605874036575905, "2023_38_4": 0.01368176221097277, "2023_38_6": 6.9731381401924555, "2023_38_8": 0.16874173393533085, "2023_38_9": 3.7944087198431147, "2023_38_9_1": 0.24171113239385228, "2023_44_1": 18.032562594062114, "2023_44_9_1": 0.0045605874036575905, "2023_44_25": 0.0045605874036575905, "2023_44_30_1": 0.2918775938340858, "2023_44_30_2": 0.75705750900716, "2023_44_30_3": 0.01368176221097277, "2023_44_30_4": 0.5335887262279381, "2023_44_30_5_1": 13.41724814156063, "2023_44_30_6": 2.626898344506772, "2023_44_30_7": 3.949468691567474, "2023_44_30_8": 35.704838783235274, "2023_44_30_10": 0.01368176221097277}