{"2023_20_4_1": 0.020814903470885153, "2023_20_7": 0.015611177603163865, "2023_20_9": 0.036426081074049016, "2023_26_7": 0.010407451735442576, "2023_26_8": 0.07285216214809803, "2023_26_9": 0.06764843628037674, "2023_26_10": 0.005203725867721288, "2023_26_11": 0.005203725867721288, "2023_26_12": 0.7597439766873079, "2023_27_6": 0.10407451735442573, "2023_27_7": 19.264193162304206, "2023_27_12": 8.52890669719519, "2023_32_4": 0.1405005984284748, "2023_32_6": 0.10927824322214705, "2023_32_7": 0.2185564864442941, "2023_32_9": 1.9618046521309256, "2023_38_1": 0.005203725867721288, "2023_38_4": 0.010407451735442576, "2023_38_6": 11.812457719727323, "2023_38_8": 0.32263100379871984, "2023_38_9": 9.174168704792631, "2023_38_9_1": 0.19253785710568763, "2023_44_1": 47.15096008742259, "2023_44_25": 0.005203725867721288, "2023_44_25_1": 0.005203725867721288}