{"2022_44_25_3": 0.14319809069212414, "2022_44_25_5": 0.06682577565632458, "2022_44_30": 0.15751789976133654, "2022_44_30_2": 0.01909307875894988, "2022_44_30_5": 0.1479713603818616, "2022_44_30_10": 1.0310262529832936, "2022_45_11": 0.03818615751789976, "2022_45_12": 0.730310262529833, "2022_45_13": 1.1408114558472553, "2022_45_14": 0.02386634844868735, "2022_45_15": 28.58711217183771, "2023_2_0_5": 0.02386634844868735, "2023_2_10": 0.3579952267303103, "2023_2_11": 0.01431980906921241, "2023_2_12": 5.832935560859189, "2023_2_13": 0.01909307875894988, "2023_2_201": 0.00477326968973747, "2023_2_301": 0.042959427207637235, "2023_6_1": 0.03341288782816229, "2023_6_8": 5.780429594272076, "2023_6_9": 0.9928400954653938, "2023_6_11": 4.157517899761336, "2023_6_11_2": 0.02863961813842482, "2023_6_15": 0.00477326968973747, "2023_12_1": 2.5441527446300713, "2023_12_1_1": 10.33890214797136, "2023_12_5": 37.19809069212411, "2023_12_8": 0.5393794749403342}