{"2023_20_4_1": 0.06508768757909963, "2023_20_7": 0.061471704935816315, "2023_20_8": 0.09763153136864944, "2023_20_9": 2.4263243536431025, "2023_26_1": 0.13740734044476585, "2023_26_3": 0.010847947929849937, "2023_26_6": 0.047007774362683066, "2023_26_7": 1.619960224190924, "2023_26_8": 2.9217139757729162, "2023_26_9": 3.7570059663713615, "2023_26_10": 0.20611101066714882, "2023_26_11": 0.19164708009401554, "2023_26_12": 0.8425239558850118, "2023_27_6": 2.697523051889351, "2023_27_7": 20.791900198879045, "2023_27_10": 0.0036159826432833123, "2023_31_600": 0.03254384378954982, "2023_32_1": 0.28204664617609837, "2023_32_4": 2.0430301934550714, "2023_32_6": 6.986078466823359, "2023_32_7": 7.741818839269572, "2023_32_9": 12.030374254203581, "2023_38_1": 0.03615982643283312, "2023_38_4": 1.063098897125294, "2023_38_6": 32.34496474416923, "2023_38_8": 1.562104501898391}