{"2023_38_6": 6.839691677236804, "2023_38_8": 0.1658698409600937, "2023_38_9": 3.6345009269196997, "2023_38_9_1": 0.19514098936481608, "2023_44_1": 15.947897355839597, "2023_44_9_1": 0.009757049468240804, "2023_44_9_2": 0.009757049468240804, "2023_44_25": 0.004878524734120402, "2023_44_30_1": 0.21953361303541805, "2023_44_30_2": 0.5512732949556054, "2023_44_30_3": 0.009757049468240804, "2023_44_30_4": 0.3854034539955118, "2023_44_30_5_1": 6.351839203824763, "2023_44_30_6": 1.2684164308713046, "2023_44_30_7": 1.1074251146453313, "2023_44_30_8": 49.45848375451264, "2023_44_30_9": 13.518392038247635, "2023_44_30_10": 0.004878524734120402, "2023_44_30_12": 0.02439262367060201, "2023_44_30_13": 0.2927114840472241}