{"2022_44_25_3": 0.05563591854901524, "2022_44_25_5": 0.033381551129409145, "2022_44_30": 0.10014465338822744, "2022_44_30_2": 0.016690775564704573, "2022_44_30_5": 0.01112718370980305, "2022_44_30_10": 0.13908979637253813, "2022_45_11": 0.016690775564704573, "2022_45_12": 0.07789028596862133, "2022_45_13": 0.21141649048625794, "2022_45_15": 18.971848225214195, "2023_2_10": 0.10014465338822744, "2023_2_11": 0.005563591854901525, "2023_2_12": 1.0793368198508957, "2023_2_201": 0.005563591854901525, "2023_2_301": 0.01112718370980305, "2023_6_8": 0.13352620451763658, "2023_6_9": 0.005563591854901525, "2023_6_11": 0.2503616334705686, "2023_7_5": 0.3115611438744853, "2023_7_10": 12.284410815622566, "2023_12_1": 0.12239902080783352, "2023_12_1_1": 0.32268832758428845, "2023_12_5": 28.407700011127186, "2023_12_5_3": 0.11683542895293202, "2023_12_5_4": 0.6565038388783798, "2023_12_8": 0.12239902080783352, "2023_12_9": 34.811394236118836, "2023_12_9_1": 0.005563591854901525, "2023_12_10": 1.6134416379214422}