{"2023_44_30_5_1": 0.019045200609446422, "2023_44_30_8": 0.5523108176739461, "2023_44_30_9": 0.038090401218892844, "2023_44_30_13": 0.019045200609446422, "2023_44_30_14": 2.367953275774505, "2023_44_30_20": 0.019045200609446422, "2023_44_30_25": 1.6188420518029458, "2023_44_30_30": 0.36185881157948196, "2024_2_2_1": 0.006348400203148807, "2024_2_3": 0.012696800406297615, "2024_2_6": 0.05078720162519046, "2024_2_7": 8.703656678517016, "2024_2_8": 0.6729304215337736, "2024_2_12": 0.019045200609446422, "2024_2_13": 0.044438801422041645, "2024_3_6": 1.1363636363636365, "2024_3_10": 7.579989842559674, "2024_3_15": 6.659471813103098, "2024_3_20": 0.7427628237684104, "2024_3_25": 29.850177755205692, "2024_8_3": 0.06348400203148806, "2024_8_4": 1.5553580497714576, "2024_8_7": 4.551802945657695, "2024_8_8": 0.06348400203148806, "2024_8_9": 29.977145759268666, "2024_8_12": 0.06348400203148806, "2024_14_3": 1.5236160487557138, "2024_14_5": 0.19680040629761303, "2024_14_6": 1.5299644489588624}