{"2022_44_30": 0.0156797156744891, "2022_44_30_5": 0.010453143782992733, "2022_44_30_10": 0.0627188626979564, "2022_45_12": 0.03658600324047457, "2022_45_13": 0.05749229080646004, "2022_45_15": 1.1759786755866826, "2023_2_10": 0.02613285945748183, "2023_2_12": 0.18815658809386923, "2023_2_301": 0.010453143782992733, "2023_6_8": 0.05749229080646004, "2023_6_11": 0.14111744107040192, "2023_7_5": 0.0313594313489782, "2023_7_10": 7.0506454816285995, "2023_7_15": 4.2492029477865465, "2023_7_20": 18.664088224533526, "2023_12_1": 0.020906287565985466, "2023_12_1_1": 0.0783985783724455, "2023_12_5": 4.217843516437568, "2023_12_5_4": 0.44948518266868753, "2023_12_8": 0.0052265718914963665, "2023_12_9": 7.5576229551037475, "2023_12_9_1": 2.6394188052056653, "2023_12_10": 1.2177912507186535, "2023_12_11": 3.6795066116134425, "2023_20_4_1": 48.35624314012439}