{"2023_2_12": 0.10523150932050512, "2023_6_11": 0.02004409701342954, "2023_7_10": 0.3808378432551613, "2023_7_15": 0.3156945279615153, "2023_7_20": 8.95470034074965, "2023_7_26": 0.14030867909400677, "2023_7_30": 19.01182601723792, "2023_12_1": 0.005011024253357385, "2023_12_1_1": 0.03507716977350169, "2023_12_5": 0.09019843656043294, "2023_12_5_4": 0.015033072760072156, "2023_12_9": 0.08518741230707556, "2023_12_9_1": 0.030066145520144312, "2023_12_10": 0.09520946081379032, "2023_12_11": 0.10523150932050512, "2023_20_4_1": 0.14030867909400677, "2023_20_7": 0.2906394066947283, "2023_20_8": 0.285628382441371, "2023_20_9": 8.117859290438965, "2023_26_1": 0.47103627981559426, "2023_26_3": 0.02004409701342954, "2023_26_6": 0.18039687312086589, "2023_26_7": 11.665664461815995, "2023_26_8": 31.980356784926833, "2023_26_9": 14.882742032471437, "2023_26_10": 1.3730206454199236, "2023_26_11": 1.2026458208057726}