{"2022_45_12": 0.02993713202275222, "2022_45_13": 0.049895220037920365, "2022_45_15": 0.9629777467318629, "2023_2_10": 0.019958088015168143, "2023_2_12": 0.14968566011376108, "2023_2_301": 0.009979044007584072, "2023_6_8": 0.034926654026544254, "2023_6_11": 0.10976948408342481, "2023_7_5": 0.02993713202275222, "2023_7_10": 5.358746632072648, "2023_7_15": 3.043608422313142, "2023_7_20": 21.42001796227921, "2023_12_1": 0.009979044007584072, "2023_12_1_1": 0.054884742041712405, "2023_12_5": 3.2182416924458632, "2023_12_5_4": 0.3841931942919868, "2023_12_8": 0.004989522003792036, "2023_12_9": 5.947510228520108, "2023_12_9_1": 1.8411336193992613, "2023_12_10": 0.9380301367129029, "2023_12_11": 3.981638559026045, "2023_20_4_1": 43.773076539267535, "2023_20_6": 1.1575691048797525, "2023_20_7": 7.4643249176728865, "2023_26": 0.004989522003792036}