{"2023_7_30": 0.07988071147087017, "2023_12_9": 0.01597614229417403, "2023_12_9_1": 0.010650761529449356, "2023_20_4_1": 0.02130152305889871, "2023_20_7": 0.010650761529449356, "2023_20_9": 0.03195228458834806, "2023_26_3": 0.005325380764724678, "2023_26_7": 0.010650761529449356, "2023_26_8": 0.06922994994142082, "2023_26_9": 0.06922994994142082, "2023_26_10": 0.005325380764724678, "2023_26_11": 0.005325380764724678, "2023_26_12": 0.745553307061455, "2023_27_6": 0.11715837682394292, "2023_27_7": 19.719884971775482, "2023_27_12": 8.238364043029078, "2023_32_4": 0.14378528064756632, "2023_32_6": 0.10650761529449357, "2023_32_7": 0.22366599211843652, "2023_32_9": 2.162104590478219, "2023_38_1": 0.005325380764724678, "2023_38_4": 0.010650761529449356, "2023_38_6": 12.685056981574183, "2023_38_8": 0.32484822664820534, "2023_38_9": 9.27681329215039, "2023_38_9_1": 0.005325380764724678, "2023_44_1": 45.88880604963255, "2023_44_25": 0.010650761529449356}