{"2023_20_4_1": 0.06510887651016423, "2023_20_7": 0.061491716704043985, "2023_20_8": 0.09766331476524634, "2023_20_9": 2.4271142299066772, "2023_26_1": 0.1374520726325689, "2023_26_3": 0.010851479418360703, "2023_26_6": 0.04702307747956305, "2023_26_7": 1.6204875931418652, "2023_26_8": 2.9226651233451495, "2023_26_9": 3.7654633581711643, "2023_26_10": 0.20617810894885338, "2023_26_11": 0.19170946972437244, "2023_26_12": 0.8427982348260146, "2023_27_6": 2.698401215365695, "2023_27_7": 20.795051725385232, "2023_27_10": 0.0036171598061202344, "2023_31_600": 0.036171598061202355, "2023_32_1": 0.2821384648773783, "2023_32_4": 2.0473124502640534, "2023_32_6": 6.995587065036533, "2023_32_7": 7.762424943934023, "2023_32_9": 12.074079432829341, "2023_38_1": 0.036171598061202355, "2023_38_4": 1.0742964624177096, "2023_38_6": 32.27591695001085, "2023_38_8": 1.5228242783766186}