{"2024_3_20": 0.14674806292556933, "2024_3_25": 7.525240666823196, "2024_8_4": 0.04108945761915942, "2024_8_7": 0.2054472880957971, "2024_8_8": 0.011739845034045548, "2024_8_9": 4.496360648039445, "2024_8_12": 0.04108945761915942, "2024_9_5": 0.005869922517022774, "2024_14_3": 0.21718713312984264, "2024_14_5": 0.029349612585113868, "2024_14_6": 1.7727166001408778, "2024_14_7": 0.7102606245597556, "2024_14_8": 2.025123268372857, "2024_14_9": 22.72833998591218, "2024_14_11": 0.08217891523831884, "2024_15_10": 0.005869922517022774, "2024_15_15": 4.132425451984034, "2024_20_1": 6.36886593096971, "2024_20_3": 2.799953040619863, "2024_20_6": 0.36393519605541197, "2024_20_6_1": 0.01760976755106832, "2024_20_6_2": 2.7412538154496353, "2024_20_7": 18.296548485559985, "2024_20_8": 0.12326837285747826, "2024_20_9": 23.667527588635824, "2024_20_9_1": 0.01760976755106832, "2024_20_10": 1.350082178915238, "2024_26_1": 0.07630899272129606}