{"2022_44_25_3": 0.19173520359251225, "2022_44_25_5": 0.07063928553408347, "2022_44_30": 0.19678086684494678, "2022_44_30_2": 0.025228316262172663, "2022_44_30_5": 0.18668954034007773, "2022_44_30_10": 1.3522377516524549, "2022_45_10": 0.005045663252434533, "2022_45_11": 0.040365306019476264, "2022_45_12": 0.9637216812149959, "2022_45_13": 1.448105353448711, "2022_45_14": 0.025228316262172663, "2022_45_15": 28.19516625460417, "2023_2_0_5": 0.020182653009738132, "2023_2_10": 0.42383571320450075, "2023_2_11": 0.020182653009738132, "2023_2_12": 10.984408900549978, "2023_2_13": 0.020182653009738132, "2023_2_201": 0.005045663252434533, "2023_2_301": 0.05550229577677986, "2023_6_1": 0.08577627529138707, "2023_6_8": 12.089409152833143, "2023_6_9": 1.145365558302639, "2023_6_11": 10.096372168121501, "2023_6_11_2": 0.05550229577677986, "2023_6_15": 0.005045663252434533, "2023_12_1": 8.845047681517737, "2023_12_1_1": 23.44215147081084, "2023_12_5": 0.005045663252434533}