{"2024_27_5": 0.23763648041104693, "2024_27_10": 0.7129094412331407, "2024_27_25": 3.2883750802825955, "2024_32": 0.03211303789338472, "2024_32_3": 5.741811175337187, "2024_32_4_1": 0.2504816955684008, "2024_32_4_2": 0.025690430314707777, "2024_32_5_3": 0.01926782273603083, "2024_32_5_4": 0.025690430314707777, "2024_32_6": 2.806679511881824, "2024_32_7": 9.171483622350674, "2024_32_9": 0.0449582530507386, "2024_32_9_1": 0.03211303789338472, "2024_32_10": 22.157996146435455, "2024_32_20": 0.10276172125883111, "2024_32_20_1": 0.2954399486191394, "2024_33_5": 22.113037893384714, "2024_33_15": 1.245985870263327, "2024_33_25": 0.3018625561978163, "2024_33_30": 0.012845215157353889, "2024_33_35": 8.72190109184329, "2024_38": 0.006422607578676944, "2024_38_2": 2.138728323699422, "2024_38_4": 0.2119460500963391, "2024_38_6": 2.7488760436737314, "2024_38_7": 13.859987154784841, "2024_44_1": 0.8542068079640334, "2024_44_3": 2.8387925497752087}