{"2023_32_9": 0.03330557868442963, "2023_38_9": 0.04995836802664447, "2023_44_1": 0.04163197335553705, "2023_44_30_5_1": 0.024979184013322234, "2023_44_30_6": 0.024979184013322234, "2023_44_30_7": 0.008326394671107408, "2023_44_30_8": 1.5820149875104077, "2023_44_30_9": 0.04163197335553705, "2023_44_30_13": 0.03330557868442963, "2023_44_30_14": 6.261448792672773, "2023_44_30_16": 0.024979184013322234, "2023_44_30_20": 0.04995836802664447, "2023_44_30_25": 17.360532889258952, "2023_44_30_30": 1.0241465445462112, "2024_2_2_1": 0.03330557868442963, "2024_2_3": 0.016652789342214817, "2024_2_6": 0.06661115736885927, "2024_2_7": 38.659450457951706, "2024_2_7_1": 0.008326394671107408, "2024_2_8": 2.964196502914238, "2024_2_12": 0.05828476269775187, "2024_2_13": 0.2581182348043297, "2024_3_6": 8.126561199000832, "2024_3_10": 0.47460449625312234, "2024_8_3": 0.22481265611990006, "2024_8_4": 7.693588676103246, "2024_8_7": 14.854288093255619}