{"2023_2_12": 0.09294134911705718, "2023_6_11": 0.0195665998141173, "2023_7_10": 0.3130655970258768, "2023_7_15": 0.2592574475370542, "2023_7_20": 6.87765983466223, "2023_7_26": 0.10761629897764514, "2023_7_30": 20.994961600547864, "2023_12_1": 0.004891649953529325, "2023_12_1_1": 0.029349899721175944, "2023_12_5": 0.08804969916352784, "2023_12_5_4": 0.00978329990705865, "2023_12_9": 0.08315804920999853, "2023_12_9_1": 0.029349899721175944, "2023_12_10": 0.08804969916352784, "2023_12_11": 0.09783299907058648, "2023_20_4_1": 0.1369661986988211, "2023_20_7": 0.24947414762999556, "2023_20_8": 0.2788240473511715, "2023_20_9": 7.459766179132219, "2023_26_1": 0.4206818960035218, "2023_26_3": 0.0195665998141173, "2023_26_6": 0.17120774837352637, "2023_26_7": 10.233331702783348, "2023_26_8": 27.945996184513028, "2023_26_9": 21.259110698038448, "2023_26_10": 1.3647703370346815, "2023_26_11": 1.3647703370346815}