{"2022_44_2": 0.1112572064326894, "2022_44_25_1": 0.0556286032163447, "2022_44_25_2": 0.13654293516739155, "2022_44_25_3": 0.627086072620613, "2022_44_25_5": 0.627086072620613, "2022_44_30": 0.450085971477698, "2022_44_30_1": 0.03540002022858299, "2022_44_30_2": 0.06574289471022556, "2022_44_30_5": 1.3047436027106303, "2022_44_30_10": 9.613634064933754, "2022_45_10": 0.010114291493880854, "2022_45_11": 0.2124001213714979, "2022_45_12": 7.7829473045413184, "2022_45_13": 12.921007383432794, "2022_45_14": 0.32871447355112776, "2023_2_0_5": 0.04551431172246385, "2023_2_10": 0.9912005664003237, "2023_2_11": 0.1314857894204511, "2023_2_12": 25.336300192171546, "2023_2_13": 0.020228582987761708, "2023_2_201": 0.010114291493880854, "2023_2_301": 0.24780014160008093, "2023_6_1": 0.41468595124911506, "2023_6_8": 26.732072418327096, "2023_6_9": 5.4414888237079, "2023_6_11": 6.336603620916355, "2023_6_11_1": 0.010114291493880854}