{"2024_2_8": 0.014420650371331745, "2024_3_10": 0.06489292667099286, "2024_3_15": 0.11536520297065396, "2024_3_25": 0.9085009733938998, "2024_8_7": 0.05768260148532698, "2024_8_9": 0.22352008075564203, "2024_14_3": 0.0072103251856658725, "2024_14_5": 0.0072103251856658725, "2024_14_6": 0.1802581296416468, "2024_14_7": 0.04326195111399524, "2024_14_8": 0.281202682240969, "2024_14_9": 15.487778498810295, "2024_14_11": 0.0072103251856658725, "2024_15_15": 4.8381281995818, "2024_20_1": 2.3649866608984063, "2024_20_3": 1.535799264546831, "2024_20_6": 0.22352008075564203, "2024_20_6_1": 0.014420650371331745, "2024_20_6_2": 2.321724709784411, "2024_20_7": 16.864950609272476, "2024_20_8": 0.11536520297065396, "2024_20_9": 37.5441632417622, "2024_20_9_1": 0.02163097555699762, "2024_20_10": 0.5263537385536087, "2024_20_15": 1.074338452664215, "2024_21_5": 4.304564135842526, "2024_26_1": 0.06489292667099286, "2024_26_3_1": 10.721753551085152, "2024_26_4": 0.06489292667099286}