{"2024_3_6": 0.11355486492947646, "2024_3_10": 0.4482428878795123, "2024_3_15": 2.5938321778627778, "2024_3_20": 0.15539086779823094, "2024_3_25": 8.498685154195552, "2024_8_4": 0.04183600286875448, "2024_8_7": 0.23308630169734637, "2024_8_8": 0.011953143676786996, "2024_8_9": 4.942624910351421, "2024_8_12": 0.04183600286875448, "2024_9_5": 0.005976571838393498, "2024_14_3": 0.23906287353573988, "2024_14_5": 0.029882859191967485, "2024_14_6": 1.9842218503466413, "2024_14_7": 0.794884054506335, "2024_14_8": 2.4205115945493665, "2024_14_9": 26.434377241214435, "2024_14_11": 0.07769543389911547, "2024_15_10": 0.005976571838393498, "2024_15_15": 3.729380827157542, "2024_20_1": 7.9667702605785315, "2024_20_3": 3.938560841501315, "2024_20_6": 0.7171886206072197, "2024_20_6_1": 0.029882859191967485, "2024_20_6_2": 4.261295720774564, "2024_20_7": 21.934018646904132, "2024_20_8": 0.13746115228305045, "2024_20_9": 8.199856562275878, "2024_20_9_1": 0.011953143676786996}