{"2023_26_7": 0.019469457288878073, "2023_26_8": 0.0778778291555123, "2023_26_9": 0.09247992212217084, "2023_26_12": 0.7301046483329278, "2023_27_6": 0.0778778291555123, "2023_27_7": 11.564857629593575, "2023_27_12": 4.716476028230714, "2023_32_4": 0.09734728644439036, "2023_32_6": 0.16549038695546364, "2023_32_7": 0.18495984424434167, "2023_32_9": 1.4018009247992214, "2023_38_1": 0.004867364322219518, "2023_38_4": 0.014602092966658554, "2023_38_6": 8.873205159406181, "2023_38_8": 0.2190313944998783, "2023_38_9": 5.237284010708202, "2023_38_9_1": 0.42346069603309805, "2023_44_1": 27.72450717936238, "2023_44_25": 0.004867364322219518, "2023_44_30_1": 1.5283523971769286, "2023_44_30_2": 4.609394013141883, "2023_44_30_3": 0.05354100754441471, "2023_44_30_4": 2.4044779751764422, "2023_44_30_5_1": 23.908493550742275, "2023_44_30_6": 5.86517400827452}