{"2022_36_6": 0.15287361070941616, "2022_36_20": 0.22724455645994293, "2022_40_4": 0.024790315250175592, "2022_40_4_1": 0.11568813783415278, "2022_40_4_2": 0.12395157625087799, "2022_40_4_10": 0.024790315250175592, "2022_44_2": 0.17353220675122918, "2022_44_2_8": 0.0041317192083626, "2022_44_25_1": 0.6197578812543899, "2022_44_25_2": 1.4419700037185472, "2022_44_25_3": 5.358839813246292, "2022_44_25_5": 2.846754534561831, "2022_44_30": 3.8548940214023055, "2022_44_30_1": 0.4420939552947981, "2022_44_30_2": 0.09502954179233979, "2022_44_30_5": 4.5159690947403215, "2022_44_30_8": 0.0165268768334504, "2022_44_30_10": 23.397925876957405, "2022_45_10": 0.0165268768334504, "2022_45_11": 1.487418915010536, "2023_2_0_5": 0.5619138123373135, "2023_2_10": 5.040697434202371, "2023_2_11": 0.6982605462132793, "2023_2_12": 32.929802090649915, "2023_2_13": 0.012395157625087796, "2023_2_201": 0.0661075073338016, "2023_6_1": 0.8304755608808824, "2023_6_8": 14.919638061397347}