{"2023_32_7": 0.01620745542949757, "2023_32_9": 0.03241491085899514, "2023_38_9": 0.0486223662884927, "2023_44_1": 0.0486223662884927, "2023_44_30_5_1": 0.01620745542949757, "2023_44_30_6": 0.02431118314424635, "2023_44_30_7": 0.008103727714748784, "2023_44_30_8": 1.3614262560777957, "2023_44_30_9": 0.040518638573743916, "2023_44_30_13": 0.03241491085899514, "2023_44_30_14": 5.218800648298217, "2023_44_30_16": 0.02431118314424635, "2023_44_30_20": 0.02431118314424635, "2023_44_30_25": 13.78444084278768, "2023_44_30_30": 0.9886547811993517, "2024_2_2_1": 0.01620745542949757, "2024_2_3": 0.01620745542949757, "2024_2_6": 0.0486223662884927, "2024_2_7": 30.064829821717986, "2024_2_7_1": 0.008103727714748784, "2024_2_8": 2.487844408427877, "2024_2_12": 0.05672609400324149, "2024_2_13": 0.1944894651539708, "2024_3_6": 7.171799027552674, "2024_3_10": 13.233387358184764, "2024_8_3": 0.1944894651539708, "2024_8_4": 6.539708265802268, "2024_8_7": 18.298217179902757}