{"2023_12_10": 0.03304328670558431, "2023_12_11": 0.05140066820868672, "2023_20_4_1": 0.0734295260124096, "2023_20_7": 0.05874362080992768, "2023_20_8": 0.09912986011675294, "2023_20_9": 2.544333076329992, "2023_26_1": 0.1468590520248192, "2023_26_3": 0.011014428901861438, "2023_26_6": 0.047729191908066224, "2023_26_7": 1.7182509086903843, "2023_26_8": 3.120754855527407, "2023_26_9": 4.001909167676323, "2023_26_10": 0.22763153063846972, "2023_26_11": 0.20560267283474687, "2023_26_12": 0.8444395491427102, "2023_27_6": 3.0509968058156183, "2023_27_7": 20.292249513529388, "2023_31_600": 0.04038623930682527, "2023_32_1": 0.3084040092521203, "2023_32_4": 2.313030069390902, "2023_32_6": 10.680324558504974, "2023_32_7": 14.667547820978816, "2023_32_9": 28.582443000330432, "2023_38_1": 0.0697580497117891, "2023_38_4": 1.9238535815251312, "2023_38_6": 4.886734956125858}