{"2023_44_1": 0.01297942760724252, "2023_44_30_5_1": 0.019469141410863776, "2023_44_30_8": 0.577584528522292, "2023_44_30_9": 0.03893828282172755, "2023_44_30_13": 0.019469141410863776, "2023_44_30_14": 2.505029528197806, "2023_44_30_16": 0.00648971380362126, "2023_44_30_20": 0.019469141410863776, "2023_44_30_25": 1.75222272697774, "2023_44_30_30": 0.37640340061003297, "2024_2_2_1": 0.00648971380362126, "2024_2_3": 0.01297942760724252, "2024_2_6": 0.04542799662534882, "2024_2_7": 9.299759880589264, "2024_2_8": 0.7268479460055811, "2024_2_12": 0.02595885521448504, "2024_2_13": 0.04542799662534882, "2024_3_6": 1.2265559088844178, "2024_3_10": 8.475566227529365, "2024_3_15": 8.131611395937439, "2024_3_20": 0.8696216496852486, "2024_3_25": 26.82198715036666, "2024_8_3": 0.07138685183983384, "2024_8_4": 1.6808358751379062, "2024_8_7": 5.133363618664415, "2024_8_8": 0.08436627944707636, "2024_8_9": 30.475696021805437, "2024_8_12": 0.09085599325069764, "2024_14_3": 1.4342267506002981, "2024_14_5": 0.01297942760724252}