{"2023_32_9": 0.03043213633597078, "2023_38_6": 0.01521606816798539, "2023_38_9": 0.03804017041996348, "2023_44_1": 0.045648204503956166, "2023_44_30_5_1": 0.03804017041996348, "2023_44_30_6": 0.01521606816798539, "2023_44_30_8": 0.9662203286670723, "2023_44_30_9": 0.05325623858794886, "2023_44_30_13": 0.022824102251978083, "2023_44_30_14": 3.956177723676201, "2023_44_30_16": 0.022824102251978083, "2023_44_30_20": 0.022824102251978083, "2023_44_30_25": 4.283323189287888, "2023_44_30_30": 0.5173463177115032, "2024_2_2_1": 0.007608034083992695, "2024_2_3": 0.03804017041996348, "2024_2_6": 0.045648204503956166, "2024_2_7": 22.177419354838705, "2024_2_7_1": 0.007608034083992695, "2024_2_8": 1.4987827145465609, "2024_2_12": 0.05325623858794886, "2024_2_13": 0.19780888618381007, "2024_3_6": 3.484479610468654, "2024_3_10": 31.383140596469865, "2024_8_3": 0.15216068167985392, "2024_8_4": 4.420267802799756, "2024_8_7": 26.255325623858795, "2024_8_8": 0.25106512477175896}