{"2023_12_9": 0.053658349622475184, "2023_12_9_1": 0.011498217776244681, "2023_12_10": 0.05749108888122341, "2023_12_11": 0.053658349622475184, "2023_20_4_1": 0.08815300295120923, "2023_20_7": 0.061323828139971635, "2023_20_8": 0.1111494385036986, "2023_20_9": 2.786401441109961, "2023_26_1": 0.16097504886742556, "2023_26_3": 0.011498217776244681, "2023_26_6": 0.053658349622475184, "2023_26_7": 1.9700279789965889, "2023_26_8": 3.6755969491395506, "2023_26_9": 4.67210915641409, "2023_26_10": 0.28745544440611714, "2023_26_11": 0.24529531255988654, "2023_26_12": 0.8087079835958759, "2023_27_6": 5.975240504388487, "2023_27_7": 16.760568778506, "2023_32_1": 0.3564447510635852, "2023_32_4": 2.981871143306121, "2023_32_6": 13.893679812962326, "2023_32_7": 21.743129814878692, "2023_32_9": 22.452186577747117, "2023_38_1": 0.387106665133571, "2023_38_4": 0.3411137940285922}