{"2024_20_10": 0.056972842944862954, "2024_20_15": 0.29119453060707734, "2024_21_5": 0.3988099006140407, "2024_26_3_1": 1.3989998100905237, "2024_26_4": 0.018990947648287654, "2024_26_6": 0.7216560106349308, "2024_26_7": 9.856301829461291, "2024_26_8": 7.2798632651769335, "2024_26_10": 2.089004241311642, "2024_26_11": 0.2848642147243148, "2024_26_20": 1.6965246565803636, "2024_27_5": 0.35449768943470283, "2024_27_10": 1.4433120212698616, "2024_27_25": 6.855732101031842, "2024_32": 0.03165157941381275, "2024_32_3": 9.767677407102617, "2024_32_4_1": 0.506425270621004, "2024_32_4_2": 0.044312211179337854, "2024_32_5_3": 0.025321263531050207, "2024_32_5_4": 0.06963347471038807, "2024_32_6": 7.469772741659811, "2024_32_7": 27.479901247072235, "2024_32_10": 20.70013293663354, "2024_32_20": 0.25954295119326465, "2024_32_20_1": 0.8799139077039947, "2024_38": 0.018990947648287654}