{"2024_27_25": 2.843256379100851, "2024_32": 0.03037667071688943, "2024_32_3": 4.981773997569867, "2024_32_4_1": 0.21263669501822602, "2024_32_4_2": 0.024301336573511544, "2024_32_5_3": 0.01822600243013366, "2024_32_5_4": 0.024301336573511544, "2024_32_6": 2.3754556500607533, "2024_32_7": 7.229647630619686, "2024_32_9": 0.03645200486026732, "2024_32_9_1": 0.01822600243013366, "2024_32_10": 14.927095990279465, "2024_32_20": 0.07897934386391252, "2024_32_20_1": 0.20656136087484814, "2024_33_5": 16.0996354799514, "2024_33_15": 0.39489671931956266, "2024_33_25": 0.1883353584447145, "2024_33_30": 0.012150668286755772, "2024_33_35": 6.822600243013365, "2024_33_40": 1.2454434993924668, "2024_38": 0.006075334143377886, "2024_38_2": 1.439854191980559, "2024_38_4": 0.15188335358444716, "2024_38_6": 1.6221142162818958, "2024_38_7": 5.151883353584448, "2024_39_5": 1.1907654921020658, "2024_44_1": 0.21263669501822602, "2024_44_3": 0.8140947752126367, "2024_44_3_1": 19.86026731470231, "2024_44_4": 0.2490886998784933, "2024_44_25_2": 11.530984204131228}