{"2024_14_6": 0.1111728738187882, "2024_14_7": 0.02779321845469705, "2024_14_8": 0.12506948304613671, "2024_14_9": 2.6125625347415227, "2024_15_15": 3.918843802112283, "2024_20_1": 0.6531406336853807, "2024_20_3": 0.2153974430239021, "2024_20_6": 0.006948304613674262, "2024_20_6_2": 0.13201778765981098, "2024_20_7": 2.6889938854919393, "2024_20_8": 0.020844913841022786, "2024_20_9": 8.60894941634241, "2024_20_9_1": 0.006948304613674262, "2024_20_10": 0.10422456920511393, "2024_20_15": 0.3821567537520844, "2024_21_5": 0.611450806003335, "2024_26_1": 0.006948304613674262, "2024_26_3_1": 2.258198999444135, "2024_26_4": 0.020844913841022786, "2024_26_6": 1.202056698165647, "2024_26_7": 27.45275152862701, "2024_26_8": 23.44357976653696, "2024_26_10": 5.940800444691494, "2024_26_11": 1.1047804335742077, "2024_26_20": 4.56503613118399, "2024_27_5": 1.8760422456920507, "2024_32": 0.10422456920511393, "2024_32_3": 11.798221234018897}