{"2024_27_5": 0.21549070311537993, "2024_27_10": 0.6464721093461397, "2024_27_25": 2.9553010712966388, "2024_32": 0.03078438615933999, "2024_32_3": 5.184090629232855, "2024_32_4_1": 0.2216475803472479, "2024_32_4_2": 0.02462750892747199, "2024_32_5_3": 0.018470631695603992, "2024_32_5_4": 0.02462750892747199, "2024_32_6": 2.499692156138407, "2024_32_7": 7.745351557689942, "2024_32_9": 0.036941263391207985, "2024_32_9_1": 0.012313754463735995, "2024_32_10": 17.368550671099623, "2024_32_20": 0.08619628124615197, "2024_32_20_1": 0.24011821204285191, "2024_33_5": 18.78463243442926, "2024_33_15": 0.42482452899889184, "2024_33_25": 0.21549070311537993, "2024_33_30": 0.012313754463735995, "2024_33_35": 8.687353774165745, "2024_38": 0.006156877231867998, "2024_38_2": 1.6131018347494155, "2024_38_4": 0.16623568526043594, "2024_38_6": 1.8162787834010592, "2024_38_7": 6.501662356852606, "2024_39_5": 1.0836103928087675, "2024_44_1": 0.24627508927471992, "2024_44_3": 1.0774535155768996, "2024_44_3_1": 22.05393424455117}