{"2023_38_6": 5.986425339366516, "2023_38_8": 0.14479638009049775, "2023_38_9": 3.054298642533937, "2023_38_9_1": 0.15384615384615385, "2023_44_1": 12.914027149321267, "2023_44_9_2": 0.00904977375565611, "2023_44_25": 0.004524886877828055, "2023_44_30_1": 0.15384615384615385, "2023_44_30_2": 0.416289592760181, "2023_44_30_3": 0.00904977375565611, "2023_44_30_4": 0.26244343891402716, "2023_44_30_5_1": 4.615384615384616, "2023_44_30_6": 0.9004524886877829, "2023_44_30_7": 0.8009049773755658, "2023_44_30_8": 22.407239819004527, "2023_44_30_9": 5.895927601809956, "2023_44_30_10": 0.004524886877828055, "2023_44_30_12": 0.013574660633484167, "2023_44_30_13": 0.37104072398190047, "2023_44_30_14": 12.203619909502263, "2023_44_30_20": 0.31674208144796384, "2024_2_2": 0.08144796380090498, "2024_2_2_1": 7.837104072398191, "2024_2_3": 2.3936651583710407, "2024_2_6": 7.348416289592762, "2024_2_7": 11.70135746606335}