{"2023_38_6": 6.925248922573933, "2023_38_8": 0.16347154109080098, "2023_38_9": 3.6607717838212706, "2023_38_9_1": 0.1981473225343042, "2023_44_1": 16.109377322038934, "2023_44_9_1": 0.00990736612671521, "2023_44_9_2": 0.00990736612671521, "2023_44_25": 0.004953683063357605, "2023_44_30_1": 0.21796205478773464, "2023_44_30_2": 0.5597661861594094, "2023_44_30_3": 0.00990736612671521, "2023_44_30_4": 0.3913409620052508, "2023_44_30_5_1": 6.35062168722445, "2023_44_30_6": 1.2730965472829048, "2023_44_30_7": 1.0997176400653885, "2023_44_30_8": 49.53683063357606, "2023_44_30_9": 13.127260117897654, "2023_44_30_10": 0.004953683063357605, "2023_44_30_12": 0.029722098380145636, "2023_44_30_13": 0.31703571605488673}