{"2024_8_7": 0.07778570039541065, "2024_8_9": 0.22039281778699688, "2024_14_3": 0.019446425098852662, "2024_14_6": 0.14260711739158619, "2024_14_7": 0.045374991897322886, "2024_14_8": 0.22687495948661443, "2024_14_9": 11.168730148441048, "2024_14_11": 0.006482141699617555, "2024_15_15": 4.751409865819667, "2024_20_1": 1.7501782588967396, "2024_20_3": 1.1019640889349844, "2024_20_6": 0.14908925909120377, "2024_20_6_1": 0.01296428339923511, "2024_20_6_2": 1.5751604330070657, "2024_20_7": 7.966552148829975, "2024_20_8": 0.06482141699617555, "2024_20_9": 24.57379918325015, "2024_20_9_1": 0.02592856679847022, "2024_20_10": 0.2657678096843198, "2024_20_15": 0.4472677772736112, "2024_21_5": 0.8426784209502821, "2024_26_1": 0.032410708498087776, "2024_26_3_1": 3.8698385946716805, "2024_26_4": 0.019446425098852662, "2024_26_6": 2.184481752771116, "2024_26_7": 32.559797757178984, "2024_26_10": 5.607052570169184, "2024_26_20": 0.29169637648278995}