{"2023_38_6": 0.014260249554367204, "2023_38_9": 0.028520499108734408, "2023_44_1": 0.028520499108734408, "2023_44_30_5_1": 0.021390374331550808, "2023_44_30_6": 0.014260249554367204, "2023_44_30_8": 0.79144385026738, "2023_44_30_9": 0.042780748663101616, "2023_44_30_13": 0.021390374331550808, "2023_44_30_14": 3.4224598930481283, "2023_44_30_16": 0.021390374331550808, "2023_44_30_20": 0.021390374331550808, "2023_44_30_25": 2.937611408199644, "2023_44_30_30": 0.45632798573975053, "2024_2_2_1": 0.021390374331550808, "2024_2_3": 0.03565062388591801, "2024_2_6": 0.07843137254901962, "2024_2_7": 16.199643493761144, "2024_2_7_1": 0.007130124777183602, "2024_2_8": 1.1550802139037433, "2024_2_12": 0.042780748663101616, "2024_2_13": 0.11408199643493763, "2024_3_6": 2.203208556149733, "2024_3_10": 19.215686274509807, "2024_3_15": 19.137254901960787, "2024_8_3": 0.11408199643493763, "2024_8_4": 3.0730837789661325, "2024_8_7": 12.249554367201428, "2024_8_8": 0.15686274509803924, "2024_8_9": 18.21033868092692, "2024_8_12": 0.16399286987522288}