{"2023_27_12": 2.81126411588126, "2023_32_4": 0.08100252537284987, "2023_32_6": 0.10482679754133509, "2023_32_7": 0.14294563301091148, "2023_32_9": 1.1292705007862007, "2023_38_1": 0.00476485443369705, "2023_38_4": 0.014294563301091152, "2023_38_6": 6.8613903845237525, "2023_38_8": 0.16676990517939674, "2023_38_9": 3.6927621861152145, "2023_38_9_1": 0.22394815838376134, "2023_44_1": 16.61028255586792, "2023_44_9_1": 0.0095297088673941, "2023_44_25": 0.00476485443369705, "2023_44_30_1": 0.23824272168485255, "2023_44_30_2": 0.6099013675132224, "2023_44_30_3": 0.0095297088673941, "2023_44_30_4": 0.4145423357316434, "2023_44_30_5_1": 7.518940296373946, "2023_44_30_6": 1.4961642921808738, "2023_44_30_7": 1.391337494639539, "2023_44_30_8": 45.31853051889264, "2023_44_30_9": 11.087816267213036, "2023_44_30_10": 0.00476485443369705, "2023_44_30_12": 0.014294563301091152, "2023_44_30_13": 0.0381188354695764}