{"2023_27_6": 0.05435521130588395, "2023_27_7": 7.6640847941296375, "2023_27_12": 2.8717669973275357, "2023_32_4": 0.07700321601666896, "2023_32_6": 0.0996512207274539, "2023_32_7": 0.1494768310911809, "2023_32_9": 1.1052226298863073, "2023_38_1": 0.0045296009421569965, "2023_38_4": 0.013588802826470988, "2023_38_6": 6.721927798160983, "2023_38_8": 0.1630656339176519, "2023_38_9": 3.6372695565520683, "2023_38_9_1": 0.2174208452235358, "2023_44_1": 17.06753635004756, "2023_44_9_1": 0.009059201884313993, "2023_44_25": 0.0045296009421569965, "2023_44_30_1": 0.2672464555872628, "2023_44_30_2": 0.6703809394392355, "2023_44_30_3": 0.009059201884313993, "2023_44_30_4": 0.4620192961000137, "2023_44_30_5_1": 8.936902658875754, "2023_44_30_6": 1.8118403768627986, "2023_44_30_7": 1.7665443674412287, "2023_44_30_8": 45.65837749694252, "2023_44_30_9": 0.5435521130588397, "2023_44_30_10": 0.0045296009421569965, "2023_44_30_11": 0.009059201884313993}