{"2023_44_30_25": 0.07915567282321899, "2023_44_30_30": 0.17150395778364116, "2024_2_6": 0.039577836411609495, "2024_2_7": 0.4023746701846966, "2024_2_8": 0.013192612137203165, "2024_3_6": 0.1451187335092348, "2024_3_10": 0.554089709762533, "2024_3_15": 3.25197889182058, "2024_3_20": 0.2242744063324538, "2024_3_25": 13.357519788918207, "2024_8_3": 0.0065963060686015824, "2024_8_4": 0.05277044854881266, "2024_8_7": 0.23746701846965698, "2024_8_8": 0.013192612137203165, "2024_8_9": 6.893139841688653, "2024_8_12": 0.04617414248021108, "2024_9_5": 0.0065963060686015824, "2024_14_3": 0.35620052770448546, "2024_14_5": 0.039577836411609495, "2024_14_6": 3.1530343007915564, "2024_14_7": 1.4182058047493402, "2024_14_8": 4.182058047493403, "2024_14_9": 29.228232189973607, "2024_14_11": 0.1121372031662269, "2024_15_5": 0.032981530343007916, "2024_20_1": 35.83773087071239, "2024_20_3": 0.1451187335092348}