{"2024_3_10": 0.4402141582391433, "2024_3_15": 2.5520523497917904, "2024_3_20": 0.148720999405116, "2024_3_25": 8.32242712671029, "2024_8_4": 0.04759071980963712, "2024_8_7": 0.22605591909577633, "2024_8_8": 0.01189767995240928, "2024_8_9": 4.8661511005353955, "2024_8_12": 0.04164187983343248, "2024_9_5": 0.00594883997620464, "2024_14_3": 0.23795359904818558, "2024_14_5": 0.029744199881023198, "2024_14_6": 1.9393218322427124, "2024_14_7": 0.7792980368828077, "2024_14_8": 2.3319452706722186, "2024_14_9": 26.30577037477691, "2024_14_11": 0.07733491969066032, "2024_15_10": 0.00594883997620464, "2024_15_15": 3.9083878643664485, "2024_20_1": 7.703747769185007, "2024_20_3": 3.6585365853658534, "2024_20_6": 0.6543723973825103, "2024_20_6_1": 0.029744199881023198, "2024_20_6_2": 3.8429506246281964, "2024_20_7": 20.624628197501487, "2024_20_8": 0.1368233194527067, "2024_20_9": 11.058893515764424, "2024_20_9_1": 0.01189767995240928}