{"2023_7_26": 0.035896617740906196, "2023_7_30": 18.271378430121253, "2023_12_1_1": 0.02791959157626037, "2023_12_5": 0.06381620931716657, "2023_12_9": 0.05185067007019783, "2023_12_9_1": 0.015954052329291642, "2023_12_10": 0.0797702616464582, "2023_12_11": 0.06381620931716657, "2023_20_4_1": 0.09173580089342694, "2023_20_7": 0.09572431397574985, "2023_20_8": 0.15156349712827058, "2023_20_9": 3.470006381620932, "2023_26_1": 0.19942565411614552, "2023_26_3": 0.011965539246968731, "2023_26_6": 0.06381620931716657, "2023_26_7": 2.760051052967454, "2023_26_8": 5.779355456285897, "2023_26_9": 8.00494575622208, "2023_26_10": 0.8495532865347799, "2023_26_11": 0.622208040842374, "2023_26_12": 0.5823229100191449, "2023_27_6": 7.263082322910021, "2023_32_1": 0.6900127632418634, "2023_32_4": 6.808391831525208, "2023_32_6": 33.595245692405875, "2023_32_7": 10.34620293554563, "2023_38": 0.003988513082322911}