{"2023_38_6": 6.595663387142993, "2023_38_8": 0.1576081765211577, "2023_38_9": 3.472155888814595, "2023_38_9_1": 0.19104021396503965, "2023_44_1": 15.111280924634634, "2023_44_9_1": 0.009552010698251982, "2023_44_9_2": 0.014328016047377972, "2023_44_25": 0.004776005349125991, "2023_44_30_1": 0.20059222466329163, "2023_44_30_2": 0.501480561658229, "2023_44_30_3": 0.009552010698251982, "2023_44_30_4": 0.3534243958353233, "2023_44_30_5_1": 5.783742477791574, "2023_44_30_6": 1.1844493265832456, "2023_44_30_7": 0.9886331072690799, "2023_44_30_8": 36.627185022447215, "2023_44_30_9": 11.610469003725283, "2023_44_30_10": 0.004776005349125991, "2023_44_30_12": 0.028656032094755944, "2023_44_30_13": 0.32476836374056733, "2024_2_2": 0.2196962460597956, "2024_2_2_1": 16.60617059891107}