{"2023_26_9": 0.06972852361472666, "2023_26_12": 0.7158795091111937, "2023_27_6": 0.06043138713276312, "2023_27_7": 8.739308293045742, "2023_27_12": 3.3376719970249167, "2023_32_4": 0.08832279657865377, "2023_32_6": 0.11156563778356267, "2023_32_7": 0.167348456675344, "2023_32_9": 1.2039791744142805, "2023_38_1": 0.004648568240981778, "2023_38_4": 0.013945704722945334, "2023_38_6": 7.3447378207512095, "2023_38_8": 0.17664559315730755, "2023_38_9": 4.076794347341019, "2023_38_9_1": 0.34864261807363334, "2023_44_1": 19.788955001859428, "2023_44_25": 0.004648568240981778, "2023_44_30_1": 0.3858311640014876, "2023_44_30_2": 1.0273335812569728, "2023_44_30_3": 0.018594272963927114, "2023_44_30_4": 0.8413908516177018, "2023_44_30_5_1": 33.083860171067315, "2023_44_30_6": 5.489959092599479, "2023_44_30_7": 11.351803644477503, "2023_44_30_8": 1.5340275195239865, "2023_44_30_10": 0.013945704722945334}