{"2023_6_11": 0.013373155618954222, "2023_7_10": 0.2005973342843133, "2023_7_15": 0.13818927472919362, "2023_7_20": 4.270494360986048, "2023_7_26": 0.07132349663442251, "2023_7_30": 22.912673293808233, "2023_12_1_1": 0.031204029777559854, "2023_12_5": 0.07578121517407393, "2023_12_5_4": 0.008915437079302814, "2023_12_9": 0.07132349663442251, "2023_12_9_1": 0.013373155618954222, "2023_12_10": 0.08023893371372534, "2023_12_11": 0.08915437079302814, "2023_20_4_1": 0.13373155618954222, "2023_20_7": 0.16047786742745068, "2023_20_8": 0.22734364552222178, "2023_20_9": 5.139749476218073, "2023_26_1": 0.3075825792359471, "2023_26_3": 0.013373155618954222, "2023_26_6": 0.120358400570588, "2023_26_7": 5.705879730753801, "2023_26_8": 14.389515445994745, "2023_26_9": 19.270717246913033, "2023_26_10": 0.9361208933267955, "2023_26_11": 0.8202202112958589, "2023_27_5": 0.008915437079302814, "2023_32_1": 2.6255962198546787, "2023_32_4": 22.163776579146795}