{"2023_38_6": 6.065297572970266, "2023_38_8": 0.14571285460589226, "2023_38_9": 3.078184053549474, "2023_38_9_1": 0.16392696143162877, "2023_44_1": 13.155138654888212, "2023_44_9_2": 0.009107053412868266, "2023_44_25": 0.004553526706434133, "2023_44_30_1": 0.15481990801876055, "2023_44_30_2": 0.4189244569919403, "2023_44_30_3": 0.009107053412868266, "2023_44_30_4": 0.26410454897317975, "2023_44_30_5_1": 4.70379308774646, "2023_44_30_6": 0.924365921406129, "2023_44_30_7": 0.8150812804517097, "2023_44_30_8": 23.077273348208184, "2023_44_30_9": 6.247438641227631, "2023_44_30_10": 0.004553526706434133, "2023_44_30_12": 0.013660580119302402, "2023_44_30_13": 0.3733891899275989, "2023_44_30_14": 12.467556122216656, "2023_44_30_20": 0.2959792359182187, "2024_2_2": 0.08651700742224852, "2024_2_2_1": 8.569737261509038, "2024_2_3": 2.9142570921178454, "2024_2_6": 8.815627703656483, "2024_2_7": 7.221893356404537}