{"2022_36_6": 0.10782588956358892, "2022_36_20": 0.11350093638272517, "2022_40_4": 0.011350093638272519, "2022_40_4_1": 0.0681005618296351, "2022_40_4_2": 0.062425515010498846, "2022_44_2": 0.13052607684013395, "2022_44_25_1": 0.07945065546790761, "2022_44_25_2": 0.1929515918506328, "2022_44_25_3": 0.8001816014982124, "2022_44_25_5": 1.9181658248680553, "2022_44_30": 0.5845298223710346, "2022_44_30_1": 0.07377560864877136, "2022_44_30_2": 0.10782588956358892, "2022_44_30_5": 2.5537710686113164, "2022_44_30_10": 26.808921173599686, "2022_45_10": 0.017025140457408775, "2022_45_11": 1.9408660121446, "2022_45_12": 0.2837523409568129, "2023_2_0_5": 0.062425515010498846, "2023_2_10": 1.2144600192951593, "2023_2_11": 0.19862663866976904, "2023_2_12": 35.003688780432434, "2023_2_13": 0.017025140457408775, "2023_2_201": 0.10215084274445263, "2023_6_1": 0.9080074910618013, "2023_6_8": 26.23574144486692, "2023_6_9": 0.40292832415867436}