{"2023_20_4_1": 0.020986358866736613, "2023_20_7": 0.015739769150052464, "2023_20_9": 0.03147953830010493, "2023_26_7": 0.010493179433368307, "2023_26_8": 0.06820566631689401, "2023_26_9": 0.06820566631689401, "2023_26_10": 0.005246589716684153, "2023_26_11": 0.005246589716684153, "2023_26_12": 0.750262329485834, "2023_27_6": 0.1049317943336831, "2023_27_7": 19.38090241343127, "2023_27_12": 8.488982161594961, "2023_32_4": 0.14165792235047217, "2023_32_6": 0.11017838405036726, "2023_32_7": 0.2203567681007345, "2023_32_9": 2.0356768100734515, "2023_38_1": 0.005246589716684153, "2023_38_4": 0.010493179433368307, "2023_38_6": 12.077649527806923, "2023_38_8": 0.33053515215110174, "2023_38_9": 9.218258132214059, "2023_38_9_1": 0.12067156348373556, "2023_44_1": 46.768100734522555, "2023_44_25": 0.005246589716684153, "2023_44_25_1": 0.005246589716684153}