{"2024_3_15": 0.13383109107557936, "2024_3_25": 0.9227301542579419, "2024_8_7": 0.056349933084454476, "2024_8_9": 0.21835599070226108, "2024_14_3": 0.021131224906670427, "2024_14_6": 0.1760935408889202, "2024_14_7": 0.04930619144889767, "2024_14_8": 0.26061844051560196, "2024_14_9": 14.355145453264775, "2024_14_11": 0.014087483271113619, "2024_15_15": 4.796788053814186, "2024_20_1": 2.2328660984715083, "2024_20_3": 1.4932732267380435, "2024_20_6": 0.20426850743114747, "2024_20_6_1": 0.014087483271113619, "2024_20_6_2": 2.204691131929281, "2024_20_7": 15.172219482989366, "2024_20_8": 0.10565612453335214, "2024_20_9": 37.585405367331134, "2024_20_9_1": 0.021131224906670427, "2024_20_10": 0.4226244981334086, "2024_20_15": 0.7325491300979081, "2024_21_5": 4.76861308727196, "2024_26_1": 0.0774811579911249, "2024_26_3_1": 11.086849334366416, "2024_26_4": 0.08452489962668171, "2024_26_6": 2.578009438613792, "2024_26_10": 0.2113122490667043}