{"2022_44_25_3": 0.1557708221778708, "2022_44_25_5": 0.06814973470281846, "2022_44_30": 0.17037433675704616, "2022_44_30_2": 0.02433919096529231, "2022_44_30_5": 0.1557708221778708, "2022_44_30_10": 1.1244706225965047, "2022_45_11": 0.0389427055444677, "2022_45_12": 0.7642505963101786, "2022_45_13": 1.2656379301952003, "2022_45_14": 0.02433919096529231, "2022_45_15": 28.476853429392, "2023_2_0_5": 0.02433919096529231, "2023_2_10": 0.3748235408655016, "2023_2_11": 0.014603514579175384, "2023_2_12": 6.946405101494426, "2023_2_13": 0.01947135277223385, "2023_2_201": 0.009735676386116925, "2023_2_301": 0.04381054373752616, "2023_6_1": 0.03407486735140923, "2023_6_8": 6.737088059192911, "2023_6_9": 1.031981696928394, "2023_6_11": 4.81429197293482, "2023_6_11_2": 0.0389427055444677, "2023_6_15": 0.004867838193058463, "2023_12_1": 3.855327848902302, "2023_12_1_1": 25.556150513556926, "2023_12_5": 18.22518619481088}