{"2023_20_4_1": 0.020727536532283136, "2023_20_7": 0.01554565239921235, "2023_20_9": 0.03627318893149549, "2023_26_7": 0.010363768266141568, "2023_26_8": 0.07254637786299098, "2023_26_9": 0.06736449372992019, "2023_26_10": 0.005181884133070784, "2023_26_11": 0.005181884133070784, "2023_26_12": 0.7617369675614052, "2023_27_6": 0.10363768266141568, "2023_27_7": 19.21960824955954, "2023_27_12": 8.550108819566793, "2023_32_4": 0.13991087159291116, "2023_32_6": 0.11400145092755724, "2023_32_7": 0.20727536532283136, "2023_32_9": 1.9432065499015438, "2023_38_1": 0.005181884133070784, "2023_38_4": 0.010363768266141568, "2023_38_6": 11.617784226344698, "2023_38_8": 0.310913047984247, "2023_38_9": 9.13047984247072, "2023_38_9_1": 0.22282101772204366, "2023_44_1": 47.41942170173075, "2023_44_25": 0.005181884133070784, "2023_44_25_1": 0.005181884133070784}