{"2024_14_3": 0.021737555249619598, "2024_14_6": 0.10144192449822477, "2024_14_7": 0.03622925874936599, "2024_14_8": 0.12317947974784438, "2024_14_9": 2.956307513948265, "2024_15_15": 4.108397942178104, "2024_20_1": 0.6883559162379539, "2024_20_3": 0.23186725599594232, "2024_20_6": 0.014491703499746395, "2024_20_6_2": 0.15940873849721035, "2024_20_7": 3.0215201796971236, "2024_20_8": 0.021737555249619598, "2024_20_9": 9.622491123831606, "2024_20_9_1": 0.021737555249619598, "2024_20_10": 0.10868777624809796, "2024_20_15": 0.4130135497427723, "2024_21_5": 0.6666183609883342, "2024_26_1": 0.007245851749873198, "2024_26_3_1": 2.6664734439533366, "2024_26_4": 0.021737555249619598, "2024_26_6": 1.3622201289761613, "2024_26_7": 33.80914426490834, "2024_26_8": 24.976450981812913, "2024_26_10": 6.021302804144629, "2024_26_11": 1.0434026519817405, "2024_26_20": 4.28229838417506, "2024_27_5": 1.717266864719948, "2024_32": 0.12317947974784438, "2024_32_3": 1.6520541989710893}