{"2024_8_7": 0.07162390936319833, "2024_8_9": 0.21487172808959498, "2024_14_3": 0.019533793462690453, "2024_14_6": 0.14975908321396014, "2024_14_7": 0.04557885141294439, "2024_14_8": 0.22138299257715843, "2024_14_9": 11.3230889438729, "2024_14_11": 0.006511264487563484, "2024_15_15": 4.76624560489647, "2024_20_1": 1.7775752051048315, "2024_20_3": 1.1264487563484828, "2024_20_6": 0.14975908321396014, "2024_20_6_1": 0.013022528975126967, "2024_20_6_2": 1.5952597994530537, "2024_20_7": 8.067456700091157, "2024_20_8": 0.06511264487563483, "2024_20_9": 24.729782523766115, "2024_20_9_1": 0.026045057950253934, "2024_20_10": 0.2734731084776663, "2024_20_15": 0.46881104310457083, "2024_21_5": 0.8725094413335067, "2024_26_1": 0.03255632243781741, "2024_26_3_1": 3.874202370100273, "2024_26_4": 0.019533793462690453, "2024_26_6": 2.2528975126969657, "2024_26_7": 32.06146633676259, "2024_26_10": 5.5020184919911435, "2024_26_20": 0.2734731084776663}