{"2022_44_25_5": 0.034780592429424384, "2022_44_30": 0.11013854269317722, "2022_44_30_2": 0.017390296214712192, "2022_44_30_5": 0.017390296214712192, "2022_44_30_10": 0.14491913512260157, "2022_45_11": 0.017390296214712192, "2022_45_12": 0.09274824647846502, "2022_45_13": 0.22027708538635443, "2022_45_15": 28.247637818097505, "2023_2_0_5": 0.005796765404904064, "2023_2_10": 0.11013854269317722, "2023_2_11": 0.005796765404904064, "2023_2_12": 1.078198365312156, "2023_2_13": 0.011593530809808128, "2023_2_301": 0.011593530809808128, "2023_6_8": 0.14491913512260157, "2023_6_9": 0.005796765404904064, "2023_6_11": 0.266651208625587, "2023_6_11_2": 0.005796765404904064, "2023_7_5": 0.5854733058953105, "2023_7_10": 2.7012926786852938, "2023_12_1": 0.14491913512260157, "2023_12_1_1": 0.3593994551040519, "2023_12_5": 32.23581241667149, "2023_12_5_3": 0.15651266593240973, "2023_12_5_4": 0.6202538983247349, "2023_12_8": 0.1507159005275057, "2023_12_9": 31.018491681641645, "2023_12_9_1": 0.005796765404904064, "2023_12_10": 1.4723784128456323}