{"2022_45_13": 0.03226500322650032, "2022_45_15": 0.14519251451925141, "2023_2_12": 0.11830501183050116, "2023_2_301": 0.010755001075500106, "2023_6_8": 0.010755001075500106, "2023_6_11": 0.026887502688750266, "2023_7_10": 0.8980425898042589, "2023_7_15": 0.8066250806625082, "2023_7_20": 27.269305226930523, "2023_7_26": 0.41944504194450416, "2023_12_1": 0.005377500537750053, "2023_12_1_1": 0.043020004302000425, "2023_12_5": 0.12368251236825123, "2023_12_5_4": 0.03226500322650032, "2023_12_9": 0.09141750914175091, "2023_12_9_1": 0.03226500322650032, "2023_12_10": 0.1613250161325016, "2023_12_11": 0.22585502258550225, "2023_20_4_1": 0.18283501828350182, "2023_20_7": 0.48397504839750477, "2023_20_8": 0.44633254463325445, "2023_20_9": 12.362873736287373, "2023_26_1": 0.6506775650677565, "2023_26_3": 0.026887502688750266, "2023_26_6": 0.32802753280275326, "2023_26_7": 21.16584211658421, "2023_26_8": 33.899763389976336}