{"2023_12_9": 0.05407284384535167, "2023_12_9_1": 0.011587037966861074, "2023_12_10": 0.05793518983430538, "2023_12_11": 0.06179753582325906, "2023_20_4_1": 0.08497161175698122, "2023_20_7": 0.06179753582325906, "2023_20_8": 0.11587037966861076, "2023_20_9": 2.823374917925148, "2023_26_1": 0.16221853153605506, "2023_26_3": 0.011587037966861074, "2023_26_6": 0.05407284384535167, "2023_26_7": 2.0084199142559194, "2023_26_8": 3.827584875053108, "2023_26_9": 4.8163454482252535, "2023_26_10": 0.29740064114943426, "2023_26_11": 0.25877718125989735, "2023_26_12": 0.7879185817465529, "2023_27_6": 7.033332045884672, "2023_27_7": 15.561391989494421, "2023_32_1": 0.3669228689506007, "2023_32_4": 3.1246379050635364, "2023_32_6": 14.518558572476929, "2023_32_7": 23.10455370592098, "2023_32_9": 20.43181028156503, "2023_38_1": 0.3591981769726933, "2023_38_4": 0.003862345988953691}