{"2023_38_6": 0.014252120002850427, "2023_38_9": 0.028504240005700853, "2023_44_1": 0.028504240005700853, "2023_44_30_5_1": 0.02137818000427564, "2023_44_30_6": 0.014252120002850427, "2023_44_30_8": 0.7981187201596235, "2023_44_30_9": 0.04275636000855128, "2023_44_30_13": 0.02137818000427564, "2023_44_30_14": 3.420508800684102, "2023_44_30_16": 0.02137818000427564, "2023_44_30_20": 0.02137818000427564, "2023_44_30_25": 2.921684600584337, "2023_44_30_30": 0.45606784009121365, "2024_2_2_1": 0.02137818000427564, "2024_2_3": 0.03563030000712606, "2024_2_6": 0.07838666001567733, "2024_2_7": 16.11914772322383, "2024_2_7_1": 0.007126060001425213, "2024_2_8": 1.1544217202308842, "2024_2_12": 0.04275636000855128, "2024_2_13": 0.11401696002280341, "2024_3_6": 2.1734483004346896, "2024_3_10": 18.983823843796767, "2024_3_15": 19.461269863892248, "2024_8_3": 0.11401696002280341, "2024_8_4": 3.071331860614266, "2024_8_7": 12.164184422432836, "2024_8_8": 0.15677332003135466, "2024_8_9": 18.328226323665643, "2024_8_12": 0.16389938003277987}