{"2024_3_6": 0.11320305052430887, "2024_3_10": 0.44685414680648233, "2024_3_15": 2.5679218303145857, "2024_3_20": 0.15490943755958053, "2024_3_25": 8.388941849380362, "2024_8_4": 0.047664442326024785, "2024_8_7": 0.22640610104861775, "2024_8_8": 0.011916110581506196, "2024_8_9": 4.885605338417541, "2024_8_12": 0.041706387035271686, "2024_9_5": 0.005958055290753098, "2024_14_3": 0.23832221163012393, "2024_14_5": 0.02979027645376549, "2024_14_6": 1.9661582459485225, "2024_14_7": 0.7805052430886559, "2024_14_8": 2.377264061010486, "2024_14_9": 26.370352716873214, "2024_14_11": 0.07745471877979027, "2024_15_10": 0.005958055290753098, "2024_15_15": 3.825071496663489, "2024_20_1": 7.787178265014298, "2024_20_3": 3.795281220209724, "2024_20_6": 0.6911344137273593, "2024_20_6_1": 0.02979027645376549, "2024_20_6_2": 3.991897044804576, "2024_20_7": 21.049809342230695, "2024_20_8": 0.14299332697807438, "2024_20_9": 9.938036224976168, "2024_20_9_1": 0.011916110581506196}