{"2022_44_25_3": 0.15381657373582, "2022_44_25_5": 0.06729475100942126, "2022_44_30": 0.16823687752355315, "2022_44_30_2": 0.0192270717169775, "2022_44_30_5": 0.14900980580657563, "2022_44_30_10": 1.0671024802922515, "2022_45_11": 0.038454143433955, "2022_45_12": 0.7498557969621226, "2022_45_13": 1.177658142664872, "2022_45_14": 0.02403383964622188, "2022_45_15": 28.56181503557008, "2023_2_0_5": 0.02403383964622188, "2023_2_10": 0.3605075946933282, "2023_2_11": 0.01442030378773313, "2023_2_12": 6.263218611805421, "2023_2_13": 0.0192270717169775, "2023_2_201": 0.004806767929244375, "2023_2_301": 0.04326091136319938, "2023_6_1": 0.03364737550471063, "2023_6_8": 6.032493751201691, "2023_6_9": 1.0142280330705633, "2023_6_11": 4.402999423187848, "2023_6_11_2": 0.03364737550471063, "2023_6_15": 0.004806767929244375, "2023_12_1": 2.8600269179004036, "2023_12_1_1": 15.497019803883866, "2023_12_5": 31.14785618150356, "2023_12_8": 0.06729475100942126}