{"2023_27_6": 0.049131269820000906, "2023_27_7": 7.2758944124346785, "2023_27_12": 2.729018714547323, "2023_32_4": 0.07593014426727414, "2023_32_6": 0.10272901871454736, "2023_32_7": 0.13399437223636612, "2023_32_9": 1.0674884988163833, "2023_38_1": 0.004466479074545537, "2023_38_4": 0.013399437223636613, "2023_38_6": 6.529992406985576, "2023_38_8": 0.15632676760909378, "2023_38_9": 3.546384385189156, "2023_38_9_1": 0.2143909955781858, "2023_44_1": 16.074858189289387, "2023_44_9_1": 0.008932958149091074, "2023_44_25": 0.004466479074545537, "2023_44_30_1": 0.23672339095091344, "2023_44_30_2": 0.5985081959891019, "2023_44_30_3": 0.008932958149091074, "2023_44_30_4": 0.4064495957836439, "2023_44_30_5_1": 7.646612175621959, "2023_44_30_6": 1.4918040108982096, "2023_44_30_7": 1.447139220152754, "2023_44_30_8": 41.77497878422441, "2023_44_30_9": 8.38804770199652, "2023_44_30_10": 0.004466479074545537, "2023_44_30_11": 0.008932958149091074}