{"2022_44_25_2": 0.015806111696522657, "2022_44_25_3": 0.05795574288724975, "2022_44_25_5": 0.02634351949420443, "2022_44_30": 0.04741833508956798, "2022_44_30_5": 0.010537407797681772, "2022_44_30_10": 0.11064278187565861, "2022_45_11": 0.005268703898840886, "2022_45_12": 0.05795574288724975, "2022_45_13": 0.136986301369863, "2022_45_15": 5.131717597471023, "2023_2_10": 0.10010537407797683, "2023_2_11": 0.005268703898840886, "2023_2_12": 0.49525816649104326, "2023_2_301": 0.010537407797681772, "2023_6_8": 0.136986301369863, "2023_6_11": 0.7534246575342467, "2023_7_5": 0.16332982086406747, "2023_7_10": 26.143308746048472, "2023_12_1": 0.08956796628029506, "2023_12_1_1": 0.273972602739726, "2023_12_5": 22.460484720758696, "2023_12_5_3": 0.10010537407797683, "2023_12_5_4": 0.6849315068493153, "2023_12_8": 0.0684931506849315, "2023_12_9": 34.531085353003164, "2023_12_9_1": 6.332982086406743, "2023_12_10": 1.975763962065332, "2023_12_11": 0.0737618545837724}