{"2023_32_6": 0.038910505836575876, "2023_38_9_1": 0.038910505836575876, "2023_44_30_14": 0.038910505836575876, "2023_44_30_30": 0.038910505836575876, "2024_8_9": 0.038910505836575876, "2024_14_9": 0.038910505836575876, "2024_15_15": 0.038910505836575876, "2024_20_6_2": 0.038910505836575876, "2024_26_8": 0.11673151750972763, "2024_32_6": 0.07782101167315175, "2024_32_7": 0.311284046692607, "2024_32_10": 0.5447470817120623, "2024_33_5": 0.5058365758754864, "2024_33_35": 0.27237354085603116, "2024_38_2": 0.038910505836575876, "2024_38_6": 0.1556420233463035, "2024_38_7": 0.3891050583657588, "2024_39_5": 0.038910505836575876, "2024_39_15": 0.11673151750972763, "2024_44_3_1": 0.4669260700389105, "2024_44_4": 1.673151750972763, "2024_44_25_2": 17.237354085603112, "2024_44_25_3": 0.1945525291828794, "2024_44_25_4": 3.346303501945526, "2024_45_25_5": 14.007782101167315, "2024_45_25_6": 3.501945525291829, "2024_45_25_10": 0.42801556420233466, "2024_45_25_15": 9.649805447470818, "2024_45_32": 5.7587548638132295, "2024_45_32_1": 10.894941634241247, "2024_45_32_2": 24.86381322957199, "2024_45_32_5": 0.311284046692607, "2024_45_32_6": 0.8560311284046693, "2025_2": 3.9299610894941632}