{"2023_38_6": 6.485127377959104, "2023_38_8": 0.15655391621993453, "2023_38_9": 3.4014896342331227, "2023_38_9_1": 0.18976232269082974, "2023_44_1": 14.872622040893782, "2023_44_9_1": 0.004744058067270743, "2023_44_9_2": 0.009488116134541485, "2023_44_25": 0.004744058067270743, "2023_44_30_1": 0.19450638075810048, "2023_44_30_2": 0.48389392286161576, "2023_44_30_3": 0.009488116134541485, "2023_44_30_4": 0.332084064708952, "2023_44_30_5_1": 5.6311969258503725, "2023_44_30_6": 1.1243417619431662, "2023_44_30_7": 0.9488116134541486, "2023_44_30_8": 35.3005360785616, "2023_44_30_9": 11.461644290526115, "2023_44_30_10": 0.004744058067270743, "2023_44_30_12": 0.023720290336353717, "2023_44_30_13": 0.34157218084349356, "2023_44_30_15": 0.004744058067270743, "2024_2_2": 0.1755301484890175, "2024_2_2_1": 16.860382371080217, "2024_2_3": 1.9782722140518998}