{"2022_44_30_5": 0.010338588782631173, "2022_44_30_10": 0.056862238304471444, "2022_45_12": 0.03101576634789352, "2022_45_13": 0.056862238304471444, "2022_45_15": 1.0958904109589043, "2023_2_10": 0.025846471956577934, "2023_2_12": 0.17575600930472993, "2023_2_301": 0.010338588782631173, "2023_6_8": 0.056862238304471444, "2023_6_11": 0.12923235978288966, "2023_7_5": 0.03101576634789352, "2023_7_10": 6.616696820883951, "2023_7_15": 3.8304471439648498, "2023_7_20": 19.50891703282502, "2023_12_1": 0.020677177565262345, "2023_12_1_1": 0.0723701214784182, "2023_12_5": 3.9648487981390548, "2023_12_5_4": 0.4238821400878781, "2023_12_8": 0.005169294391315586, "2023_12_9": 7.169811320754718, "2023_12_9_1": 2.398552597570432, "2023_12_10": 1.137244766089429, "2023_12_11": 3.809769966399587, "2023_20_4_1": 48.81364693719307, "2023_20_6": 0.5479452054794521}