{"2023_26_12": 0.2876318312559923, "2023_32_6": 0.01597954618088846, "2023_38_9": 0.01597954618088846, "2023_44_1": 0.01597954618088846, "2023_44_30_8": 0.09587727708533077, "2023_44_30_9": 0.023969319271332692, "2023_44_30_13": 0.01597954618088846, "2023_44_30_14": 0.6471716203259827, "2023_44_30_20": 0.00798977309044423, "2023_44_30_25": 0.08788750399488654, "2023_44_30_30": 0.19175455417066153, "2024_2_6": 0.023969319271332692, "2024_2_7": 0.62320230105465, "2024_2_8": 0.03195909236177692, "2024_2_12": 0.00798977309044423, "2024_3_6": 0.3275806967082135, "2024_3_10": 1.1265580057526365, "2024_3_15": 6.327900287631831, "2024_3_20": 0.6631511665068711, "2024_3_25": 40.20453819111537, "2024_8_4": 0.1278363694471077, "2024_8_7": 0.4154682007031001, "2024_8_8": 0.01597954618088846, "2024_8_9": 23.106423777564718, "2024_8_12": 0.0798977309044423, "2024_9_5": 0.00798977309044423, "2024_14_3": 1.318312559923298, "2024_14_5": 0.0798977309044423, "2024_14_6": 16.722595078299776, "2024_14_7": 7.3825503355704685}