{"2022_44_25_2": 0.0163265306122449, "2022_44_25_3": 0.059863945578231305, "2022_44_25_5": 0.048979591836734705, "2022_44_30": 0.09251700680272111, "2022_44_30_2": 0.0163265306122449, "2022_44_30_5": 0.0163265306122449, "2022_44_30_10": 0.163265306122449, "2022_45_11": 0.021768707482993203, "2022_45_12": 0.1034013605442177, "2022_45_13": 0.23945578231292522, "2022_45_15": 30.302040816326535, "2023_2_0_5": 0.010884353741496601, "2023_2_10": 0.1414965986394558, "2023_2_11": 0.005442176870748301, "2023_2_12": 1.3387755102040817, "2023_2_13": 0.0163265306122449, "2023_2_201": 0.005442176870748301, "2023_2_301": 0.010884353741496601, "2023_6_8": 0.3156462585034014, "2023_6_9": 0.0163265306122449, "2023_6_11": 0.46258503401360557, "2023_6_11_2": 0.005442176870748301, "2023_7_5": 0.9469387755102042, "2023_12_1": 0.49523809523809537, "2023_12_1_1": 3.23265306122449, "2023_12_5": 34.79183673469388, "2023_12_5_3": 0.21224489795918366, "2023_12_5_4": 0.489795918367347, "2023_12_8": 0.19591836734693882, "2023_12_9": 25.159183673469393, "2023_12_10": 1.0666666666666669}