{"2023_26_9": 0.07096896290688873, "2023_26_12": 0.7191521574564724, "2023_27_6": 0.07096896290688873, "2023_27_7": 9.618660105980318, "2023_27_12": 3.8228614685844065, "2023_32_4": 0.09462528387585163, "2023_32_6": 0.11355034065102196, "2023_32_7": 0.1845193035579107, "2023_32_9": 1.2537850113550342, "2023_38_1": 0.0047312641937925825, "2023_38_4": 0.014193792581377745, "2023_38_6": 7.830242240726721, "2023_38_8": 0.19398183194549584, "2023_38_9": 4.41900075700227, "2023_38_9_1": 0.4967827403482211, "2023_44_1": 22.137585162755492, "2023_44_25": 0.0047312641937925825, "2023_44_30_1": 0.5015140045420137, "2023_44_30_2": 1.3626040878122636, "2023_44_30_3": 0.02838758516275549, "2023_44_30_4": 1.1496971990915974, "2023_44_30_5_1": 37.20193035579107, "2023_44_30_6": 7.470666161998488, "2023_44_30_7": 1.220666161998486, "2023_44_30_10": 0.014193792581377745}