{"2023_7_20": 2.448626092433667, "2023_7_26": 0.03936697897803323, "2023_7_30": 20.136209747263997, "2023_12_1_1": 0.027556885284623262, "2023_12_5": 0.06298716636485319, "2023_12_9": 0.055113770569246524, "2023_12_9_1": 0.019683489489016614, "2023_12_10": 0.07873395795606646, "2023_12_11": 0.06298716636485319, "2023_20_4_1": 0.09448074954727975, "2023_20_7": 0.09841744744508309, "2023_20_8": 0.16140461380993626, "2023_20_9": 3.4879143374537436, "2023_26_1": 0.20470829068577281, "2023_26_3": 0.011810093693409969, "2023_26_6": 0.0669238642626565, "2023_26_7": 2.8580426738052127, "2023_26_8": 6.023147783639084, "2023_26_9": 8.318242658058422, "2023_26_10": 0.8385166522321078, "2023_26_11": 0.645618455239745, "2023_26_12": 0.38973309188252897, "2023_27_6": 4.684670498385955, "2023_32_1": 0.7282891110936148, "2023_32_4": 7.152980080308638, "2023_32_6": 39.12290370836942, "2023_32_7": 2.180930635383041}