{"2024_26_3_1": 1.135294117647059, "2024_26_4": 0.01764705882352941, "2024_26_6": 0.5764705882352942, "2024_26_7": 7.617647058823532, "2024_26_8": 5.7470588235294136, "2024_26_10": 1.5176470588235296, "2024_26_11": 0.2470588235294118, "2024_26_20": 1.3647058823529414, "2024_27_5": 0.26470588235294124, "2024_27_10": 0.8058823529411766, "2024_27_25": 3.823529411764706, "2024_32": 0.029411764705882356, "2024_32_3": 6.252941176470589, "2024_32_4_1": 0.31764705882352945, "2024_32_4_2": 0.02352941176470589, "2024_32_5_3": 0.01764705882352941, "2024_32_5_4": 0.029411764705882356, "2024_32_6": 3.4411764705882355, "2024_32_7": 15.917647058823531, "2024_32_9": 0.10000000000000002, "2024_32_9_1": 0.011764705882352944, "2024_32_10": 38.858823529411765, "2024_32_20": 0.13529411764705884, "2024_32_20_1": 0.4176470588235294, "2024_33_5": 0.0411764705882353, "2024_33_15": 0.7588235294117648, "2024_33_25": 0.7705882352941177, "2024_38": 0.005882352941176472, "2024_38_2": 8.647058823529411, "2024_38_4": 1.1058823529411768}