{"2022_44_25_5": 0.021304926764314246, "2022_44_30": 0.015978695073235683, "2022_44_30_2": 0.010652463382157123, "2022_44_30_5": 0.010652463382157123, "2022_44_30_10": 0.09587217043941412, "2022_45_12": 0.03728362183754993, "2022_45_13": 0.06924101198402129, "2022_45_15": 1.2836218375499333, "2023_2_10": 0.026631158455392802, "2023_2_12": 0.20772303595206393, "2023_2_301": 0.010652463382157123, "2023_6_8": 0.058588548601864174, "2023_6_11": 0.1651131824234354, "2023_7_5": 0.031957390146471365, "2023_7_10": 10.487350199733687, "2023_7_15": 10.758988015978693, "2023_7_20": 8.724367509986683, "2023_12_1": 0.031957390146471365, "2023_12_1_1": 0.06391478029294273, "2023_12_5": 4.836218375499334, "2023_12_5_4": 0.4633821571238348, "2023_12_8": 0.005326231691078561, "2023_12_9": 8.788282290279625, "2023_12_9_1": 3.1850865512649795, "2023_12_10": 1.347536617842876, "2023_12_11": 3.3715046604527297, "2023_20_4_1": 45.890812250332885}