{"2023_26_12": 0.29605263157894735, "2023_32_6": 0.01644736842105263, "2023_38_9": 0.01644736842105263, "2023_44_1": 0.01644736842105263, "2023_44_30_5_1": 0.008223684210526315, "2023_44_30_8": 0.10690789473684209, "2023_44_30_9": 0.008223684210526315, "2023_44_30_13": 0.01644736842105263, "2023_44_30_14": 0.6907894736842105, "2023_44_30_20": 0.008223684210526315, "2023_44_30_25": 0.07401315789473684, "2023_44_30_30": 0.18914473684210525, "2024_2_6": 0.03289473684210526, "2024_2_7": 0.6825657894736842, "2024_2_8": 0.024671052631578944, "2024_2_12": 0.008223684210526315, "2024_2_13": 0.008223684210526315, "2024_3_6": 0.3536184210526316, "2024_3_10": 1.225328947368421, "2024_3_15": 6.932565789473684, "2024_3_20": 0.7154605263157895, "2024_3_25": 40.15624999999999, "2024_8_4": 0.13980263157894735, "2024_8_7": 0.3865131578947368, "2024_8_8": 0.01644736842105263, "2024_8_9": 24.48190789473684, "2024_8_12": 0.08223684210526316, "2024_14_3": 1.899671052631579, "2024_14_5": 0.09046052631578946, "2024_14_6": 21.31578947368421}