{"2024_3_25": 7.155614449501642, "2024_8_4": 0.03456818574638475, "2024_8_7": 0.1958863858961802, "2024_8_8": 0.011522728582128248, "2024_8_9": 4.355591404044477, "2024_8_12": 0.04032955003744887, "2024_9_5": 0.005761364291064124, "2024_14_3": 0.2074091144783084, "2024_14_5": 0.028806821455320618, "2024_14_6": 1.6362274586622112, "2024_14_7": 0.6452728005991819, "2024_14_8": 1.9012502160511608, "2024_14_9": 19.582877225326957, "2024_14_11": 0.08065910007489774, "2024_15_10": 0.005761364291064124, "2024_15_15": 3.9695799965431813, "2024_20_1": 5.934205219796048, "2024_20_3": 2.4889093737397014, "2024_20_6": 0.31687503600852684, "2024_20_6_1": 0.017284092873192373, "2024_20_6_2": 2.414011637955868, "2024_20_7": 17.059399665840868, "2024_20_8": 0.12675001440341074, "2024_20_9": 28.484185055021033, "2024_20_9_1": 0.023045457164256496, "2024_20_10": 2.788500316875036, "2024_26_1": 0.07489773578383362, "2024_26_3_1": 0.4148182289566168}