{"2024_14_6": 0.09111298009531818, "2024_14_7": 0.028034763106251748, "2024_14_8": 0.11914774320156993, "2024_14_9": 2.677319876647042, "2024_15_15": 3.973927670311186, "2024_20_1": 0.6798430053266048, "2024_20_3": 0.2102607232968881, "2024_20_6_2": 0.14017381553125874, "2024_20_7": 2.8455284552845526, "2024_20_8": 0.02102607232968881, "2024_20_9": 8.816932996916176, "2024_20_9_1": 0.007008690776562937, "2024_20_10": 0.10513036164844405, "2024_20_15": 0.3854779927109615, "2024_21_5": 0.6377908606672273, "2024_26_1": 0.007008690776562937, "2024_26_3_1": 2.3409027193720213, "2024_26_4": 0.02102607232968881, "2024_26_6": 1.233529576675077, "2024_26_7": 28.32912811886739, "2024_26_8": 24.74768713204373, "2024_26_10": 5.971404541631623, "2024_26_11": 1.100364451920381, "2024_26_20": 4.457527333894029, "2024_27_5": 1.8222596019063637, "2024_32": 0.11213905242500699, "2024_32_3": 9.118306700308382}