{"2022_44_25_3": 0.18226600985221675, "2022_44_25_5": 0.06896551724137931, "2022_44_30": 0.18226600985221675, "2022_44_30_2": 0.02463054187192118, "2022_44_30_5": 0.16256157635467977, "2022_44_30_10": 1.1970443349753697, "2022_45_11": 0.039408866995073885, "2022_45_12": 0.8275862068965516, "2022_45_13": 1.3152709359605912, "2022_45_14": 0.02463054187192118, "2022_45_15": 28.41871921182266, "2023_2_0_5": 0.02463054187192118, "2023_2_10": 0.3793103448275862, "2023_2_11": 0.014778325123152709, "2023_2_12": 7.576354679802955, "2023_2_13": 0.019704433497536943, "2023_2_201": 0.009852216748768471, "2023_2_301": 0.04433497536945813, "2023_6_1": 0.039408866995073885, "2023_6_8": 7.827586206896552, "2023_6_9": 1.0738916256157633, "2023_6_11": 6.009852216748768, "2023_6_11_2": 0.039408866995073885, "2023_6_15": 0.004926108374384236, "2023_12_1": 6.896551724137931, "2023_12_1_1": 35.330049261083744, "2023_12_5": 2.266009852216749}