{"2022_44_30_10": 0.02366163856847087, "2022_45_12": 0.011830819284235435, "2022_45_13": 0.035492457852706306, "2022_45_15": 0.14788524105294293, "2023_2_10": 0.02366163856847087, "2023_2_12": 0.22478556640047326, "2023_2_301": 0.011830819284235435, "2023_6_8": 0.02957704821058859, "2023_6_11": 0.04732327713694174, "2023_7_10": 1.070689145223307, "2023_7_15": 0.9168884945282462, "2023_7_20": 27.595385980479154, "2023_7_26": 0.419994084590358, "2023_12_1": 0.017746228926353153, "2023_12_1_1": 0.05323868677905945, "2023_12_5": 0.32534753031647445, "2023_12_5_4": 0.13605442176870752, "2023_12_9": 0.1656314699792961, "2023_12_9_1": 0.04732327713694174, "2023_12_10": 0.17746228926353155, "2023_12_11": 0.461401952085182, "2023_20_4_1": 0.31351671103223905, "2023_20_6": 0.0059154096421177174, "2023_20_7": 0.7512570245489503, "2023_20_8": 0.7571724341910678, "2023_20_9": 37.41496598639456, "2023_26_1": 1.01153504880213, "2023_26_3": 0.05915409642117718, "2023_26_6": 1.2895593019816625, "2023_26_7": 26.453711919550432}