{"2024_32_20": 0.10989010989010985, "2024_32_20_1": 0.27049873203719355, "2024_33_5": 18.86728655959425, "2024_33_15": 0.5240912933220624, "2024_33_25": 0.2197802197802197, "2024_33_30": 0.016906170752324597, "2024_33_35": 7.430262045646659, "2024_33_40": 0.9382924767540148, "2024_38": 0.008453085376162298, "2024_38_2": 1.8765849535080297, "2024_38_4": 0.21132713440405745, "2024_38_6": 2.079459002535925, "2024_38_7": 5.756551141166525, "2024_39_5": 1.1242603550295853, "2024_39_15": 0.23668639053254434, "2024_44_1": 0.25359256128486896, "2024_44_3": 0.9298393913778527, "2024_44_3_1": 23.61792054099746, "2024_44_4": 0.7607776838546066, "2024_44_25_2": 14.750633981403208, "2024_44_25_3": 0.4733727810650887, "2024_44_25_4": 0.8284023668639052, "2024_45_25_5": 4.125105663567201, "2024_45_25_6": 1.0397295012679626, "2024_45_25_10": 0.19442096365173284, "2024_45_25_15": 1.6314454775993235, "2024_45_32": 4.344885883347421, "2024_45_32_1": 6.483516483516481, "2024_45_32_2": 0.8960270498732035}