{"2022_44_30_10": 0.02145577428525452, "2022_45_13": 0.03218366142788178, "2022_45_15": 0.14482647642546798, "2023_2_12": 0.11800675856889985, "2023_2_301": 0.01072788714262726, "2023_6_8": 0.01072788714262726, "2023_6_11": 0.026819717856568146, "2023_7_10": 0.8850506892667489, "2023_7_15": 0.7992275921257308, "2023_7_20": 27.254197285844555, "2023_7_26": 0.41838759856246305, "2023_12_1": 0.00536394357131363, "2023_12_1_1": 0.04291154857050904, "2023_12_5": 0.12873464571152712, "2023_12_5_4": 0.03218366142788178, "2023_12_9": 0.09118704071233169, "2023_12_9_1": 0.03218366142788178, "2023_12_10": 0.1662822507107225, "2023_12_11": 0.22528562999517243, "2023_20_4_1": 0.1770101378533498, "2023_20_7": 0.47739097784691303, "2023_20_8": 0.43447942927640404, "2023_20_9": 12.21906345545245, "2023_26_1": 0.6436732285576355, "2023_26_3": 0.026819717856568146, "2023_26_6": 0.30574478356487683, "2023_26_7": 20.860376548838705, "2023_26_8": 34.40969800997693}