{"2024_2_8": 0.02570033410434336, "2024_3_6": 0.1285016705217168, "2024_3_10": 0.5140066820868672, "2024_3_15": 3.0133641737342587, "2024_3_20": 0.20560267283474687, "2024_3_25": 11.558725263428425, "2024_8_3": 0.00642508352608584, "2024_8_4": 0.05782575173477255, "2024_8_7": 0.23772809046517604, "2024_8_8": 0.01285016705217168, "2024_8_9": 6.20663068619892, "2024_8_12": 0.04497558468260087, "2024_9_5": 0.00642508352608584, "2024_14_3": 0.3212541763042919, "2024_14_5": 0.03855050115651503, "2024_14_6": 2.6085839115908502, "2024_14_7": 1.1500899511693652, "2024_14_8": 3.3731688511950657, "2024_14_9": 29.336931380107945, "2024_14_11": 0.0835260858391159, "2024_15_5": 0.0321254176304292, "2024_20_1": 18.240812130557696, "2024_20_3": 19.74428167566178, "2024_20_6": 3.0390645078386016, "2024_20_6_1": 0.01285016705217168}