{"2023_27_6": 0.04910275868226051, "2023_27_7": 7.262744397821623, "2023_27_12": 2.714043388983126, "2023_32_4": 0.07588608159985714, "2023_32_6": 0.10266940451745378, "2023_32_7": 0.1339166145879832, "2023_32_9": 1.0668690295509329, "2023_38_1": 0.004463887152932773, "2023_38_4": 0.01339166145879832, "2023_38_6": 6.526203017587714, "2023_38_8": 0.15623605035264707, "2023_38_9": 3.5398625122756893, "2023_38_9_1": 0.2098026961878403, "2023_44_1": 16.043210427640386, "2023_44_9_1": 0.008927774305865546, "2023_44_25": 0.004463887152932773, "2023_44_30_1": 0.23658601910543695, "2023_44_30_2": 0.5981608784929916, "2023_44_30_3": 0.008927774305865546, "2023_44_30_4": 0.4062137309168824, "2023_44_30_5_1": 7.588608159985714, "2023_44_30_6": 1.490938309079546, "2023_44_30_7": 1.437371663244353, "2023_44_30_8": 41.64360324970984, "2023_44_30_9": 8.664404963842513, "2023_44_30_10": 0.004463887152932773, "2023_44_30_11": 0.008927774305865546}