{"2024_8_4": 0.013323562720671506, "2024_8_7": 0.06661781360335753, "2024_8_9": 0.1998534408100726, "2024_14_3": 0.01998534408100726, "2024_14_6": 0.17320631536872957, "2024_14_7": 0.05329425088268602, "2024_14_8": 0.25314769169275864, "2024_14_9": 12.211045233495435, "2024_14_11": 0.006661781360335753, "2024_15_15": 4.803144360802078, "2024_20_1": 1.9385783758577038, "2024_20_3": 1.2457531143827858, "2024_20_6": 0.1665445340083938, "2024_20_6_1": 0.013323562720671506, "2024_20_6_2": 1.7387249350476315, "2024_20_7": 9.23989074678569, "2024_20_8": 0.06661781360335753, "2024_20_9": 26.380654186929586, "2024_20_9_1": 0.01998534408100726, "2024_20_10": 0.31310372393578034, "2024_20_15": 0.4996336020251815, "2024_21_5": 1.2857238025448003, "2024_26_1": 0.03997068816201452, "2024_26_3_1": 4.616614482712677, "2024_26_4": 0.01998534408100726, "2024_26_6": 3.3841849310505623, "2024_26_7": 26.44727200053294, "2024_26_10": 4.78315901672107}