{"2024_2_7": 0.12466999119976534, "2024_2_8": 0.014667057788207686, "2024_3_6": 0.014667057788207686, "2024_3_10": 0.08066881783514228, "2024_3_15": 0.11733646230566148, "2024_3_25": 0.9240246406570843, "2024_8_7": 0.05133470225872691, "2024_8_9": 0.20533880903490764, "2024_14_3": 0.007333528894103843, "2024_14_5": 0.007333528894103843, "2024_14_6": 0.1686711645643884, "2024_14_7": 0.05133470225872691, "2024_14_8": 0.27867409797594606, "2024_14_9": 16.324435318275153, "2024_14_11": 0.007333528894103843, "2024_15_15": 4.862129656790848, "2024_20_1": 2.4347315928424758, "2024_20_3": 1.635376943385157, "2024_20_6": 0.23467292461132297, "2024_20_6_1": 0.014667057788207686, "2024_20_6_2": 2.4640657084188913, "2024_20_7": 17.776474039307715, "2024_20_8": 0.12466999119976534, "2024_20_9": 36.0662951012027, "2024_20_9_1": 0.02200058668231153, "2024_20_10": 0.6306834848929305, "2024_20_15": 4.502786740979759, "2024_21_5": 0.5500146670577882, "2024_26_1": 0.06600176004693459, "2024_26_3_1": 10.237606336168966}