{"2024_32_4_2": 0.02609773602140014, "2024_32_5_3": 0.019573302016050106, "2024_32_5_4": 0.02609773602140014, "2024_32_6": 2.5053826580544136, "2024_32_7": 7.653161088275592, "2024_32_9": 0.03914660403210021, "2024_32_9_1": 0.01304886801070007, "2024_32_10": 15.391139818620736, "2024_32_20": 0.08481764206955046, "2024_32_20_1": 0.21530632217655116, "2024_33_5": 15.410713120636785, "2024_33_15": 0.4175637763424022, "2024_33_25": 0.18920858615515102, "2024_33_30": 0.01304886801070007, "2024_33_35": 6.159065701050434, "2024_33_40": 1.1874469889737065, "2024_38": 0.006524434005350035, "2024_38_2": 1.5201931232465584, "2024_38_4": 0.16311085013375087, "2024_38_6": 1.6767795393749592, "2024_38_7": 5.310889280354929, "2024_39_5": 0.9786651008025055, "2024_39_15": 1.5201931232465584, "2024_44_1": 0.2022574541658511, "2024_44_3": 0.7764076466366543, "2024_44_3_1": 19.129640503686304, "2024_44_4": 0.5089058524173028, "2024_44_25_2": 16.70255105369609, "2024_44_25_3": 2.153063221765512}