{"2022_44_25_2": 0.01595999361600255, "2022_44_25_3": 0.05851997659200935, "2022_44_25_5": 0.026599989360004253, "2022_44_30": 0.053199978720008506, "2022_44_30_5": 0.010639995744001702, "2022_44_30_10": 0.11171995531201787, "2022_45_11": 0.005319997872000851, "2022_45_12": 0.05851997659200935, "2022_45_13": 0.13831994467202213, "2022_45_15": 5.4636378145448745, "2023_2_10": 0.10107995956801616, "2023_2_11": 0.005319997872000851, "2023_2_12": 0.5213597914560834, "2023_2_301": 0.010639995744001702, "2023_6_8": 0.14363994254402296, "2023_6_11": 0.7394797042081183, "2023_7_5": 0.1808799276480289, "2023_7_10": 25.839229664308128, "2023_12_1": 0.09043996382401445, "2023_12_1_1": 0.2872798850880459, "2023_12_5": 24.424110230355904, "2023_12_5_3": 0.10107995956801616, "2023_12_5_4": 0.6809597276161089, "2023_12_8": 0.0744799702080119, "2023_12_9": 37.899664840134065, "2023_12_9_1": 0.9522796190881521, "2023_12_10": 1.94179922328031, "2023_12_11": 0.0638399744640102}