{"2022_44_30": 0.10838562464346832, "2022_44_30_2": 0.01711351968054763, "2022_44_30_5": 0.01711351968054763, "2022_44_30_10": 0.13690815744438103, "2022_45_11": 0.022818026240730174, "2022_45_12": 0.0912721049629207, "2022_45_13": 0.2224757558471192, "2022_45_15": 22.897889332572728, "2023_2_0_5": 0.005704506560182543, "2023_2_10": 0.10838562464346832, "2023_2_11": 0.005704506560182543, "2023_2_12": 1.0895607529948659, "2023_2_13": 0.011409013120365087, "2023_2_301": 0.011409013120365087, "2023_6_8": 0.1426126640045636, "2023_6_9": 0.005704506560182543, "2023_6_11": 0.25099828864803186, "2023_6_11_2": 0.005704506560182543, "2023_7_5": 0.3936109526525955, "2023_7_10": 8.288648031945236, "2023_12_1": 0.1426126640045636, "2023_12_1_1": 0.3536794067313177, "2023_12_5": 30.650313747860807, "2023_12_5_3": 0.13690815744438103, "2023_12_5_4": 0.638904734740445, "2023_12_8": 0.13120365088419847, "2023_12_9": 32.56132344552196, "2023_12_9_1": 0.005704506560182543, "2023_12_10": 1.545921277809469}