{"2023_12_10": 0.029224811865273616, "2023_12_11": 0.05114342076422882, "2023_20_4_1": 0.06940892818002484, "2023_20_7": 0.05844962373054723, "2023_20_8": 0.09863374004529844, "2023_20_9": 2.5023745159640534, "2023_26_1": 0.14612405932636807, "2023_26_3": 0.010959304449477604, "2023_26_6": 0.04749031928106963, "2023_26_7": 1.6913859867027106, "2023_26_8": 3.043033535471615, "2023_26_9": 3.9343902973624605, "2023_26_10": 0.22283919047271133, "2023_26_11": 0.20092058157375614, "2023_26_12": 0.8475195440929348, "2023_27_6": 2.9261342880105206, "2023_27_7": 20.464674508657847, "2023_31_600": 0.05114342076422882, "2023_32_1": 0.30686052458537294, "2023_32_4": 2.1772484839628845, "2023_32_6": 9.169284722729596, "2023_32_7": 9.552860378461311, "2023_32_9": 16.223423686710014, "2023_38_1": 0.05479652224738802, "2023_38_4": 1.4100971724994518, "2023_38_6": 24.70957843208884}