{"2022_44_25_3": 0.17718279358204544, "2022_44_25_5": 0.06890441972635102, "2022_44_30": 0.1821045378482134, "2022_44_30_2": 0.024608721330839647, "2022_44_30_5": 0.1624175607835417, "2022_44_30_10": 1.191062112412639, "2022_45_11": 0.039373954129343434, "2022_45_12": 0.8268530367162121, "2022_45_13": 1.314105719066837, "2022_45_14": 0.024608721330839647, "2022_45_15": 28.413229648587457, "2023_2_0_5": 0.024608721330839647, "2023_2_10": 0.37405256422876265, "2023_2_11": 0.014765232798503789, "2023_2_12": 7.515503494438429, "2023_2_13": 0.019686977064671717, "2023_2_201": 0.009843488532335859, "2023_2_301": 0.04429569839551136, "2023_6_1": 0.039373954129343434, "2023_6_8": 7.692686288020474, "2023_6_9": 1.0729402500246086, "2023_6_11": 5.778127768481149, "2023_6_11_2": 0.039373954129343434, "2023_6_15": 0.004921744266167929, "2023_12_1": 6.77232011024707, "2023_12_1_1": 34.89516684713062, "2023_12_5": 3.2778816812678406}