{"2023_7_10": 0.14256038450572278, "2023_7_15": 0.09775569223249563, "2023_7_20": 2.81454930552727, "2023_7_26": 0.044804692273227156, "2023_7_30": 23.665023827949984, "2023_12_1_1": 0.02851207690114456, "2023_12_5": 0.07331676917437172, "2023_12_5_4": 0.004073153843020651, "2023_12_9": 0.06109730764530977, "2023_12_9_1": 0.016292615372082604, "2023_12_10": 0.07738992301739236, "2023_12_11": 0.07331676917437172, "2023_20_4_1": 0.10590199991853692, "2023_20_7": 0.11812146144759889, "2023_20_8": 0.1832919229359293, "2023_20_9": 3.8206183047533706, "2023_26_1": 0.21995030752311515, "2023_26_3": 0.012219461529061953, "2023_26_6": 0.07738992301739236, "2023_26_7": 3.767667304794102, "2023_26_8": 8.956865300802413, "2023_26_9": 12.708239990224431, "2023_26_10": 0.8594354608773573, "2023_26_11": 0.7372408455867379, "2023_26_12": 0.04887784611624781, "2023_27_6": 0.5172905380636227, "2023_32_1": 1.1038246914585965, "2023_32_4": 9.89776383854018, "2023_32_6": 29.766608284794916}