{"2023_38_6": 6.063640915919332, "2023_38_8": 0.14567305503710107, "2023_38_9": 3.0773432876587603, "2023_38_9_1": 0.1638821869167387, "2023_44_1": 13.137888651158555, "2023_44_9_2": 0.009104565939818817, "2023_44_25": 0.004552282969909408, "2023_44_30_1": 0.1547776209769199, "2023_44_30_2": 0.4188100332316656, "2023_44_30_3": 0.009104565939818817, "2023_44_30_4": 0.2640324122547457, "2023_44_30_5_1": 4.6934037419766, "2023_44_30_6": 0.9195611599217005, "2023_44_30_7": 0.8148586516137843, "2023_44_30_8": 23.016342695861976, "2023_44_30_9": 6.241179951745799, "2023_44_30_10": 0.004552282969909408, "2023_44_30_12": 0.013656848909728228, "2023_44_30_13": 0.37328720353257155, "2023_44_30_14": 12.445941639732323, "2023_44_30_20": 0.2958983930441116, "2024_2_2": 0.08649337642827878, "2024_2_2_1": 8.53553056858014, "2024_2_3": 2.8679382710429278, "2024_2_6": 8.653889925797786, "2024_2_7": 7.588655710838984}