{"2023_26_12": 0.29027576197387517, "2023_32_6": 0.016126431220770843, "2023_38_9": 0.016126431220770843, "2023_44_1": 0.016126431220770843, "2023_44_30_8": 0.08869537171423963, "2023_44_30_9": 0.016126431220770843, "2023_44_30_13": 0.016126431220770843, "2023_44_30_14": 0.6853733268827608, "2023_44_30_20": 0.008063215610385421, "2023_44_30_25": 0.07256894049346879, "2023_44_30_30": 0.1854539590388647, "2024_2_6": 0.032252862441541685, "2024_2_7": 0.6369940332204482, "2024_2_8": 0.024189646831156264, "2024_2_12": 0.008063215610385421, "2024_3_6": 0.3225286244154168, "2024_3_10": 1.1772294791162712, "2024_3_15": 6.539267860022576, "2024_3_20": 0.6934365424931461, "2024_3_25": 40.308014836316715, "2024_8_4": 0.12901144976616674, "2024_8_7": 0.42735042735042733, "2024_8_8": 0.016126431220770843, "2024_8_9": 23.73810675697468, "2024_8_12": 0.0806321561038542, "2024_9_5": 0.008063215610385421, "2024_14_3": 1.6771488469601674, "2024_14_5": 0.0806321561038542, "2024_14_6": 18.1986776326399, "2024_14_7": 4.491211094984679}