{"2024_20_9": 5.844315802438723, "2024_20_10": 0.055425545017859346, "2024_20_15": 0.3017613006527898, "2024_21_5": 0.39413720901588856, "2024_26_1": 0.006158393890873259, "2024_26_3_1": 1.441064170464343, "2024_26_4": 0.018475181672619776, "2024_26_6": 0.7266904791230446, "2024_26_7": 10.444636038921049, "2024_26_8": 7.642566818573715, "2024_26_10": 2.2539721640596126, "2024_26_11": 0.3140780884345363, "2024_26_20": 1.7920926222441187, "2024_27_5": 0.4002956029067619, "2024_27_10": 1.6011824116270477, "2024_27_25": 19.860820298066262, "2024_32": 0.0307919694543663, "2024_32_3": 13.135854169232664, "2024_32_4_1": 0.7205320852321715, "2024_32_4_2": 0.06774233279960586, "2024_32_5_3": 0.03695036334523955, "2024_32_5_4": 0.09237590836309889, "2024_32_6": 26.49956891242764, "2024_32_7": 1.022293385884961, "2024_32_10": 4.378618056410888, "2024_32_20": 0.9176006897401158}