{"2023_38_6": 6.578884595200613, "2023_38_8": 0.15743523686847002, "2023_38_9": 3.463575211106341, "2023_38_9_1": 0.19083059014360007, "2023_44_1": 15.070845856590815, "2023_44_9_1": 0.009541529507180003, "2023_44_9_2": 0.009541529507180003, "2023_44_25": 0.004770764753590001, "2023_44_30_1": 0.20037211965078006, "2023_44_30_2": 0.5009302991269501, "2023_44_30_3": 0.009541529507180003, "2023_44_30_4": 0.3482658270120701, "2023_44_30_5_1": 5.734459233815181, "2023_44_30_6": 1.1688373646295502, "2023_44_30_7": 0.9875483039931302, "2023_44_30_8": 36.295978245312725, "2023_44_30_9": 11.588187586470113, "2023_44_30_10": 0.004770764753590001, "2023_44_30_12": 0.02862458852154001, "2023_44_30_13": 0.3339535327513001, "2024_2_2": 0.21468441391155005, "2024_2_2_1": 16.917131816230143, "2024_2_3": 0.18128906063642003}