{"2024_32_9_1": 0.014245014245014244, "2024_32_10": 16.217948717948715, "2024_32_20": 0.09259259259259257, "2024_32_20_1": 0.2279202279202279, "2024_33_5": 16.032763532763532, "2024_33_15": 0.4487179487179487, "2024_33_25": 0.19230769230769226, "2024_33_30": 0.014245014245014244, "2024_33_35": 6.267806267806265, "2024_33_40": 0.8048433048433048, "2024_38": 0.007122507122507122, "2024_38_2": 1.5811965811965811, "2024_38_4": 0.17806267806267803, "2024_38_6": 1.759259259259259, "2024_38_7": 4.871794871794871, "2024_39_5": 0.9615384615384615, "2024_39_15": 0.22079772079772078, "2024_44_1": 0.21367521367521367, "2024_44_3": 0.7834757834757832, "2024_44_3_1": 19.97150997150997, "2024_44_4": 0.6267806267806266, "2024_44_25_2": 13.411680911680909, "2024_44_25_3": 0.44159544159544156, "2024_44_25_4": 0.6695156695156693, "2024_45_25_5": 3.53988603988604, "2024_45_25_6": 0.8119658119658119, "2024_45_25_10": 0.29914529914529914, "2024_45_25_15": 0.07122507122507121, "2024_45_32": 4.97150997150997, "2024_45_32_1": 4.294871794871794}