{"2023_20_4_1": 0.020822488287350338, "2023_20_7": 0.015616866215512754, "2023_20_9": 0.03643935450286309, "2023_26_7": 0.010411244143675169, "2023_26_8": 0.07287870900572618, "2023_26_9": 0.06767308693388861, "2023_26_10": 0.0052056220718375845, "2023_26_11": 0.0052056220718375845, "2023_26_12": 0.7600208224882874, "2023_27_6": 0.10411244143675169, "2023_27_7": 19.27121290994274, "2023_27_12": 8.532014575741801, "2023_32_4": 0.1405517959396148, "2023_32_6": 0.10931806350858927, "2023_32_7": 0.21863612701717855, "2023_32_9": 1.967725143154607, "2023_38_1": 0.0052056220718375845, "2023_38_4": 0.010411244143675169, "2023_38_6": 11.832378969286829, "2023_38_8": 0.32274856845393024, "2023_38_9": 9.16710046850599, "2023_38_9_1": 0.19260801665799065, "2023_44_1": 47.12129099427382, "2023_44_25": 0.0052056220718375845, "2023_44_25_1": 0.0052056220718375845}