{"2023_38_6": 0.013569441617477442, "2023_38_9": 0.02035416242621616, "2023_44_1": 0.027138883234954884, "2023_44_30_5_1": 0.013569441617477442, "2023_44_30_8": 0.6920415224913495, "2023_44_30_9": 0.04749304566117105, "2023_44_30_13": 0.02035416242621616, "2023_44_30_14": 3.134541013637289, "2023_44_30_16": 0.02035416242621616, "2023_44_30_20": 0.02035416242621616, "2023_44_30_25": 2.4832078159983717, "2023_44_30_30": 0.4613610149942331, "2024_2_2_1": 0.02035416242621616, "2024_2_3": 0.027138883234954884, "2024_2_6": 0.07463192889612592, "2024_2_7": 13.725490196078432, "2024_2_7_1": 0.006784720808738721, "2024_2_8": 0.9566456340321599, "2024_2_12": 0.0339236040436936, "2024_2_13": 0.07463192889612592, "2024_3_6": 1.6893954813759413, "2024_3_10": 13.813691566592034, "2024_3_15": 27.11852907252867, "2024_3_20": 0.02035416242621616, "2024_8_3": 0.10177081213108084, "2024_8_4": 2.537485582468282, "2024_8_7": 8.799782888934121, "2024_8_8": 0.1356944161747744, "2024_8_9": 23.65153673926318, "2024_8_12": 0.2578193907320714}