{"2023_7_26": 0.03089518807445741, "2023_7_30": 6.283308874642775, "2023_12_1_1": 0.03089518807445741, "2023_12_5": 0.065652274658222, "2023_12_9": 0.06179037614891482, "2023_12_9_1": 0.019309492546535884, "2023_12_10": 0.07723797018614353, "2023_12_11": 0.065652274658222, "2023_20_4_1": 0.10040936124198659, "2023_20_7": 0.0810998686954507, "2023_20_8": 0.14289024484436552, "2023_20_9": 3.074071213408512, "2023_26_1": 0.1815092299374373, "2023_26_3": 0.01158569552792153, "2023_26_6": 0.057928477639607644, "2023_26_7": 2.3557580906773774, "2023_26_8": 4.6960685873175265, "2023_26_9": 6.5111608866919, "2023_26_10": 0.6835560361473701, "2023_26_11": 0.4479802270796324, "2023_26_12": 0.6719703406194486, "2023_27_6": 19.545068355603618, "2023_32_1": 0.4865992121727042, "2023_32_4": 4.707654282845448, "2023_32_6": 18.21271336989264, "2023_32_7": 31.393372982158034, "2023_38": 0.003861898509307176}