{"2023_38_6": 6.453136810279668, "2023_38_8": 0.1558956916099773, "2023_38_9": 3.3446712018140587, "2023_38_9_1": 0.18896447467876037, "2023_44_1": 14.64002267573696, "2023_44_9_1": 0.00472411186696901, "2023_44_9_2": 0.00944822373393802, "2023_44_25": 0.00472411186696901, "2023_44_30_1": 0.18896447467876037, "2023_44_30_2": 0.47713529856386994, "2023_44_30_3": 0.00944822373393802, "2023_44_30_4": 0.3117913832199546, "2023_44_30_5_1": 5.517762660619804, "2023_44_30_6": 1.1148904006046862, "2023_44_30_7": 0.9164777021919878, "2023_44_30_8": 34.97732426303855, "2023_44_30_9": 11.45124716553288, "2023_44_30_10": 0.00472411186696901, "2023_44_30_12": 0.023620559334845047, "2023_44_30_13": 0.3448601662887377, "2023_44_30_15": 0.00472411186696901, "2024_2_2": 0.15117157974300832, "2024_2_2_1": 16.775321239606953, "2024_2_3": 2.9289493575207857}