{"2024_26_3_1": 1.1356281259193879, "2024_26_4": 0.0176522506619594, "2024_26_6": 0.5766401882906738, "2024_26_7": 7.625772285966459, "2024_26_8": 5.754633715798764, "2024_26_10": 1.5239776404824945, "2024_26_11": 0.24713150926743158, "2024_26_20": 1.36510738452486, "2024_27_5": 0.26478375992939096, "2024_27_10": 0.8061194468961457, "2024_27_25": 3.8305383936451896, "2024_32": 0.029420417769932324, "2024_32_3": 6.254780817887613, "2024_32_4_1": 0.31774051191526914, "2024_32_4_2": 0.023536334215945864, "2024_32_5_3": 0.0176522506619594, "2024_32_5_4": 0.029420417769932324, "2024_32_6": 3.4421888790820825, "2024_32_7": 15.857605177993525, "2024_32_9": 0.10002942041776991, "2024_32_9_1": 0.005884083553986466, "2024_32_10": 38.84671962341864, "2024_32_20": 0.13533392174168873, "2024_32_20_1": 0.4177699323330391, "2024_33_5": 0.04118858487790526, "2024_33_15": 0.7590467784642541, "2024_33_25": 0.7531626949102677, "2024_38": 0.005884083553986466, "2024_38_2": 8.814357163871726, "2024_38_4": 1.0002942041776992}