{"2024_8_4": 0.01334311828674361, "2024_8_7": 0.06671559143371807, "2024_8_9": 0.20014677430115418, "2024_14_3": 0.020014677430115414, "2024_14_6": 0.16678897858429514, "2024_14_7": 0.060044032290346244, "2024_14_8": 0.25351924744812865, "2024_14_9": 12.268997264660749, "2024_14_11": 0.006671559143371805, "2024_15_15": 4.8035225832277, "2024_20_1": 1.9347521515778237, "2024_20_3": 1.2475815598105278, "2024_20_6": 0.16678897858429514, "2024_20_6_1": 0.01334311828674361, "2024_20_6_2": 1.7946494095670156, "2024_20_7": 9.373540596437387, "2024_20_8": 0.06671559143371807, "2024_20_9": 26.699579691773966, "2024_20_9_1": 0.020014677430115414, "2024_20_10": 0.30689172059510306, "2024_20_15": 0.5003669357528854, "2024_21_5": 1.4477283341116818, "2024_26_1": 0.04002935486023083, "2024_26_3_1": 4.723463873507238, "2024_26_4": 0.020014677430115414, "2024_26_6": 4.036293281739942, "2024_26_7": 25.151777970511706, "2024_26_10": 4.5967042497831745}