{"2024_27_25": 2.848101265822784, "2024_32": 0.030428432327166497, "2024_32_3": 4.996348588120739, "2024_32_4_1": 0.21299902629016548, "2024_32_4_2": 0.024342745861733198, "2024_32_5_3": 0.018257059396299895, "2024_32_5_4": 0.024342745861733198, "2024_32_6": 2.37950340798442, "2024_32_7": 7.272395326192793, "2024_32_9": 0.03651411879259979, "2024_32_9_1": 0.018257059396299895, "2024_32_10": 15.238558909444983, "2024_32_20": 0.07911392405063289, "2024_32_20_1": 0.20691333982473223, "2024_33_5": 17.435491723466402, "2024_33_15": 0.3955696202531645, "2024_33_25": 0.18865628042843227, "2024_33_30": 0.012171372930866599, "2024_33_35": 7.448880233690359, "2024_33_40": 0.772882181110029, "2024_38": 0.006085686465433299, "2024_38_2": 1.4544790652385586, "2024_38_4": 0.1521421616358325, "2024_38_6": 1.6309639727361245, "2024_38_7": 5.276290165530671, "2024_39_5": 1.1927945472249268, "2024_44_1": 0.21299902629016548, "2024_44_3": 0.8580817916260953, "2024_44_3_1": 21.00778967867575, "2024_44_4": 0.182570593962999, "2024_44_25_2": 8.386075949367086}