{"2024_8_9": 0.15655285522588339, "2024_8_12": 0.014909795735798417, "2024_14_3": 0.022364693603697625, "2024_14_6": 0.10436857015058891, "2024_14_7": 0.03727448933949605, "2024_14_8": 0.11182346801848814, "2024_14_9": 3.4143432234978377, "2024_14_11": 0.0074548978678992085, "2024_15_15": 4.1374683166840605, "2024_20_1": 0.7827642761294171, "2024_20_3": 0.26837632324437155, "2024_20_6": 0.0074548978678992085, "2024_20_6_2": 0.1640077530937826, "2024_20_7": 3.213060981064559, "2024_20_8": 0.022364693603697625, "2024_20_9": 11.003429253019233, "2024_20_9_1": 0.022364693603697625, "2024_20_10": 0.12673326375428656, "2024_20_15": 0.4622036678097509, "2024_21_5": 0.75294468465782, "2024_26_1": 0.014909795735798417, "2024_26_3_1": 3.5708960787237216, "2024_26_4": 0.022364693603697625, "2024_26_6": 1.6549873266736241, "2024_26_7": 46.839123304010734, "2024_26_8": 10.981064559415536, "2024_26_10": 7.4325331742955125, "2024_26_11": 0.6858506038467274, "2024_26_20": 3.846727299835992, "2024_32": 0.11927836588638734}