{"2023_12_9": 0.049639161480010685, "2023_12_9_1": 0.0114551911107717, "2023_12_10": 0.05727595555385849, "2023_12_11": 0.053457558516934595, "2023_20_4_1": 0.0840047348123258, "2023_20_7": 0.0610943525907824, "2023_20_8": 0.11073351407079308, "2023_20_9": 2.7645194547329033, "2023_26_1": 0.16037267555080378, "2023_26_3": 0.0114551911107717, "2023_26_6": 0.053457558516934595, "2023_26_7": 1.9512008858681131, "2023_26_8": 3.6198403910038564, "2023_26_9": 4.5820764443086786, "2023_26_10": 0.2825613807323686, "2023_26_11": 0.2443774103631296, "2023_26_12": 0.8056817747909428, "2023_27_6": 5.315208675398068, "2023_27_7": 17.465348046889915, "2023_32_1": 0.3512925273969988, "2023_32_4": 2.9134369391729353, "2023_32_6": 13.52094390774753, "2023_32_7": 20.58116002901982, "2023_32_9": 22.5438161059987, "2023_38_1": 0.3856581007293139, "2023_38_4": 2.019932032532743}