{"2023_38_6": 0.01471020888496617, "2023_38_9": 0.02942041776993234, "2023_44_1": 0.05148573109738159, "2023_44_30_5_1": 0.02942041776993234, "2023_44_30_6": 0.01471020888496617, "2023_44_30_8": 0.8973227419829364, "2023_44_30_9": 0.04413062665489851, "2023_44_30_13": 0.022065313327449255, "2023_44_30_14": 3.692262430126508, "2023_44_30_16": 0.022065313327449255, "2023_44_30_20": 0.022065313327449255, "2023_44_30_25": 3.545160341276847, "2023_44_30_30": 0.47808178876140045, "2024_2_2_1": 0.007355104442483085, "2024_2_3": 0.036775522212415424, "2024_2_6": 0.06619593998234775, "2024_2_7": 18.380406001765227, "2024_2_7_1": 0.007355104442483085, "2024_2_8": 1.2797881729920566, "2024_2_12": 0.04413062665489851, "2024_2_13": 0.1323918799646955, "2024_3_6": 3.1259193880553107, "2024_3_10": 33.61282730214769, "2024_3_15": 1.5887025595763462, "2024_8_3": 0.12503677552221243, "2024_8_4": 3.464254192409532, "2024_8_7": 17.00500147102089, "2024_8_8": 0.19858781994704328, "2024_8_9": 11.959399823477494, "2024_8_12": 0.10297146219476318}