{"2022_44_25_2": 0.014587892049598832, "2022_44_25_3": 0.15560418186238756, "2022_44_25_5": 0.06807682956479456, "2022_44_30": 0.17019207391198637, "2022_44_30_2": 0.024313153415998056, "2022_44_30_5": 0.15560418186238756, "2022_44_30_10": 1.1232676878191101, "2022_45_11": 0.03890104546559689, "2022_45_12": 0.7634330172623388, "2022_45_13": 1.2642839776318988, "2022_45_14": 0.024313153415998056, "2022_45_15": 28.485290542183318, "2023_2_0_5": 0.024313153415998056, "2023_2_10": 0.37928519328956967, "2023_2_11": 0.014587892049598832, "2023_2_12": 6.919523462193046, "2023_2_13": 0.019450522732798445, "2023_2_201": 0.004862630683199611, "2023_2_301": 0.0437636761487965, "2023_6_1": 0.03403841478239728, "2023_6_8": 6.681254558716265, "2023_6_9": 1.0308777048383173, "2023_6_11": 4.775103330902017, "2023_6_11_2": 0.03890104546559689, "2023_6_15": 0.004862630683199611, "2023_12_1": 3.7588135181132993, "2023_12_1_1": 24.9647459275468, "2023_12_5": 19.017748601993677}