{"2023_2_12": 0.24062650391564952, "2023_6_8": 0.056875355470971695, "2023_6_11": 0.0700004375027344, "2023_7_5": 0.021875136719604504, "2023_7_10": 3.0187688673054214, "2023_7_15": 1.566259789123682, "2023_7_20": 23.82639891499322, "2023_7_25": 0.0043750273439209, "2023_7_26": 0.2887518046987794, "2023_12_1": 0.0087500546878418, "2023_12_1_1": 0.0656254101588135, "2023_12_5": 2.0737629610185064, "2023_12_5_4": 0.24937655860349134, "2023_12_8": 0.0043750273439209, "2023_12_9": 3.6750229688935563, "2023_12_9_1": 0.8706304414402591, "2023_12_10": 0.5293783086144289, "2023_12_11": 2.0387627422671395, "2023_20_4_1": 7.1750448440302765, "2023_20_6": 0.1268757929737061, "2023_20_7": 6.081288008050052, "2023_20_8": 4.0425252657829125, "2023_20_9": 37.89211182569892, "2023_26_1": 5.936912105700661, "2023_26_3": 0.1356258476615479}