{"2024_27_25": 2.7983040581465777, "2024_32": 0.030284675953967288, "2024_32_3": 4.966686856450635, "2024_32_4_1": 0.21199273167777097, "2024_32_4_2": 0.024227740763173827, "2024_32_5_3": 0.018170805572380374, "2024_32_5_4": 0.024227740763173827, "2024_32_6": 2.3500908540278616, "2024_32_7": 7.1471835251362785, "2024_32_9": 0.03634161114476075, "2024_32_9_1": 0.012113870381586914, "2024_32_10": 14.603270745003025, "2024_32_20": 0.07874015748031493, "2024_32_20_1": 0.20593579648697757, "2024_33_5": 15.045427013930949, "2024_33_15": 0.39370078740157477, "2024_33_25": 0.17565112053301027, "2024_33_30": 0.012113870381586914, "2024_33_35": 6.420351302241066, "2024_33_40": 1.550575408843125, "2024_38": 0.006056935190793457, "2024_38_2": 1.4294367050272558, "2024_38_4": 0.1514233797698364, "2024_38_6": 1.5990308903694728, "2024_38_7": 5.015142337976982, "2024_39_5": 1.1992731677771045, "2024_44_1": 0.1998788612961841, "2024_44_3": 0.7328891580860084, "2024_44_3_1": 18.703815869170196, "2024_44_4": 0.35735917625681396, "2024_44_25_2": 14.500302846759535}