{"2024_14_3": 0.021891418563922942, "2024_14_6": 0.10945709281961469, "2024_14_7": 0.03648569760653824, "2024_14_8": 0.11675423234092236, "2024_14_9": 3.1158785755983653, "2024_15_15": 4.100992410974898, "2024_20_1": 0.7078225335668419, "2024_20_3": 0.2553998832457677, "2024_20_6": 0.0072971395213076475, "2024_20_6_2": 0.16053706946876825, "2024_20_7": 3.042907180385289, "2024_20_8": 0.021891418563922942, "2024_20_9": 9.865732632807939, "2024_20_9_1": 0.021891418563922942, "2024_20_10": 0.10945709281961469, "2024_20_15": 0.42323409223584363, "2024_21_5": 0.6932282545242265, "2024_26_1": 0.0072971395213076475, "2024_26_3_1": 2.8093987157034443, "2024_26_4": 0.021891418563922942, "2024_26_6": 1.4594279042615295, "2024_26_7": 39.30239346176299, "2024_26_8": 20.030647985989493, "2024_26_10": 6.071220081727963, "2024_26_11": 0.9997081144191476, "2024_26_20": 4.181260945709282, "2024_27_5": 1.598073555166375, "2024_32": 0.13134851138353767, "2024_32_3": 0.5764740221833041}