{"2022_44_25_2": 0.015229972586049346, "2022_44_25_3": 0.19291298608995838, "2022_44_25_5": 0.07107320540156362, "2022_44_30": 0.19291298608995838, "2022_44_30_2": 0.02538328764341558, "2022_44_30_5": 0.18783632856127527, "2022_44_30_10": 1.4113107929739062, "2022_45_10": 0.0050766575286831156, "2022_45_11": 0.040613260229464924, "2022_45_12": 0.9899482180932074, "2022_45_13": 1.5179206010762514, "2022_45_14": 0.03045994517209869, "2022_45_15": 28.09422276373236, "2023_2_0_5": 0.020306630114732462, "2023_2_10": 0.4315158899380648, "2023_2_11": 0.020306630114732462, "2023_2_12": 11.985988425220835, "2023_2_13": 0.020306630114732462, "2023_2_201": 0.0050766575286831156, "2023_2_301": 0.05584323281551426, "2023_6_1": 0.08630317798761296, "2023_6_8": 13.651132094628895, "2023_6_9": 1.1879378617118492, "2023_6_11": 11.163569905574171, "2023_6_11_2": 0.05076657528683116, "2023_6_15": 0.0050766575286831156, "2023_12_1": 11.346329576606763, "2023_12_1_1": 17.194639049649712}