{"2024_32_7": 7.65499368728819, "2024_32_9": 0.03986975878795933, "2024_32_9_1": 0.013289919595986443, "2024_32_10": 15.349857133364338, "2024_32_20": 0.08638447737391186, "2024_32_20_1": 0.2126387135357831, "2024_33_5": 15.303342414778387, "2024_33_15": 0.4186324672735729, "2024_33_25": 0.18605887434381016, "2024_33_30": 0.013289919595986443, "2024_33_35": 5.980463818193899, "2024_33_40": 0.7907502159611933, "2024_38": 0.006644959797993222, "2024_38_2": 1.4884709947504813, "2024_38_4": 0.16612399494983052, "2024_38_6": 1.661239949498305, "2024_38_7": 4.697986577181207, "2024_39_5": 0.9170044521230645, "2024_39_15": 0.2525084723237424, "2024_44_1": 0.20599375373778983, "2024_44_3": 0.7774602963652069, "2024_44_3_1": 18.911555585088706, "2024_44_4": 0.5315967838394576, "2024_44_25_2": 13.356369193966374, "2024_44_25_3": 0.8704897335371119, "2024_44_25_4": 0.511661904445478, "2024_45_25_5": 2.7709482357631727, "2024_45_25_6": 0.5914014220213967, "2024_45_32": 6.232972290517641}