{"2024_3_20": 0.14486874891348442, "2024_3_25": 7.266616445500376, "2024_8_4": 0.040563249695775634, "2024_8_7": 0.19702149852233877, "2024_8_8": 0.011589499913078753, "2024_8_9": 4.386625717100308, "2024_8_12": 0.040563249695775634, "2024_9_5": 0.005794749956539376, "2024_14_3": 0.21440574839195695, "2024_14_5": 0.028973749782696876, "2024_14_6": 1.680477487396419, "2024_14_7": 0.6779857449151069, "2024_14_8": 1.9644202352668485, "2024_14_9": 20.32218809758359, "2024_14_11": 0.08112649939155127, "2024_15_10": 0.005794749956539376, "2024_15_15": 3.957814220316394, "2024_20_1": 6.090282204322884, "2024_20_3": 2.572868980703483, "2024_20_6": 0.3245059975662051, "2024_20_6_1": 0.017384249869618125, "2024_20_6_2": 2.5207162310946285, "2024_20_7": 17.529118618531612, "2024_20_8": 0.12168974908732688, "2024_20_9": 27.049892797125807, "2024_20_9_1": 0.017384249869618125, "2024_20_10": 2.653995480095034, "2024_26_1": 0.07533174943501189}