{"2023_2_10": 0.01834273398450039, "2023_2_12": 0.24762690879075525, "2023_6_8": 0.055028201953501166, "2023_6_11": 0.09629935341862704, "2023_7_5": 0.022928417480625483, "2023_7_10": 3.618104278442701, "2023_7_15": 2.017700738295043, "2023_7_20": 23.510799284633375, "2023_7_25": 0.01834273398450039, "2023_12_1": 0.013757050488375291, "2023_12_1_1": 0.06878525244187646, "2023_12_5": 2.4625120374191773, "2023_12_5_4": 0.3164121612326317, "2023_12_8": 0.004585683496125098, "2023_12_9": 4.278442701884716, "2023_12_9_1": 1.091392672077773, "2023_12_10": 0.609895904984638, "2023_12_11": 2.34786995001605, "2023_20_4_1": 11.821892053010501, "2023_20_6": 0.2155271243178796, "2023_20_7": 16.939514834686108, "2023_20_8": 23.258586692346494, "2023_20_9": 4.026230109597836, "2023_26": 0.004585683496125098, "2023_26_1": 2.934837437520062}