{"2024_26_6": 0.56002800140007, "2024_26_7": 7.262863143157158, "2024_26_8": 5.565278263913196, "2024_26_10": 1.4525726286314316, "2024_26_11": 0.2216777505541944, "2024_26_20": 1.3242328783105821, "2024_27_5": 0.25667950064169875, "2024_27_10": 0.74670400186676, "2024_27_25": 3.511842258779606, "2024_32": 0.029168125072920315, "2024_32_3": 5.921129389802824, "2024_32_4_1": 0.3033485007583713, "2024_32_4_2": 0.02333450005833625, "2024_32_5_3": 0.01750087504375219, "2024_32_5_4": 0.029168125072920315, "2024_32_6": 3.0801540077003846, "2024_32_7": 14.543227161358068, "2024_32_9": 0.05833625014584063, "2024_32_9_1": 0.011667250029168125, "2024_32_10": 38.35608447089021, "2024_32_20": 0.10500525026251313, "2024_32_20_1": 0.35001750087504374, "2024_33_5": 2.5551277563878196, "2024_33_15": 0.9100455022751136, "2024_33_25": 1.032551627581379, "2024_38": 0.0058336250145840625, "2024_38_2": 6.4636565161591415, "2024_38_4": 0.8225411270563528, "2024_38_6": 4.48022401120056}