{"2024_27_5": 0.22125292369934896, "2024_27_10": 0.6890448195208296, "2024_27_25": 3.141791516530755, "2024_32": 0.03160756052847842, "2024_32_3": 5.499715531955245, "2024_32_4_1": 0.240217460016436, "2024_32_4_2": 0.025286048422782738, "2024_32_5_3": 0.018964536317087055, "2024_32_5_4": 0.025286048422782738, "2024_32_6": 2.673999620709275, "2024_32_7": 8.502433782160695, "2024_32_9": 0.044250584739869786, "2024_32_9_1": 0.025286048422782738, "2024_32_10": 20.532271319299582, "2024_32_20": 0.08850116947973957, "2024_32_20_1": 0.2718250205449144, "2024_33_5": 21.189708578291935, "2024_33_15": 0.6321512105695685, "2024_33_25": 0.25918199633352307, "2024_33_30": 0.012643024211391369, "2024_33_35": 8.99551172640496, "2024_38": 0.0063215121056956845, "2024_38_2": 1.883810607497314, "2024_38_4": 0.19596687527656625, "2024_38_6": 2.2188507490991856, "2024_38_7": 10.171312978064357, "2024_39_5": 0.6890448195208296, "2024_44_1": 0.4108982868702194, "2024_44_3": 1.5108413932612685, "2024_44_3_1": 9.792022251722615}