{"2024_14_3": 0.019249278152069296, "2024_14_6": 0.1475777991658646, "2024_14_7": 0.04491498235482836, "2024_14_8": 0.21815848572345203, "2024_14_9": 9.143407122232915, "2024_15_15": 4.517163939685595, "2024_20_1": 1.6554379210779597, "2024_20_3": 1.0587102983638115, "2024_20_6": 0.1347449470644851, "2024_20_6_1": 0.012832852101379532, "2024_20_6_2": 1.5206929740134745, "2024_20_7": 7.500802053256335, "2024_20_8": 0.06416426050689766, "2024_20_9": 17.22810394610202, "2024_20_9_1": 0.03208213025344883, "2024_20_10": 0.2759063201796599, "2024_20_15": 0.42348411934552455, "2024_21_5": 0.7635547000320821, "2024_26_1": 0.03208213025344883, "2024_26_3_1": 3.452037215271094, "2024_26_4": 0.019249278152069296, "2024_26_6": 1.7965992941931346, "2024_26_7": 41.86717998075072, "2024_26_8": 0.8469682386910491, "2024_26_10": 5.8325312800769975, "2024_26_11": 0.07699711260827719, "2024_26_20": 1.315367340391402}