{"2024_26_20": 1.3920658780471866, "2024_27_5": 0.2679563427226979, "2024_27_10": 0.7581203842886087, "2024_27_25": 3.509574537611921, "2024_32": 0.03267760277106072, "2024_32_3": 6.09764067707993, "2024_32_4_1": 0.2810273838311222, "2024_32_4_2": 0.026142082216848574, "2024_32_5_3": 0.019606561662636433, "2024_32_5_4": 0.026142082216848574, "2024_32_6": 3.0063394549375864, "2024_32_7": 11.214953271028039, "2024_32_9": 0.045748643879485004, "2024_32_9_1": 0.1045683288673943, "2024_32_10": 24.54741520162082, "2024_32_20": 0.11110384942160645, "2024_32_20_1": 0.32024050715639507, "2024_33_5": 19.2667145938174, "2024_33_15": 1.1698581792039742, "2024_33_25": 0.4117377949153651, "2024_33_30": 0.026142082216848574, "2024_33_35": 7.600810404548724, "2024_38": 0.006535520554212144, "2024_38_2": 3.1435853865760413, "2024_38_4": 0.28756290438533433, "2024_38_6": 7.62041696621136, "2024_38_7": 8.574602967126333, "2024_44_1": 0.1307104110842429}