{"2024_27_25": 2.870081390367786, "2024_32": 0.03059788262652224, "2024_32_3": 5.067009362952083, "2024_32_4_1": 0.22030475491096013, "2024_32_4_2": 0.024478306101217793, "2024_32_5_3": 0.018358729575913346, "2024_32_5_4": 0.024478306101217793, "2024_32_6": 2.411113150969953, "2024_32_7": 7.355730983415946, "2024_32_9": 0.03671745915182669, "2024_32_9_1": 0.012239153050608896, "2024_32_10": 15.880301083165044, "2024_32_20": 0.07955449482895782, "2024_32_20_1": 0.20806560186035125, "2024_33_5": 18.426044917691694, "2024_33_15": 0.4038920506700936, "2024_33_25": 0.2019460253350468, "2024_33_30": 0.012239153050608896, "2024_33_35": 7.998286518572914, "2024_33_40": 0.5385227342267915, "2024_38": 0.006119576525304448, "2024_38_2": 1.4992962486995898, "2024_38_4": 0.15298941313261122, "2024_38_6": 1.6828835444587231, "2024_38_7": 5.6300104032800915, "2024_39_5": 1.187197845909063, "2024_44_1": 0.2141851783856557, "2024_44_3": 0.9240560553209716, "2024_44_3_1": 25.261611896456763, "2024_44_4": 0.14686983660730676, "2024_44_25_2": 1.474817942598372}