{"2023_38_9_1": 0.12183235867446396, "2023_44_1": 13.460038986354778, "2023_44_25": 0.004873294346978558, "2023_44_30_1": 0.15594541910331386, "2023_44_30_2": 0.43859649122807026, "2023_44_30_3": 0.009746588693957116, "2023_44_30_4": 0.27777777777777785, "2023_44_30_5_1": 4.780701754385966, "2023_44_30_6": 0.9210526315789477, "2023_44_30_7": 0.8187134502923978, "2023_44_30_8": 22.41228070175439, "2023_44_30_9": 5.4142300194931785, "2023_44_30_10": 0.004873294346978558, "2023_44_30_12": 0.014619883040935673, "2023_44_30_13": 0.4044834307992203, "2023_44_30_14": 13.742690058479537, "2023_44_30_16": 0.038986354775828465, "2023_44_30_20": 0.36549707602339193, "2024_2_2": 0.08771929824561406, "2024_2_2_1": 6.442495126705654, "2024_2_3": 1.817738791423002, "2024_2_6": 4.576023391812866, "2024_2_7": 22.19785575048733, "2024_2_8": 1.4912280701754388}