{"2022_44_25_2": 0.01731002250302925, "2022_44_25_3": 0.05193006750908776, "2022_44_25_5": 0.05770007501009752, "2022_44_30": 0.09809012751716578, "2022_44_30_2": 0.01731002250302925, "2022_44_30_5": 0.011540015002019503, "2022_44_30_10": 0.20772027003635105, "2022_45_11": 0.023080030004039007, "2022_45_12": 0.10963014251918526, "2022_45_13": 0.2596503375454388, "2022_45_15": 30.719519935375917, "2023_2_0_5": 0.023080030004039007, "2023_2_10": 0.2019502625353413, "2023_2_11": 0.011540015002019503, "2023_2_12": 1.598292077779701, "2023_2_13": 0.01731002250302925, "2023_2_201": 0.005770007501009752, "2023_2_301": 0.01731002250302925, "2023_6_1": 0.005770007501009752, "2023_6_8": 0.48468063008481915, "2023_6_9": 0.04039005250706826, "2023_6_11": 0.7270209451272287, "2023_6_11_2": 0.005770007501009752, "2023_7_5": 0.8712711326524724, "2023_12_1": 0.6520108476141019, "2023_12_1_1": 4.512145865789625, "2023_12_5": 56.01523281980266, "2023_12_5_3": 0.7212509376262188, "2023_12_8": 0.8539611101494433, "2023_12_9": 1.6617621602908084}