{"2023_26_7": 0.019447685725398678, "2023_26_8": 0.07779074290159471, "2023_26_9": 0.08751458576429404, "2023_26_12": 0.7292882147024503, "2023_27_6": 0.07779074290159471, "2023_27_7": 11.508168028004667, "2023_27_12": 4.696616102683781, "2023_32_4": 0.09723842862699339, "2023_32_6": 0.15071956437183975, "2023_32_7": 0.1847530143912874, "2023_32_9": 1.4050952936600545, "2023_38_1": 0.0048619214313496695, "2023_38_4": 0.014585764294049007, "2023_38_6": 8.8389731621937, "2023_38_8": 0.2187864644107351, "2023_38_9": 5.197394010112796, "2023_38_9_1": 0.4278490859587709, "2023_44_1": 27.362893815635942, "2023_44_25": 0.0048619214313496695, "2023_44_30_1": 1.3467522364838587, "2023_44_30_2": 4.132633216647219, "2023_44_30_3": 0.053481135744846364, "2023_44_30_4": 2.1878646441073513, "2023_44_30_5_1": 25.058343057176195, "2023_44_30_6": 6.116297160637884}