{"2023_6_11": 0.013397642015005356, "2023_7_10": 0.20096463022508038, "2023_7_15": 0.1429081814933905, "2023_7_20": 4.30064308681672, "2023_7_26": 0.07145409074669525, "2023_7_30": 22.901036084315823, "2023_12_1_1": 0.03126116470167917, "2023_12_5": 0.0759199714183637, "2023_12_5_4": 0.008931761343336906, "2023_12_9": 0.07145409074669525, "2023_12_9_1": 0.013397642015005356, "2023_12_10": 0.08038585209003216, "2023_12_11": 0.08931761343336904, "2023_20_4_1": 0.13397642015005357, "2023_20_7": 0.1607717041800643, "2023_20_8": 0.22775991425509112, "2023_20_9": 5.189353340478742, "2023_26_1": 0.3081457663451232, "2023_26_3": 0.013397642015005356, "2023_26_6": 0.12057877813504822, "2023_26_7": 5.787781350482314, "2023_26_8": 14.527509824937477, "2023_26_9": 19.180957484816002, "2023_26_10": 0.9333690603787066, "2023_26_11": 0.8217220435869952, "2023_27_5": 0.008931761343336906, "2023_32_1": 2.6304037156127182, "2023_32_4": 21.954269381922114}