{"2023_6_11": 0.013458346417836794, "2023_7_10": 0.21084742721277644, "2023_7_15": 0.14355569512359245, "2023_7_20": 4.378448701269569, "2023_7_26": 0.07177784756179623, "2023_7_30": 22.834327755596426, "2023_12_1": 0.004486115472612264, "2023_12_1_1": 0.03140280830828585, "2023_12_5": 0.0762639630344085, "2023_12_5_4": 0.008972230945224528, "2023_12_9": 0.07177784756179623, "2023_12_9_1": 0.017944461890449057, "2023_12_10": 0.08075007850702076, "2023_12_11": 0.0897223094522453, "2023_20_4_1": 0.13458346417836795, "2023_20_7": 0.16150015701404152, "2023_20_8": 0.22879188910322548, "2023_20_9": 5.235296756538513, "2023_26_1": 0.3140280830828585, "2023_26_3": 0.013458346417836794, "2023_26_6": 0.12112511776053113, "2023_26_7": 5.90372796195774, "2023_26_8": 14.875958907182268, "2023_26_9": 19.070476874074735, "2023_26_10": 0.9375981337759633, "2023_26_11": 0.829931362433269, "2023_27_5": 0.008972230945224528, "2023_32_1": 2.6019469741151133, "2023_32_4": 21.528868153066256}