{"2024_27_25": 2.8286997693334954, "2024_32": 0.030350855894136212, "2024_32_3": 4.9775403666383395, "2024_32_4_1": 0.2124559912589535, "2024_32_4_2": 0.024280684715308972, "2024_32_5_3": 0.018210513536481728, "2024_32_5_4": 0.024280684715308972, "2024_32_6": 2.3673667597426244, "2024_32_7": 7.217433531625593, "2024_32_9": 0.036421027072963456, "2024_32_9_1": 0.018210513536481728, "2024_32_10": 14.793007162801988, "2024_32_20": 0.07891222532475414, "2024_32_20_1": 0.2063858200801263, "2024_33_5": 15.697462668447251, "2024_33_15": 0.3945611266237708, "2024_33_25": 0.17603496418599004, "2024_33_30": 0.012140342357654486, "2024_33_35": 6.689328639067621, "2024_33_40": 1.3415078305208206, "2024_38": 0.006070171178827243, "2024_38_2": 1.4386305693820567, "2024_38_4": 0.15175427947068107, "2024_38_6": 1.6207357047468736, "2024_38_7": 5.092873619036057, "2024_39_5": 1.1897535510501398, "2024_44_1": 0.2124559912589535, "2024_44_3": 0.7951924244263688, "2024_44_3_1": 19.497389826393103, "2024_44_4": 0.29136821658370765, "2024_44_25_2": 12.559184168993564}