{"2022_40_4": 0.010858942339016181, "2022_40_4_1": 0.08144206754262137, "2022_40_4_2": 0.06515365403409708, "2022_44_2": 0.12487783689868609, "2022_44_25_1": 0.07058312520360518, "2022_44_25_2": 0.1683136062547508, "2022_44_25_3": 0.7329786078835923, "2022_44_25_5": 1.427950917580628, "2022_44_30": 0.5429471169508091, "2022_44_30_1": 0.06515365403409708, "2022_44_30_2": 0.11401889455966989, "2022_44_30_5": 2.1663589966337278, "2022_44_30_10": 22.499728526441526, "2022_45_10": 0.01628841350852427, "2022_45_11": 0.43435769356064724, "2022_45_12": 6.884569442936258, "2023_2_0_5": 0.059724182864589, "2023_2_10": 1.1781952437832557, "2023_2_11": 0.179172548593767, "2023_2_12": 30.269301770007605, "2023_2_13": 0.021717884678032363, "2023_2_201": 0.027147355847540453, "2023_2_301": 0.119448365729178, "2023_6_1": 0.656966011510479, "2023_6_8": 29.096535997393858, "2023_6_9": 2.9862091432294497}