{"2022_44_25_5": 0.07120478496154942, "2022_44_30": 0.1566505269154087, "2022_44_30_2": 0.018987942656413175, "2022_44_30_5": 0.14715655558720214, "2022_44_30_10": 0.9968669894616916, "2022_45_11": 0.03797588531282635, "2022_45_12": 0.7215418209437007, "2022_45_13": 1.1250356023924806, "2022_45_14": 0.02373492832051647, "2022_45_15": 28.624323554542862, "2023_2_0_5": 0.02373492832051647, "2023_2_10": 0.3512769391436438, "2023_2_11": 0.014240956992309884, "2023_2_12": 5.629924997626507, "2023_2_13": 0.018987942656413175, "2023_2_201": 0.004746985664103294, "2023_2_301": 0.04272287097692965, "2023_6_1": 0.03322889964872306, "2023_6_8": 5.606190069305991, "2023_6_9": 0.9873730181334851, "2023_6_11": 4.0349378144878, "2023_6_11_2": 0.02848191398461977, "2023_7_5": 0.004746985664103294, "2023_12_1": 2.36399886072344, "2023_12_1_1": 9.313585872970663, "2023_12_5": 38.925282445647014, "2023_12_8": 0.6930599069590809}