{"2022_45_12": 0.030043563166591562, "2022_45_13": 0.050072605277652595, "2022_45_15": 0.9864303239697562, "2023_2_10": 0.02002904211106104, "2023_2_12": 0.15522507636072305, "2023_2_301": 0.01001452105553052, "2023_6_8": 0.03505082369435682, "2023_6_11": 0.11516699213860097, "2023_7_5": 0.030043563166591562, "2023_7_10": 5.447899454208603, "2023_7_15": 3.1245305693255223, "2023_7_20": 21.2307846377247, "2023_12_1": 0.01001452105553052, "2023_12_1_1": 0.07010164738871363, "2023_12_5": 3.2897701667417762, "2023_12_5_4": 0.38555906063792494, "2023_12_8": 0.00500726052776526, "2023_12_9": 6.093836062290321, "2023_12_9_1": 1.8927444794952681, "2023_12_10": 0.96139402133093, "2023_12_11": 3.9507285564067898, "2023_20_4_1": 43.738420710029544, "2023_20_6": 1.116619097691653, "2023_20_7": 7.245505983676331, "2023_26": 0.00500726052776526}