{"2023_38_9": 3.0567481799514655, "2023_38_9_1": 0.08400224005973492, "2023_44_1": 12.717005786820982, "2023_44_9_2": 0.009333582228859435, "2023_44_25": 0.004666791114429717, "2023_44_30_1": 0.14000373343289155, "2023_44_30_2": 0.41067761806981523, "2023_44_30_3": 0.009333582228859435, "2023_44_30_4": 0.2613403024080642, "2023_44_30_5_1": 4.46145230539481, "2023_44_30_6": 0.8633563561694979, "2023_44_30_7": 0.7746873249953332, "2023_44_30_8": 20.603882770207203, "2023_44_30_9": 4.848795967892477, "2023_44_30_10": 0.004666791114429717, "2023_44_30_12": 0.014000373343289154, "2023_44_30_13": 0.3873436624976666, "2023_44_30_14": 13.73436624976666, "2023_44_30_16": 0.07000186671644577, "2023_44_30_20": 0.36400970692551804, "2024_2_2": 0.0793354489453052, "2024_2_2_1": 5.651484039574388, "2024_2_3": 1.4653724099309315, "2024_2_6": 2.81874183311555, "2024_2_7": 25.280007466865783, "2024_2_8": 1.8853836102296062}