{"2023_12_9": 0.015932023366967606, "2023_12_9_1": 0.015932023366967606, "2023_12_11": 0.010621348911311737, "2023_20_4_1": 0.021242697822623474, "2023_20_7": 0.021242697822623474, "2023_20_9": 0.02655337227827934, "2023_26_1": 0.0053106744556558685, "2023_26_3": 0.0053106744556558685, "2023_26_7": 0.015932023366967606, "2023_26_8": 0.0849707912904939, "2023_26_9": 0.09028146574614976, "2023_26_10": 0.010621348911311737, "2023_26_11": 0.0053106744556558685, "2023_26_12": 0.8868826340945299, "2023_27_6": 0.14869888475836432, "2023_27_7": 28.173127987254382, "2023_27_11": 0.015932023366967606, "2023_31_600": 0.02655337227827934, "2023_32_1": 0.0053106744556558685, "2023_32_4": 0.2389803505045141, "2023_32_6": 0.7010090281465746, "2023_32_7": 1.0302708443972386, "2023_32_9": 7.976633032395116, "2023_38_1": 0.0053106744556558685, "2023_38_4": 0.2177376526818906, "2023_38_6": 37.52522570366437, "2023_38_8": 0.6691449814126395, "2023_38_9": 15.618693574083908, "2023_44_1": 6.431226765799257}