{"2023_2_12": 0.23587004895416108, "2023_6_8": 0.053404539385847785, "2023_6_11": 0.07120605251446373, "2023_7_5": 0.02225189141076991, "2023_7_10": 3.262127280818869, "2023_7_15": 1.7400979083222075, "2023_7_20": 23.60035603026257, "2023_7_25": 0.004450378282153983, "2023_7_26": 0.258121940364931, "2023_12_1": 0.008900756564307966, "2023_12_1_1": 0.07120605251446373, "2023_12_5": 2.1717846016911437, "2023_12_5_4": 0.28037383177570085, "2023_12_8": 0.004450378282153983, "2023_12_9": 3.894080996884734, "2023_12_9_1": 0.9612817089452602, "2023_12_10": 0.5607476635514017, "2023_12_11": 2.1361815754339113, "2023_20_4_1": 7.988429016466399, "2023_20_6": 0.16021361815754337, "2023_20_7": 6.9559412550066755, "2023_20_8": 4.939919893190921, "2023_20_9": 34.79305740987984, "2023_26_1": 5.68758344459279, "2023_26_3": 0.13796172674677346}