{"2024_14_7": 0.03445899379738112, "2024_14_8": 0.12405237767057205, "2024_14_9": 2.5982081323225366, "2024_15_15": 3.914541695382496, "2024_20_1": 0.6409372846312889, "2024_20_3": 0.21364576154376297, "2024_20_6": 0.006891798759476224, "2024_20_6_2": 0.14472777394900072, "2024_20_7": 2.5913163335630607, "2024_20_8": 0.020675396278428675, "2024_20_9": 8.401102687801517, "2024_20_9_1": 0.006891798759476224, "2024_20_10": 0.10337698139214338, "2024_20_15": 0.3859407305306686, "2024_21_5": 0.5926946933149554, "2024_26_1": 0.006891798759476224, "2024_26_3_1": 2.2053756030323917, "2024_26_4": 0.020675396278428675, "2024_26_6": 1.1578221915920057, "2024_26_7": 26.946933149552038, "2024_26_8": 23.445899379738115, "2024_26_10": 5.920055134390077, "2024_26_11": 1.1026878015161958, "2024_26_20": 4.576154376292214, "2024_27_5": 1.9228118538938668, "2024_27_10": 0.020675396278428675, "2024_32": 0.08959338387319091, "2024_32_3": 12.804962095106829}