{"2023_44_30_8": 0.07915377419586961, "2023_44_30_9": 0.02158739296250989, "2023_44_30_13": 0.014391595308339928, "2023_44_30_14": 0.5180974311002373, "2023_44_30_25": 0.1007411671583795, "2023_44_30_30": 0.17269914370007913, "2024_2_6": 0.028783190616679857, "2024_2_7": 0.4677268475210477, "2024_2_8": 0.007195797654169964, "2024_2_12": 0.007195797654169964, "2024_2_13": 0.007195797654169964, "2024_3_6": 0.201482334316759, "2024_3_10": 0.7771461466503561, "2024_3_15": 4.439807152622867, "2024_3_20": 0.39576887097934793, "2024_3_25": 35.209037921853636, "2024_8_4": 0.07195797654169964, "2024_8_7": 0.2734403108584586, "2024_8_8": 0.014391595308339928, "2024_8_9": 10.261207454846367, "2024_8_12": 0.06476217888752966, "2024_9_5": 0.014391595308339928, "2024_14_3": 0.5900554076419371, "2024_14_5": 0.05037058357918975, "2024_14_6": 7.354105202561703, "2024_14_7": 3.763402173130891, "2024_14_8": 23.803698639994245, "2024_14_9": 10.793696481254946, "2024_14_11": 0.49651003813772754}