{"2024_26_3_1": 1.131632952213427, "2024_26_4": 0.01759014951627089, "2024_26_6": 0.5746115508648488, "2024_26_7": 7.54617414248021, "2024_26_8": 5.728525359132218, "2024_26_10": 1.4892993257109348, "2024_26_11": 0.24039871005570207, "2024_26_20": 1.348578129580768, "2024_27_5": 0.26385224274406327, "2024_27_10": 0.7915567282321897, "2024_27_25": 3.7232483142773374, "2024_32": 0.029316915860451473, "2024_32_3": 6.209322779243623, "2024_32_4_1": 0.31662269129287596, "2024_32_4_2": 0.023453532688361183, "2024_32_5_3": 0.01759014951627089, "2024_32_5_4": 0.029316915860451473, "2024_32_6": 3.389035473468191, "2024_32_7": 15.836997947815886, "2024_32_9": 0.09967751392553502, "2024_32_9_1": 0.011726766344180592, "2024_32_10": 39.114629141014355, "2024_32_20": 0.1231310466138962, "2024_32_20_1": 0.40457343887423025, "2024_33_5": 0.041043682204632066, "2024_33_15": 0.7915567282321897, "2024_33_25": 0.8912342421577247, "2024_38": 0.005863383172090296, "2024_38_2": 8.619173262972735, "2024_38_4": 1.19026678393433}