{"2023_26_12": 0.290065264684554, "2023_32_6": 0.016114736926919664, "2023_38_9": 0.016114736926919664, "2023_44_1": 0.016114736926919664, "2023_44_30_8": 0.08863105309805816, "2023_44_30_9": 0.016114736926919664, "2023_44_30_13": 0.016114736926919664, "2023_44_30_14": 0.676818950930626, "2023_44_30_20": 0.008057368463459832, "2023_44_30_25": 0.06445894770767865, "2023_44_30_30": 0.18531947465957616, "2024_2_6": 0.0241721053903795, "2024_2_7": 0.6365321086133269, "2024_2_8": 0.0241721053903795, "2024_2_12": 0.008057368463459832, "2024_3_6": 0.33035210700185313, "2024_3_10": 1.1441463218112962, "2024_3_15": 6.510353718475545, "2024_3_20": 0.6929336878575456, "2024_3_25": 40.27878494883571, "2024_8_4": 0.1289178954153573, "2024_8_7": 0.4270405285633711, "2024_8_8": 0.016114736926919664, "2024_8_9": 23.64837644025461, "2024_8_12": 0.08057368463459834, "2024_9_5": 0.008057368463459832, "2024_14_3": 1.5873015873015868, "2024_14_5": 0.08057368463459834, "2024_14_6": 17.766497461928935, "2024_14_7": 5.213117395858513}