{"2023_27_7": 0.017220595832615808, "2023_32_7": 0.017220595832615808, "2023_32_9": 0.034441191665231616, "2023_38_9": 0.051661787497847424, "2023_44_1": 0.043051489581539516, "2023_44_30_5_1": 0.025830893748923712, "2023_44_30_6": 0.017220595832615808, "2023_44_30_8": 1.8339934561735833, "2023_44_30_9": 0.043051489581539516, "2023_44_30_13": 0.051661787497847424, "2023_44_30_14": 6.750473566385397, "2023_44_30_16": 0.025830893748923712, "2023_44_30_20": 0.060272085414155324, "2023_44_30_25": 19.485104184604786, "2023_44_30_30": 1.0246254520406406, "2024_2_2_1": 0.034441191665231616, "2024_2_3": 0.017220595832615808, "2024_2_6": 0.06888238333046323, "2024_2_7": 45.56569657310142, "2024_2_7_1": 0.008610297916307904, "2024_2_8": 3.5991045290167034, "2024_2_12": 0.13776476666092646, "2024_2_13": 0.5080075770621663, "2024_3_5": 0.008610297916307904, "2024_3_6": 0.5166178749784742, "2024_8_3": 0.3960737041501635, "2024_8_4": 12.286895126571379, "2024_8_7": 7.370415016359566}