{"2024_2_8": 0.014574072724622897, "2024_3_6": 0.014574072724622897, "2024_3_10": 0.06558332726080301, "2024_3_15": 0.1093055454346717, "2024_3_25": 0.925453618013554, "2024_8_7": 0.05829629089849159, "2024_8_9": 0.21132405450703198, "2024_14_3": 0.007287036362311448, "2024_14_5": 0.007287036362311448, "2024_14_6": 0.17488887269547473, "2024_14_7": 0.036435181811557235, "2024_14_8": 0.28419441813014645, "2024_14_9": 16.01690592436056, "2024_14_11": 0.007287036362311448, "2024_15_15": 4.867740290024046, "2024_20_1": 2.397434963200466, "2024_20_3": 1.5885739269838957, "2024_20_6": 0.23318516359396635, "2024_20_6_1": 0.014574072724622897, "2024_20_6_2": 2.4120090359250894, "2024_20_7": 17.379581724112803, "2024_20_8": 0.12387961815929462, "2024_20_9": 36.71208919332508, "2024_20_9_1": 0.021861109086934342, "2024_20_10": 0.5683888362602929, "2024_20_15": 1.9747868541864024, "2024_21_5": 3.2937404357647733, "2024_26_1": 0.06558332726080301, "2024_26_3_1": 10.413174961743058}