{"2024_20_10": 0.056197315017171394, "2024_20_15": 0.28098657508585695, "2024_21_5": 0.39338120512019975, "2024_26_3_1": 1.3549797065251326, "2024_26_4": 0.018732438339057134, "2024_26_6": 0.6931002185451139, "2024_26_7": 9.303777708398375, "2024_26_8": 6.949734623790197, "2024_26_10": 2.010615048392132, "2024_26_11": 0.28098657508585695, "2024_26_20": 1.6297221354979705, "2024_27_5": 0.33718389010302835, "2024_27_10": 1.3300031220730564, "2024_27_25": 5.807055885107711, "2024_32": 0.03122073056509522, "2024_32_3": 8.729316266000623, "2024_32_4_1": 0.43709022791133306, "2024_32_4_2": 0.03746487667811427, "2024_32_5_3": 0.024976584452076175, "2024_32_5_4": 0.06868560724320949, "2024_32_6": 5.875741492350921, "2024_32_7": 30.933499843896346, "2024_32_10": 22.247892600686857, "2024_32_20": 0.21230096784264751, "2024_32_20_1": 0.9366219169528565, "2024_38": 0.018732438339057134}