{"2022_45_13": 0.037205841317086784, "2022_45_15": 0.7162124453539206, "2023_2_10": 0.013952190493907545, "2023_2_12": 0.18602920658543393, "2023_6_8": 0.04185657148172263, "2023_6_9": 0.004650730164635848, "2023_6_11": 0.08371314296344526, "2023_7_5": 0.02325365082317924, "2023_7_10": 3.934517719281928, "2023_7_15": 2.199795367872756, "2023_7_20": 23.044367965770626, "2023_7_25": 0.018602920658543392, "2023_12_1": 0.009301460329271696, "2023_12_1_1": 0.06511022230490188, "2023_12_5": 2.5113942889033583, "2023_12_5_4": 0.33485257185378103, "2023_12_8": 0.004650730164635848, "2023_12_9": 4.497256069202865, "2023_12_9_1": 1.2184913031345923, "2023_12_10": 0.6557529532136547, "2023_12_11": 2.7020742256534276, "2023_20_4_1": 14.412612780206494, "2023_20_6": 0.2929960003720584, "2023_20_7": 24.783741047344435, "2023_20_8": 18.20295786438471, "2023_26": 0.004650730164635848}