{"2023_12_11": 0.05077246681656632, "2023_20_4_1": 0.06890549067962572, "2023_20_7": 0.061652281134401965, "2023_20_8": 0.09791832886052076, "2023_20_9": 2.458838035830855, "2023_26_1": 0.13781098135925143, "2023_26_3": 0.01087981431783564, "2023_26_6": 0.04714586204395444, "2023_26_7": 1.63922535722057, "2023_26_8": 2.9520562849060705, "2023_26_9": 3.8115616160150863, "2023_26_10": 0.21759628635671285, "2023_26_11": 0.19583665772104153, "2023_26_12": 0.844998912018568, "2023_27_6": 2.763472836730253, "2023_27_7": 20.711539856386448, "2023_31_600": 0.06890549067962572, "2023_32_1": 0.28650177703633856, "2023_32_4": 2.067164720388772, "2023_32_6": 7.64125625589323, "2023_32_7": 8.08370203815188, "2023_32_9": 13.001378109813592, "2023_38_1": 0.04351925727134256, "2023_38_4": 1.1387538986001302, "2023_38_6": 31.471676216725896, "2023_38_8": 0.1269311670414158}