{"2024_20_15": 0.2778978570987464, "2024_21_5": 0.38288149200271726, "2024_26_3_1": 1.3153831902673996, "2024_26_4": 0.01852652380658309, "2024_26_6": 0.6669548570369913, "2024_26_7": 8.935959982708578, "2024_26_8": 6.663373062434386, "2024_26_10": 1.932933983820169, "2024_26_11": 0.2778978570987464, "2024_26_20": 1.5747545235595628, "2024_27_5": 0.3211264126474403, "2024_27_10": 1.2351015871055395, "2024_27_25": 5.168900142036683, "2024_32": 0.030877539677638493, "2024_32_3": 7.904650157475454, "2024_32_4_1": 0.4199345396158834, "2024_32_4_2": 0.030877539677638493, "2024_32_5_3": 0.02470203174211079, "2024_32_5_4": 0.03705304761316618, "2024_32_6": 4.977459396035324, "2024_32_7": 32.71166553449021, "2024_32_9": 0.5249181745198543, "2024_32_10": 23.28166491693942, "2024_32_20": 0.18526523806583092, "2024_32_20_1": 1.0127833014265424, "2024_38": 0.01852652380658309, "2024_38_2": 0.06793058729080467}