{"2022_36_6": 0.15857780745315694, "2022_36_20": 0.23786671117973546, "2022_40_4": 0.02503860117681425, "2022_40_4_1": 0.11684680549179985, "2022_40_4_2": 0.129366106080207, "2022_40_4_10": 0.02503860117681425, "2022_44_2": 0.17944330843383552, "2022_44_2_8": 0.004173100196135709, "2022_44_25_1": 0.6343112298126278, "2022_44_25_2": 1.4939698702165838, "2022_44_25_3": 5.571088761841172, "2022_44_25_5": 3.021324542002253, "2022_44_30": 3.9602720861327887, "2022_44_30_1": 0.4548679213787923, "2022_44_30_2": 0.0876351041188499, "2022_44_30_5": 4.711430121437216, "2022_44_30_8": 0.016692400784542837, "2022_44_30_10": 23.373534198556108, "2022_45_10": 0.020865500980678547, "2022_45_11": 1.189333555898677, "2023_2_0_5": 0.5717147268705922, "2023_2_10": 5.291491048700079, "2023_2_11": 0.7720235362851062, "2023_2_12": 44.31832408296123, "2023_2_13": 0.012519300588407126, "2023_2_201": 0.0500772023536285, "2023_6_1": 1.4981429704127196, "2023_6_8": 2.0740307974794474}