{"2023_32_9": 0.030978934324659233, "2023_38_9": 0.038723667905824044, "2023_44_1": 0.04646840148698886, "2023_44_30_5_1": 0.02323420074349443, "2023_44_30_6": 0.015489467162329617, "2023_44_30_8": 1.0145600991325898, "2023_44_30_9": 0.05421313506815366, "2023_44_30_13": 0.02323420074349443, "2023_44_30_14": 4.143432465923174, "2023_44_30_16": 0.02323420074349443, "2023_44_30_20": 0.02323420074349443, "2023_44_30_25": 4.8946716232961585, "2023_44_30_30": 0.5188971499380423, "2024_2_2_1": 0.015489467162329617, "2024_2_3": 0.030978934324659233, "2024_2_6": 0.04646840148698886, "2024_2_7": 23.39684014869889, "2024_2_7_1": 0.007744733581164808, "2024_2_8": 1.657372986369269, "2024_2_12": 0.05421313506815366, "2024_2_13": 0.18587360594795543, "2024_3_6": 3.810408921933086, "2024_3_10": 29.670074349442384, "2024_8_3": 0.162639405204461, "2024_8_4": 4.7630111524163565, "2024_8_7": 25.18587360594796, "2024_8_8": 0.162639405204461}