{"2022_44_25_2": 0.017541807975675356, "2022_44_25_3": 0.05262542392702608, "2022_44_25_5": 0.05847269325225119, "2022_44_30": 0.10525084785405216, "2022_44_30_2": 0.017541807975675356, "2022_44_30_5": 0.011694538650450241, "2022_44_30_10": 0.2105016957081043, "2022_45_11": 0.023389077300900483, "2022_45_12": 0.1110981171792773, "2022_45_13": 0.26312711963513036, "2022_45_15": 30.81510934393638, "2023_2_0_5": 0.023389077300900483, "2023_2_10": 0.20465442638287917, "2023_2_11": 0.011694538650450241, "2023_2_12": 1.6430826803882586, "2023_2_13": 0.017541807975675356, "2023_2_201": 0.005847269325225121, "2023_2_301": 0.017541807975675356, "2023_6_1": 0.005847269325225121, "2023_6_8": 0.5087124312945855, "2023_6_9": 0.040930885276575846, "2023_6_11": 0.7367559349783651, "2023_6_11_2": 0.017541807975675356, "2023_7_5": 0.7659922816044907, "2023_12_1": 0.6958250497017893, "2023_12_1_1": 4.788913577359373, "2023_12_5": 57.04011226757104, "2023_12_5_3": 0.7133668576774647, "2023_12_8": 1.075897555841422}