{"2022_45_12": 0.029818109531855683, "2022_45_13": 0.049696849219759476, "2022_45_15": 0.9492098200974057, "2023_2_10": 0.01987873968790379, "2023_2_12": 0.14412086273730246, "2023_2_301": 0.009939369843951894, "2023_6_8": 0.03478779445383163, "2023_6_11": 0.094424013517543, "2023_7_5": 0.029818109531855683, "2023_7_10": 5.2479872776066, "2023_7_15": 2.99175032302952, "2023_7_20": 21.523705397077826, "2023_12_1": 0.009939369843951894, "2023_12_1_1": 0.054666534141735425, "2023_12_5": 3.1557499254547268, "2023_12_5_4": 0.38763542391412387, "2023_12_8": 0.004969684921975947, "2023_12_9": 5.809561673789882, "2023_12_9_1": 1.7294503528476297, "2023_12_10": 0.8846039161117187, "2023_12_11": 3.8813239240632145, "2023_20_4_1": 36.805486532153864, "2023_20_6": 1.123148792366564, "2023_20_7": 15.023357519133288, "2023_26": 0.004969684921975947}