{"2024_21_5": 0.3448693126815101, "2024_26_3_1": 1.2524201355275897, "2024_26_4": 0.01815101645692159, "2024_26_6": 0.6292352371732816, "2024_26_7": 8.391819941916747, "2024_26_8": 6.207647628267182, "2024_26_10": 1.7122458857696028, "2024_26_11": 0.26016456921587605, "2024_26_20": 1.4823330106485963, "2024_27_5": 0.27226524685382375, "2024_27_10": 0.9438528557599225, "2024_27_25": 4.404646660212971, "2024_32": 0.03025169409486931, "2024_32_3": 7.054695062923523, "2024_32_4_1": 0.3690706679574055, "2024_32_4_2": 0.03025169409486931, "2024_32_5_3": 0.02420135527589545, "2024_32_5_4": 0.03025169409486931, "2024_32_6": 4.1807841239109385, "2024_32_7": 24.22555663117134, "2024_32_9": 0.4961277831558567, "2024_32_10": 35.52758954501452, "2024_32_20": 0.1573088092933204, "2024_32_20_1": 1.1011616650532428, "2024_33_15": 0.012100677637947725, "2024_38": 0.012100677637947725, "2024_38_2": 0.828896418199419}