{"2024_27_25": 2.8608027327070884, "2024_32": 0.030498963035256798, "2024_32_3": 5.014029522996219, "2024_32_4_1": 0.2134927412467976, "2024_32_4_2": 0.02439917042820544, "2024_32_5_3": 0.018299377821154077, "2024_32_5_4": 0.02439917042820544, "2024_32_6": 2.3911187019641336, "2024_32_7": 7.30755154324753, "2024_32_9": 0.036598755642308155, "2024_32_9_1": 0.01219958521410272, "2024_32_10": 15.499573014517507, "2024_32_20": 0.07929730389166768, "2024_32_20_1": 0.20739294863974628, "2024_33_5": 17.76259607173356, "2024_33_15": 0.3964865194583384, "2024_33_25": 0.18909357081859215, "2024_33_30": 0.01219958521410272, "2024_33_35": 7.600341588385994, "2024_33_40": 0.7380749054532146, "2024_38": 0.00609979260705136, "2024_38_2": 1.4761498109064293, "2024_38_4": 0.152494815176284, "2024_38_6": 1.6591435891179702, "2024_38_7": 5.434915212882762, "2024_39_5": 1.1955593509820668, "2024_44_1": 0.2134927412467976, "2024_44_3": 0.8844699280224472, "2024_44_3_1": 22.77052580212273, "2024_44_4": 0.17079419299743812, "2024_44_25_2": 5.617908991094303}