{"2023_7_26": 0.03521677883862889, "2023_7_30": 8.037251526060416, "2023_12_1_1": 0.03130380341211458, "2023_12_5": 0.06260760682422915, "2023_12_9": 0.06260760682422915, "2023_12_9_1": 0.019564877132571608, "2023_12_10": 0.07825950853028643, "2023_12_11": 0.07043355767725779, "2023_20_4_1": 0.10173736108937234, "2023_20_7": 0.0899984348098294, "2023_20_8": 0.14086711535451557, "2023_20_9": 3.2242917514478013, "2023_26_1": 0.18390984504617314, "2023_26_3": 0.011738926279542965, "2023_26_6": 0.06260760682422915, "2023_26_7": 2.5199561746752237, "2023_26_8": 5.1025199561746755, "2023_26_9": 7.078572546564407, "2023_26_10": 0.7943340115824075, "2023_26_11": 0.5086868054468618, "2023_26_12": 0.6260760682422915, "2023_27_6": 17.71795273125685, "2023_32_1": 0.5517295351385194, "2023_32_4": 5.521208326811708, "2023_32_6": 19.21270934418532, "2023_32_7": 28.14994521834403, "2023_38": 0.003912975426514322}