{"2024_27_25": 2.862548828124999, "2024_32": 0.030517578124999993, "2024_32_3": 5.023193359374998, "2024_32_4_1": 0.21362304687499994, "2024_32_4_2": 0.024414062499999993, "2024_32_5_3": 0.018310546874999993, "2024_32_5_4": 0.024414062499999993, "2024_32_6": 2.392578124999999, "2024_32_7": 7.336425781249997, "2024_32_9": 0.036621093749999986, "2024_32_9_1": 0.012207031249999997, "2024_32_10": 15.612792968749995, "2024_32_20": 0.07934570312499997, "2024_32_20_1": 0.20751953124999994, "2024_33_5": 18.011474609374996, "2024_33_15": 0.4028320312499999, "2024_33_25": 0.19531249999999994, "2024_33_30": 0.012207031249999997, "2024_33_35": 7.666015624999998, "2024_33_40": 0.7263183593749999, "2024_38": 0.006103515624999998, "2024_38_2": 1.4892578124999998, "2024_38_4": 0.15258789062499994, "2024_38_6": 1.6601562499999996, "2024_38_7": 5.535888671874999, "2024_39_5": 1.1901855468749996, "2024_44_1": 0.21362304687499994, "2024_44_3": 0.9033203124999998, "2024_44_3_1": 23.937988281249993, "2024_44_4": 0.17089843749999994, "2024_44_25_2": 3.851318359374999}