{"2023_38_6": 6.612162937464143, "2023_38_8": 0.15777395295467586, "2023_38_9": 3.4805890227576977, "2023_38_9_1": 0.19124115509657683, "2023_44_1": 15.174985656913368, "2023_44_9_1": 0.00956205775482884, "2023_44_9_2": 0.014343086632243261, "2023_44_25": 0.00478102887741442, "2023_44_30_1": 0.20558424172882, "2023_44_30_2": 0.5067890610059286, "2023_44_30_3": 0.00956205775482884, "2023_44_30_4": 0.35379613692866707, "2023_44_30_5_1": 5.81851214381335, "2023_44_30_6": 1.1904761904761907, "2023_44_30_7": 0.9896729776247849, "2023_44_30_8": 37.02906865557468, "2023_44_30_9": 11.665710460891184, "2023_44_30_10": 0.00478102887741442, "2023_44_30_12": 0.028686173264486522, "2023_44_30_13": 0.3203289347867661, "2024_2_2": 0.22470835723847776, "2024_2_2_1": 16.00688468158348}