{"2022_44_30": 0.027925160569673275, "2022_44_30_2": 0.01117006422786931, "2022_44_30_5": 0.01117006422786931, "2022_44_30_10": 0.08936051382295448, "2022_45_12": 0.05026528902541189, "2022_45_13": 0.1117006422786931, "2022_45_15": 1.5805640882435072, "2023_2_10": 0.0614353532532812, "2023_2_12": 0.29042166992460205, "2023_2_301": 0.01117006422786931, "2023_6_8": 0.0614353532532812, "2023_6_9": 0.005585032113934655, "2023_6_11": 0.2736665735827981, "2023_7_5": 0.03909522479754259, "2023_7_10": 15.364423345434236, "2023_7_15": 14.845015358838316, "2023_12_1": 0.05026528902541189, "2023_12_1_1": 0.1340407707344317, "2023_12_5": 11.918458531136555, "2023_12_5_3": 0.005585032113934655, "2023_12_5_4": 0.5249930187098575, "2023_12_8": 0.005585032113934655, "2023_12_9": 20.38536721586149, "2023_12_9_1": 14.392627757609604, "2023_12_10": 1.7034347947500699, "2023_12_11": 2.7310807037140465, "2023_20_4_1": 15.314158056408822}