{"2022_44_25_2": 0.020500205002050013, "2022_44_25_3": 0.19987699876998763, "2022_44_25_5": 0.07687576875768755, "2022_44_30": 0.19475194751947517, "2022_44_30_2": 0.020500205002050013, "2022_44_30_5": 0.18450184501845016, "2022_44_30_10": 1.5016400164001635, "2022_45_10": 0.005125051250512503, "2022_45_11": 0.04612546125461254, "2022_45_12": 1.0198851988519881, "2022_45_13": 1.6143911439114387, "2022_45_14": 0.030750307503075027, "2022_45_15": 28.02378023780237, "2023_2_0_5": 0.020500205002050013, "2023_2_10": 0.45100451004510034, "2023_2_11": 0.02562525625256252, "2023_2_12": 14.729397293972934, "2023_2_13": 0.015375153751537514, "2023_2_201": 0.005125051250512503, "2023_2_301": 0.061500615006150054, "2023_6_1": 0.08712587125871256, "2023_6_8": 17.250922509225088, "2023_6_9": 1.2300123001230008, "2023_6_11": 15.134276342763423, "2023_6_11_2": 0.05125051250512504, "2023_6_15": 0.005125051250512503, "2023_12_1": 12.223247232472321, "2023_12_1_1": 5.770807708077079}