{"2023_38_6": 5.908479138627186, "2023_38_8": 0.14356213548676533, "2023_38_9": 3.0058322117541496, "2023_38_9_1": 0.14356213548676533, "2023_44_1": 12.62449528936743, "2023_44_9_2": 0.008972633467922833, "2023_44_25": 0.0044863167339614166, "2023_44_30_1": 0.14804845222072677, "2023_44_30_2": 0.40376850605652753, "2023_44_30_3": 0.008972633467922833, "2023_44_30_4": 0.2602063705697622, "2023_44_30_5_1": 4.495289367429341, "2023_44_30_6": 0.8658591296545535, "2023_44_30_7": 0.7716464782413638, "2023_44_30_8": 21.475998205473307, "2023_44_30_9": 5.450874831763122, "2023_44_30_10": 0.0044863167339614166, "2023_44_30_12": 0.013458950201884251, "2023_44_30_13": 0.37236428891879764, "2023_44_30_14": 12.467474203678778, "2023_44_30_20": 0.3275011215791835, "2024_2_2": 0.0807537012113055, "2024_2_2_1": 6.873037236428892, "2024_2_3": 2.036787797218483, "2024_2_6": 6.182144459398833, "2024_2_7": 15.921938088829071}