{"2023_44_30_13": 0.013727778159104947, "2023_44_30_14": 0.4667444574095682, "2023_44_30_25": 0.07550277987507721, "2023_44_30_30": 0.1647333379092594, "2024_2_6": 0.04118333447731485, "2024_2_7": 0.4598805683300158, "2024_2_8": 0.013727778159104947, "2024_2_12": 0.006863889079552474, "2024_3_6": 0.17846111606836434, "2024_3_10": 0.6452055734779326, "2024_3_15": 3.788866771912965, "2024_3_20": 0.3294666758185188, "2024_3_25": 26.343606287322395, "2024_8_3": 0.006863889079552474, "2024_8_4": 0.07550277987507721, "2024_8_7": 0.26082778502299403, "2024_8_8": 0.013727778159104947, "2024_8_9": 8.078797446633262, "2024_8_12": 0.05491111263641979, "2024_9_5": 0.006863889079552474, "2024_14_3": 0.42556112293225345, "2024_14_5": 0.048047223556867316, "2024_14_6": 5.093005697027935, "2024_14_7": 2.7112361864232275, "2024_14_8": 6.898208524950237, "2024_14_9": 22.705745075159587, "2024_14_11": 0.10982222527283958, "2024_15_5": 0.03431944539776237, "2024_20_1": 20.94858947079415}