{"2023_44_1": 11.948435983920897, "2023_44_30_1": 0.12475165180427851, "2023_44_30_2": 0.3650140923162223, "2023_44_30_3": 0.009240863096613223, "2023_44_30_4": 0.23564200896363713, "2023_44_30_5_1": 4.005914152381832, "2023_44_30_6": 0.7669916370188975, "2023_44_30_7": 0.7115464584392182, "2023_44_30_8": 17.090976297186156, "2023_44_30_9": 3.8673012059326335, "2023_44_30_10": 0.004620431548306611, "2023_44_30_12": 0.013861294644919834, "2023_44_30_13": 0.3881162500577554, "2023_44_30_14": 10.56692695097722, "2023_44_30_16": 0.02772258928983967, "2023_44_30_20": 0.11551078870766529, "2023_44_30_25": 4.5603659381786255, "2024_2_2": 0.0785473363212124, "2024_2_2_1": 4.435614286374347, "2024_2_3": 1.0950422769486667, "2024_2_6": 1.6818370835836063, "2024_2_7": 28.03215820357621, "2024_2_7_1": 0.004620431548306611, "2024_2_8": 2.0514716074481356, "2024_8_3": 0.28184632444670327, "2024_8_4": 7.535923855288083}