{"2024_14_7": 0.03343587000133744, "2024_14_8": 0.12036913200481475, "2024_14_9": 2.4207569880968305, "2024_15_15": 3.704694396148188, "2024_20_1": 0.6620302260264812, "2024_20_3": 0.20061522000802465, "2024_20_6": 0.006687174000267488, "2024_20_6_2": 0.12036913200481475, "2024_20_7": 2.4608800320984354, "2024_20_8": 0.006687174000267488, "2024_20_9": 7.750434666310017, "2024_20_9_1": 0.006687174000267488, "2024_20_10": 0.10030761000401232, "2024_20_15": 0.3677945700147118, "2024_21_5": 0.5550354420222013, "2024_26_1": 0.006687174000267488, "2024_26_3_1": 2.0128393740805137, "2024_26_4": 0.02006152200080246, "2024_26_6": 1.056573492042263, "2024_26_7": 25.183897285007355, "2024_26_8": 18.135615888725425, "2024_26_10": 5.750969640230039, "2024_26_11": 1.1435067540457402, "2024_26_20": 4.687708974187509, "2024_27_5": 1.919218938076769, "2024_27_10": 0.9696402300387855, "2024_32": 0.07355891400294236, "2024_32_3": 20.522937006820918}