{"2024_26_20": 1.4057675885173746, "2024_27_5": 0.26932930434211383, "2024_27_10": 0.7685738684884712, "2024_27_25": 3.5932470603691766, "2024_32": 0.03284503711489193, "2024_32_3": 6.161728962753726, "2024_32_4_1": 0.28903632661104894, "2024_32_4_2": 0.026276029691913547, "2024_32_5_3": 0.01970702226893516, "2024_32_5_4": 0.03284503711489193, "2024_32_6": 3.0545884516849497, "2024_32_7": 11.975300532089598, "2024_32_9": 0.045983051960848696, "2024_32_9_1": 0.18393220784339478, "2024_32_10": 25.303816593312746, "2024_32_20": 0.11824213361361093, "2024_32_20_1": 0.3350193785718976, "2024_33_5": 18.76108520002627, "2024_33_15": 1.1430072915982392, "2024_33_25": 0.4795375418774222, "2024_33_30": 0.026276029691913547, "2024_33_35": 7.094528016816656, "2024_38": 0.006569007422978387, "2024_38_2": 4.1844577284372315, "2024_38_4": 0.3087433488799841, "2024_38_6": 13.11830782368784, "2024_38_7": 1.2415424029429152, "2024_44_1": 0.01970702226893516}