{"2023_26_12": 0.4705456519771966, "2023_27_7": 0.02714686453714596, "2023_32_7": 0.01809790969143064, "2023_32_9": 0.02714686453714596, "2023_38_6": 0.00904895484571532, "2023_38_9": 0.0452447742285766, "2023_44_1": 0.0452447742285766, "2023_44_30_5_1": 0.01809790969143064, "2023_44_30_6": 0.00904895484571532, "2023_44_30_7": 0.00904895484571532, "2023_44_30_8": 2.615147950411727, "2023_44_30_9": 0.01809790969143064, "2023_44_30_13": 0.05429372907429192, "2023_44_30_14": 8.515066509818116, "2023_44_30_16": 0.0452447742285766, "2023_44_30_20": 0.07239163876572256, "2023_44_30_25": 17.88073477513347, "2023_44_30_30": 0.2714686453714596, "2024_2_2_1": 0.03619581938286128, "2024_2_3": 0.02714686453714596, "2024_2_6": 0.07239163876572256, "2024_2_7": 47.40747443670256, "2024_2_7_1": 0.00904895484571532, "2024_2_8": 3.773414170663288, "2024_2_12": 0.11763641299429915, "2024_8_3": 0.5519862455886345, "2024_8_4": 17.853587910596325}