{"2024_32_4_2": 0.026131835108120467, "2024_32_5_3": 0.01959887633109035, "2024_32_5_4": 0.026131835108120467, "2024_32_6": 2.508656170379565, "2024_32_7": 7.663160645456328, "2024_32_9": 0.0391977526621807, "2024_32_9_1": 0.013065917554060233, "2024_32_10": 15.417782713791075, "2024_32_20": 0.08492846410139152, "2024_32_20_1": 0.22212059841902396, "2024_33_5": 15.50271117789247, "2024_33_15": 0.4115764029528974, "2024_33_25": 0.1894558045338734, "2024_33_30": 0.013065917554060233, "2024_33_35": 6.206310838178611, "2024_33_40": 1.1824655386424514, "2024_38": 0.006532958777030117, "2024_38_2": 1.5156464362709872, "2024_38_4": 0.16332396942575295, "2024_38_6": 1.6855033644737702, "2024_38_7": 5.2916966093943945, "2024_39_5": 1.012608610439668, "2024_39_15": 1.4503168485006859, "2024_44_1": 0.20252172208793362, "2024_44_3": 0.777422094466584, "2024_44_3_1": 19.226497680799636, "2024_44_4": 0.4965048670542889, "2024_44_25_2": 16.68517671653492, "2024_44_25_3": 1.9598876331090351}