{"2024_20_7": 1.9304054476166672, "2024_20_9": 6.166052352095958, "2024_20_10": 0.06247266820765914, "2024_20_15": 0.3123633410382957, "2024_21_5": 0.4185668769913163, "2024_26_1": 0.006247266820765915, "2024_26_3_1": 1.5680639720122447, "2024_26_4": 0.018741800462297745, "2024_26_6": 0.7871556194165052, "2024_26_7": 12.075966764540512, "2024_26_8": 8.51502467670394, "2024_26_10": 2.59886299743862, "2024_26_11": 0.3873305428874867, "2024_26_20": 2.061598050852752, "2024_27_5": 0.5122758793028049, "2024_27_10": 1.8554382457674767, "2024_27_25": 20.95333291684888, "2024_32": 0.03748360092459549, "2024_32_3": 20.615980508527517, "2024_32_4_1": 1.5555694383707126, "2024_32_4_2": 0.1749234709814456, "2024_32_5_3": 0.04997813456612732, "2024_32_5_4": 0.19366527144374335, "2024_32_6": 16.0554757293684, "2024_32_10": 0.3873305428874867, "2024_32_20": 0.6996938839257824}