{"2024_27_25": 2.869203474856234, "2024_32": 0.030588523186100575, "2024_32_3": 5.065459439618254, "2024_32_4_1": 0.22023736693992413, "2024_32_4_2": 0.02447081854888046, "2024_32_5_3": 0.018353113911660345, "2024_32_5_4": 0.02447081854888046, "2024_32_6": 2.4042579224275054, "2024_32_7": 7.359598678575799, "2024_32_9": 0.03670622782332069, "2024_32_9_1": 0.01223540927444023, "2024_32_10": 15.857090419674538, "2024_32_20": 0.07953016028386148, "2024_32_20_1": 0.20800195766548388, "2024_33_5": 18.365349320934783, "2024_33_15": 0.40376850605652753, "2024_33_25": 0.20188425302826377, "2024_33_30": 0.01223540927444023, "2024_33_35": 7.891838982013947, "2024_33_40": 0.6117704637220115, "2024_38": 0.006117704637220115, "2024_38_2": 1.4988376361189282, "2024_38_4": 0.15294261593050287, "2024_38_6": 1.6762510705983114, "2024_38_7": 5.640523675516946, "2024_39_5": 1.1868346996207024, "2024_44_1": 0.21411966230270402, "2024_44_3": 0.9237734002202372, "2024_44_3_1": 25.168236877523555, "2024_44_4": 0.15294261593050287, "2024_44_25_2": 1.6823687752355316}