{"2022_44_2": 0.10997800439912016, "2022_44_25_1": 0.05498900219956008, "2022_44_25_2": 0.12997400519896019, "2022_44_25_3": 0.5848830233953208, "2022_44_25_5": 0.5848830233953208, "2022_44_30": 0.42991401719656064, "2022_44_30_1": 0.03499300139972005, "2022_44_30_2": 0.06498700259948009, "2022_44_30_5": 1.239752049590082, "2022_44_30_10": 9.198160367926414, "2022_45_10": 0.009998000399920015, "2022_45_11": 0.2099580083983203, "2022_45_12": 7.23355328934213, "2022_45_13": 12.88242351529694, "2022_45_14": 0.29494101179764043, "2022_45_15": 1.1147770445910818, "2023_2_0_5": 0.03999200159968006, "2023_2_10": 0.9798040391921614, "2023_2_11": 0.12497500499900019, "2023_2_12": 24.685062987402517, "2023_2_13": 0.01999600079984003, "2023_2_201": 0.004999000199960008, "2023_2_301": 0.2799440111977604, "2023_6_1": 0.4049190161967605, "2023_6_8": 26.409718056388716, "2023_6_9": 5.553889222155569, "2023_6_11": 7.308538292341531, "2023_6_11_1": 0.009998000399920015}