{"2024_32_4_2": 0.026138665621120046, "2024_32_5_3": 0.01960399921584003, "2024_32_5_4": 0.026138665621120046, "2024_32_6": 2.5158465660328044, "2024_32_7": 7.658629026988173, "2024_32_9": 0.03920799843168006, "2024_32_9_1": 0.013069332810560023, "2024_32_10": 15.421812716460826, "2024_32_20": 0.08495066326864015, "2024_32_20_1": 0.2221786577795204, "2024_33_5": 15.519832712540026, "2024_33_15": 0.4116839835326407, "2024_33_25": 0.1895053257531203, "2024_33_30": 0.013069332810560023, "2024_33_35": 6.23407175063713, "2024_33_40": 1.202378618571522, "2024_38": 0.0065346664052800115, "2024_38_2": 1.5225772724302427, "2024_38_4": 0.16336666013200027, "2024_38_6": 1.6924785989675228, "2024_38_7": 5.273475789060968, "2024_39_5": 1.0194079592236818, "2024_39_15": 1.4049532771352025, "2024_44_1": 0.20257465856368034, "2024_44_3": 0.7776253022283214, "2024_44_3_1": 19.290335228386592, "2024_44_4": 0.49009998039600083, "2024_44_25_2": 16.77448866235379, "2024_44_25_3": 1.783963928641443}