{"2023_6_8": 0.056428509419220424, "2023_6_11": 0.06945047313134822, "2023_7_5": 0.017362618282837056, "2023_7_10": 2.9125792169459155, "2023_7_15": 1.5105477906068236, "2023_7_20": 23.938709957461583, "2023_7_25": 0.004340654570709264, "2023_7_26": 0.3038458199496485, "2023_12_1": 0.008681309141418528, "2023_12_1_1": 0.07379112770205748, "2023_12_5": 2.0097230662383887, "2023_12_5_4": 0.2517579651011373, "2023_12_8": 0.004340654570709264, "2023_12_9": 3.585380675405851, "2023_12_9_1": 0.8551089504297249, "2023_12_10": 0.5295598576265301, "2023_12_11": 1.5973608820210088, "2023_20_4_1": 6.784443094018579, "2023_20_6": 0.12153832797985938, "2023_20_7": 5.629828978209915, "2023_20_8": 3.6548311485372, "2023_20_9": 39.37407761090373, "2023_26_1": 4.848511155482248, "2023_26_3": 0.13021963712127788, "2023_26_6": 1.7232398645715779, "2023_26_7": 0.004340654570709264}