{"2023_6_8": 0.06007810153199158, "2023_6_11": 0.06866068746513324, "2023_7_5": 0.01716517186628331, "2023_7_10": 2.8065056001373208, "2023_7_15": 1.4247092649015145, "2023_7_20": 24.009784147963774, "2023_7_25": 0.004291292966570827, "2023_7_26": 0.31326438655967037, "2023_12_1": 0.012873878899712482, "2023_12_1_1": 0.07295198043170405, "2023_12_5": 1.956829592756297, "2023_12_5_4": 0.2403124061279663, "2023_12_8": 0.004291292966570827, "2023_12_9": 3.4287430802900905, "2023_12_9_1": 0.8067630777153154, "2023_12_10": 0.5278290348882116, "2023_12_11": 1.4976612453332185, "2023_20_4_1": 6.454104621722523, "2023_20_6": 0.11157361713084149, "2023_20_7": 5.2182122473501265, "2023_20_8": 3.3429172209586744, "2023_20_9": 38.60876282023773, "2023_26_1": 4.321332017336823, "2023_26_3": 0.124447496030554, "2023_26_6": 1.9267905419903013, "2023_26_7": 2.6391451744410586}