{"2023_2_12": 0.24752475247524752, "2023_6_8": 0.05304101838755304, "2023_6_11": 0.0707213578500707, "2023_7_5": 0.0221004243281471, "2023_7_10": 3.1647807637906644, "2023_7_15": 1.6840523338048092, "2023_7_20": 23.6783946251768, "2023_7_25": 0.004420084865629419, "2023_7_26": 0.2696251768033946, "2023_12_1": 0.008840169731258838, "2023_12_1_1": 0.0707213578500707, "2023_12_5": 2.1437411598302685, "2023_12_5_4": 0.2696251768033946, "2023_12_8": 0.004420084865629419, "2023_12_9": 3.8101131541725604, "2023_12_9_1": 0.91495756718529, "2023_12_10": 0.5436704384724186, "2023_12_11": 2.086280056577086, "2023_20_4_1": 7.562765205091939, "2023_20_6": 0.13702263083451202, "2023_20_7": 6.519625176803394, "2023_20_8": 4.526166902404525, "2023_20_9": 36.2667963224894, "2023_26_1": 5.7991513437058, "2023_26_3": 0.1414427157001414}