{"2024_3_15": 0.12480931909582581, "2024_3_25": 0.8805990847316598, "2024_8_7": 0.0554708084870337, "2024_8_9": 0.2218832339481348, "2024_14_3": 0.020801553182637638, "2024_14_6": 0.18028012758285952, "2024_14_7": 0.04853695742615448, "2024_14_8": 0.24961863819165162, "2024_14_9": 13.687421994175567, "2024_14_11": 0.006933851060879213, "2024_15_15": 4.83289418943281, "2024_20_1": 2.0940230203855217, "2024_20_3": 1.4075717653584798, "2024_20_6": 0.1941478297046179, "2024_20_6_1": 0.013867702121758425, "2024_20_6_2": 2.0940230203855217, "2024_20_7": 13.26445707946193, "2024_20_8": 0.10400776591318818, "2024_20_9": 35.459714325336286, "2024_20_9_1": 0.020801553182637638, "2024_20_10": 0.4021633615309943, "2024_20_15": 0.6171127444182498, "2024_21_5": 2.218832339481348, "2024_26_1": 0.04853695742615448, "2024_26_3_1": 11.149632505893774, "2024_26_4": 0.08320621273055055, "2024_26_6": 7.592566911662738, "2024_26_10": 2.9260851476910275}