{"2023_12_5": 0.06399232092148943, "2023_12_9": 0.055993280806303246, "2023_12_9_1": 0.019997600287965444, "2023_12_10": 0.07999040115186178, "2023_12_11": 0.06799184097908251, "2023_20_4_1": 0.10398752149742031, "2023_20_7": 0.08398992120945487, "2023_20_8": 0.13998320201575812, "2023_20_9": 3.0596328440587133, "2023_26_1": 0.1719793624765028, "2023_26_3": 0.011998560172779268, "2023_26_6": 0.055993280806303246, "2023_26_7": 2.2517297924249093, "2023_26_8": 4.503459584849819, "2023_26_9": 6.243250809902812, "2023_26_10": 0.49994000719913617, "2023_26_11": 0.38795344558652967, "2023_26_12": 0.7559092908850938, "2023_27_6": 21.825380954285485, "2023_32_1": 0.4199496060472744, "2023_32_4": 4.127504699436068, "2023_32_6": 18.689757229132503, "2023_32_7": 35.75970883493981, "2023_32_9": 0.539935207775067, "2023_38": 0.007999040115186179, "2023_38_1": 0.0719913610366756}