{"2023_38_9_1": 0.035398230088495575, "2023_44_30_14": 0.035398230088495575, "2023_44_30_30": 0.07079646017699115, "2024_8_9": 0.035398230088495575, "2024_14_9": 0.035398230088495575, "2024_15_15": 0.035398230088495575, "2024_20_6_2": 0.035398230088495575, "2024_26_8": 0.21238938053097348, "2024_32_6": 0.07079646017699115, "2024_32_7": 0.3893805309734513, "2024_32_10": 0.7079646017699114, "2024_33_5": 0.6371681415929203, "2024_33_35": 0.24778761061946902, "2024_33_40": 0.07079646017699115, "2024_38_2": 0.035398230088495575, "2024_38_6": 0.1415929203539823, "2024_38_7": 0.3893805309734513, "2024_39_5": 0.035398230088495575, "2024_39_15": 0.1415929203539823, "2024_44_3_1": 0.6017699115044247, "2024_44_4": 1.84070796460177, "2024_44_25_2": 17.734513274336283, "2024_44_25_3": 0.3185840707964602, "2024_44_25_4": 3.3274336283185844, "2024_45_25_5": 13.592920353982302, "2024_45_25_6": 3.5044247787610625, "2024_45_25_10": 0.4601769911504425, "2024_45_25_15": 8.814159292035399, "2024_45_32": 7.539823008849557, "2024_45_32_1": 12.0, "2024_45_32_2": 23.575221238938052, "2024_45_32_5": 0.3539823008849557, "2024_45_32_6": 0.7079646017699114, "2025_2": 2.265486725663717}