{"2024_32_9_1": 0.014246028919438703, "2024_32_10": 16.226226939240686, "2024_32_20": 0.09259918797635158, "2024_32_20_1": 0.22793646271101925, "2024_33_5": 16.033905548828262, "2024_33_15": 0.44874991096231925, "2024_33_25": 0.19232139041242252, "2024_33_30": 0.014246028919438703, "2024_33_35": 6.275375739012751, "2024_33_40": 0.8049006339482868, "2024_38": 0.0071230144597193516, "2024_38_2": 1.5813092100576964, "2024_38_4": 0.1780753614929838, "2024_38_6": 1.7665075860103994, "2024_38_7": 4.872141890448037, "2024_39_5": 0.9616069520621128, "2024_39_15": 0.22081344825129992, "2024_44_1": 0.2136904337915806, "2024_44_3": 0.7835315905691288, "2024_44_3_1": 19.972932545053066, "2024_44_4": 0.6268252724553031, "2024_44_25_2": 13.405513213191822, "2024_44_25_3": 0.44162689650259984, "2024_44_25_4": 0.6695633592136191, "2024_45_25_5": 3.5330151720207987, "2024_45_25_6": 0.8120236484080062, "2024_45_25_10": 0.2991666073082128, "2024_45_25_15": 0.07123014459719353, "2024_45_32": 5.0146021796424245, "2024_45_32_1": 4.238193603533015}