{"2023_12_11": 0.050973966866921544, "2023_20_4_1": 0.07281995266703076, "2023_20_7": 0.06189695976697616, "2023_20_8": 0.09830693610049153, "2023_20_9": 2.4831603859457494, "2023_26_1": 0.13835791006735848, "2023_26_3": 0.010922992900054615, "2023_26_6": 0.047332969233570006, "2023_26_7": 1.6784999089750592, "2023_26_8": 3.000182049881668, "2023_26_9": 3.884944474786092, "2023_26_10": 0.2257418532677954, "2023_26_11": 0.2002548698343346, "2023_26_12": 0.8483524485709085, "2023_27_6": 2.8654651374476607, "2023_27_7": 20.56435463316949, "2023_31_600": 0.0655379574003277, "2023_32_1": 0.3022028035681777, "2023_32_4": 2.126342617877299, "2023_32_6": 8.833060258510834, "2023_32_7": 8.68377935554342, "2023_32_9": 14.724194429273622, "2023_38_1": 0.05461496450027308, "2023_38_4": 1.2707081740396868, "2023_38_6": 27.700709994538503, "2023_38_8": 0.007281995266703076}