{"2024_14_6": 0.08399832003359932, "2024_14_7": 0.027999440011199778, "2024_14_8": 0.125997480050399, "2024_14_9": 2.673946521069579, "2024_15_15": 3.9619207615847682, "2024_20_1": 0.6719865602687946, "2024_20_3": 0.21699566008679827, "2024_20_6_2": 0.1469970600587988, "2024_20_7": 2.778944421111578, "2024_20_8": 0.02099958000839983, "2024_20_9": 8.80582388352233, "2024_20_9_1": 0.006999860002799944, "2024_20_10": 0.10499790004199916, "2024_20_15": 0.38499230015399694, "2024_21_5": 0.6369872602547949, "2024_26_1": 0.006999860002799944, "2024_26_3_1": 2.3169536609267816, "2024_26_4": 0.02099958000839983, "2024_26_6": 1.2249755004899903, "2024_26_7": 28.069438611227778, "2024_26_8": 24.275514489710208, "2024_26_10": 5.984880302393953, "2024_26_11": 1.0989780204395914, "2024_26_20": 4.472910541789164, "2024_27_5": 1.8199636007279856, "2024_32": 0.11199776004479911, "2024_32_3": 9.94680106397872}