{"2023_12_11": 0.05099810578464229, "2023_20_4_1": 0.07285443683520328, "2023_20_7": 0.05828354946816262, "2023_20_8": 0.09835348972752442, "2023_20_9": 2.4843362960804316, "2023_26_1": 0.13842342998688623, "2023_26_3": 0.010928165525280491, "2023_26_6": 0.04735538394288213, "2023_26_7": 1.6792947690514357, "2023_26_8": 3.0052455194521355, "2023_26_9": 3.8867842051580945, "2023_26_10": 0.22220603234737002, "2023_26_11": 0.20034970129680896, "2023_26_12": 0.848754189130118, "2023_27_6": 2.8631793676234887, "2023_27_7": 20.559522074894364, "2023_31_600": 0.06192627130992277, "2023_32_1": 0.3023459128660936, "2023_32_4": 2.1309922774296957, "2023_32_6": 8.870027684685997, "2023_32_7": 8.731604254699112, "2023_32_9": 14.793093399388024, "2023_38_1": 0.05464082762640244, "2023_38_4": 1.271309922774297, "2023_38_6": 27.549905289232118, "2023_38_8": 0.007285443683520327}