{"2023_12_11": 0.05074670146440482, "2023_20_4_1": 0.06887052341597796, "2023_20_7": 0.061620994635348716, "2023_20_8": 0.09786863853849502, "2023_20_9": 2.4503407278526894, "2023_26_1": 0.13774104683195593, "2023_26_3": 0.01087429317094389, "2023_26_6": 0.04712193707409018, "2023_26_7": 1.6383935044222129, "2023_26_8": 2.946933449325794, "2023_26_9": 3.795128316659417, "2023_26_10": 0.21748586341887782, "2023_26_11": 0.19211251268667537, "2023_26_12": 0.8445701029433088, "2023_27_6": 2.7620704654197477, "2023_27_7": 20.711903726257795, "2023_31_600": 0.06524575902566333, "2023_32_1": 0.28635638683485576, "2023_32_4": 2.0624909380890246, "2023_32_6": 7.488763230390026, "2023_32_7": 8.010729302595331, "2023_32_9": 12.813542119762216, "2023_38_1": 0.04712193707409018, "2023_38_4": 1.1200521966072206, "2023_38_6": 31.894301870378428, "2023_38_8": 0.17761345512541685}