{"2024_27_5": 0.2306657269174089, "2024_27_10": 0.7112193246620108, "2024_27_25": 3.25494970205677, "2024_32": 0.03203690651630679, "2024_32_3": 5.689754597296086, "2024_32_4_1": 0.24988787082719296, "2024_32_4_2": 0.02562952521304543, "2024_32_5_3": 0.01922214390978407, "2024_32_5_4": 0.02562952521304543, "2024_32_6": 2.7872108669186906, "2024_32_7": 9.047222400205037, "2024_32_9": 0.0448516691228295, "2024_32_9_1": 0.03203690651630679, "2024_32_10": 22.022169539309285, "2024_32_20": 0.10251810085218171, "2024_32_20_1": 0.28833215864676115, "2024_33_5": 22.25924264752996, "2024_33_15": 1.2558467354392262, "2024_33_25": 0.30114692125328385, "2024_33_30": 0.012814762606522714, "2024_33_35": 8.758890241558275, "2024_38": 0.006407381303261357, "2024_38_2": 2.0888063048632026, "2024_38_4": 0.20503620170436343, "2024_38_6": 2.6782853847632477, "2024_38_7": 13.78227718331518, "2024_44_1": 0.8457743320304991, "2024_44_3": 3.1139873133850196, "2024_44_3_1": 0.12814762606522717}