{"2024_2_8": 0.012818047811318333, "2024_3_6": 0.12818047811318337, "2024_3_10": 0.5319489841697109, "2024_3_15": 3.00583221175415, "2024_3_20": 0.19867974107543424, "2024_3_25": 11.408062552073318, "2024_8_3": 0.006409023905659166, "2024_8_4": 0.057681215150932504, "2024_8_7": 0.2371338845093892, "2024_8_8": 0.012818047811318333, "2024_8_9": 6.171890021149778, "2024_8_12": 0.04486316733961417, "2024_9_5": 0.006409023905659166, "2024_14_3": 0.3204511952829584, "2024_14_5": 0.038454143433955, "2024_14_6": 2.582836633980645, "2024_14_7": 1.1343972313016726, "2024_14_8": 3.358328526565404, "2024_14_9": 29.449464846503876, "2024_14_11": 0.08331731077356917, "2024_15_5": 0.03204511952829584, "2024_20_1": 17.669678907902327, "2024_20_3": 20.374286996090497, "2024_20_6": 3.121194642056015, "2024_20_6_1": 0.012818047811318333}