{"2024_3_10": 0.05738057667479558, "2024_3_15": 0.11476115334959117, "2024_3_25": 0.9037440826280305, "2024_8_7": 0.05738057667479558, "2024_8_9": 0.2366948787835318, "2024_14_3": 0.014345144168698896, "2024_14_5": 0.007172572084349448, "2024_14_6": 0.18648687419308563, "2024_14_7": 0.04303543250609669, "2024_14_8": 0.2725577392052791, "2024_14_9": 15.213025390905177, "2024_14_11": 0.007172572084349448, "2024_15_15": 4.834313584851528, "2024_20_1": 2.3526036436666193, "2024_20_3": 1.5277578539664323, "2024_20_6": 0.22234973461483287, "2024_20_6_1": 0.014345144168698896, "2024_20_6_2": 2.295223066991823, "2024_20_7": 16.590159231100273, "2024_20_8": 0.11476115334959117, "2024_20_9": 37.97159661454598, "2024_20_9_1": 0.021517716253048345, "2024_20_10": 0.5092526179888108, "2024_20_15": 0.9324343709654282, "2024_21_5": 4.518720413140152, "2024_26_1": 0.07172572084349448, "2024_26_3_1": 10.844928991536365, "2024_26_4": 0.06455314875914504}