{"2023_26_12": 0.2871042347874631, "2023_32_6": 0.015950235265970173, "2023_38_9": 0.015950235265970173, "2023_44_1": 0.015950235265970173, "2023_44_30_8": 0.09570141159582103, "2023_44_30_9": 0.023925352898955258, "2023_44_30_13": 0.015950235265970173, "2023_44_30_14": 0.638009410638807, "2023_44_30_20": 0.007975117632985087, "2023_44_30_25": 0.08772629396283596, "2023_44_30_30": 0.19140282319164206, "2024_2_6": 0.023925352898955258, "2024_2_7": 0.638009410638807, "2024_2_8": 0.031900470531940346, "2024_2_12": 0.007975117632985087, "2024_3_6": 0.32697982295238853, "2024_3_10": 1.124491586250897, "2024_3_15": 6.308318047691204, "2024_3_20": 0.6619347635377623, "2024_3_25": 40.17066751734588, "2024_8_4": 0.12760188212776138, "2024_8_7": 0.41470611691522447, "2024_8_8": 0.015950235265970173, "2024_8_9": 23.00023925352899, "2024_8_12": 0.07975117632985088, "2024_9_5": 0.007975117632985087, "2024_14_3": 1.2839939389105988, "2024_14_5": 0.07975117632985088, "2024_14_6": 16.69989632347077, "2024_14_7": 7.600287104234788}