{"2022_44_25_2": 0.01647717910693689, "2022_44_25_3": 0.04943153732081068, "2022_44_25_5": 0.04943153732081068, "2022_44_30": 0.09337068160597571, "2022_44_30_2": 0.01647717910693689, "2022_44_30_5": 0.010984786071291263, "2022_44_30_10": 0.1922337562475971, "2022_45_11": 0.021969572142582525, "2022_45_12": 0.10435546767726697, "2022_45_13": 0.24715768660405335, "2022_45_15": 30.32899434283517, "2023_2_0_5": 0.010984786071291263, "2023_2_10": 0.15378700499807765, "2023_2_11": 0.005492393035645631, "2023_2_12": 1.411545010160927, "2023_2_13": 0.01647717910693689, "2023_2_201": 0.005492393035645631, "2023_2_301": 0.010984786071291263, "2023_6_8": 0.3515131542813204, "2023_6_9": 0.021969572142582525, "2023_6_11": 0.5327621244576262, "2023_6_11_2": 0.005492393035645631, "2023_7_5": 0.9556763882023397, "2023_12_1": 0.5217773383863349, "2023_12_1_1": 3.4876695776349753, "2023_12_5": 36.53539847311474, "2023_12_5_3": 0.4943153732081067, "2023_12_5_4": 0.20871093535453394, "2023_12_8": 0.20321854231888833, "2023_12_9": 23.3152084363157, "2023_12_10": 0.6206404130279561}