{"2023_12_9_1": 0.01483184396900145, "2023_12_10": 0.03337164893025326, "2023_12_11": 0.05191145389150507, "2023_20_4_1": 0.07045125885275688, "2023_20_7": 0.06303533686825616, "2023_20_8": 0.10011494679075976, "2023_20_9": 2.614112499536505, "2023_26_1": 0.15202640068226483, "2023_26_3": 0.011123882976751086, "2023_26_6": 0.05191145389150507, "2023_26_7": 1.7946531202491751, "2023_26_8": 3.266713634172569, "2023_26_9": 4.1417924283436545, "2023_26_10": 0.24101746449627354, "2023_26_11": 0.20764581556602027, "2023_26_12": 0.8491230672253328, "2023_27_6": 3.38536838592458, "2023_27_7": 19.83017538655493, "2023_31_600": 0.018539804961251807, "2023_32_1": 0.32630056731803186, "2023_32_4": 2.428714449923987, "2023_32_6": 11.353776558270608, "2023_32_7": 15.921984500723054, "2023_32_9": 27.631725314249696, "2023_38_1": 0.1149467907597612, "2023_38_4": 4.831473172902221, "2023_38_6": 0.4931588119692981}