{"2024_15_15": 3.33774834437086, "2024_20_1": 0.6158940397350993, "2024_20_3": 0.18543046357615892, "2024_20_6": 0.013245033112582778, "2024_20_6_2": 0.11258278145695362, "2024_20_7": 2.364238410596026, "2024_20_8": 0.006622516556291389, "2024_20_9": 7.331125827814569, "2024_20_9_1": 0.006622516556291389, "2024_20_10": 0.07284768211920528, "2024_20_15": 0.34437086092715224, "2024_21_5": 0.5165562913907285, "2024_26_1": 0.006622516556291389, "2024_26_3_1": 1.9072847682119203, "2024_26_4": 0.01986754966887417, "2024_26_6": 0.9602649006622515, "2024_26_7": 21.90728476821192, "2024_26_8": 11.67549668874172, "2024_26_10": 5.536423841059602, "2024_26_11": 1.152317880794702, "2024_26_20": 4.516556291390728, "2024_27_5": 1.8543046357615889, "2024_27_10": 4.675496688741721, "2024_32": 0.04635761589403973, "2024_32_3": 30.675496688741717, "2024_32_4_1": 0.0662251655629139, "2024_32_4_2": 0.03973509933774834, "2024_32_5_3": 0.05298013245033111}