{"2024_26_4": 0.0177210703526493, "2024_26_6": 0.5729812747356607, "2024_26_7": 7.560990017130368, "2024_26_8": 5.735719770807489, "2024_26_10": 1.4944769330734244, "2024_26_11": 0.236280938035324, "2024_26_20": 1.3468013468013469, "2024_27_5": 0.26581605528973945, "2024_27_10": 0.7856341189674524, "2024_27_25": 3.6800756099001712, "2024_32": 0.0295351172544155, "2024_32_3": 6.208281646878139, "2024_32_4_1": 0.3130722428968043, "2024_32_4_2": 0.0236280938035324, "2024_32_5_3": 0.0177210703526493, "2024_32_5_4": 0.0295351172544155, "2024_32_6": 3.361096343552484, "2024_32_7": 15.866264989072008, "2024_32_9": 0.0945123752141296, "2024_32_9_1": 0.0118140469017662, "2024_32_10": 39.65975544922914, "2024_32_20": 0.12404749246854511, "2024_32_20_1": 0.4016775946600508, "2024_33_5": 0.26581605528973945, "2024_33_15": 0.8210762596727509, "2024_33_25": 0.9333097052395298, "2024_38": 0.0059070234508831, "2024_38_2": 8.683324472798157, "2024_38_4": 1.3231732529978144, "2024_38_6": 0.12995451591942822}