{"2022_40_4_2": 0.033154666519312585, "2022_44_2": 0.05525777753218764, "2022_44_25_2": 0.033154666519312585, "2022_44_25_3": 0.2431342211416256, "2022_44_25_5": 0.10498977731115651, "2022_44_30": 0.22655688788196932, "2022_44_30_1": 0.005525777753218764, "2022_44_30_2": 0.022103111012875057, "2022_44_30_5": 0.2983919986738132, "2022_44_30_10": 2.1771564347681926, "2022_45_10": 0.005525777753218764, "2022_45_11": 0.0607835552854064, "2022_45_12": 1.6190528816930976, "2022_45_13": 2.4479195446759126, "2022_45_14": 0.044206222025750114, "2022_45_15": 26.396640327126036, "2023_2_0_5": 0.022103111012875057, "2023_2_10": 0.5194231088025638, "2023_2_11": 0.05525777753218764, "2023_2_12": 18.185334585842952, "2023_2_13": 0.016577333259656293, "2023_2_301": 0.08288666629828147, "2023_6_1": 0.09946399955793776, "2023_6_8": 23.512184339945843, "2023_6_9": 2.1384759904956616, "2023_6_11": 21.31292479416477, "2023_6_11_2": 0.27076310990771946, "2023_6_15": 0.005525777753218764, "2023_12_1": 0.005525777753218764}