{"2022_44_25_2": 0.014979777300644129, "2022_44_25_3": 0.19473710490837365, "2022_44_25_5": 0.07489888650322063, "2022_44_30": 0.19473710490837365, "2022_44_30_2": 0.024966295501073543, "2022_44_30_5": 0.17975732760772953, "2022_44_30_10": 1.288260847855395, "2022_45_11": 0.03994607280171767, "2022_45_12": 0.9137664153392917, "2022_45_13": 1.3931192889599038, "2022_45_14": 0.024966295501073543, "2022_45_15": 28.286812802716327, "2023_2_0_5": 0.019973036400858835, "2023_2_10": 0.41444050531782084, "2023_2_11": 0.019973036400858835, "2023_2_12": 10.545763219653464, "2023_2_13": 0.019973036400858835, "2023_2_201": 0.004993259100214709, "2023_2_301": 0.049932591002147086, "2023_6_1": 0.08488540470365005, "2023_6_8": 11.359664452988461, "2023_6_9": 1.118490038448095, "2023_6_11": 9.67194287711589, "2023_6_11_2": 0.054925850102361805, "2023_6_15": 0.004993259100214709, "2023_12_1": 8.393668547460926, "2023_12_1_1": 25.51555400209716, "2023_12_5": 0.08987866380386476}