{"2023_20_9": 0.0249650489314959, "2023_26_8": 0.07988815658078689, "2023_26_9": 0.06990213700818854, "2023_26_12": 0.7539444777311763, "2023_27_6": 0.08488116636708608, "2023_27_7": 18.429199121230276, "2023_27_12": 8.612941881366085, "2023_32_4": 0.11983223487118033, "2023_32_6": 0.11983223487118033, "2023_32_7": 0.19472738166566805, "2023_32_9": 1.6576792490513284, "2023_38_1": 0.004993009786299181, "2023_38_4": 0.009986019572598362, "2023_38_6": 10.01098462152986, "2023_38_8": 0.2596365088875574, "2023_38_9": 6.8953465148791695, "2023_38_9_1": 0.4194128220491312, "2023_44_1": 40.03894547633313, "2023_44_25": 0.004993009786299181, "2023_44_30_1": 3.0157779109247054, "2023_44_30_2": 5.806870381465948, "2023_44_30_3": 0.0998601957259836, "2023_44_30_4": 3.285400439384861}