{"2023_38_6": 6.3976701582977125, "2023_38_8": 0.15500962938606794, "2023_38_9": 3.2927803090798062, "2023_38_9_1": 0.18789045986190053, "2023_44_1": 14.274977688007894, "2023_44_9_1": 0.0046972614965475135, "2023_44_9_2": 0.009394522993095027, "2023_44_25": 0.0046972614965475135, "2023_44_30_1": 0.1691014138757105, "2023_44_30_2": 0.4556343651651088, "2023_44_30_3": 0.009394522993095027, "2023_44_30_4": 0.29592747428249333, "2023_44_30_5_1": 5.36427262905726, "2023_44_30_6": 1.070975621212833, "2023_44_30_7": 0.8924796843440275, "2023_44_30_8": 34.03165954248673, "2023_44_30_9": 11.188876884776178, "2023_44_30_10": 0.0046972614965475135, "2023_44_30_12": 0.023486307482737567, "2023_44_30_13": 0.3616891352341585, "2023_44_30_14": 0.49321245713748896, "2023_44_30_15": 0.0046972614965475135, "2024_2_2": 0.12682606040678288, "2024_2_2_1": 14.801070975621217, "2024_2_3": 6.082953638029029, "2024_2_6": 0.29592747428249333}