{"2024_32_20": 0.10990869124112278, "2024_32_20_1": 0.2705444707473791, "2024_33_5": 18.87047683462969, "2024_33_15": 0.524179912073047, "2024_33_25": 0.21981738248224555, "2024_33_30": 0.016909029421711193, "2024_33_35": 7.423063916131214, "2024_33_40": 0.9384511329049713, "2024_38": 0.008454514710855596, "2024_38_2": 1.8769022658099426, "2024_38_4": 0.2113628677713899, "2024_38_6": 2.079810618870477, "2024_38_7": 5.757524518092662, "2024_39_5": 1.1244504565437945, "2024_39_15": 0.2367264119039567, "2024_44_1": 0.2536354413256679, "2024_44_3": 0.9299966181941156, "2024_44_3_1": 23.62191410213054, "2024_44_4": 0.7609063239770039, "2024_44_25_2": 14.786946229286437, "2024_44_25_3": 0.4734528238079134, "2024_44_25_4": 0.8285424416638485, "2024_45_25_5": 4.134257693608387, "2024_45_25_6": 1.031450794724383, "2024_45_25_10": 0.18599932363882313, "2024_45_25_15": 1.6148123097734193, "2024_45_32": 4.362529590801489, "2024_45_32_1": 6.459249239093677, "2024_45_32_2": 0.8877240446398377}