{"2024_32_5_3": 0.01956436676666232, "2024_32_5_4": 0.026085822355549758, "2024_32_6": 2.504238946132777, "2024_32_7": 7.636624494587192, "2024_32_9": 0.03912873353332464, "2024_32_9_1": 0.013042911177774879, "2024_32_10": 15.351506456241031, "2024_32_20": 0.0847789226555367, "2024_32_20_1": 0.20868657884439806, "2024_33_5": 15.351506456241031, "2024_33_15": 0.4173731576887961, "2024_33_25": 0.18912221207773575, "2024_33_30": 0.013042911177774879, "2024_33_35": 6.1171253423764185, "2024_33_40": 1.1086474501108647, "2024_38": 0.0065214555888874395, "2024_38_2": 1.5194991522107733, "2024_38_4": 0.16303638972218598, "2024_38_6": 1.6694926307551845, "2024_38_7": 5.2954219381766015, "2024_39_5": 0.9716968827442284, "2024_39_15": 1.526020607799661, "2024_44_1": 0.20868657884439806, "2024_44_3": 0.7760532150776053, "2024_44_3_1": 19.06873614190687, "2024_44_4": 0.5151949915221077, "2024_44_25_2": 16.81231250815182, "2024_44_25_3": 2.2303378113995045, "2024_45_25_5": 0.15651493413329856}