{"2023_32_9": 1.1118093488664378, "2023_38_6": 6.801372842848165, "2023_38_8": 0.16435442548460386, "2023_38_9": 3.610963406970561, "2023_38_9_1": 0.1933581476289457, "2023_44_1": 15.956881133078745, "2023_44_9_1": 0.009667907381447285, "2023_44_9_2": 0.009667907381447285, "2023_44_25": 0.0048339536907236426, "2023_44_30_1": 0.2223618697732876, "2023_44_30_2": 0.5462367670517716, "2023_44_30_3": 0.009667907381447285, "2023_44_30_4": 0.38188234156716777, "2023_44_30_5_1": 6.525837482476918, "2023_44_30_6": 1.2809977280417655, "2023_44_30_7": 1.1601488857736744, "2023_44_30_8": 48.46521970319524, "2023_44_30_9": 13.28370474210857, "2023_44_30_10": 0.0048339536907236426, "2023_44_30_12": 0.01933581476289457, "2023_44_30_13": 0.2368637308454585}