{"2024_32_9": 0.04290311047550948, "2024_32_9_1": 0.014301036825169826, "2024_32_10": 16.38898820164462, "2024_32_20": 0.09295673936360388, "2024_32_20_1": 0.22881658920271722, "2024_33_5": 16.27457990704326, "2024_33_15": 0.4504826599928495, "2024_33_25": 0.19306399713979266, "2024_33_30": 0.014301036825169826, "2024_33_35": 6.356810868787988, "2024_33_40": 0.8080085806220951, "2024_38": 0.007150518412584913, "2024_38_2": 1.5874150875938509, "2024_38_4": 0.1787629603146228, "2024_38_6": 1.7804790847336434, "2024_38_7": 4.96245977833393, "2024_39_5": 0.9796210225241331, "2024_39_15": 0.24311762602788706, "2024_44_1": 0.21451555237754738, "2024_44_3": 0.8080085806220951, "2024_44_3_1": 20.19306399713979, "2024_44_4": 0.6077940650697177, "2024_44_25_2": 13.457275652484805, "2024_44_25_3": 0.5362888809438685, "2024_44_25_4": 0.6077940650697177, "2024_45_25_5": 3.3321415802645693, "2024_45_25_6": 0.7365033964962461, "2024_45_25_10": 0.19306399713979266, "2024_45_32": 8.709331426528424}