{"2024_3_25": 7.158914058447173, "2024_8_4": 0.03458412588621823, "2024_8_7": 0.19597671335523664, "2024_8_8": 0.011528041962072744, "2024_8_9": 4.3575998616634966, "2024_8_12": 0.0403481468672546, "2024_9_5": 0.005764020981036372, "2024_14_3": 0.20750475531730941, "2024_14_5": 0.028820104905181856, "2024_14_6": 1.6369819586143295, "2024_14_7": 0.6455703498760736, "2024_14_8": 1.9021269237420024, "2024_14_9": 19.62072741944781, "2024_14_11": 0.0806962937345092, "2024_15_10": 0.005764020981036372, "2024_15_15": 3.9714104559340595, "2024_20_1": 5.954233673410571, "2024_20_3": 2.4958210847887488, "2024_20_6": 0.3227851749380368, "2024_20_6_1": 0.017292062943109116, "2024_20_6_2": 2.420888812035276, "2024_20_7": 17.101850250734916, "2024_20_8": 0.12680846158280018, "2024_20_9": 28.382039310623096, "2024_20_9_1": 0.023056083924145487, "2024_20_10": 2.7840221338405673, "2024_26_1": 0.07493227275347283, "2024_26_3_1": 0.3919534267104733}