{"2022_44_25_2": 0.016299918500407497, "2022_44_25_3": 0.05976636783482749, "2022_44_25_5": 0.02716653083401249, "2022_44_30": 0.05976636783482749, "2022_44_30_2": 0.010866612333604999, "2022_44_30_10": 0.10323281716924748, "2022_45_11": 0.0054333061668024995, "2022_45_12": 0.05976636783482749, "2022_45_13": 0.14669926650366746, "2022_45_15": 6.574300461831023, "2023_2_10": 0.10323281716924748, "2023_2_11": 0.0054333061668024995, "2023_2_12": 0.7280630263515349, "2023_2_201": 0.0054333061668024995, "2023_2_301": 0.010866612333604999, "2023_6_8": 0.1358326541700625, "2023_6_11": 0.5704971475142625, "2023_7_5": 0.22276555283890243, "2023_7_10": 24.640043466449335, "2023_12_1": 0.10323281716924748, "2023_12_1_1": 0.31513175767454493, "2023_12_5": 26.59603368649823, "2023_12_5_3": 0.10866612333604996, "2023_12_5_4": 0.6845965770171148, "2023_12_8": 0.08693289866883999, "2023_12_9": 36.55528389024721, "2023_12_9_1": 0.14669926650366746, "2023_12_10": 1.9179570768812821}