{"2024_3_25": 0.8324382384532758, "2024_8_7": 0.06713211600429644, "2024_8_9": 0.20810955961331895, "2024_14_3": 0.02013963480128893, "2024_14_6": 0.16111707841031145, "2024_14_7": 0.05370569280343716, "2024_14_8": 0.24167561761546724, "2024_14_9": 12.560418904403866, "2024_14_11": 0.006713211600429645, "2024_15_15": 4.779806659505907, "2024_20_1": 1.9938238453276045, "2024_20_3": 1.2755102040816324, "2024_20_6": 0.17454350161117077, "2024_20_6_1": 0.01342642320085929, "2024_20_6_2": 1.8931256713211597, "2024_20_7": 10.069817400644467, "2024_20_8": 0.0738453276047261, "2024_20_9": 28.168635875402785, "2024_20_9_1": 0.02013963480128893, "2024_20_10": 0.30880773361976366, "2024_20_15": 0.510204081632653, "2024_21_5": 2.040816326530612, "2024_26_1": 0.04027926960257786, "2024_26_3_1": 5.377282491944146, "2024_26_4": 0.046992481203007516, "2024_26_6": 6.317132116004295, "2024_26_7": 19.26020408163265, "2024_26_10": 3.4841568206229856}