{"2023_20_4_1": 0.020682523267838676, "2023_20_7": 0.015511892450879007, "2023_20_9": 0.036194415718717676, "2023_26_7": 0.010341261633919338, "2023_26_8": 0.07238883143743535, "2023_26_9": 0.07238883143743535, "2023_26_10": 0.005170630816959669, "2023_26_11": 0.005170630816959669, "2023_26_12": 0.7600827300930714, "2023_27_6": 0.1034126163391934, "2023_27_7": 19.17786970010341, "2023_27_12": 8.56773526370217, "2023_32_4": 0.13960703205791106, "2023_32_6": 0.1137538779731127, "2023_32_7": 0.2068252326783868, "2023_32_9": 1.9183040330920373, "2023_38_1": 0.005170630816959669, "2023_38_4": 0.010341261633919338, "2023_38_6": 11.540847983453983, "2023_38_8": 0.3102378490175801, "2023_38_9": 9.089968976215097, "2023_38_9_1": 0.2481902792140641, "2023_44_1": 47.55946225439504, "2023_44_25": 0.005170630816959669, "2023_44_25_1": 0.005170630816959669}