{"2022_40_4_2": 0.0683670786221404, "2022_44_2": 0.1209571391007099, "2022_44_25_1": 0.06310807257428344, "2022_44_25_2": 0.1472521693399947, "2022_44_25_3": 0.6994478043649748, "2022_44_25_5": 1.114909282145674, "2022_44_30": 0.5101235866421244, "2022_44_30_1": 0.05259006047856953, "2022_44_30_2": 0.0788850907178543, "2022_44_30_5": 1.8827241651327893, "2022_44_30_10": 18.41703917959505, "2022_45_10": 0.01577701814357086, "2022_45_11": 0.32605837496713114, "2022_45_12": 7.457270575861159, "2022_45_13": 3.7864843544570066, "2022_45_14": 0.18406521167499337, "2023_2_0_5": 0.05784906652642649, "2023_2_10": 1.0833552458585325, "2023_2_11": 0.1577701814357086, "2023_2_12": 28.419668682618976, "2023_2_13": 0.02103602419142781, "2023_2_201": 0.02103602419142781, "2023_2_301": 0.21036024191427813, "2023_6_1": 0.573231659216408, "2023_6_8": 29.555613988956082, "2023_6_9": 4.975019721272678}