{"2024_14_7": 0.03409245874812491, "2024_14_8": 0.11591435974362468, "2024_14_9": 2.5228419473612433, "2024_15_15": 3.8797218055366143, "2024_20_1": 0.6545752079639983, "2024_20_3": 0.19773626073912443, "2024_20_6": 0.006818491749624981, "2024_20_6_2": 0.13636983499249963, "2024_20_7": 2.556934406109368, "2024_20_8": 0.013636983499249963, "2024_20_9": 8.189008591299604, "2024_20_9_1": 0.006818491749624981, "2024_20_10": 0.10227737624437473, "2024_20_15": 0.38865402972862395, "2024_21_5": 0.5932087822173734, "2024_26_1": 0.006818491749624981, "2024_26_3_1": 2.1273694258829945, "2024_26_4": 0.020455475248874946, "2024_26_6": 1.131869630437747, "2024_26_7": 26.653484249284055, "2024_26_8": 23.523796536206188, "2024_26_10": 5.836628937678984, "2024_26_11": 1.138688122187372, "2024_26_20": 4.650211373244238, "2024_27_5": 1.8819037228964948, "2024_27_10": 0.24546570298649936, "2024_32": 0.08182190099549978, "2024_32_3": 13.30287740351834}