{"2023_12_1_1": 0.03207184092366902, "2023_12_5": 0.06414368184733804, "2023_12_9": 0.05612572161642079, "2023_12_9_1": 0.020044900577293138, "2023_12_10": 0.08017960230917255, "2023_12_11": 0.06815266196279668, "2023_20_4_1": 0.1042334830019243, "2023_20_7": 0.08418858242463119, "2023_20_8": 0.14432328415651058, "2023_20_9": 3.0708787684413084, "2023_26_1": 0.172386144964721, "2023_26_3": 0.012026940346375883, "2023_26_6": 0.06013470173187942, "2023_26_7": 2.269082745349583, "2023_26_8": 4.542174470814626, "2023_26_9": 6.2860808210391275, "2023_26_10": 0.5091404746632457, "2023_26_11": 0.38887107119948683, "2023_26_12": 0.7536882617062219, "2023_27_6": 21.720654265554842, "2023_32_1": 0.4369788325849904, "2023_32_4": 4.189384220654266, "2023_32_6": 18.72193713919179, "2023_32_7": 35.68393200769724, "2023_32_9": 0.5251763951250803, "2023_38_1": 0.0040089801154586276}