{"2024_32_7": 7.681043663471779, "2024_32_9": 0.039936102236421724, "2024_32_9_1": 0.01331203407880724, "2024_32_10": 15.421991480298189, "2024_32_20": 0.08652822151224707, "2024_32_20_1": 0.21299254526091585, "2024_33_5": 15.40867944621938, "2024_33_15": 0.4193290734824281, "2024_33_25": 0.1863684771033014, "2024_33_30": 0.01331203407880724, "2024_33_35": 5.997071352502663, "2024_33_40": 0.8120340788072419, "2024_38": 0.00665601703940362, "2024_38_2": 1.5042598509052183, "2024_38_4": 0.16640042598509053, "2024_38_6": 1.6706602768903085, "2024_38_7": 4.752396166134186, "2024_39_5": 0.9318423855165068, "2024_39_15": 0.2795527156549521, "2024_44_1": 0.21299254526091585, "2024_44_3": 0.7787539936102236, "2024_44_3_1": 18.996272630457938, "2024_44_4": 0.5258253461128861, "2024_44_25_2": 13.944355697550584, "2024_44_25_3": 1.2047390841320555, "2024_44_25_4": 0.48588924387646437, "2024_45_25_5": 2.649094781682641, "2024_45_25_6": 0.5724174653887114, "2024_45_32": 5.025292864749734}