{"2023_6_8": 0.060215053763440864, "2023_6_11": 0.06881720430107527, "2023_7_5": 0.017204301075268817, "2023_7_10": 2.817204301075269, "2023_7_15": 1.4322580645161291, "2023_7_20": 23.995698924731183, "2023_7_25": 0.004301075268817204, "2023_7_26": 0.3139784946236559, "2023_12_1": 0.012903225806451613, "2023_12_1_1": 0.07311827956989247, "2023_12_5": 1.956989247311828, "2023_12_5_4": 0.24086021505376345, "2023_12_8": 0.004301075268817204, "2023_12_9": 3.4709677419354836, "2023_12_9_1": 0.8129032258064517, "2023_12_10": 0.5290322580645161, "2023_12_11": 1.5311827956989246, "2023_20_4_1": 6.5075268817204295, "2023_20_6": 0.11182795698924733, "2023_20_7": 5.359139784946237, "2023_20_8": 3.41505376344086, "2023_20_9": 40.22795698924732, "2023_26_1": 4.705376344086021, "2023_26_3": 0.12903225806451613, "2023_26_6": 2.034408602150538, "2023_26_7": 0.16774193548387098}