{"2024_20_10": 0.05792251254987772, "2024_20_15": 0.3153559016604454, "2024_21_5": 0.40545758784914404, "2024_26_3_1": 1.480241987385764, "2024_26_4": 0.01930750418329257, "2024_26_6": 0.7529926631484104, "2024_26_7": 10.445359763161283, "2024_26_8": 7.652207491311623, "2024_26_10": 2.22679881580641, "2024_26_11": 0.30892006693268115, "2024_26_20": 1.8084695585017379, "2024_27_5": 0.37971424893808736, "2024_27_10": 1.5381644999356419, "2024_27_25": 9.90474964602909, "2024_32": 0.03217917363882096, "2024_32_3": 11.487964989059082, "2024_32_4_1": 0.5985326296820698, "2024_32_4_2": 0.05148667782211353, "2024_32_5_3": 0.03217917363882096, "2024_32_5_4": 0.0836658514609345, "2024_32_6": 13.566739606126918, "2024_32_7": 18.850559917621318, "2024_32_10": 16.926245334019825, "2024_32_20": 0.5856609602265415, "2024_32_20_1": 0.469815935126786, "2024_38": 0.01930750418329257}