{"2024_14_7": 0.04037956793862306, "2024_14_8": 0.1278686318056397, "2024_14_9": 2.4631536442560065, "2024_15_15": 3.755299818291944, "2024_20_1": 0.6662628709872805, "2024_20_3": 0.20189783969311528, "2024_20_6": 0.006729927989770509, "2024_20_6_2": 0.12113870381586916, "2024_20_7": 2.4698835722457773, "2024_20_8": 0.013459855979541017, "2024_20_9": 7.880745676021267, "2024_20_9_1": 0.006729927989770509, "2024_20_10": 0.10767884783632814, "2024_20_15": 0.370146039437378, "2024_21_5": 0.5787738071202639, "2024_26_1": 0.006729927989770509, "2024_26_3_1": 2.0391681809004645, "2024_26_4": 0.02018978396931153, "2024_26_6": 1.0835184063530519, "2024_26_7": 25.775624200821046, "2024_26_8": 23.574937748166093, "2024_26_10": 5.767548287233327, "2024_26_11": 1.150817686250757, "2024_26_20": 4.697489736859816, "2024_27_5": 1.8978396931152837, "2024_27_10": 0.7537519348542971, "2024_32": 0.0740292078874756, "2024_32_3": 14.348206474190725}