{"2022_44_25_2": 0.0261876080238831, "2022_44_25_3": 0.23568847221494793, "2022_44_25_5": 0.08380034567642593, "2022_44_30": 0.21997590740061804, "2022_44_30_2": 0.020950086419106482, "2022_44_30_5": 0.18855077777195833, "2022_44_30_10": 1.6341067406903054, "2022_45_10": 0.0052375216047766205, "2022_45_11": 0.0523752160477662, "2022_45_12": 1.0946420153983136, "2022_45_13": 1.8017074320431572, "2022_45_14": 0.031425129628659725, "2022_45_15": 27.81647724296863, "2023_2_0_5": 0.020950086419106482, "2023_2_10": 0.46613942282511917, "2023_2_11": 0.0261876080238831, "2023_2_12": 16.073953805059446, "2023_2_13": 0.015712564814329862, "2023_2_201": 0.0052375216047766205, "2023_2_301": 0.06285025925731945, "2023_6_1": 0.08903786728120253, "2023_6_8": 18.006599277222023, "2023_6_9": 1.3565180956371448, "2023_6_11": 16.980045042685806, "2023_6_11_2": 0.07332530246687269, "2023_6_15": 0.0052375216047766205, "2023_12_1": 13.601843607604886, "2023_12_1_1": 0.0052375216047766205}