{"2022_44_30": 0.1588042970574498, "2022_44_30_2": 0.018682858477347034, "2022_44_30_5": 0.1120971508640822, "2022_44_30_10": 0.9201307800093415, "2022_45_11": 0.03736571695469407, "2022_45_12": 0.6725829051844932, "2022_45_13": 1.0509107893507705, "2022_45_14": 0.023353573096683792, "2022_45_15": 28.453993460999534, "2023_2_0_5": 0.023353573096683792, "2023_2_10": 0.33162073797290986, "2023_2_11": 0.014012143858010275, "2023_2_12": 5.11443250817375, "2023_2_13": 0.018682858477347034, "2023_2_201": 0.004670714619336758, "2023_2_301": 0.046707146193367584, "2023_6_1": 0.03269500233535731, "2023_6_8": 5.151798225128444, "2023_6_9": 0.9481550677253617, "2023_6_11": 3.7319009808500696, "2023_6_11_2": 0.02802428771602055, "2023_7_5": 0.26623073330219527, "2023_12_1": 1.9710415693601122, "2023_12_1_1": 5.361980382998599, "2023_12_5": 44.22232601588043, "2023_12_5_3": 0.49042503503035967, "2023_12_8": 0.7940214852872489}