{"2023_44_30_14": 0.11021307861866272, "2023_44_30_30": 0.07347538574577515, "2024_8_9": 0.03673769287288758, "2024_14_9": 0.03673769287288758, "2024_15_15": 0.03673769287288758, "2024_20_6_2": 0.03673769287288758, "2024_26_8": 0.25716385011021303, "2024_32_3": 0.03673769287288758, "2024_32_6": 0.07347538574577515, "2024_32_7": 0.4408523144746509, "2024_32_10": 0.7714915503306391, "2024_33_5": 0.6980161645848639, "2024_33_35": 0.22042615723732545, "2024_33_40": 0.07347538574577515, "2024_38_2": 0.03673769287288758, "2024_38_6": 0.1469507714915503, "2024_38_7": 0.3306392358559882, "2024_39_5": 0.03673769287288758, "2024_39_15": 0.1469507714915503, "2024_44_1": 0.03673769287288758, "2024_44_3_1": 0.6612784717119764, "2024_44_4": 1.7634092578986036, "2024_44_25_2": 18.148420279206462, "2024_44_25_3": 0.3306392358559882, "2024_44_25_4": 3.3431300514327686, "2024_45_25_5": 13.96032329169728, "2024_45_25_6": 3.49008082292432, "2024_45_25_10": 0.5143277002204261, "2024_45_25_15": 8.412931667891254, "2024_45_32": 8.045554739162379, "2024_45_32_1": 14.548126377663479, "2024_45_32_2": 22.042615723732546, "2024_45_32_5": 0.7714915503306391, "2025_2": 0.3306392358559882}