{"2023_26_12": 0.2928709055876685, "2023_32_6": 0.015414258188824661, "2023_38_9": 0.015414258188824661, "2023_44_1": 0.015414258188824661, "2023_44_30_8": 0.10019267822736029, "2023_44_30_9": 0.02312138728323699, "2023_44_30_13": 0.015414258188824661, "2023_44_30_14": 0.6088631984585741, "2023_44_30_20": 0.0077071290944123304, "2023_44_30_25": 0.0770712909441233, "2023_44_30_30": 0.18497109826589592, "2024_2_6": 0.02312138728323699, "2024_2_7": 0.5780346820809248, "2024_2_8": 0.02312138728323699, "2024_2_12": 0.0077071290944123304, "2024_3_6": 0.2851637764932562, "2024_3_10": 1.0558766859344892, "2024_3_15": 5.633911368015413, "2024_3_20": 0.5472061657032755, "2024_3_25": 39.67630057803467, "2024_8_4": 0.1078998073217726, "2024_8_7": 0.36223506743737954, "2024_8_8": 0.015414258188824661, "2024_8_9": 20.670520231213867, "2024_8_12": 0.06936416184971098, "2024_9_5": 0.015414258188824661, "2024_14_3": 1.1637764932562618, "2024_14_5": 0.0539499036608863, "2024_14_6": 13.271676300578031, "2024_14_7": 6.497109826589593, "2024_14_8": 8.585741811175335}