{"2024_21_5": 0.34351835111191464, "2024_26_3_1": 1.2294340987163264, "2024_26_4": 0.018079913216416565, "2024_26_6": 0.6267703248357742, "2024_26_7": 8.28662689085759, "2024_26_8": 6.159223769059243, "2024_26_10": 1.6754052913879351, "2024_26_11": 0.2591454227686374, "2024_26_20": 1.4825528837461581, "2024_27_5": 0.2711986982462485, "2024_27_10": 0.9281022117760502, "2024_27_25": 4.296992707768337, "2024_32": 0.030133188694027604, "2024_32_3": 6.924606761887543, "2024_32_4_1": 0.3676249020671368, "2024_32_4_2": 0.030133188694027604, "2024_32_5_3": 0.024106550955222086, "2024_32_5_4": 0.030133188694027604, "2024_32_6": 4.110166937865365, "2024_32_7": 23.154342192490812, "2024_32_9": 0.4941842945820528, "2024_32_10": 36.147773157355516, "2024_32_20": 0.15669258120894355, "2024_32_20_1": 1.0787681552461883, "2024_33_15": 0.030133188694027604, "2024_38": 0.006026637738805522, "2024_38_2": 1.838124510335684}