{"2023_7_30": 0.08042741425863159, "2023_12_9": 0.01148963060837594, "2023_12_9_1": 0.01148963060837594, "2023_20_4_1": 0.01723444591256391, "2023_20_7": 0.01148963060837594, "2023_20_9": 0.02297926121675188, "2023_26_3": 0.00574481530418797, "2023_26_7": 0.01148963060837594, "2023_26_8": 0.0574481530418797, "2023_26_9": 0.07468259895444361, "2023_26_10": 0.00574481530418797, "2023_26_11": 0.00574481530418797, "2023_26_12": 0.8387430344114436, "2023_27_6": 0.14362038260469925, "2023_27_7": 28.287470557821564, "2023_27_11": 0.00574481530418797, "2023_27_12": 0.01148963060837594, "2023_31_600": 0.00574481530418797, "2023_32_4": 0.17808927442982705, "2023_32_6": 0.1378755673005113, "2023_32_7": 0.2814959499052106, "2023_32_9": 3.1251795254782557, "2023_38_1": 0.00574481530418797, "2023_38_4": 0.02297926121675188, "2023_38_6": 28.77577985867754, "2023_38_8": 0.5400126385936692, "2023_38_9": 18.659160108002528, "2023_44_1": 18.664904923306715}