{"2024_3_6": 0.1152423121247043, "2024_3_10": 0.4609692484988172, "2024_3_15": 2.656638563716868, "2024_3_20": 0.16983077576272212, "2024_3_25": 9.092011888154303, "2024_8_4": 0.04245769394068053, "2024_8_7": 0.21835385455207132, "2024_8_8": 0.012130769697337295, "2024_8_9": 5.161642506217019, "2024_8_12": 0.04245769394068053, "2024_9_5": 0.0060653848486686476, "2024_14_3": 0.2547461636440832, "2024_14_5": 0.030326924243343243, "2024_14_6": 2.0682962333960093, "2024_14_7": 0.8309577242676048, "2024_14_8": 2.5717231758355066, "2024_14_9": 28.440589555407286, "2024_14_11": 0.0788500030326924, "2024_15_10": 0.0060653848486686476, "2024_15_15": 1.4374962091344696, "2024_20_1": 9.013161885121612, "2024_20_3": 4.815915569842907, "2024_20_6": 0.9340692666949717, "2024_20_6_1": 0.030326924243343243, "2024_20_6_2": 6.702250257778856, "2024_20_7": 24.449566324983323, "2024_20_8": 0.28507308788742647, "2024_20_9": 0.07278461818402378}