{"2022_44_30": 0.02813414359666892, "2022_44_30_2": 0.011253657438667566, "2022_44_30_5": 0.011253657438667566, "2022_44_30_10": 0.09002925950934053, "2022_45_12": 0.05064145847400405, "2022_45_13": 0.11253657438667568, "2022_45_15": 1.6374071573261306, "2023_2_10": 0.06189511591267162, "2023_2_12": 0.2925950934053567, "2023_2_301": 0.011253657438667566, "2023_6_8": 0.05626828719333784, "2023_6_9": 0.005626828719333783, "2023_6_11": 0.35449020931802827, "2023_7_5": 0.03938780103533648, "2023_7_10": 16.638532523069998, "2023_7_15": 13.532523069997747, "2023_12_1": 0.045014629754670264, "2023_12_1_1": 0.129417060544677, "2023_12_5": 12.32838172406032, "2023_12_5_3": 0.005626828719333783, "2023_12_5_4": 0.545802385775377, "2023_12_8": 0.005626828719333783, "2023_12_9": 20.90929552104434, "2023_12_9_1": 14.162727886563134, "2023_12_10": 1.8174656763448118, "2023_12_11": 2.4589241503488632, "2023_20_4_1": 14.657888813864506}