{"2022_44_25_2": 0.016182975509763727, "2022_44_25_3": 0.059337576869133664, "2022_44_25_5": 0.026971625849606214, "2022_44_30": 0.05394325169921243, "2022_44_30_5": 0.010788650339842484, "2022_44_30_10": 0.10249217822850361, "2022_45_11": 0.005394325169921242, "2022_45_12": 0.059337576869133664, "2022_45_13": 0.14025245441795228, "2022_45_15": 6.144136368540296, "2023_2_10": 0.10249217822850361, "2023_2_11": 0.005394325169921242, "2023_2_12": 0.6635019959003129, "2023_2_201": 0.005394325169921242, "2023_2_301": 0.010788650339842484, "2023_6_8": 0.13485812924803106, "2023_6_11": 0.6257417197108641, "2023_7_5": 0.20498435645700722, "2023_7_10": 25.115977991153304, "2023_12_1": 0.09709785305858237, "2023_12_1_1": 0.31826518502535334, "2023_12_5": 26.01683029453016, "2023_12_5_3": 0.10788650339842486, "2023_12_5_4": 0.6850792965799979, "2023_12_8": 0.08630920271873987, "2023_12_9": 37.0751968928687, "2023_12_9_1": 0.16722408026755853, "2023_12_10": 1.958140036681411}