{"2022_44_30_10": 0.056390013841185214, "2022_45_12": 0.030758189367919214, "2022_45_13": 0.051263648946532014, "2022_45_15": 1.0867893576664789, "2023_2_10": 0.025631824473266007, "2023_2_12": 0.17429640641820884, "2023_2_301": 0.010252729789306405, "2023_6_8": 0.056390013841185214, "2023_6_11": 0.12815912236633004, "2023_7_5": 0.030758189367919214, "2023_7_10": 6.2336597118982935, "2023_7_15": 3.573076331573282, "2023_7_20": 20.100476751935204, "2023_12_1": 0.015379094683959607, "2023_12_1_1": 0.07176910852514483, "2023_12_5": 3.783257292254063, "2023_12_5_4": 0.4203619213615626, "2023_12_8": 0.005126364894653203, "2023_12_9": 6.879581688624597, "2023_12_9_1": 2.281232378120675, "2023_12_10": 1.1021684523504385, "2023_12_11": 3.8909109550417798, "2023_20_4_1": 48.823499256677096, "2023_20_6": 1.1585584661916235, "2023_20_7": 0.010252729789306405}