{"2024_3_20": 0.15162542455118877, "2024_3_25": 8.230228044638526, "2024_8_4": 0.04245511887433285, "2024_8_7": 0.22440562833575933, "2024_8_8": 0.012130033964095099, "2024_8_9": 4.858078602620087, "2024_8_12": 0.04245511887433285, "2024_9_5": 0.0060650169820475495, "2024_14_3": 0.22440562833575933, "2024_14_5": 0.030325084910237745, "2024_14_6": 1.9347404172731686, "2024_14_7": 0.782387190684134, "2024_14_8": 2.3047064531780688, "2024_14_9": 26.90441533236293, "2024_14_11": 0.0849102377486657, "2024_15_10": 0.0060650169820475495, "2024_15_15": 4.251576904415332, "2024_20_1": 7.496360989810773, "2024_20_3": 3.4570596797671036, "2024_20_6": 0.5943716642406598, "2024_20_6_1": 0.030325084910237745, "2024_20_6_2": 3.566229985443959, "2024_20_7": 19.984230955846677, "2024_20_8": 0.13949539058709368, "2024_20_9": 14.513585638039785, "2024_20_9_1": 0.012130033964095099, "2024_26_1": 0.11523532265890343}