{"2023_7_20": 2.514851485148515, "2023_7_26": 0.0396039603960396, "2023_7_30": 21.449504950495047, "2023_12_1_1": 0.02772277227722772, "2023_12_5": 0.06336633663366337, "2023_12_9": 0.05544554455445544, "2023_12_9_1": 0.0198019801980198, "2023_12_10": 0.0792079207920792, "2023_12_11": 0.06336633663366337, "2023_20_4_1": 0.09504950495049504, "2023_20_7": 0.10297029702970295, "2023_20_8": 0.16237623762376238, "2023_20_9": 3.5643564356435635, "2023_26_1": 0.2059405940594059, "2023_26_3": 0.01188118811881188, "2023_26_6": 0.06732673267326732, "2023_26_7": 2.9544554455445544, "2023_26_8": 6.2772277227722775, "2023_26_9": 8.669306930693068, "2023_26_10": 0.8475247524752474, "2023_26_11": 0.697029702970297, "2023_26_12": 0.26138613861386134, "2023_27_6": 3.251485148514851, "2023_32_1": 0.7603960396039603, "2023_32_4": 7.429702970297028, "2023_32_6": 39.2039603960396, "2023_32_7": 1.1247524752475246}