{"2023_44_1": 12.548945605510212, "2023_44_30_1": 0.13209416426852855, "2023_44_30_2": 0.39628249280558564, "2023_44_30_3": 0.009435297447752039, "2023_44_30_4": 0.25003538236542905, "2023_44_30_5_1": 4.321366231070433, "2023_44_30_6": 0.8255885266783034, "2023_44_30_7": 0.7501061470962872, "2023_44_30_8": 19.658442232391373, "2023_44_30_9": 4.434589800443459, "2023_44_30_10": 0.0047176487238760195, "2023_44_30_12": 0.01415294617162806, "2023_44_30_13": 0.38684719535783363, "2023_44_30_14": 13.365098834740765, "2023_44_30_16": 0.0471764872387602, "2023_44_30_20": 0.17927065150728877, "2023_44_30_25": 0.23588243619380103, "2024_2_2": 0.08020002830589235, "2024_2_2_1": 4.962966457517573, "2024_2_3": 1.2879181016181536, "2024_2_6": 2.1370948719158367, "2024_2_7": 31.16478746992499, "2024_2_8": 2.377694956833514, "2024_8_3": 0.42930603387271776}