{"2022_45_12": 0.03326205749584224, "2022_45_13": 0.042765502494654314, "2022_45_15": 0.7745307674031837, "2023_2_10": 0.014255167498218105, "2023_2_12": 0.13304822998336896, "2023_2_301": 0.00950344499881207, "2023_6_8": 0.03326205749584224, "2023_6_11": 0.07127583749109052, "2023_7_5": 0.02851033499643621, "2023_7_10": 4.233784746970777, "2023_7_15": 2.4138750296982656, "2023_7_20": 22.779757662152527, "2023_7_25": 0.01900688999762414, "2023_12_1": 0.00950344499881207, "2023_12_1_1": 0.03801377999524828, "2023_12_5": 2.584937039676883, "2023_12_5_4": 0.3516274649560466, "2023_12_8": 0.004751722499406035, "2023_12_9": 4.8420052268947495, "2023_12_9_1": 1.3067236873366594, "2023_12_10": 0.7222618199097173, "2023_12_11": 2.9128058921358995, "2023_20_4_1": 19.272986457590875, "2023_20_6": 0.7317652649085293, "2023_20_7": 35.514373960560704, "2023_20_8": 1.116654787360418, "2023_26": 0.004751722499406035}