{"2024_20_15": 0.26386843397152676, "2024_21_5": 0.3743249877270496, "2024_26_3_1": 1.2886597938144329, "2024_26_4": 0.018409425625920472, "2024_26_6": 0.6443298969072164, "2024_26_7": 8.781296023564066, "2024_26_8": 6.461708394698086, "2024_26_10": 1.8470790378006874, "2024_26_11": 0.2761413843888071, "2024_26_20": 1.5341188021600392, "2024_27_5": 0.3068237604320079, "2024_27_10": 1.0861561119293077, "2024_27_25": 4.872361315660285, "2024_32": 0.030682376043200784, "2024_32_3": 7.658321060382916, "2024_32_4_1": 0.3988708885616103, "2024_32_4_2": 0.030682376043200784, "2024_32_5_3": 0.024545900834560635, "2024_32_5_4": 0.036818851251840944, "2024_32_6": 4.7005400098183605, "2024_32_7": 30.11782032400589, "2024_32_9": 0.5031909671084929, "2024_32_10": 27.29504172803142, "2024_32_20": 0.1718213058419244, "2024_32_20_1": 1.0370643102601866, "2024_38": 0.012272950417280317, "2024_38_2": 0.22704958271968578}