{"2023_26_7": 0.01979512050279606, "2023_26_8": 0.08907804226258226, "2023_26_9": 0.07918048201118424, "2023_26_12": 0.7472657989805511, "2023_27_6": 0.08907804226258226, "2023_27_7": 14.692928193200375, "2023_27_12": 6.3987727025288255, "2023_32_1": 0.004948780125699015, "2023_32_4": 0.1039243826396793, "2023_32_6": 0.18310486465086356, "2023_32_7": 0.19300242490226158, "2023_32_9": 1.5836096402236846, "2023_38_1": 0.004948780125699015, "2023_38_4": 0.014846340377097046, "2023_38_6": 9.570940763101895, "2023_38_8": 0.24249022615925173, "2023_38_9": 6.146384916118176, "2023_38_9_1": 0.42064631068441627, "2023_44_1": 34.84436086504677, "2023_44_25": 0.004948780125699015, "2023_44_30": 0.004948780125699015, "2023_44_30_1": 3.1622705003216707, "2023_44_30_2": 14.584055030434994, "2023_44_30_3": 0.12866828326817437, "2023_44_30_4": 6.685801949819369}