{"2024_2_8": 0.01262626262626263, "2024_3_6": 0.12626262626262624, "2024_3_10": 0.5239898989898991, "2024_3_15": 2.904040404040404, "2024_3_20": 0.18939393939393942, "2024_3_25": 10.61868686868687, "2024_8_3": 0.01262626262626263, "2024_8_4": 0.05050505050505052, "2024_8_7": 0.23358585858585862, "2024_8_8": 0.01262626262626263, "2024_8_9": 5.8396464646464645, "2024_8_12": 0.04419191919191919, "2024_9_5": 0.006313131313131315, "2024_14_3": 0.29671717171717177, "2024_14_5": 0.03156565656565656, "2024_14_6": 2.4179292929292933, "2024_14_7": 1.0416666666666667, "2024_14_8": 3.232323232323233, "2024_14_9": 29.482323232323232, "2024_14_11": 0.08207070707070707, "2024_15_5": 0.02525252525252526, "2024_15_10": 0.006313131313131315, "2024_20_1": 13.080808080808081, "2024_20_3": 10.965909090909092, "2024_20_6": 4.059343434343435, "2024_20_6_1": 0.03156565656565656, "2024_20_6_2": 14.671717171717171}