{"2024_27_5": 0.21603604715758287, "2024_27_10": 0.6481081414727486, "2024_27_25": 2.9689525337942104, "2024_32": 0.030862292451083274, "2024_32_3": 5.1972100487624235, "2024_32_4_1": 0.22838096413801615, "2024_32_4_2": 0.024689833960866617, "2024_32_5_3": 0.018517375470649966, "2024_32_5_4": 0.024689833960866617, "2024_32_6": 2.5060181470279614, "2024_32_7": 7.826677365594717, "2024_32_9": 0.03703475094129993, "2024_32_9_1": 0.012344916980433308, "2024_32_10": 17.801370285784827, "2024_32_20": 0.08641441886303315, "2024_32_20_1": 0.24072588111844948, "2024_33_5": 19.122276402691192, "2024_33_15": 0.4382445528053823, "2024_33_25": 0.22220850564779954, "2024_33_30": 0.012344916980433308, "2024_33_35": 8.752546139127215, "2024_38": 0.006172458490216654, "2024_38_2": 1.6295290414171966, "2024_38_4": 0.16665637923584967, "2024_38_6": 1.8393926300845627, "2024_38_7": 6.690945003394853, "2024_39_5": 1.0616628603172644, "2024_44_1": 0.25924325658909947, "2024_44_3": 1.0678353188074812, "2024_44_3_1": 20.862909696932288}