{"2023_26_12": 0.2883691124639539, "2023_32_6": 0.016020506247997435, "2023_38_9": 0.016020506247997435, "2023_44_1": 0.016020506247997435, "2023_44_30_8": 0.08811278436398591, "2023_44_30_9": 0.016020506247997435, "2023_44_30_13": 0.016020506247997435, "2023_44_30_14": 0.6408202499198975, "2023_44_30_20": 0.008010253123998718, "2023_44_30_25": 0.09612303748798462, "2023_44_30_30": 0.200256328099968, "2024_2_6": 0.024030759371996155, "2024_2_7": 0.6488305030438962, "2024_2_8": 0.03204101249599487, "2024_2_12": 0.008010253123998718, "2024_3_6": 0.3364306312079462, "2024_3_10": 1.1454661967318167, "2024_3_15": 6.392181992950978, "2024_3_20": 0.6728612624158924, "2024_3_25": 40.14738865748158, "2024_8_3": 0.008010253123998718, "2024_8_4": 0.12816404998397948, "2024_8_7": 0.44857417494392826, "2024_8_8": 0.016020506247997435, "2024_8_9": 23.26978532521628, "2024_8_12": 0.08010253123998719, "2024_9_5": 0.008010253123998718, "2024_14_3": 1.3777635373277797, "2024_14_5": 0.08010253123998719, "2024_14_6": 16.989746876001284, "2024_14_7": 6.784684396026915}