{"2023_7_15": 0.0920699731796165, "2023_7_20": 2.6460109683359345, "2023_7_26": 0.044033465433729636, "2023_7_30": 22.86137464472999, "2023_12_1_1": 0.028021296185100672, "2023_12_5": 0.06404867699451582, "2023_12_9": 0.052039550058044115, "2023_12_9_1": 0.020015211560786193, "2023_12_10": 0.08006084624314477, "2023_12_11": 0.0720547616188303, "2023_20_4_1": 0.09607301549177374, "2023_20_7": 0.10407910011608823, "2023_20_8": 0.16812777711060406, "2023_20_9": 3.666786757936031, "2023_26_1": 0.2121612425443337, "2023_26_3": 0.012009126936471718, "2023_26_6": 0.0720547616188303, "2023_26_7": 3.162403426604219, "2023_26_8": 6.897241903846924, "2023_26_9": 9.58328329530443, "2023_26_10": 0.856651054801649, "2023_26_11": 0.7165445738761458, "2023_26_12": 0.22417036948080538, "2023_27_6": 1.709299067291141, "2023_32_1": 0.8846723509867498, "2023_32_4": 8.146191105239982, "2023_32_6": 37.180256995316434, "2023_32_7": 0.3482646811576797}