{"2023_27_6": 0.05372011818426001, "2023_27_7": 7.368609544274331, "2023_27_12": 2.7576327334586805, "2023_32_4": 0.076103500761035, "2023_32_6": 0.10296355985316501, "2023_32_7": 0.13430029546065003, "2023_32_9": 1.0744023636852003, "2023_38_1": 0.004476676515355, "2023_38_4": 0.013430029546065002, "2023_38_6": 6.562807771510432, "2023_38_8": 0.15668367803742506, "2023_38_9": 3.554481153191871, "2023_38_9_1": 0.21488047273704003, "2023_44_1": 16.250335750738653, "2023_44_9_1": 0.00895335303071, "2023_44_25": 0.004476676515355, "2023_44_30_1": 0.24174053182917005, "2023_44_30_2": 0.6133046826036351, "2023_44_30_3": 0.00895335303071, "2023_44_30_4": 0.4073775628973051, "2023_44_30_5_1": 7.816277195809832, "2023_44_30_6": 1.544453397797475, "2023_44_30_7": 1.4593965440057302, "2023_44_30_8": 42.28668636404334, "2023_44_30_9": 7.270122660936522, "2023_44_30_10": 0.004476676515355, "2023_44_30_11": 0.00895335303071}