{"2023_27_7": 0.015792798483891344, "2023_32_7": 0.015792798483891344, "2023_32_9": 0.03158559696778269, "2023_38_9": 0.039481996209728365, "2023_44_1": 0.047378395451674035, "2023_44_30_5_1": 0.023689197725837018, "2023_44_30_6": 0.015792798483891344, "2023_44_30_8": 1.137081490840177, "2023_44_30_9": 0.047378395451674035, "2023_44_30_13": 0.03158559696778269, "2023_44_30_14": 4.493051168667087, "2023_44_30_16": 0.023689197725837018, "2023_44_30_20": 0.023689197725837018, "2023_44_30_25": 6.088123815540113, "2023_44_30_30": 0.5606443461781428, "2024_2_2_1": 0.007896399241945672, "2024_2_3": 0.023689197725837018, "2024_2_6": 0.047378395451674035, "2024_2_7": 25.221099178774477, "2024_2_7_1": 0.007896399241945672, "2024_2_8": 1.8240682248894506, "2024_2_12": 0.055274794693619726, "2024_2_13": 0.18951358180669614, "2024_3_6": 4.500947567909034, "2024_3_10": 26.8161718256475, "2024_8_3": 0.18161718256475048, "2024_8_4": 5.322173089071383, "2024_8_7": 23.207517372078332}