{"2022_44_25_3": 0.19606857372681108, "2022_44_25_5": 0.07038359056859886, "2022_44_30": 0.19606857372681108, "2022_44_30_2": 0.02513699663164244, "2022_44_30_5": 0.18098637574782564, "2022_44_30_10": 1.312151224171736, "2022_45_10": 0.0050273993263284895, "2022_45_11": 0.040219194610627916, "2022_45_12": 0.9401236740234277, "2022_45_13": 1.4227540093509627, "2022_45_14": 0.02513699663164244, "2022_45_15": 28.243929415313453, "2023_2_0_5": 0.020109597305313958, "2023_2_10": 0.41727414408526464, "2023_2_11": 0.020109597305313958, "2023_2_12": 10.763661957669296, "2023_2_13": 0.020109597305313958, "2023_2_201": 0.0050273993263284895, "2023_2_301": 0.055301392589613384, "2023_6_1": 0.08546578854758431, "2023_6_8": 11.688703433713739, "2023_6_9": 1.1261374490975817, "2023_6_11": 9.929113669498769, "2023_6_11_2": 0.055301392589613384, "2023_6_15": 0.0050273993263284895, "2023_12_1": 8.627017243979687, "2023_12_1_1": 24.518626514504042, "2023_12_5": 0.0050273993263284895}