{"2022_45_13": 0.0340928461844423, "2022_45_15": 0.14773566679924996, "2023_2_10": 0.01704642309222115, "2023_2_12": 0.21592135916813454, "2023_2_301": 0.011364282061480767, "2023_6_8": 0.028410705153701914, "2023_6_11": 0.05113926927666345, "2023_7_10": 0.9886925393488266, "2023_7_15": 0.8693675777032787, "2023_7_20": 27.524291152906414, "2023_7_26": 0.4318427183362691, "2023_12_1": 0.01704642309222115, "2023_12_1_1": 0.06250355133814421, "2023_12_5": 0.3068356156599807, "2023_12_5_4": 0.12500710267628842, "2023_12_9": 0.15341780782999034, "2023_12_9_1": 0.05682141030740383, "2023_12_10": 0.17614637195295185, "2023_12_11": 0.44888914142849023, "2023_20_4_1": 0.31251775669072107, "2023_20_7": 0.6250355133814421, "2023_20_8": 0.5909426671969998, "2023_20_9": 17.853287118586287, "2023_26_1": 0.8239104494573556, "2023_26_3": 0.05113926927666345, "2023_26_6": 0.5398033979203364, "2023_26_7": 41.21256889596, "2023_26_8": 6.324222967214048}