{"2023_12_10": 0.03289593917906357, "2023_12_11": 0.051171460945209996, "2023_20_4_1": 0.06579187835812714, "2023_20_7": 0.058481669651668566, "2023_20_8": 0.09868781753719069, "2023_20_9": 2.5110566906685188, "2023_26_1": 0.14620417412917142, "2023_26_3": 0.010965313059687856, "2023_26_6": 0.0475163565919807, "2023_26_7": 1.695968419898388, "2023_26_8": 3.0556672392996824, "2023_26_9": 3.951167805840857, "2023_26_10": 0.22296136554698637, "2023_26_11": 0.20103073942761063, "2023_26_12": 0.8443291055959649, "2023_27_6": 2.938703899996345, "2023_27_7": 20.45030885631785, "2023_31_600": 0.051171460945209996, "2023_32_1": 0.3070287656712599, "2023_32_4": 2.182097298877883, "2023_32_6": 9.309550787674988, "2023_32_7": 10.01498592784824, "2023_32_9": 17.4860192258489, "2023_38_1": 0.05482656529843928, "2023_38_4": 1.4547315325852554, "2023_38_6": 22.756679703205528}