{"2023_12_9": 0.016372864705561315, "2023_12_9_1": 0.016372864705561315, "2023_12_11": 0.010915243137040877, "2023_20_4_1": 0.021830486274081753, "2023_20_7": 0.021830486274081753, "2023_20_9": 0.027288107842602192, "2023_26_1": 0.005457621568520438, "2023_26_3": 0.005457621568520438, "2023_26_7": 0.010915243137040877, "2023_26_8": 0.09277956666484743, "2023_26_9": 0.09823718823336787, "2023_26_10": 0.010915243137040877, "2023_26_11": 0.005457621568520438, "2023_26_12": 0.9332532882169949, "2023_27_6": 0.14189816078153136, "2023_27_7": 28.1995306445451, "2023_27_11": 0.016372864705561315, "2023_31_600": 0.027288107842602192, "2023_32_1": 0.005457621568520438, "2023_32_4": 0.2728810784260219, "2023_32_6": 0.7531517764558204, "2023_32_7": 1.1242700431152102, "2023_32_9": 8.186432352780654, "2023_38_1": 0.005457621568520438, "2023_38_4": 0.22922010587785838, "2023_38_6": 43.568192981498655, "2023_38_8": 0.9059651803743928, "2023_38_9": 14.70283250559406, "2023_44_1": 0.5839655078316868}