{"2024_26_11": 0.24334100624794477, "2024_26_20": 1.4074317658664914, "2024_27_5": 0.2696481420585334, "2024_27_10": 0.7760605064123645, "2024_27_25": 3.6172311739559357, "2024_32": 0.03288391976323578, "2024_32_3": 6.195330483393621, "2024_32_4_1": 0.295955277869122, "2024_32_4_2": 0.026307135810588623, "2024_32_5_3": 0.01973035185794147, "2024_32_5_4": 0.03288391976323578, "2024_32_6": 3.077934889838869, "2024_32_7": 12.074975337060177, "2024_32_9": 0.04603748766853009, "2024_32_9_1": 0.17099638276882606, "2024_32_10": 26.261098322920095, "2024_32_20": 0.11180532719500165, "2024_32_20_1": 0.33541598158500496, "2024_33_5": 18.38868793160145, "2024_33_15": 1.144360407760605, "2024_33_25": 0.545873068069714, "2024_33_30": 0.026307135810588623, "2024_33_35": 6.182176915488326, "2024_38": 0.006576783952647156, "2024_38_2": 4.242025649457416, "2024_38_4": 0.31568562972706354, "2024_38_6": 13.712594541269318, "2024_38_7": 0.44064452482735944}