{"2024_8_9": 0.16074709124311082, "2024_8_12": 0.015309246785058175, "2024_14_3": 0.022963870177587265, "2024_14_6": 0.09185548071034906, "2024_14_7": 0.015309246785058175, "2024_14_8": 0.1224739742804654, "2024_14_9": 3.8885486834047764, "2024_14_11": 0.0076546233925290875, "2024_15_15": 4.240661359461114, "2024_20_1": 0.8266993263931415, "2024_20_3": 0.2832210655235762, "2024_20_6": 0.0076546233925290875, "2024_20_6_2": 0.1990202082057563, "2024_20_7": 3.4445805266380893, "2024_20_8": 0.022963870177587265, "2024_20_9": 12.423453766074708, "2024_20_9_1": 0.022963870177587265, "2024_20_10": 0.14543784445805266, "2024_20_15": 0.48224127372933245, "2024_21_5": 0.8649724433557869, "2024_26_1": 0.022963870177587265, "2024_26_3_1": 3.965094917330067, "2024_26_4": 0.022963870177587265, "2024_26_6": 1.9136558481322719, "2024_26_7": 51.99785670545008, "2024_26_8": 3.7278015921616654, "2024_26_10": 7.2030006123698715, "2024_26_11": 0.38273116962645437, "2024_26_20": 3.3833435394978566, "2024_32": 0.09185548071034906}