{"2023_7_15": 0.09201104132495899, "2023_7_20": 2.6403168380205626, "2023_7_26": 0.04400528063367604, "2023_7_30": 22.78673440812898, "2023_12_1_1": 0.028003360403248388, "2023_12_5": 0.06400768092171061, "2023_12_9": 0.05200624074888986, "2023_12_9_1": 0.02000240028803456, "2023_12_10": 0.08000960115213825, "2023_12_11": 0.07200864103692443, "2023_20_4_1": 0.0960115213825659, "2023_20_7": 0.10401248149777972, "2023_20_8": 0.16802016241949036, "2023_20_9": 3.6604392527103258, "2023_26_1": 0.2120254430531664, "2023_26_3": 0.012001440172820737, "2023_26_6": 0.07200864103692443, "2023_26_7": 3.1403768452214265, "2023_26_8": 6.860823298795856, "2023_26_9": 9.509141096931632, "2023_26_10": 0.8561027323278794, "2023_26_11": 0.724086890426851, "2023_26_12": 0.22802736328359405, "2023_27_6": 1.78821458575029, "2023_32_1": 0.8721046525583069, "2023_32_4": 8.096971636596392, "2023_32_6": 37.164459735168215, "2023_32_7": 0.5560667280073608}