{"2024_3_25": 7.184937045165761, "2024_8_4": 0.034654037195333255, "2024_8_7": 0.19637287744022175, "2024_8_8": 0.011551345731777749, "2024_8_9": 4.372184359477878, "2024_8_12": 0.04042971006122212, "2024_9_5": 0.005775672865888874, "2024_14_3": 0.2079242231719995, "2024_14_5": 0.028878364329444375, "2024_14_6": 1.6460667667783295, "2024_14_7": 0.6468753609795539, "2024_14_8": 1.9175233914751066, "2024_14_9": 19.75280120133995, "2024_14_11": 0.08085942012244424, "2024_15_10": 0.005775672865888874, "2024_15_15": 3.9621115859997675, "2024_20_1": 5.983597089060874, "2024_20_3": 2.512417696661661, "2024_20_6": 0.32343768048977695, "2024_20_6_1": 0.017327018597666628, "2024_20_6_2": 2.4315582765392163, "2024_20_7": 17.211505140348844, "2024_20_8": 0.12706480304955525, "2024_20_9": 28.09287281968349, "2024_20_9_1": 0.023102691463555498, "2024_20_10": 2.760771629894882, "2024_26_1": 0.07508374725655537, "2024_26_3_1": 0.3465403719533324}