{"2023_44_30_13": 0.014044943820224717, "2023_44_30_14": 0.49157303370786515, "2023_44_30_25": 0.07724719101123595, "2023_44_30_30": 0.17556179775280897, "2024_2_6": 0.0351123595505618, "2024_2_7": 0.47050561797752816, "2024_2_8": 0.0070224719101123585, "2024_2_12": 0.0070224719101123585, "2024_3_6": 0.1896067415730337, "2024_3_10": 0.7092696629213482, "2024_3_15": 4.122191011235955, "2024_3_20": 0.35112359550561795, "2024_3_25": 34.81039325842696, "2024_8_3": 0.0070224719101123585, "2024_8_4": 0.0702247191011236, "2024_8_7": 0.273876404494382, "2024_8_8": 0.014044943820224717, "2024_8_9": 9.13623595505618, "2024_8_12": 0.05617977528089887, "2024_9_5": 0.0070224719101123585, "2024_14_3": 0.5126404494382022, "2024_14_5": 0.04915730337078652, "2024_14_6": 6.973314606741574, "2024_14_7": 3.5955056179775275, "2024_14_8": 10.519662921348315, "2024_14_9": 23.075842696629216, "2024_14_11": 0.40028089887640445, "2024_15_5": 0.0351123595505618, "2024_20_1": 3.813202247191011}