{"2024_3_25": 0.8404491360182884, "2024_8_7": 0.06723593088146307, "2024_8_9": 0.20170779264438923, "2024_14_3": 0.02017077926443892, "2024_14_6": 0.15464264102736505, "2024_14_7": 0.05378874470517045, "2024_14_8": 0.24204935117326704, "2024_14_9": 12.566395481745445, "2024_14_11": 0.006723593088146306, "2024_15_15": 4.780474685672024, "2024_20_1": 1.990183554091307, "2024_20_3": 1.270759093659652, "2024_20_6": 0.1815370133799503, "2024_20_6_1": 0.013447186176292612, "2024_20_6_2": 1.8960532508572585, "2024_20_7": 10.1055604114839, "2024_20_8": 0.07395952396960936, "2024_20_9": 28.192025818597465, "2024_20_9_1": 0.02017077926443892, "2024_20_10": 0.3092852820547301, "2024_20_15": 0.5244402608754118, "2024_21_5": 2.050695891884623, "2024_26_1": 0.04034155852887784, "2024_26_3_1": 5.432663215222216, "2024_26_4": 0.04706515161702415, "2024_26_6": 6.340348282121967, "2024_26_7": 19.128622335776242, "2024_26_10": 3.4492032542190554}