{"2023_6_11": 0.012473493825620557, "2023_7_10": 0.15799758845786038, "2023_7_15": 0.10810361315537816, "2023_7_20": 3.0684794811026572, "2023_7_26": 0.04989397530248223, "2023_7_30": 24.015633445594776, "2023_12_1_1": 0.029104818926447965, "2023_12_5": 0.07484096295372333, "2023_12_5_4": 0.008315662550413704, "2023_12_9": 0.06652530040330963, "2023_12_9_1": 0.016631325100827408, "2023_12_10": 0.07484096295372333, "2023_12_11": 0.07899879422893019, "2023_20_4_1": 0.11641927570579186, "2023_20_7": 0.12889276953141243, "2023_20_8": 0.17878674483389465, "2023_20_9": 4.091305974803543, "2023_26_1": 0.23283855141158372, "2023_26_3": 0.012473493825620557, "2023_26_6": 0.09978795060496445, "2023_26_7": 4.5278782587002615, "2023_26_8": 11.671032389505633, "2023_26_9": 17.91609496486633, "2023_26_10": 0.9064072179950937, "2023_26_11": 0.7359361357116129, "2023_27_6": 0.008315662550413704, "2023_32_1": 1.9874433495488755, "2023_32_4": 18.893185314539938, "2023_32_6": 10.731362521308887}