{"2024_20_15": 0.2597402597402597, "2024_21_5": 0.34430685593476285, "2024_26_3_1": 1.2503775294472965, "2024_26_4": 0.018121413470250675, "2024_26_6": 0.6282090003020235, "2024_26_7": 8.408335850196313, "2024_26_8": 6.203563877982481, "2024_26_10": 1.7154938085170643, "2024_26_11": 0.26578073089700993, "2024_26_20": 1.4859559045605555, "2024_27_5": 0.27786167321051036, "2024_27_10": 0.9423135004530353, "2024_27_25": 4.433705829054666, "2024_32": 0.030202355783751134, "2024_32_3": 7.079432195711265, "2024_32_4_1": 0.36846874056176376, "2024_32_4_2": 0.030202355783751134, "2024_32_5_3": 0.024161884627000904, "2024_32_5_4": 0.030202355783751134, "2024_32_6": 4.198127453941407, "2024_32_7": 24.26457263666566, "2024_32_9": 0.507399577167019, "2024_32_10": 35.22198731501057, "2024_32_20": 0.15705225007550588, "2024_32_20_1": 1.1054062216852911, "2024_38": 0.012080942313500452, "2024_38_2": 0.7369374811235275}