{"2023_32_9": 0.030120481927710847, "2023_38_6": 0.015060240963855423, "2023_38_9": 0.03765060240963856, "2023_44_1": 0.045180722891566265, "2023_44_30_5_1": 0.045180722891566265, "2023_44_30_6": 0.015060240963855423, "2023_44_30_8": 0.9487951807228917, "2023_44_30_9": 0.052710843373493986, "2023_44_30_13": 0.022590361445783132, "2023_44_30_14": 3.8629518072289164, "2023_44_30_16": 0.022590361445783132, "2023_44_30_20": 0.022590361445783132, "2023_44_30_25": 4.043674698795181, "2023_44_30_30": 0.48192771084337355, "2024_2_2_1": 0.007530120481927712, "2024_2_3": 0.045180722891566265, "2024_2_6": 0.07530120481927711, "2024_2_7": 21.543674698795183, "2024_2_7_1": 0.007530120481927712, "2024_2_8": 1.4231927710843375, "2024_2_12": 0.045180722891566265, "2024_2_13": 0.1957831325301205, "2024_3_6": 3.3358433734939763, "2024_3_10": 32.25903614457831, "2024_8_3": 0.15060240963855423, "2024_8_4": 4.17921686746988, "2024_8_7": 25.158132530120486, "2024_8_8": 0.24849397590361444, "2024_8_9": 1.6792168674698797}