{"2023_6_11": 0.013585725930622227, "2023_7_10": 0.21737161488995563, "2023_7_15": 0.1449144099266371, "2023_7_20": 4.533103885517617, "2023_7_26": 0.08151435558373335, "2023_7_30": 22.73344805724119, "2023_12_1": 0.004528575310207409, "2023_12_1_1": 0.031700027171451865, "2023_12_5": 0.07245720496331855, "2023_12_5_4": 0.009057150620414818, "2023_12_9": 0.07245720496331855, "2023_12_9_1": 0.022642876551037045, "2023_12_10": 0.07698578027352596, "2023_12_11": 0.09057150620414818, "2023_20_4_1": 0.13585725930622225, "2023_20_7": 0.1630287111674667, "2023_20_8": 0.23095734082057787, "2023_20_9": 5.375418893216195, "2023_26_1": 0.3260574223349334, "2023_26_3": 0.018114301240829637, "2023_26_6": 0.12227153337560005, "2023_26_7": 6.240376777465809, "2023_26_8": 15.451498958427678, "2023_26_9": 18.979259125079253, "2023_26_10": 0.9283579385925188, "2023_26_11": 0.8106149805271261, "2023_27_5": 0.004528575310207409, "2023_32_1": 2.5586450502671862, "2023_32_4": 20.550674757721218}