{"2023_44_1": 0.014578322035133756, "2023_44_30_8": 0.09475909322836941, "2023_44_30_9": 0.021867483052700636, "2023_44_30_13": 0.014578322035133756, "2023_44_30_14": 0.5102412712296815, "2023_44_30_25": 0.10204825424593629, "2023_44_30_30": 0.17493986442160508, "2024_2_6": 0.029156644070267513, "2024_2_7": 0.4883737881769808, "2024_2_8": 0.021867483052700636, "2024_2_12": 0.007289161017566878, "2024_3_6": 0.20409650849187258, "2024_3_10": 0.8236751949850571, "2024_3_15": 4.686930534295502, "2024_3_20": 0.4227713390188789, "2024_3_25": 35.86267220642904, "2024_8_4": 0.0656024491581019, "2024_8_7": 0.27698811866754136, "2024_8_8": 0.014578322035133756, "2024_8_9": 10.94831984838545, "2024_8_12": 0.0656024491581019, "2024_9_5": 0.014578322035133756, "2024_14_3": 0.6414461695458853, "2024_14_5": 0.051024127122968145, "2024_14_6": 7.588016619287121, "2024_14_7": 3.848677017275312, "2024_14_8": 29.783511917778267, "2024_14_9": 2.7844595087105475, "2024_14_11": 0.43734966105401274}