{"2023_44_1": 0.012848515996402418, "2023_44_30_5_1": 0.019272773994603625, "2023_44_30_8": 0.5717589618399075, "2023_44_30_9": 0.03854554798920725, "2023_44_30_13": 0.019272773994603625, "2023_44_30_14": 2.4540665553128616, "2023_44_30_16": 0.006424257998201209, "2023_44_30_20": 0.019272773994603625, "2023_44_30_25": 1.6703070795323145, "2023_44_30_30": 0.36618270589746893, "2024_2_2_1": 0.006424257998201209, "2024_2_3": 0.012848515996402418, "2024_2_6": 0.04496980598740846, "2024_2_7": 9.006809713478095, "2024_2_8": 0.713092637800334, "2024_2_12": 0.025697031992804837, "2024_2_13": 0.04496980598740846, "2024_3_6": 1.1884877296672238, "2024_3_10": 7.998201207760506, "2024_3_15": 7.272260053963768, "2024_3_20": 0.8223050237697548, "2024_3_25": 28.388796094051138, "2024_8_3": 0.0706668379802133, "2024_8_4": 1.6253372735449059, "2024_8_7": 4.882436078632918, "2024_8_8": 0.0770910959784145, "2024_8_9": 30.93280226133882, "2024_8_12": 0.0770910959784145, "2024_14_3": 1.4904278555826804, "2024_14_5": 0.1413336759604266}