{"2023_38_9": 3.112767061264916, "2023_38_9_1": 0.11790784322973168, "2023_44_1": 13.017025892562376, "2023_44_9_2": 0.009432627458378534, "2023_44_25": 0.004716313729189267, "2023_44_30_1": 0.15092203933405654, "2023_44_30_2": 0.424468235627034, "2023_44_30_3": 0.009432627458378534, "2023_44_30_4": 0.2688298825637882, "2023_44_30_5_1": 4.621987454605481, "2023_44_30_6": 0.8913832948167715, "2023_44_30_7": 0.7923407065037968, "2023_44_30_8": 21.60071687968684, "2023_44_30_9": 5.206810357024951, "2023_44_30_10": 0.004716313729189267, "2023_44_30_12": 0.0141489411875678, "2023_44_30_13": 0.3914540395227091, "2023_44_30_14": 13.318869971230487, "2023_44_30_16": 0.037730509833514135, "2023_44_30_20": 0.353723529689195, "2024_2_2": 0.0848936471254068, "2024_2_2_1": 6.187803612696317, "2024_2_3": 1.7073055699665143, "2024_2_6": 4.324859689666558, "2024_2_7": 21.81766731122955, "2024_2_8": 1.5280856482573224}