{"2024_3_10": 0.05750431282346177, "2024_3_15": 0.11500862564692355, "2024_3_25": 0.8985048878665901, "2024_8_7": 0.05750431282346177, "2024_8_9": 0.2300172512938471, "2024_14_3": 0.014376078205865443, "2024_14_5": 0.007188039102932722, "2024_14_6": 0.17970097757331804, "2024_14_7": 0.04312823461759634, "2024_14_8": 0.28033352501437614, "2024_14_9": 15.3105232892467, "2024_14_11": 0.007188039102932722, "2024_15_15": 4.844738355376654, "2024_20_1": 2.336112708453135, "2024_20_3": 1.5382403680276024, "2024_20_6": 0.22282921219091437, "2024_20_6_1": 0.014376078205865443, "2024_20_6_2": 2.292984473835538, "2024_20_7": 16.683438757906845, "2024_20_8": 0.11500862564692355, "2024_20_9": 37.83783783783784, "2024_20_9_1": 0.02156411730879817, "2024_20_10": 0.5175388154111559, "2024_20_15": 0.9560092006900519, "2024_21_5": 4.470960322024153, "2024_26_1": 0.07188039102932721, "2024_26_3_1": 10.810810810810814, "2024_26_4": 0.06469235192639448}