{"2024_20_15": 0.2601960547016822, "2024_21_5": 0.35096212029529217, "2024_26_3_1": 1.2465206341522448, "2024_26_4": 0.018153213118722013, "2024_26_6": 0.6293113881156964, "2024_26_7": 8.453346242284884, "2024_26_8": 6.2386542418007975, "2024_26_10": 1.7185041752390173, "2024_26_11": 0.26624712574125614, "2024_26_20": 1.4885634757352046, "2024_27_5": 0.2783492678204042, "2024_27_10": 0.9439670821735446, "2024_27_25": 4.471741498245188, "2024_32": 0.03025535519787002, "2024_32_3": 7.1584170398160465, "2024_32_4_1": 0.3691153334140142, "2024_32_4_2": 0.03025535519787002, "2024_32_5_3": 0.024204284158296015, "2024_32_5_4": 0.03025535519787002, "2024_32_6": 4.235749727701803, "2024_32_7": 24.452378070918545, "2024_32_9": 0.5324942514825123, "2024_32_10": 35.017548106014765, "2024_32_20": 0.1573278470289241, "2024_32_20_1": 1.1073460002420425, "2024_38": 0.012102142079148007, "2024_38_2": 0.47803461212634635}