{"2023_27_6": 0.05405892422740788, "2023_27_7": 7.496170826200557, "2023_27_12": 2.8290837012343455, "2023_32_4": 0.0765834759888278, "2023_32_6": 0.10361293810253176, "2023_32_7": 0.13965222092080365, "2023_32_9": 1.0901883052527255, "2023_38_1": 0.004504910352283989, "2023_38_4": 0.01351473105685197, "2023_38_6": 6.649247679971168, "2023_38_8": 0.1621767726822236, "2023_38_9": 3.590413550770339, "2023_38_9_1": 0.21623569690963151, "2023_44_1": 16.65465357239391, "2023_44_9_1": 0.009009820704567979, "2023_44_25": 0.004504910352283989, "2023_44_30_1": 0.2477700693756194, "2023_44_30_2": 0.6261825389674746, "2023_44_30_3": 0.009009820704567979, "2023_44_30_4": 0.43247139381926303, "2023_44_30_5_1": 8.280025227497973, "2023_44_30_6": 1.639787368231372, "2023_44_30_7": 1.572213712947112, "2023_44_30_8": 45.459050364897735, "2023_44_30_9": 2.6263627353815657, "2023_44_30_10": 0.004504910352283989, "2023_44_30_11": 0.009009820704567979}