{"2023_38_6": 6.12712524632235, "2023_38_8": 0.15123046606479995, "2023_38_9": 3.120846890609962, "2023_38_9_1": 0.1787269144402181, "2023_44_1": 13.34952568626552, "2023_44_9_2": 0.009165482791806057, "2023_44_25": 0.004582741395903029, "2023_44_30_1": 0.16039594885660596, "2023_44_30_2": 0.43077769121488463, "2023_44_30_3": 0.009165482791806057, "2023_44_30_4": 0.27038174235827866, "2023_44_30_5_1": 4.8210439484899865, "2023_44_30_6": 0.957792951743733, "2023_44_30_7": 0.820310709866642, "2023_44_30_8": 24.22437101874341, "2023_44_30_9": 6.924522249209477, "2023_44_30_10": 0.004582741395903029, "2023_44_30_12": 0.018330965583612115, "2023_44_30_13": 0.35287108748453316, "2023_44_30_14": 12.148847440538928, "2023_44_30_20": 0.27038174235827866, "2024_2_2": 0.09165482791806057, "2024_2_2_1": 9.816232070024286, "2024_2_3": 4.371935291691488, "2024_2_6": 11.012327574354977, "2024_2_7": 0.35287108748453316}