{"2022_44_25_2": 0.02034898509436842, "2022_44_25_3": 0.1933153583965, "2022_44_25_5": 0.07122144783028947, "2022_44_30": 0.1933153583965, "2022_44_30_2": 0.02034898509436842, "2022_44_30_5": 0.18822811212290788, "2022_44_30_10": 1.4498651879737499, "2022_45_10": 0.005087246273592105, "2022_45_11": 0.04069797018873684, "2022_45_12": 0.9920130233504604, "2022_45_13": 1.5363483746248157, "2022_45_14": 0.030523477641552627, "2022_45_15": 28.076512183954826, "2023_2_0_5": 0.02034898509436842, "2023_2_10": 0.4324159332553289, "2023_2_11": 0.025436231367960523, "2023_2_12": 13.0793101694053, "2023_2_13": 0.02034898509436842, "2023_2_201": 0.005087246273592105, "2023_2_301": 0.05595970900951316, "2023_6_1": 0.08648318665106579, "2023_6_8": 14.595309558935751, "2023_6_9": 1.200590120567737, "2023_6_11": 12.255176273083379, "2023_6_11_2": 0.04578521646232895, "2023_6_15": 0.005087246273592105, "2023_12_1": 12.082209899781251, "2023_12_1_1": 13.272625527801802}