{"2023_12_9": 0.05013884603517432, "2023_12_9_1": 0.011570502931194077, "2023_12_10": 0.05785251465597038, "2023_12_11": 0.061709348966368406, "2023_20_4_1": 0.08870718913915458, "2023_20_7": 0.061709348966368406, "2023_20_8": 0.11570502931194077, "2023_20_9": 2.819345880900957, "2023_26_1": 0.16198704103671707, "2023_26_3": 0.011570502931194077, "2023_26_6": 0.05399568034557236, "2023_26_7": 1.997840172786177, "2023_26_8": 3.7835544585004626, "2023_26_9": 4.778617710583154, "2023_26_10": 0.296976241900648, "2023_26_11": 0.2584078987966677, "2023_26_12": 0.7906510336315953, "2023_27_6": 6.772601049058932, "2023_27_7": 15.832304844183895, "2023_32_1": 0.36639925948781243, "2023_32_4": 3.0970379512496145, "2023_32_6": 14.432273989509412, "2023_32_7": 22.8478864547979, "2023_32_9": 20.884757790805306, "2023_38_1": 0.3625424251774144, "2023_38_4": 0.0038568343103980254}