{"2024_20_9": 5.792925887329125, "2024_20_10": 0.05517072273646785, "2024_20_15": 0.30037393489854725, "2024_21_5": 0.39232513945932695, "2024_26_1": 0.006130080304051984, "2024_26_3_1": 1.4099184699319562, "2024_26_4": 0.01839024091215595, "2024_26_6": 0.723349475878134, "2024_26_7": 10.19432354563845, "2024_26_8": 7.466437810335316, "2024_26_10": 2.2006988291546623, "2024_26_11": 0.30037393489854725, "2024_26_20": 1.7654631275669712, "2024_27_5": 0.380064978851223, "2024_27_10": 1.507999754796788, "2024_27_25": 17.010972843744256, "2024_32": 0.03065040152025992, "2024_32_3": 12.585054864218723, "2024_32_4_1": 0.6620486728376144, "2024_32_4_2": 0.06130080304051984, "2024_32_5_3": 0.03065040152025992, "2024_32_5_4": 0.07969104395267579, "2024_32_6": 22.387053270397846, "2024_32_7": 6.05651934040336, "2024_32_10": 7.6319499785447205, "2024_32_20": 0.9195120456077976, "2024_32_20_1": 0.03065040152025992}