{"2024_32_9": 0.04275026718916994, "2024_32_9_1": 0.014250089063056644, "2024_32_10": 16.23797648735305, "2024_32_20": 0.0926255789098682, "2024_32_20_1": 0.2280014250089063, "2024_33_5": 16.05985037406484, "2024_33_15": 0.4488778054862843, "2024_33_25": 0.1923762023512647, "2024_33_30": 0.014250089063056644, "2024_33_35": 6.29141432133951, "2024_33_40": 0.8122550765942288, "2024_38": 0.007125044531528322, "2024_38_2": 1.5817598859992879, "2024_38_4": 0.17812611328820807, "2024_38_6": 1.7741360883505524, "2024_38_7": 4.887780548628429, "2024_39_5": 0.969006056287852, "2024_39_15": 0.2137513359458497, "2024_44_1": 0.2137513359458497, "2024_44_3": 0.7908799429996439, "2024_44_3_1": 20.02850017812612, "2024_44_4": 0.6270039187744925, "2024_44_25_2": 13.466334164588531, "2024_44_25_3": 0.4488778054862843, "2024_44_25_4": 0.6555040969006056, "2024_45_25_5": 3.5197719985749916, "2024_45_25_6": 0.7980049875311722, "2024_45_25_10": 0.3063769148557179, "2024_45_32": 5.529034556465979, "2024_45_32_1": 3.5696473102956894}