{"2023_27_7": 0.026143790849673207, "2023_32_7": 0.01742919389978214, "2023_32_9": 0.03485838779956428, "2023_38_9": 0.052287581699346414, "2023_44_1": 0.04357298474945533, "2023_44_30_5_1": 0.026143790849673207, "2023_44_30_6": 0.01742919389978214, "2023_44_30_8": 1.925925925925926, "2023_44_30_9": 0.03485838779956428, "2023_44_30_13": 0.052287581699346414, "2023_44_30_14": 7.0239651416122015, "2023_44_30_16": 0.01742919389978214, "2023_44_30_20": 0.06100217864923748, "2023_44_30_25": 19.33769063180828, "2023_44_30_30": 0.9324618736383442, "2024_2_2_1": 0.03485838779956428, "2024_2_3": 0.01742919389978214, "2024_2_6": 0.06971677559912856, "2024_2_7": 46.17864923747277, "2024_2_7_1": 0.00871459694989107, "2024_2_8": 3.6688453159041403, "2024_2_12": 0.2701525054466231, "2024_2_13": 0.34858387799564267, "2024_3_5": 0.00871459694989107, "2024_3_6": 0.3572984749455338, "2024_8_3": 0.5315904139433552, "2024_8_4": 17.29847494553377, "2024_8_7": 1.6034858387799562}