{"2023_2_12": 0.24047920947925322, "2023_6_8": 0.05684054042236894, "2023_6_11": 0.06995758821214638, "2023_7_5": 0.02186174631629574, "2023_7_10": 3.012548642385554, "2023_7_15": 1.5609286869835162, "2023_7_20": 23.83804818328888, "2023_7_25": 0.004372349263259149, "2023_7_26": 0.2885750513751038, "2023_12_1": 0.008744698526518298, "2023_12_1_1": 0.06558523894888724, "2023_12_5": 2.0681212015215773, "2023_12_5_4": 0.24922390800577146, "2023_12_8": 0.004372349263259149, "2023_12_9": 3.6640286826111668, "2023_12_9_1": 0.8700975033885706, "2023_12_10": 0.529054260854357, "2023_12_11": 2.037514756678763, "2023_20_4_1": 7.161908093218486, "2023_20_6": 0.1267981286345153, "2023_20_7": 6.068820777403698, "2023_20_8": 4.018188972935158, "2023_20_9": 37.96073630361593, "2023_26_1": 5.937650299505925, "2023_26_3": 0.1355428271610336}