{"2022_45_12": 0.03287619763291377, "2022_45_13": 0.04226939695660342, "2022_45_15": 0.7373661469096374, "2023_2_12": 0.1315047905316551, "2023_2_301": 0.00939319932368965, "2023_6_8": 0.03287619763291377, "2023_6_11": 0.07044899492767236, "2023_7_5": 0.023482998309224123, "2023_7_10": 4.062558707495773, "2023_7_15": 2.3154236332894986, "2023_7_20": 22.919406349802745, "2023_7_25": 0.0187863986473793, "2023_12_1": 0.00939319932368965, "2023_12_1_1": 0.0375727972947586, "2023_12_5": 2.484501221115912, "2023_12_5_4": 0.347548374976517, "2023_12_8": 0.004696599661844825, "2023_12_9": 4.616757467593462, "2023_12_9_1": 1.2305091114033442, "2023_12_10": 0.6810069509674996, "2023_12_11": 2.780386999812136, "2023_20_4_1": 17.36802554950216, "2023_20_6": 0.4649633665226377, "2023_20_7": 33.655833176780014, "2023_20_8": 5.917715573924479, "2023_26": 0.004696599661844825}