{"2023_44_30_14": 0.47606453319227715, "2023_44_30_25": 0.07934408886537953, "2023_44_30_30": 0.15207617032531073, "2024_2_6": 0.03967204443268976, "2024_2_7": 0.403332451732346, "2024_2_8": 0.013224014810896589, "2024_3_6": 0.14546416291986247, "2024_3_10": 0.5818566516794499, "2024_3_15": 3.2927796879132507, "2024_3_20": 0.23803226659613858, "2024_3_25": 14.03067971436128, "2024_8_3": 0.006612007405448294, "2024_8_4": 0.052896059243586355, "2024_8_7": 0.2446442740015869, "2024_8_8": 0.013224014810896589, "2024_8_9": 7.0219518645860886, "2024_8_12": 0.04628405183813805, "2024_9_5": 0.006612007405448294, "2024_14_3": 0.3636604072996562, "2024_14_5": 0.04628405183813805, "2024_14_6": 3.33245173234594, "2024_14_7": 1.5273737106585559, "2024_14_8": 4.502777043110288, "2024_14_9": 29.52261306532663, "2024_14_11": 0.112404125892621, "2024_15_5": 0.033060037027241466, "2024_20_1": 33.714625760380855}