{"2023_12_10": 0.033068783068783074, "2023_12_11": 0.051440329218107, "2023_20_4_1": 0.07348618459729571, "2023_20_7": 0.058788947677836566, "2023_20_8": 0.0992063492063492, "2023_20_9": 2.5462962962962967, "2023_26_1": 0.14697236919459142, "2023_26_3": 0.011022927689594357, "2023_26_6": 0.04776601998824222, "2023_26_7": 1.7232510288065845, "2023_26_8": 3.1268371546149325, "2023_26_9": 4.012345679012346, "2023_26_10": 0.2314814814814815, "2023_26_11": 0.205761316872428, "2023_26_12": 0.8450911228689005, "2023_27_6": 3.0606995884773665, "2023_27_7": 20.278512639623752, "2023_31_600": 0.04041740152851264, "2023_32_1": 0.308641975308642, "2023_32_4": 2.3184891240446794, "2023_32_6": 10.71796002351558, "2023_32_7": 14.789094650205762, "2023_32_9": 28.674309229864786, "2023_38_1": 0.0771604938271605, "2023_38_4": 2.145796590241035, "2023_38_6": 4.37610229276896}