{"2023_38_6": 6.173861076633108, "2023_38_8": 0.1517032133498828, "2023_38_9": 3.153588010849079, "2023_38_9_1": 0.1792856157771342, "2023_44_1": 13.464809451569899, "2023_44_9_2": 0.009194134142417137, "2023_44_25": 0.004597067071208568, "2023_44_30_1": 0.1608973474922999, "2023_44_30_2": 0.43212430469360547, "2023_44_30_3": 0.009194134142417137, "2023_44_30_4": 0.2712269572013056, "2023_44_30_5_1": 4.895876430837125, "2023_44_30_6": 0.9653840849537996, "2023_44_30_7": 0.8274720728175424, "2023_44_30_8": 24.934491794235278, "2023_44_30_9": 7.332321978577667, "2023_44_30_10": 0.004597067071208568, "2023_44_30_12": 0.018388268284834274, "2023_44_30_13": 0.35397416448305974, "2023_44_30_14": 11.460488208522962, "2023_44_30_20": 0.1930768169907599, "2024_2_2": 0.10573254263779708, "2024_2_2_1": 11.161678848894406, "2024_2_3": 6.187652277846734, "2024_2_6": 7.548384130924471}