{"2023_12_9": 0.055001178596684214, "2023_12_9_1": 0.01571462245619549, "2023_12_10": 0.06678714543883082, "2023_12_11": 0.06285848982478195, "2023_20_4_1": 0.09035907912312405, "2023_20_7": 0.06678714543883082, "2023_20_8": 0.1257169796495639, "2023_20_9": 2.922919776852361, "2023_26_1": 0.16893219140410148, "2023_26_3": 0.011785966842146616, "2023_26_6": 0.055001178596684214, "2023_26_7": 2.1293313428144884, "2023_26_8": 4.1525889840496575, "2023_26_9": 5.193682721772609, "2023_26_10": 0.33786438280820297, "2023_26_11": 0.30643513789581206, "2023_26_12": 0.7818024671957255, "2023_27_6": 21.984756816217484, "2023_27_7": 0.18464681386029697, "2023_32_1": 0.38893690579083834, "2023_32_4": 3.5004321521175448, "2023_32_6": 16.150703229354914, "2023_32_7": 26.840575155181895, "2023_32_9": 14.064587098294961, "2023_38": 0.003928655614048872, "2023_38_1": 0.33786438280820297}