{"2023_38_9_1": 0.07987595733684161, "2023_44_1": 12.446553587370204, "2023_44_30_1": 0.12686181459380727, "2023_44_30_2": 0.38998261523281497, "2023_44_30_3": 0.00939717145139313, "2023_44_30_4": 0.24902504346191798, "2023_44_30_5_1": 4.266315838932481, "2023_44_30_6": 0.8222525019968991, "2023_44_30_7": 0.7423765446600574, "2023_44_30_8": 19.44274773293239, "2023_44_30_9": 4.3461917962693235, "2023_44_30_10": 0.004698585725696565, "2023_44_30_12": 0.014095757177089697, "2023_44_30_13": 0.38528402950711843, "2023_44_30_14": 13.339284875252552, "2023_44_30_16": 0.046985857256965656, "2023_44_30_20": 0.140957571770897, "2023_44_30_25": 0.37588685805572525, "2024_2_2": 0.07987595733684161, "2024_2_2_1": 4.877131983273035, "2024_2_3": 1.263919560212376, "2024_2_6": 2.0297890335009163, "2024_2_7": 31.565098905229526, "2024_2_8": 2.4338674059108207, "2024_8_3": 0.5215430155523189}