{"2023_6_11": 0.013851054988688306, "2023_7_10": 0.2308509164781384, "2023_7_15": 0.16621265986425968, "2023_7_20": 4.852486264370469, "2023_7_26": 0.08310632993212984, "2023_7_30": 22.549517521584562, "2023_12_1": 0.004617018329562769, "2023_12_1_1": 0.03231912830693938, "2023_12_5": 0.060021238284316, "2023_12_5_4": 0.009234036659125538, "2023_12_9": 0.06925527494344154, "2023_12_9_1": 0.023085091647813843, "2023_12_10": 0.0738722932730043, "2023_12_11": 0.09234036659125537, "2023_20_4_1": 0.1338935315573203, "2023_20_7": 0.18006371485294798, "2023_20_8": 0.240084953137264, "2023_20_9": 5.674315527032643, "2023_26_1": 0.33704233805808215, "2023_26_3": 0.018468073318251076, "2023_26_6": 0.12927651322775752, "2023_26_7": 7.267186850731798, "2023_26_8": 18.809732674638717, "2023_26_9": 25.684472967357685, "2023_26_10": 1.158871600720255, "2023_26_11": 0.9049355925943026, "2023_32_1": 4.150699478276929, "2023_32_4": 7.050186989242348}