{"2023_26_12": 0.7178817825843744, "2023_27_6": 0.060600410218161475, "2023_27_7": 8.819690471750887, "2023_27_12": 3.398284542233824, "2023_32_4": 0.08856983031885139, "2023_32_6": 0.11187768040275964, "2023_32_7": 0.16781652060413949, "2023_32_9": 1.2026850643296663, "2023_38_1": 0.004661570016781652, "2023_38_4": 0.013984710050344955, "2023_38_6": 7.383926906582136, "2023_38_8": 0.17713966063770278, "2023_38_9": 4.102181614767854, "2023_38_9_1": 0.47548014171172853, "2023_44_1": 20.035427932127536, "2023_44_25": 0.004661570016781652, "2023_44_30_1": 0.3915718814096587, "2023_44_30_2": 1.0348685437255267, "2023_44_30_3": 0.018646280067126608, "2023_44_30_4": 0.8763751631549506, "2023_44_30_5_1": 33.22300950960283, "2023_44_30_6": 5.710423270557523, "2023_44_30_7": 11.31829200074585, "2023_44_30_8": 0.6479582323326495, "2023_44_30_10": 0.013984710050344955}