{"2023_44_30_13": 0.013552890153825306, "2023_44_30_14": 0.45402182015314774, "2023_44_30_25": 0.07454089584603918, "2023_44_30_30": 0.1423053466151657, "2024_2_6": 0.04743511553838857, "2024_2_7": 0.44724537507623513, "2024_2_8": 0.013552890153825306, "2024_2_12": 0.006776445076912653, "2024_3_6": 0.14908179169207836, "2024_3_10": 0.6302093921528766, "2024_3_15": 3.503422104763841, "2024_3_20": 0.2642813579995935, "2024_3_25": 17.23249983058888, "2024_8_3": 0.006776445076912653, "2024_8_4": 0.06098800569221387, "2024_8_7": 0.24395202276885547, "2024_8_8": 0.013552890153825306, "2024_8_9": 7.643830046757472, "2024_8_12": 0.04743511553838857, "2024_9_5": 0.006776445076912653, "2024_14_3": 0.40658670461475915, "2024_14_5": 0.04743511553838857, "2024_14_6": 3.9777732601477274, "2024_14_7": 1.8770752863048048, "2024_14_8": 5.861624991529444, "2024_14_9": 32.926746628718575, "2024_14_11": 0.10842312123060245, "2024_15_5": 0.033882225384563265, "2024_20_1": 23.75821643965576}