{"2022_44_30": 0.015945572446050816, "2022_44_30_2": 0.010630381630700543, "2022_44_30_5": 0.010630381630700543, "2022_44_30_10": 0.07441267141490379, "2022_45_12": 0.037206335707451896, "2022_45_13": 0.06378228978420326, "2022_45_15": 1.254385032422664, "2023_2_10": 0.02657595407675135, "2023_2_12": 0.2072924417986606, "2023_2_301": 0.010630381630700543, "2023_6_8": 0.058467098968852986, "2023_6_11": 0.1700861060912087, "2023_7_5": 0.03189114489210163, "2023_7_10": 8.291697671946423, "2023_7_15": 6.356968215158925, "2023_7_20": 15.360901456362283, "2023_12_1": 0.03189114489210163, "2023_12_1_1": 0.06378228978420326, "2023_12_5": 4.7358350164770915, "2023_12_5_4": 0.4624216009354735, "2023_12_8": 0.005315190815350272, "2023_12_9": 8.546826831083235, "2023_12_9_1": 3.077495482087807, "2023_12_10": 1.3447432762836184, "2023_12_11": 3.401722121824173, "2023_20_4_1": 46.34846390985437}