{"2023_44_30_5_1": 0.019008997592193638, "2023_44_30_8": 0.5512609301736155, "2023_44_30_9": 0.038017995184387275, "2023_44_30_13": 0.019008997592193638, "2023_44_30_14": 2.3634520339627425, "2023_44_30_20": 0.019008997592193638, "2023_44_30_25": 1.6030921302749972, "2023_44_30_30": 0.36750728678241035, "2024_2_2_1": 0.006336332530731213, "2024_2_3": 0.012672665061462427, "2024_2_6": 0.05069066024584971, "2024_2_7": 8.642757571917375, "2024_2_8": 0.6716512482575085, "2024_2_12": 0.019008997592193638, "2024_2_13": 0.04435432771511849, "2024_3_6": 1.1342035230008873, "2024_3_10": 7.489545051324294, "2024_3_15": 6.539095171714611, "2024_3_20": 0.7476872386262832, "2024_3_25": 30.097579520973266, "2024_8_3": 0.06336332530731213, "2024_8_4": 1.539728804967685, "2024_8_7": 4.524141426942087, "2024_8_8": 0.06336332530731213, "2024_8_9": 29.951843872766442, "2024_8_12": 0.06336332530731213, "2024_14_3": 1.546065137498416, "2024_14_5": 0.20276264098339883, "2024_14_6": 1.6094284628057283}