{"2023_26_8": 0.08895478131949595, "2023_26_9": 0.0840128490239684, "2023_26_12": 0.7462317766246604, "2023_27_6": 0.0938967136150235, "2023_27_7": 14.618235730170504, "2023_27_12": 6.345441067457378, "2023_32_1": 0.0049419322955275525, "2023_32_4": 0.10378057820607861, "2023_32_6": 0.187793427230047, "2023_32_7": 0.20261922411662966, "2023_32_9": 1.576476402273289, "2023_38_1": 0.0049419322955275525, "2023_38_4": 0.01482579688658266, "2023_38_6": 9.552755127254759, "2023_38_8": 0.24215468248085006, "2023_38_9": 6.093402520385473, "2023_38_9_1": 0.4200642451198419, "2023_44_1": 34.539164813442056, "2023_44_25": 0.0049419322955275525, "2023_44_30": 0.0049419322955275525, "2023_44_30_1": 3.162836669137634, "2023_44_30_2": 14.776377563627383, "2023_44_30_3": 0.13343217197924392, "2023_44_30_4": 6.805040770941441, "2023_44_30_5_1": 0.19273535952557458}