{"2023_2_12": 0.23733822936724733, "2023_6_8": 0.053736957592584296, "2023_6_11": 0.07612735658949443, "2023_7_5": 0.022390398996910123, "2023_7_10": 3.3316913707402267, "2023_7_15": 1.8091442389503383, "2023_7_20": 23.554699744749453, "2023_7_25": 0.004478079799382025, "2023_7_26": 0.22838206976848324, "2023_12_1": 0.00895615959876405, "2023_12_1_1": 0.0716492767901124, "2023_12_5": 2.2435179794903943, "2023_12_5_4": 0.2821190273610676, "2023_12_8": 0.004478079799382025, "2023_12_9": 3.9496663830549457, "2023_12_9_1": 0.9896556356634275, "2023_12_10": 0.5642380547221352, "2023_12_11": 2.1808248622990463, "2023_20_4_1": 8.279969549057364, "2023_20_6": 0.17464511217589895, "2023_20_7": 7.411222067977251, "2023_20_8": 5.391608078455958, "2023_20_9": 33.28556714880659, "2023_26_1": 5.5752093502306215, "2023_26_3": 0.2686847879629215}