{"2024_14_6": 0.11135082469204538, "2024_14_7": 0.027837706173011345, "2024_14_8": 0.12526967777855105, "2024_14_9": 2.623703806806319, "2024_15_15": 3.9251165703945996, "2024_20_1": 0.6611455216090194, "2024_20_3": 0.2157422228408379, "2024_20_6": 0.006959426543252836, "2024_20_6_2": 0.1322291043218039, "2024_20_7": 2.7002574987821006, "2024_20_8": 0.02087827962975851, "2024_20_9": 8.636648340176771, "2024_20_9_1": 0.006959426543252836, "2024_20_10": 0.10439139814879253, "2024_20_15": 0.382768459878906, "2024_21_5": 0.6193889623495025, "2024_26_1": 0.006959426543252836, "2024_26_3_1": 2.2757324796436773, "2024_26_4": 0.02087827962975851, "2024_26_6": 1.2178996450692465, "2024_26_7": 27.475815992762197, "2024_26_8": 23.495024010021574, "2024_26_10": 5.943350267937922, "2024_26_11": 1.0995893938339483, "2024_26_20": 4.56538381237386, "2024_27_5": 1.8651263135917602, "2024_32": 0.10439139814879253, "2024_32_3": 11.62920175377549}