{"2023_38_6": 6.097115735669954, "2023_38_8": 0.15060240963855426, "2023_38_9": 3.0896312522818556, "2023_38_9_1": 0.1688572471705002, "2023_44_1": 13.239320920043815, "2023_44_9_2": 0.009127418765972986, "2023_44_25": 0.004563709382986493, "2023_44_30_1": 0.15516611902154073, "2023_44_30_2": 0.41986126323475725, "2023_44_30_3": 0.009127418765972986, "2023_44_30_4": 0.2692588535962031, "2023_44_30_5_1": 4.737130339539979, "2023_44_30_6": 0.926433004746258, "2023_44_30_7": 0.8169039795545823, "2023_44_30_8": 23.425520262869668, "2023_44_30_9": 6.475903614457835, "2023_44_30_10": 0.004563709382986493, "2023_44_30_12": 0.013691128148959477, "2023_44_30_13": 0.3650967506389194, "2023_44_30_14": 12.956370938298653, "2023_44_30_20": 0.28294998174516256, "2024_2_2": 0.09127418765972985, "2024_2_2_1": 9.027017159547283, "2024_2_3": 3.4592917123037608, "2024_2_6": 11.596385542168678, "2024_2_7": 2.2088353413654622}