{"2024_20_7": 1.9014478344621888, "2024_20_9": 6.102031939352514, "2024_20_10": 0.062138818119679376, "2024_20_15": 0.3106940905983968, "2024_21_5": 0.41633008140185174, "2024_26_1": 0.0062138818119679366, "2024_26_3_1": 1.5286149257441124, "2024_26_4": 0.01864164543590381, "2024_26_6": 0.7829491083079599, "2024_26_7": 11.738022742807432, "2024_26_8": 8.264462809917356, "2024_26_10": 2.52904989747095, "2024_26_11": 0.37283290871807623, "2024_26_20": 2.025725470701547, "2024_27_5": 0.484682781333499, "2024_27_10": 1.7958118436587338, "2024_27_25": 21.102342633443115, "2024_32": 0.03728329087180762, "2024_32_3": 17.38022742807432, "2024_32_4_1": 1.1122848443422606, "2024_32_4_2": 0.10563599080345493, "2024_32_5_3": 0.055924936307711434, "2024_32_5_4": 0.1553470452991984, "2024_32_6": 20.294537997887282, "2024_32_10": 0.6710992356925372, "2024_32_20": 0.7456658174361525}