{"2024_2_7": 0.37118590751808744, "2024_2_8": 0.012582573136206353, "2024_3_6": 0.12582573136206354, "2024_3_10": 0.5221767851525638, "2024_3_15": 2.900283107895565, "2024_3_20": 0.1887385970430953, "2024_3_25": 10.600817867253852, "2024_8_3": 0.012582573136206353, "2024_8_4": 0.05033029254482541, "2024_8_7": 0.23277760301981754, "2024_8_8": 0.012582573136206353, "2024_8_9": 5.825731362063542, "2024_8_12": 0.04403900597672224, "2024_9_5": 0.006291286568103177, "2024_14_3": 0.2956904687008493, "2024_14_5": 0.031456432840515886, "2024_14_6": 2.422145328719723, "2024_14_7": 1.0443535703051277, "2024_14_8": 3.2274300094369304, "2024_14_9": 29.374016986473734, "2024_14_11": 0.0817867253853413, "2024_15_5": 0.031456432840515886, "2024_20_1": 13.098458634790816, "2024_20_3": 10.915382195659012, "2024_20_6": 4.032714690154136, "2024_20_6_1": 0.031456432840515886, "2024_20_6_2": 14.507706826045924}