{"2023_2_12": 0.24082669235484722, "2023_6_8": 0.05692267273841843, "2023_6_11": 0.07005867413959191, "2023_7_5": 0.02189333566862247, "2023_7_10": 3.034416323671075, "2023_7_15": 1.5719415010070934, "2023_7_20": 23.811191873193803, "2023_7_25": 0.004378667133724494, "2023_7_26": 0.2889920308258166, "2023_12_1": 0.008757334267448989, "2023_12_1_1": 0.06568000700586743, "2023_12_5": 2.079866888519135, "2023_12_5_4": 0.2495840266222962, "2023_12_8": 0.004378667133724494, "2023_12_9": 3.6999737279971976, "2023_12_9_1": 0.8757334267448988, "2023_12_10": 0.5341973903143883, "2023_12_11": 2.040458884315614, "2023_20_4_1": 7.2116647692442415, "2023_20_6": 0.12698134687801033, "2023_20_7": 6.116997985813119, "2023_20_8": 4.098432437166126, "2023_20_9": 37.71346002276908, "2023_26_1": 5.937472633330414, "2023_26_3": 0.1357386811454593}