{"2023_2_12": 0.2400384061449832, "2023_6_8": 0.05673635054335967, "2023_6_11": 0.0698293545149042, "2023_7_5": 0.021821673285907568, "2023_7_10": 2.998297909483699, "2023_7_15": 1.5580674726138, "2023_7_20": 23.82926722821106, "2023_7_25": 0.004364334657181512, "2023_7_26": 0.2880460873739799, "2023_12_1": 0.008728669314363025, "2023_12_1_1": 0.0654650198577227, "2023_12_5": 2.051237288875311, "2023_12_5_4": 0.24876707545934623, "2023_12_8": 0.004364334657181512, "2023_12_9": 3.6529481080609263, "2023_12_9_1": 0.8641382621219394, "2023_12_10": 0.528084493518963, "2023_12_11": 1.8897569065595947, "2023_20_4_1": 7.044036136690961, "2023_20_6": 0.12656570505826387, "2023_20_7": 5.918037795138131, "2023_20_8": 3.9497228647492695, "2023_20_9": 38.489067341683764, "2023_26_1": 5.961681141709947, "2023_26_3": 0.1309300397154454}