{"2024_20_7": 1.9528789215068665, "2024_20_9": 6.287010205367268, "2024_20_10": 0.06299609424215698, "2024_20_15": 0.31498047121078493, "2024_21_5": 0.4346730502708832, "2024_26_1": 0.0062996094242156984, "2024_26_3_1": 1.5938011843265716, "2024_26_4": 0.018898828272647095, "2024_26_6": 0.8063500062996094, "2024_26_7": 12.536222754189241, "2024_26_8": 9.02104069547688, "2024_26_10": 2.696232833564319, "2024_26_11": 0.40947461257402035, "2024_26_20": 2.135567594809122, "2024_27_5": 0.5480660199067658, "2024_27_10": 1.9528789215068665, "2024_27_25": 20.234345470580823, "2024_32": 0.03779765654529419, "2024_32_3": 28.278946705304275, "2024_32_4_1": 2.8096258032002015, "2024_32_4_2": 0.2834824240897065, "2024_32_5_3": 0.06299609424215698, "2024_32_5_4": 0.5291671916341187, "2024_32_6": 6.608290286002267, "2024_32_10": 0.05039687539372559, "2024_32_20": 0.3275796900592163}