{"2023_2_12": 0.09734728644439035, "2023_6_11": 0.019469457288878066, "2023_7_10": 0.2969092236553905, "2023_7_15": 0.24823558043319538, "2023_7_20": 6.580676563640788, "2023_7_26": 0.10708201508882939, "2023_7_30": 21.27038208809929, "2023_12_1": 0.004867364322219517, "2023_12_1_1": 0.03407155025553661, "2023_12_5": 0.08761255779995131, "2023_12_5_4": 0.009734728644439033, "2023_12_9": 0.08274519347773178, "2023_12_9_1": 0.0292041859333171, "2023_12_10": 0.08761255779995131, "2023_12_11": 0.09247992212217082, "2023_20_4_1": 0.13628620102214645, "2023_20_7": 0.24823558043319538, "2023_20_8": 0.26770503772207344, "2023_20_9": 7.237770747140421, "2023_26_1": 0.4185933317108785, "2023_26_3": 0.019469457288878066, "2023_26_6": 0.16549038695546356, "2023_26_7": 9.890484302750059, "2023_26_8": 27.091749817473833, "2023_26_9": 22.71112192747627, "2023_26_10": 1.3774641031881234, "2023_26_11": 1.3871988318325625}