{"2023_38_6": 0.014302059496567507, "2023_38_9": 0.028604118993135013, "2023_44_1": 0.028604118993135013, "2023_44_30_5_1": 0.02145308924485126, "2023_44_30_6": 0.014302059496567507, "2023_44_30_8": 0.8009153318077802, "2023_44_30_9": 0.04290617848970252, "2023_44_30_13": 0.02145308924485126, "2023_44_30_14": 3.461098398169337, "2023_44_30_16": 0.02145308924485126, "2023_44_30_20": 0.02145308924485126, "2023_44_30_25": 2.974828375286041, "2023_44_30_30": 0.464816933638444, "2024_2_2_1": 0.02145308924485126, "2024_2_3": 0.03575514874141876, "2024_2_6": 0.07866132723112128, "2024_2_7": 16.368707093821513, "2024_2_7_1": 0.007151029748283753, "2024_2_8": 1.1584668192219678, "2024_2_12": 0.04290617848970252, "2024_2_13": 0.11441647597254005, "2024_3_6": 2.2954805491990844, "2024_3_10": 19.97997711670481, "2024_3_15": 18.21367276887872, "2024_8_3": 0.11441647597254005, "2024_8_4": 3.1393020594965666, "2024_8_7": 12.643020594965673, "2024_8_8": 0.17162471395881007, "2024_8_9": 17.54862700228833, "2024_8_12": 0.1501716247139588}