{"2022_44_25_2": 0.025659447808683164, "2022_44_25_3": 0.20014369290772865, "2022_44_25_5": 0.07697834342604948, "2022_44_30": 0.20014369290772865, "2022_44_30_2": 0.020527558246946527, "2022_44_30_5": 0.18474802422251874, "2022_44_30_10": 1.49337986246536, "2022_45_10": 0.005131889561736632, "2022_45_11": 0.046187006055629684, "2022_45_12": 1.0263779123473264, "2022_45_13": 1.616545211947039, "2022_45_14": 0.030791337370419794, "2022_45_15": 28.04064456532896, "2023_2_0_5": 0.020527558246946527, "2023_2_10": 0.4516062814328236, "2023_2_11": 0.025659447808683164, "2023_2_12": 15.067227753258752, "2023_2_13": 0.015395668685209897, "2023_2_201": 0.005131889561736632, "2023_2_301": 0.06158267474083959, "2023_6_1": 0.08724212254952274, "2023_6_8": 17.29446782305245, "2023_6_9": 1.2367853843785284, "2023_6_11": 15.159601765370013, "2023_6_11_2": 0.05131889561736633, "2023_6_15": 0.005131889561736632, "2023_12_1": 12.254952273427078, "2023_12_1_1": 5.296110027712205}