{"2023_7_26": 0.03574549209627453, "2023_7_30": 17.793311621256656, "2023_12_1_1": 0.027802049408213524, "2023_12_5": 0.06354754150448805, "2023_12_9": 0.05560409881642705, "2023_12_9_1": 0.015886885376122012, "2023_12_10": 0.07943442688061006, "2023_12_11": 0.06751926284851857, "2023_20_4_1": 0.09532131225673209, "2023_20_7": 0.09532131225673209, "2023_20_8": 0.14695368972912862, "2023_20_9": 3.4117086345222027, "2023_26_1": 0.1985860672015252, "2023_26_3": 0.01191516403209151, "2023_26_6": 0.06354754150448805, "2023_26_7": 2.708713956628803, "2023_26_8": 5.584240209706888, "2023_26_9": 7.7329414568273895, "2023_26_10": 0.8459766462784972, "2023_26_11": 0.6195885296687585, "2023_26_12": 0.5838430375724841, "2023_27_6": 7.776630391611727, "2023_32_1": 0.6275319723568196, "2023_32_4": 6.446103741361507, "2023_32_6": 31.65461911192311, "2023_32_7": 13.253634125029789, "2023_38": 0.003971721344030503}