{"2023_38_9": 0.019627085377821395, "2023_44_1": 0.01308472358521426, "2023_44_30_5_1": 0.01308472358521426, "2023_44_30_8": 0.6280667320902846, "2023_44_30_9": 0.03925417075564279, "2023_44_30_13": 0.019627085377821395, "2023_44_30_14": 2.780503761858031, "2023_44_30_16": 0.01308472358521426, "2023_44_30_20": 0.01308472358521426, "2023_44_30_25": 2.119725220804711, "2023_44_30_30": 0.44488060189728496, "2024_2_2_1": 0.00654236179260713, "2024_2_3": 0.01308472358521426, "2024_2_6": 0.04579653254824991, "2024_2_7": 11.22015047432123, "2024_2_8": 0.804710500490677, "2024_2_12": 0.02616944717042852, "2024_2_13": 0.05233889434085704, "2024_3_6": 1.4393195943735688, "2024_3_10": 11.246319921491658, "2024_3_15": 24.95911023879621, "2024_3_20": 1.943081452404318, "2024_3_25": 4.389924762839385, "2024_8_3": 0.08505070330389271, "2024_8_4": 2.060843964671246, "2024_8_7": 6.516192345436703, "2024_8_8": 0.08505070330389271, "2024_8_9": 28.70788354596009, "2024_8_12": 0.2944062806673209}