{"2024_8_4": 0.03700733978905816, "2024_8_7": 0.21587614876950595, "2024_8_8": 0.012335779929686054, "2024_8_9": 4.638253253561956, "2024_8_12": 0.043175229753901194, "2024_9_5": 0.006167889964843027, "2024_14_3": 0.222044038734349, "2024_14_5": 0.03083944982421514, "2024_14_6": 1.7270091901560476, "2024_14_7": 0.6723000061678899, "2024_14_8": 2.004564238573984, "2024_14_9": 20.502066243138227, "2024_14_11": 0.08635045950780239, "2024_15_15": 4.274347745636218, "2024_20_1": 6.285079874175045, "2024_20_3": 2.646024794917659, "2024_20_6": 0.3392339480663665, "2024_20_6_1": 0.01850366989452908, "2024_20_6_2": 2.54733855548017, "2024_20_7": 17.677172639240116, "2024_20_8": 0.12952568926170357, "2024_20_9": 30.72225991488312, "2024_20_9_1": 0.01850366989452908, "2024_20_10": 2.041571578363042, "2024_20_15": 1.0362055140936286, "2024_26_1": 0.08018256954295937, "2024_26_3_1": 1.9860605686794548}