{"2023_2_12": 0.08531210009953079, "2023_6_11": 0.0189582444665624, "2023_7_10": 0.2511967391819518, "2023_7_15": 0.20380112801554576, "2023_7_20": 5.61637992321911, "2023_7_26": 0.09005166121617139, "2023_7_30": 22.067396559078627, "2023_12_1": 0.0047395611166406, "2023_12_1_1": 0.033176927816484195, "2023_12_5": 0.0758329778662496, "2023_12_5_4": 0.0094791222332812, "2023_12_9": 0.06635385563296839, "2023_12_9_1": 0.023697805583202995, "2023_12_10": 0.0758329778662496, "2023_12_11": 0.0995307834494526, "2023_20_4_1": 0.1374472723825774, "2023_20_7": 0.20854068913218637, "2023_20_8": 0.2511967391819518, "2023_20_9": 6.237262429499029, "2023_26_1": 0.36968576709796674, "2023_26_3": 0.0189582444665624, "2023_26_6": 0.1469263946158586, "2023_26_7": 8.564386937769564, "2023_26_8": 23.219109910422294, "2023_26_9": 27.645859993364613, "2023_26_10": 1.4123892127588986, "2023_26_11": 1.5071804350917106, "2023_32_1": 1.5593156073747572}