{"2022_40_4_2": 0.0681663258350375, "2022_44_2": 0.12060196109275861, "2022_44_25_1": 0.06292276230926537, "2022_44_25_2": 0.1415762151958471, "2022_44_25_3": 0.6973939489276912, "2022_44_25_5": 1.0434691416286506, "2022_44_30": 0.49813853494835075, "2022_44_30_1": 0.052435635257721144, "2022_44_30_2": 0.07865345288658172, "2022_44_30_5": 1.8247601069686956, "2022_44_30_10": 17.849090241728277, "2022_45_10": 0.010487127051544228, "2022_45_11": 0.3251009385978711, "2022_45_12": 7.493052278328351, "2022_45_13": 4.394106234597031, "2022_45_14": 0.2464474857112894, "2023_2_0_5": 0.05767919878349326, "2023_2_10": 1.0906612133606, "2023_2_11": 0.15730690577316345, "2023_2_12": 28.29426878506633, "2023_2_13": 0.020974254103088456, "2023_2_201": 0.020974254103088456, "2023_2_301": 0.21498610455665668, "2023_6_1": 0.5715484243091605, "2023_6_8": 29.620890357086672, "2023_6_9": 5.044308111792774}