{"2023_32_6": 0.09194289862085651, "2023_32_7": 0.14033389789499154, "2023_32_9": 1.1275102830873458, "2023_38_1": 0.004839099927413502, "2023_38_4": 0.009678199854827004, "2023_38_6": 6.895717396564239, "2023_38_8": 0.16936849745947255, "2023_38_9": 3.6873941446890877, "2023_38_9_1": 0.20324219695136708, "2023_44_1": 16.278732155819018, "2023_44_9_1": 0.009678199854827004, "2023_44_9_2": 0.009678199854827004, "2023_44_25": 0.004839099927413502, "2023_44_30_1": 0.22743769658843455, "2023_44_30_2": 0.5661746915073795, "2023_44_30_3": 0.009678199854827004, "2023_44_30_4": 0.38712799419308014, "2023_44_30_5_1": 6.7457052988144195, "2023_44_30_6": 1.3259133801112992, "2023_44_30_7": 1.2097749818533754, "2023_44_30_8": 47.69416888458747, "2023_44_30_9": 12.988144205177838, "2023_44_30_10": 0.004839099927413502, "2023_44_30_12": 0.01935639970965401, "2023_44_30_13": 0.18872489716912652}