{"2024_32": 0.031042403923759853, "2024_32_3": 5.078537281927111, "2024_32_4_1": 0.21729682746631898, "2024_32_4_2": 0.02483392313900788, "2024_32_5_3": 0.018625442354255912, "2024_32_5_4": 0.02483392313900788, "2024_32_6": 2.408890544483765, "2024_32_7": 7.282547960514061, "2024_32_9": 0.037250884708511824, "2024_32_9_1": 0.01241696156950394, "2024_32_10": 14.769975786924938, "2024_32_20": 0.08071025020177561, "2024_32_20_1": 0.21108834668156698, "2024_33_5": 14.993481095176008, "2024_33_15": 0.39734277022412606, "2024_33_25": 0.18004594275780714, "2024_33_30": 0.01241696156950394, "2024_33_35": 6.23952318867573, "2024_33_40": 1.6887067734525358, "2024_38": 0.00620848078475197, "2024_38_2": 1.452784503631961, "2024_38_4": 0.15521201961879924, "2024_38_6": 1.6266219656050165, "2024_38_7": 5.066120320357608, "2024_39_5": 1.2354876761656421, "2024_39_15": 0.19867138511206303, "2024_44_1": 0.19867138511206303, "2024_44_3": 0.7388092133854844, "2024_44_3_1": 18.61923387347116, "2024_44_4": 0.41596821257838207, "2024_44_25_2": 16.576643695287764}