{"2022_44_30_10": 0.023375409069658723, "2022_45_12": 0.011687704534829362, "2022_45_13": 0.035063113604488085, "2022_45_15": 0.15194015895278173, "2023_2_10": 0.023375409069658723, "2023_2_12": 0.22206638616175783, "2023_2_301": 0.011687704534829362, "2023_6_8": 0.0292192613370734, "2023_6_11": 0.046750818139317446, "2023_7_10": 1.0518934081346425, "2023_7_15": 0.8999532491818608, "2023_7_20": 27.582982702197295, "2023_7_26": 0.43244506778868635, "2023_12_1": 0.017531556802244042, "2023_12_1_1": 0.0584385226741468, "2023_12_5": 0.3214118747078074, "2023_12_5_4": 0.1227208976157083, "2023_12_9": 0.15778401122019636, "2023_12_9_1": 0.046750818139317446, "2023_12_10": 0.1811594202898551, "2023_12_11": 0.4499766245909304, "2023_20_4_1": 0.30388031790556347, "2023_20_7": 0.7012622720897617, "2023_20_8": 0.7071061243571765, "2023_20_9": 32.84829359513791, "2023_26_1": 0.9525479195885931, "2023_26_3": 0.0584385226741468, "2023_26_6": 1.0928003740065453, "2023_26_7": 31.258765778401127, "2023_26_8": 0.19869097709209912}