{"2024_27_5": 0.22075055187637974, "2024_27_10": 0.6874802901292969, "2024_27_25": 3.134657836644592, "2024_32": 0.0315357931251971, "2024_32_3": 5.474613686534217, "2024_32_4_1": 0.23336486912645854, "2024_32_4_2": 0.025228634500157686, "2024_32_5_3": 0.018921475875118263, "2024_32_5_4": 0.025228634500157686, "2024_32_6": 2.6679280983916747, "2024_32_7": 8.457899716177863, "2024_32_9": 0.04415011037527594, "2024_32_9_1": 0.018921475875118263, "2024_32_10": 20.000000000000004, "2024_32_20": 0.08830022075055188, "2024_32_20_1": 0.2712078208766951, "2024_33_5": 19.817092399873857, "2024_33_15": 0.5550299590034691, "2024_33_25": 0.2522863450015768, "2024_33_30": 0.012614317250078843, "2024_33_35": 8.905707978555661, "2024_38": 0.0063071586250394215, "2024_38_2": 1.8669189530116683, "2024_38_4": 0.19552191737622204, "2024_38_6": 2.1696625670135607, "2024_38_7": 10.053610848312838, "2024_39_5": 0.7694733522548093, "2024_44_1": 0.35320088300220753, "2024_44_3": 1.4947965941343426, "2024_44_3_1": 12.147587511825925}