{"2023_12_9": 0.04865087384454175, "2023_12_9_1": 0.01122712473335579, "2023_12_10": 0.04490849893342316, "2023_12_11": 0.04865087384454175, "2023_20_4_1": 0.07858987313349053, "2023_20_7": 0.06362037348901614, "2023_20_8": 0.10852887242243932, "2023_20_9": 2.679540436360915, "2023_26_1": 0.15343737135586247, "2023_26_3": 0.01122712473335579, "2023_26_6": 0.05239324875566034, "2023_26_7": 1.8562179559148235, "2023_26_8": 3.41304591894016, "2023_26_9": 4.2663073986752, "2023_26_10": 0.25448149395606456, "2023_26_11": 0.21705774484487864, "2023_26_12": 0.8345496051794469, "2023_27_6": 3.8022529096964934, "2023_27_7": 19.303169791549717, "2023_31_600": 0.01122712473335579, "2023_32_1": 0.3442984918229109, "2023_32_4": 2.5597844392051194, "2023_32_6": 12.005538714868457, "2023_32_7": 17.14007709292317, "2023_32_9": 25.71011563938476, "2023_38_1": 0.11975599715579507, "2023_38_4": 4.861345009543057}