{"2023_26_12": 0.4771079915588586, "2023_27_7": 0.0275254610514726, "2023_32_7": 0.018350307367648405, "2023_32_9": 0.0275254610514726, "2023_38_6": 0.009175153683824202, "2023_38_9": 0.04587576841912101, "2023_44_1": 0.04587576841912101, "2023_44_30_5_1": 0.0275254610514726, "2023_44_30_6": 0.009175153683824202, "2023_44_30_7": 0.009175153683824202, "2023_44_30_8": 2.8718231030369754, "2023_44_30_9": 0.018350307367648405, "2023_44_30_13": 0.06422607578676942, "2023_44_30_14": 9.083402146985959, "2023_44_30_16": 0.04587576841912101, "2023_44_30_20": 0.09175153683824203, "2023_44_30_25": 17.295164694008623, "2024_2_2_1": 0.03670061473529681, "2024_2_3": 0.0275254610514726, "2024_2_6": 0.07340122947059362, "2024_2_7": 47.74749977062115, "2024_2_7_1": 0.009175153683824202, "2024_2_8": 3.789338471419396, "2024_2_12": 0.018350307367648405, "2024_8_3": 0.5596843747132763, "2024_8_4": 17.570419304523348}