{"2023_32_7": 0.01619695497246518, "2023_32_9": 0.03239390994493036, "2023_38_9": 0.04859086491739553, "2023_44_1": 0.04859086491739553, "2023_44_30_5_1": 0.01619695497246518, "2023_44_30_6": 0.024295432458697766, "2023_44_30_7": 0.00809847748623259, "2023_44_30_8": 1.352445740200842, "2023_44_30_9": 0.04859086491739553, "2023_44_30_13": 0.03239390994493036, "2023_44_30_14": 5.19112406867509, "2023_44_30_16": 0.024295432458697766, "2023_44_30_20": 0.024295432458697766, "2023_44_30_25": 13.743116294136703, "2023_44_30_30": 0.9880142533203758, "2024_2_2_1": 0.01619695497246518, "2024_2_3": 0.01619695497246518, "2024_2_6": 0.04859086491739553, "2024_2_7": 29.567541302235178, "2024_2_7_1": 0.00809847748623259, "2024_2_8": 2.348558471007451, "2024_2_12": 0.05668934240362813, "2024_2_13": 0.19436345966958213, "2024_3_6": 7.175251052802074, "2024_3_10": 13.29770003239391, "2024_8_3": 0.18626498218334955, "2024_8_4": 6.389698736637513, "2024_8_7": 19.096209912536445}