{"2023_38_6": 5.894736842105264, "2023_38_8": 0.1433370660694289, "2023_38_9": 2.992161254199328, "2023_38_9_1": 0.1433370660694289, "2023_44_1": 12.591265397536395, "2023_44_9_2": 0.008958566629339306, "2023_44_25": 0.004479283314669653, "2023_44_30_1": 0.14781634938409857, "2023_44_30_2": 0.4031354983202688, "2023_44_30_3": 0.008958566629339306, "2023_44_30_4": 0.25531914893617025, "2023_44_30_5_1": 4.479283314669653, "2023_44_30_6": 0.864501679731243, "2023_44_30_7": 0.7704367301231803, "2023_44_30_8": 21.370660694288915, "2023_44_30_9": 5.393057110862262, "2023_44_30_10": 0.004479283314669653, "2023_44_30_12": 0.01343784994400896, "2023_44_30_13": 0.37178051511758115, "2023_44_30_14": 12.497200447928332, "2023_44_30_20": 0.3269876819708846, "2024_2_2": 0.08062709966405375, "2024_2_2_1": 6.777155655095185, "2024_2_3": 2.0111982082866744, "2024_2_6": 6.06942889137738, "2024_2_7": 16.37625979843225}