{"2022_44_25_2": 0.01761286913638231, "2022_44_25_3": 0.05283860740914694, "2022_44_25_5": 0.058709563787941045, "2022_44_30": 0.10567721481829388, "2022_44_30_2": 0.01761286913638231, "2022_44_30_5": 0.005870956378794105, "2022_44_30_10": 0.20548347325779368, "2022_45_11": 0.02348382551517642, "2022_45_12": 0.111548171197088, "2022_45_13": 0.2700639934245288, "2022_45_15": 30.898843421593376, "2023_2_0_5": 0.02348382551517642, "2023_2_10": 0.20548347325779368, "2023_2_11": 0.01174191275758821, "2023_2_12": 1.6438677860623494, "2023_2_13": 0.01761286913638231, "2023_2_201": 0.005870956378794105, "2023_2_301": 0.01761286913638231, "2023_6_1": 0.005870956378794105, "2023_6_8": 0.49903129219749887, "2023_6_9": 0.041096694651558734, "2023_6_11": 0.7397405037280572, "2023_6_11_2": 0.01761286913638231, "2023_7_5": 0.7514824164856454, "2023_12_1": 0.7045147654552926, "2023_12_1_1": 4.884635707156695, "2023_12_5": 56.89543826689367, "2023_12_5_3": 0.7162566782128807, "2023_12_8": 1.0509011918041447}