{"2023_7_26": 0.026933435936898804, "2023_7_30": 5.959984609465177, "2023_12_1_1": 0.03078106964217006, "2023_12_5": 0.06156213928434012, "2023_12_9": 0.057714505579068875, "2023_12_9_1": 0.01923816852635629, "2023_12_10": 0.07695267410542515, "2023_12_11": 0.06540977298961138, "2023_20_4_1": 0.10003847633705272, "2023_20_7": 0.07695267410542515, "2023_20_8": 0.14236244709503654, "2023_20_9": 3.0473258945748363, "2023_26_1": 0.1808387841477491, "2023_26_3": 0.011542901115813773, "2023_26_6": 0.057714505579068875, "2023_26_7": 2.3085802231627546, "2023_26_8": 4.609465178914967, "2023_26_9": 6.42170065409773, "2023_26_10": 0.6617929973066564, "2023_26_11": 0.43478260869565216, "2023_26_12": 0.6771835321277414, "2023_27_6": 19.846094651789148, "2023_32_1": 0.4655636783378222, "2023_32_4": 4.524817237398999, "2023_32_6": 17.972297037322047, "2023_32_7": 32.15852250865717, "2023_38_1": 0.0038476337052712577}