{"2024_20_7": 1.9044062733383125, "2024_20_9": 6.111526014438636, "2024_20_10": 0.062235499128703006, "2024_20_15": 0.31117749564351505, "2024_21_5": 0.41697784416231026, "2024_26_1": 0.006223549912870301, "2024_26_3_1": 1.5496639283047053, "2024_26_4": 0.018670649738610906, "2024_26_6": 0.784167289021658, "2024_26_7": 11.843415484192185, "2024_26_8": 8.358227532984817, "2024_26_10": 2.557879014189694, "2024_26_11": 0.37963654468508845, "2024_26_20": 2.0288772715957184, "2024_27_5": 0.48543689320388345, "2024_27_10": 1.8297236743838687, "2024_27_25": 21.016928055763007, "2024_32": 0.03734129947722181, "2024_32_3": 17.986059248195172, "2024_32_4_1": 1.2135922330097086, "2024_32_4_2": 0.13069454817027634, "2024_32_5_3": 0.04978839930296241, "2024_32_5_4": 0.16181229773462785, "2024_32_6": 19.373910878765248, "2024_32_10": 0.6472491909385114, "2024_32_20": 0.7343788897186956}