{"2023_26_12": 0.4784688995215311, "2023_27_7": 0.02760397497239602, "2023_32_7": 0.01840264998159735, "2023_32_9": 0.02760397497239602, "2023_38_6": 0.009201324990798674, "2023_38_9": 0.04600662495399337, "2023_44_1": 0.04600662495399337, "2023_44_30_5_1": 0.02760397497239602, "2023_44_30_6": 0.009201324990798674, "2023_44_30_7": 0.009201324990798674, "2023_44_30_8": 2.999631947000368, "2023_44_30_9": 0.01840264998159735, "2023_44_30_13": 0.06440927493559073, "2023_44_30_14": 9.495767390504232, "2023_44_30_16": 0.04600662495399337, "2023_44_30_20": 0.10121457489878542, "2023_44_30_25": 16.783216783216783, "2024_2_2_1": 0.0368052999631947, "2024_2_3": 0.02760397497239602, "2024_2_6": 0.0736105999263894, "2024_2_7": 47.8560912771439, "2024_2_7_1": 0.009201324990798674, "2024_2_8": 3.8093485461906518, "2024_2_12": 0.009201324990798674, "2024_8_3": 0.5520794994479205, "2024_8_4": 17.41810820758189}