{"2022_44_30": 0.03466404760529205, "2022_44_30_2": 0.011554682535097352, "2022_44_30_5": 0.011554682535097352, "2022_44_30_10": 0.09243746028077882, "2022_45_12": 0.06355075394303543, "2022_45_13": 0.12132416661852219, "2022_45_15": 1.9296319833612579, "2023_2_10": 0.0693280952105841, "2023_2_12": 0.34664047605292053, "2023_2_301": 0.011554682535097352, "2023_6_8": 0.0693280952105841, "2023_6_9": 0.005777341267548676, "2023_6_11": 0.7914957536541687, "2023_7_5": 0.04621873014038941, "2023_7_10": 29.63198336125716, "2023_7_15": 0.34086313478537184, "2023_12_1": 0.04621873014038941, "2023_12_1_1": 0.15021087295626556, "2023_12_5": 15.22907158125831, "2023_12_5_3": 0.005777341267548676, "2023_12_5_4": 0.710612975908487, "2023_12_8": 0.005777341267548676, "2023_12_9": 27.939222369865398, "2023_12_9_1": 17.72488300883934, "2023_12_10": 2.293604483216824, "2023_12_11": 0.8897105552024961, "2023_20_4_1": 1.4270032930845231}