{"2023_38_6": 0.014202528049992894, "2023_38_9": 0.02840505609998579, "2023_44_1": 0.02840505609998579, "2023_44_30_5_1": 0.021303792074989343, "2023_44_30_6": 0.014202528049992894, "2023_44_30_8": 0.7882403067746057, "2023_44_30_9": 0.042607584149978686, "2023_44_30_13": 0.021303792074989343, "2023_44_30_14": 3.4157079960232912, "2023_44_30_16": 0.021303792074989343, "2023_44_30_20": 0.021303792074989343, "2023_44_30_25": 2.897315722198551, "2023_44_30_30": 0.4544808975997726, "2024_2_2_1": 0.021303792074989343, "2024_2_3": 0.03550632012498224, "2024_2_6": 0.07811390427496093, "2024_2_7": 15.984945320267006, "2024_2_7_1": 0.007101264024996447, "2024_2_8": 1.1504047720494246, "2024_2_12": 0.042607584149978686, "2024_2_13": 0.11362022439994315, "2024_3_6": 2.1587842635989203, "2024_3_10": 18.236046016190876, "2024_3_15": 20.366425223689813, "2024_8_3": 0.11362022439994315, "2024_8_4": 3.0535435307484726, "2024_8_7": 11.93722482601903, "2024_8_8": 0.1491265445249254, "2024_8_9": 18.619514273540688, "2024_8_12": 0.1633290725749183}