{"2023_38_6": 6.495109676194094, "2023_38_8": 0.1566802772766119, "2023_38_9": 3.4137308897540595, "2023_38_9_1": 0.18991548760801447, "2023_44_1": 14.927357325989934, "2023_44_9_1": 0.004747887190200361, "2023_44_9_2": 0.009495774380400722, "2023_44_25": 0.004747887190200361, "2023_44_30_1": 0.19466337479821483, "2023_44_30_2": 0.4937802677808376, "2023_44_30_3": 0.009495774380400722, "2023_44_30_4": 0.3370999905042256, "2023_44_30_5_1": 5.635742094767829, "2023_44_30_6": 1.1252492640774856, "2023_44_30_7": 0.9495774380400721, "2023_44_30_8": 35.395499002943694, "2023_44_30_9": 11.480391225904473, "2023_44_30_10": 0.004747887190200361, "2023_44_30_12": 0.028487323141202163, "2023_44_30_13": 0.34184787769442604, "2024_2_2": 0.18041971322761371, "2024_2_2_1": 16.902478397113285, "2024_2_3": 1.718735162852531}