{"2023_12_9_1": 0.010557432432432432, "2023_20_4_1": 0.021114864864864864, "2023_20_7": 0.010557432432432432, "2023_20_9": 0.0316722972972973, "2023_26_7": 0.010557432432432432, "2023_26_8": 0.0686233108108108, "2023_26_9": 0.0686233108108108, "2023_26_10": 0.005278716216216216, "2023_26_11": 0.005278716216216216, "2023_26_12": 0.7495777027027027, "2023_27_6": 0.10557432432432433, "2023_27_7": 19.51541385135135, "2023_27_12": 8.42483108108108, "2023_32_4": 0.14252533783783783, "2023_32_6": 0.11085304054054056, "2023_32_7": 0.21642736486486486, "2023_32_9": 2.079814189189189, "2023_38_1": 0.005278716216216216, "2023_38_4": 0.010557432432432432, "2023_38_6": 12.23606418918919, "2023_38_8": 0.32728040540540543, "2023_38_9": 9.253589527027028, "2023_38_9_1": 0.09501689189189189, "2023_44_1": 46.484375, "2023_44_25": 0.005278716216216216, "2023_44_25_1": 0.005278716216216216}