{"2024_14_7": 0.02775079783543778, "2024_14_8": 0.13181628971832943, "2024_14_9": 2.5877618981545725, "2024_15_15": 3.9336755931733047, "2024_20_1": 0.6521437491327877, "2024_20_3": 0.2150686832246428, "2024_20_6": 0.006937699458859445, "2024_20_6_2": 0.15262938809490775, "2024_20_7": 2.6432634938254482, "2024_20_8": 0.02081309837657833, "2024_20_9": 8.533370334397116, "2024_20_9_1": 0.006937699458859445, "2024_20_10": 0.10406549188289166, "2024_20_15": 0.38851116969612887, "2024_21_5": 0.6174552518384905, "2024_26_1": 0.006937699458859445, "2024_26_3_1": 2.227001526293882, "2024_26_4": 0.02081309837657833, "2024_26_6": 1.1863466074649651, "2024_26_7": 27.209657277646738, "2024_26_8": 23.414735673650625, "2024_26_10": 5.917857638407105, "2024_26_11": 1.1030942139586515, "2024_26_20": 4.537255446094076, "2024_27_5": 1.8801165533509092, "2024_27_10": 0.02081309837657833, "2024_32": 0.10406549188289166, "2024_32_3": 12.34910503676981}