{"2023_38_6": 6.3644452770102555, "2023_38_8": 0.15454502880157356, "2023_38_9": 3.273544700978785, "2023_38_9_1": 0.18732730763827093, "2023_44_1": 14.101063082470844, "2023_44_9_1": 0.004683182690956773, "2023_44_9_2": 0.009366365381913546, "2023_44_25": 0.004683182690956773, "2023_44_30_1": 0.16859457687444385, "2023_44_30_2": 0.454268721022807, "2023_44_30_3": 0.009366365381913546, "2023_44_30_4": 0.2950405095302767, "2023_44_30_5_1": 5.245164613871586, "2023_44_30_6": 1.0490329227743171, "2023_44_30_7": 0.8757551632089164, "2023_44_30_8": 29.138762703133047, "2023_44_30_9": 9.998595045192712, "2023_44_30_10": 0.004683182690956773, "2023_44_30_12": 0.023415913454783867, "2023_44_30_13": 0.3606050672036716, "2023_44_30_14": 6.298880719336861, "2023_44_30_15": 0.004683182690956773, "2024_2_2": 0.1264459326558329, "2024_2_2_1": 13.787289842176738, "2024_2_3": 6.195850700135811, "2024_2_6": 1.8639067110007956}