{"2023_32_6": 0.038372985418265546, "2023_38_9_1": 0.038372985418265546, "2023_44_30_14": 0.038372985418265546, "2023_44_30_30": 0.038372985418265546, "2024_8_9": 0.038372985418265546, "2024_14_9": 0.038372985418265546, "2024_15_15": 0.038372985418265546, "2024_20_6_2": 0.038372985418265546, "2024_26_8": 0.11511895625479662, "2024_32_6": 0.07674597083653109, "2024_32_7": 0.30698388334612436, "2024_32_10": 0.5372217958557176, "2024_33_5": 0.4604758250191865, "2024_33_35": 0.3453568687643899, "2024_38_2": 0.038372985418265546, "2024_38_6": 0.15349194167306218, "2024_38_7": 0.4221028396009209, "2024_39_5": 0.038372985418265546, "2024_39_15": 0.07674597083653109, "2024_44_3_1": 0.4604758250191865, "2024_44_4": 1.6884113584036835, "2024_44_25_2": 16.922486569455103, "2024_44_25_3": 0.23023791250959325, "2024_44_25_4": 3.3384497313891024, "2024_45_25_5": 14.006139677666923, "2024_45_25_6": 3.5303146584804295, "2024_45_25_10": 0.4221028396009209, "2024_45_25_15": 9.669992325402916, "2024_45_32": 5.525709900230239, "2024_45_32_1": 8.557175748273215, "2024_45_32_2": 24.405218726016887, "2024_45_32_5": 0.2686108979278588, "2024_45_32_6": 0.9593246354566386, "2025_2": 7.137375287797392}