{"2024_21_5": 0.3428983937917344, "2024_26_3_1": 1.2272153040967337, "2024_26_4": 0.018047283883775495, "2024_26_6": 0.6256391746375505, "2024_26_7": 8.253624496179993, "2024_26_8": 6.1180292365998925, "2024_26_10": 1.678397401191121, "2024_26_11": 0.2586777356674487, "2024_26_20": 1.4798772784695904, "2024_27_5": 0.2707092582566324, "2024_27_10": 0.9083799554833665, "2024_27_25": 4.277206280454792, "2024_32": 0.030078806472959154, "2024_32_3": 6.882030921013055, "2024_32_4_1": 0.3609456776755099, "2024_32_4_2": 0.030078806472959154, "2024_32_5_3": 0.024063045178367326, "2024_32_5_4": 0.030078806472959154, "2024_32_6": 4.054623112554894, "2024_32_7": 22.62527822895988, "2024_32_9": 0.49930818745112193, "2024_32_10": 36.3051194128617, "2024_32_20": 0.15640979365938762, "2024_32_20_1": 1.0888527943211217, "2024_33_15": 0.030078806472959154, "2024_38": 0.0060157612945918315, "2024_38_2": 2.418336040425916}