{"2023_20_7": 0.015292078703231723, "2023_20_9": 0.030584157406463447, "2023_26_7": 0.010194719135487815, "2023_26_8": 0.07136303394841471, "2023_26_9": 0.07136303394841471, "2023_26_10": 0.0050973595677439075, "2023_26_11": 0.0050973595677439075, "2023_26_12": 0.7544092160260983, "2023_27_6": 0.09684983178713424, "2023_27_7": 18.890814558058924, "2023_27_12": 8.64512182689367, "2023_32_4": 0.14782342746457336, "2023_32_6": 0.11723927005810987, "2023_32_7": 0.20389438270975632, "2023_32_9": 1.789173208278112, "2023_38_1": 0.0050973595677439075, "2023_38_4": 0.010194719135487815, "2023_38_6": 11.06127026200428, "2023_38_8": 0.2956468549291467, "2023_38_9": 8.502395758996837, "2023_38_9_1": 0.331328371903354, "2023_44_1": 48.475889489244565, "2023_44_25": 0.0050973595677439075, "2023_44_30": 0.010194719135487815, "2023_44_30_1": 0.4485676419614639}