{"2023_32_9": 0.029542097488921712, "2023_38_6": 0.014771048744460856, "2023_38_9": 0.036927621861152136, "2023_44_1": 0.04431314623338257, "2023_44_30_5_1": 0.022156573116691284, "2023_44_30_6": 0.014771048744460856, "2023_44_30_8": 0.9084194977843426, "2023_44_30_9": 0.04431314623338257, "2023_44_30_13": 0.022156573116691284, "2023_44_30_14": 3.722304283604136, "2023_44_30_16": 0.022156573116691284, "2023_44_30_20": 0.022156573116691284, "2023_44_30_25": 3.663220088626292, "2023_44_30_30": 0.4726735598227474, "2024_2_2_1": 0.007385524372230428, "2024_2_3": 0.036927621861152136, "2024_2_6": 0.07385524372230427, "2024_2_7": 19.48301329394387, "2024_2_7_1": 0.007385524372230428, "2024_2_8": 1.3072378138847858, "2024_2_12": 0.04431314623338257, "2024_2_13": 0.1846381093057607, "2024_3_6": 3.1831610044313146, "2024_3_10": 33.33825701624815, "2024_3_15": 0.6794682422451993, "2024_8_3": 0.1329394387001477, "2024_8_4": 3.5598227474150668, "2024_8_7": 18.508124076809455, "2024_8_8": 0.24372230428360417, "2024_8_9": 10.1698670605613}